1059456004923912419,1
16232670574734061627,1
835327887826757685,1
4116776084207617327,1
14246500733373136259,1
3441566630707092418,1
4860313625475166611,1
13922553653176739007,1
15304974764964676201,1
18405576219594290167,1
8647796294049539375,5
16651277077510472308,1
8447403305607172345,1
3234006211561232383,1
14278596238383042872,1
5525596375354815241,1
548075508970859006,1
6710732469951801457,1
1067393432371579061,1
15141015076581267904,1
4517208190911269396,1
3051112379223266541,1
329218678633578628,1
12453436100780541894,1
3356062966751658840,1
15252329541842282895,1
12306401669322114428,1
10045889405419335483,1
7486561231545205764,1
2099251301392127452,1
7320084844354747547,1
5159898020335977552,1
6533131627208039532,1
7945626808618764545,1
1885486186244753532,1
6729426471220984102,1
18342442087928086012,1
10892502201179732764,1
2464388833101024949,1
14958571128520125647,1
1680589470208582916,1
15633222057207411249,1
434022589378413954,1
5840604686528681185,1
14756375291361138926,1
10625539718243009327,1
10374737364937111782,1
14172321464769326719,1
3688145463416102353,1
17210180224996377697,1
2469236126652673165,1
3038646509797282883,1
10463916141744526412,1
13170963042362462486,1
6379710565337434787,1
3893675956020209469,1
15986898935346211085,1
8700302680335954308,1
3634230665330622638,1
14608743963444182264,2
13259424866576088277,1
17113268515800549199,1
13857592611359409850,1
15840776313209438097,1
1739008140344341928,1
9109348690419408628,1
9716834109528948471,1
18249411666386604392,1
12607067549077824473,1
5559685897238177034,1
10526030549281881776,1
17041064450187599556,1
4293299543284932676,1
9904099982336419913,1
1437837709316635811,1
5287179518912742958,1
9785219288387828467,1
15861029721847861813,1
2518665318486671912,1
15918401550599850060,1
5633169431635530541,1
11016095068037226472,1
12429586096811791203,1
13694665218057248308,1
17785843446590997846,1
8455493838565826787,2
4968458793512018484,1
257102004468560207,1
11322251701583833414,1
1017290463276508112,1
4563630573759583897,2
16042487401558236541,1
11322705650477265274,1
2003563578364792328,1
8419296526401166647,2
12775768163866709738,1
15321423454482150633,1
7807803208186915247,1
828938849264380617,1
8236051108466956562,1
4091066394820364384,1
14188081924795547114,1
16189664522426468350,1
6556967784105808685,1
17629538016206454935,1
15854399402081230884,1
1627484910973077682,1
3334416410790926596,1
3220562701005501181,1
18060511402436913807,1
17929532524733832784,1
17698647120991393834,1
4700003805869555752,1
9574654242640036780,1
1075892193347001914,1
288065990608699002,2
11308124999949298279,1
6065272391967155461,1
5847533688796298465,1
6290233696858222409,1
7448695611092096471,2
5261286247380368459,1
12405649691679745975,1
10857457911495962175,1
1579315298584784595,1
7280409003703624374,1
4835415229804912095,1
12381595623659027011,1
8972477121117915073,1
2169658455032342948,1
11975516071807860159,1
16053397230191928977,1
5985555313245779108,1
18066974757266029007,1
2650055604551613022,1
16172721468744508519,1
15982713633958277006,1
2890375665668793430,1
12146560859220774228,1
17116106913441460483,1
8645786145575467501,1
11301698327077963032,1
14545357269563443448,1
10049996053219469653,1
4114756048251613961,1
17164511721569860970,1
1446263518830687804,1
2343936410248393436,1
7316120566157342725,2
1599515912970870462,1
9890340436358038374,1
8843305358860551614,1
13250541119165765715,1
13603819957777025950,1
15792516557421972361,1
1377497499795083196,1
17729836417392623754,1
2953994789750685038,1
12836852183620892829,1
6537288204157722519,1
5319870538734924686,1
13728741810315802538,1
16396503600563632553,1
11635517013086469720,1
12298738217547093150,1
15797467248935318969,1
2334659875209075496,1
17301781818140176069,1
17675111680568125642,1
4548877000111373926,1
11423426572182869975,1
17943971170971698682,1
287252776849252575,1
4499543310635380262,1
10014398359426420026,1
18054370012546368556,1
7256286140674752502,1
11295683760673426340,1
18031419819473597579,1
15160181764520553476,1
3382283375351858416,1
4315121556383283078,1
15347991828570209179,1
16900966641981159649,1
17595277150567644452,1
15133203146384856780,1
16764852951835901465,1
7198651117250646808,1
17918033830563629115,1
12868736068800318621,1
12912944956753534579,2
4296074073848294319,1
1595779594486612918,1
32597257411314977,1
1269194404012661546,1
4550516980245223397,1
12881513896815569033,1
18114087783771191400,1
10845774572596987242,1
2462703782071789422,1
2619327451107981778,1
3642423000269029405,1
5215114808804611779,1
5739865469446110299,1
3272051747345381684,1
12524556049898796851,1
611710162439097780,1
8804480919657462259,1
13422188505100541246,1
3886849138029290327,1
10622756291584509878,1
3271239395687153024,1
16949042212387571507,1
5806414124008553220,1
17743814898167486427,1
14556809011226782967,1
9838563666905581108,1
9545736620390766513,1
12650845729653485438,1
11234976072931875913,1
13685176840724792372,1
16002139446997837323,1
14193313315034506965,1
4160370164578646565,1
16416373890274426327,1
15410114563338326421,1
14929444645065363314,1
2483433145967647849,1
10524592084897039162,1
7921121831507987647,1
14060175953634259921,1
2322856646941840966,1
173899604938374529,1
12892943267728775240,1
13287221869844320561,1
5470272945695196737,1
16572743169572819425,1
12747039658085251619,1
7353599583622728980,1
9508963647081754283,1
1876478775891700332,1
4437802973362887181,1
14363048942765104450,1
18356983005402980229,1
14335312665019380525,1
13428774221198070621,1
15729322781127072594,1
18162168875866249983,1
3409053499528846394,1
14186265465518273183,1
9242858011467968794,1
416528599536721073,1
4432607211741596975,1
2413972748712002911,1
14676221990611332027,1
390468885547526717,1
16823408945348693161,1
6467711249194630760,1
2555096963609811035,1
23939779368796546,1
10215411427970363045,1
6022704430568680420,1
6955200829421400812,1
6570444654661892404,1
10009374178049575207,1
12900170852820905557,1
11755668140609906272,1
11618731320383306266,1
6184681586054324252,1
15296580044968880213,1
436122649780546766,1
15897590263238036781,1
3812978423527688634,1
16562749439984778117,1
10567666362534690047,1
3478413033775690074,1
17083562096735371935,1
12441240793864863388,1
11345337327256368624,1
17101062996675889693,1
2897755473386248778,1
17940244807206652556,1
13938723342598311366,1
5223548564259290279,1
4943372187375956784,1
3447266385630725845,1
10184063392964751746,1
15846121039879137232,1
3928239195426794924,1
16415400445789868494,1
7851537292595491992,1
11775134635922279418,1
532986869614684112,1
1666645183114647605,1
11642929272363381867,1
12797887966139463767,1
10458839814732052707,1
12242313840147297100,1
7147725141549317894,1
3368844955598466980,1
60688055124572159,1
15978242073100485894,1
7208490618449805647,1
1556280387619459022,1
6852661736203589383,1
7541301284962564893,1
4259972671198682632,1
14649690074142466961,1
1984528934297970441,1
16332232316032370393,1
10392291695806159303,1
7122584863740852408,1
7659755684148013337,1
12486232165843353617,1
10165382429173158826,1
8468966111656929610,1
10574749621132874347,1
12997593915522541321,1
13262987566752027033,1
8165880548045111885,1
14331786932488508509,1
18355039437532184200,1
13999427181430343537,1
3333573807996461264,1
947751416596746770,1
13949886814534841179,1
3211146947510057401,1
16080619177757391773,1
8997472175155905381,1
2753594292166971453,1
4540344165068376958,1
591440269775318164,1
7484154310151077928,1
2221087242602423877,1
16213648299789722205,1
4219729839610379168,1
2711169220386330639,1
1508863878807435726,1
17238568415900605221,1
12295141892912336004,1
1592355891877777789,1
1759966353576032880,1
14161827764618598439,1
3216894013753193160,1
18271836907294705714,1
6208279703612841399,1
8392261460275905628,1
7604318254458796731,1
15362341492878626129,1
13560931778818989746,1
934174759228328981,1
12473520164673766375,1
2882612745535929142,1
9142445369688869644,1
11197219871852363170,1
8916426263832973851,1
7007691921541075584,1
4191640354691203388,1
5770061935332735444,1
10233219608105439799,1
15515864946243059194,1
14762510624391002914,1
16346345315721011839,1
1070547354065682361,1
6884789067795966732,1
8024182954792906655,1
1732728996564601800,1
5834644302177286652,1
12512977339107216880,1
16643002227405403009,1
8348095338631179361,1
6761731506752513049,1
17421152475598297555,1
2056588663115339103,1
832507278645053246,1
13503780331721261202,1
18272420611877866853,1
3530258572043090799,1
11905813086651916736,1
6049197975625349434,1
9379420029126710443,1
11250926545110830657,1
9178093101162395414,1
6130221441983682159,1
7295209952688255839,1
5748522446415127797,1
6789364321665711915,1
3684875362922158517,1
3068625632217900170,1
9933662847173977532,1
10695459865517479150,1
12981691116101050761,1
2613708471024536337,1
2884434942460714416,1
6849079806952074511,1
16403288929275638344,1
7353017691234632926,1
14706525524437081965,1
16580792244948268654,1
12393101300365617439,1
10332859191032415311,1
8122051726212713753,1
5352056231606434481,1
3235063933047500513,1
3350206696072124136,1
14868355750914043553,1
9085673079925793015,1
17784217298919184633,1
65293873222039502,1
6211690202100151311,1
6117684616235019578,1
14246950824454373329,1
17411562147191549614,1
17910951056239175479,1
15798085323664625914,1
12913462055796251821,1
972751653844532127,1
3218506485828934703,1
3653732271111866771,1
7094960377937564660,1
5143151693431960279,1
5991395337167692946,2
12936305055876926037,1
9592727551653755593,1
554683671769084635,1
263747215119590140,1
15069215643093562771,2
2400761572117292958,1
9873699285469828449,1
5160921745367310430,1
433384810132107811,1
3456334186278712815,1
8587029208032987198,1
14412282777976577953,1
4203836188707209568,1
2915788235422843289,1
1114228060572300925,1
8638365652784494898,1
1467228050968171384,1
3445931275148774190,1
17154335206516106665,1
12291043929992821903,1
17137858042102591436,1
4206070427060519109,1
5378394391891456535,1
16239265278738386279,1
10696547285196186552,1
4054964314518048352,1
16196037303984987811,1
363847141781070416,1
14868467700160441275,1
1938427181000974891,1
11773056839493893856,1
3292048262487661498,1
9015703922709500539,1
16760065227236456815,1
11340577948207630755,1
15791183142536926043,1
12848764561991432863,1
5787277824888407730,1
16136885193679659679,1
7569847945786588895,1
13873866828349425750,2
1495165537829864843,1
10127425612766251396,1
9708668693830703878,1
5016931550543529733,1
16755460125245387017,1
7186125715298849463,1
1874177934190948635,1
17082366610910585194,1
8405938201991981132,1
4933512942161074016,1
15727496586301611252,1
8194516398979802277,1
746262565704652450,1
5966966342247769888,1
609875969639304165,1
1224266806255587823,1
9966631756867838746,2
4208880015765774320,1
9038448827835462095,1
16997420947745810939,1
10829859569915173131,1
7736925799916192106,1
15690153105854987404,1
11865257123530202938,1
3621880955236432029,1
13321828406186610746,1
9597273196174409172,1
5041476986195926391,1
12357470622157902511,1
16955374115975493754,1
10039741158572838044,1
2124905685315471488,1
18174674378355914143,1
1731318736408829346,1
1499449321370061131,1
10412580378226603720,1
2157188346670504627,1
1715437586264635854,1
18289587883058568595,1
142310578836900220,1
13898197731676001544,1
10196909519816529882,1
11841200530624895358,1
12764707980812763628,1
2398235224794103362,1
5288808542018587712,1
2127207781782714197,1
6525096815343081898,1
4045807081100744237,1
17150144914976169687,1
12029200704458701177,1
15272809882902233398,1
15257812746714597750,1
6348796850816578414,1
18092591223689462438,1
7393839366584246293,1
15766559583288262514,1
16218781484851971268,1
1512038355297694705,1
3069088878275492474,1
7438926718918643708,1
3096764826822103069,1
9505113825954028350,1
4845511424482873174,1
16865455350931215607,1
14971084041870860923,1
9938140780174918065,1
1337005089122672936,1
18187508597476696475,1
3493845265284041768,1
17648398766847257776,1
14604432222654079381,1
1597917740999131050,1
12865169677620693384,1
12600171850878338885,1
9069409552584787381,1
13127415966656232568,1
5045501573795006005,1
16833053332545797635,1
2064920605389065860,1
918098872192461840,1
8575434566522557488,2
8829629372250675814,1
16481807363863079282,1
14505757314847969503,1
4864056030816460732,1
18208417136048582495,1
14404907115694691081,1
9475933702016032430,1
14429358399680230841,1
12798439748925883710,1
10205080497789987448,1
17321348484510896934,1
4486379364365992688,1
12174370454749906485,1
1635603645318949150,1
1209009773776609039,1
9126466558407316920,1
2680725166040543077,1
16322348596711135558,1
4818193442085268625,1
18031322678537712783,1
12251300654849588152,1
16777250675284525796,1
9546654918744091421,1
7386834318075410826,1
6413134272809764188,1
17130656743926313567,1
6017749961965971933,2
11093131241544261881,1
10577648932156774876,1
11128649887673154285,1
17950949991436390878,1
11239420039889507889,1
12974949870835233179,1
24828842659227824,1
12045865802333835549,1
10786562574380137186,1
13416735837633737132,1
7652178724561240607,1
6648756916230008382,1
6528137660555008199,1
14241524121548089535,1
11812345840280678233,1
1247260572213775774,1
6748035295583317718,1
3392119068436245922,1
2076668869719563196,1
15332203840247469151,1
11124849643560109566,1
10366955665191743689,1
7589870278518080374,1
10994816846793065354,1
14664584587755230125,1
758424445030525780,1
11825198235497246024,1
11928877296758159035,1
6597289041249991480,1
14402904657711320646,1
10438935996409016945,1
5052408485592963186,1
6017362355207557834,1
8786062599596600755,1
6680776006660452013,2
7918609436658425996,1
1207806899015297295,1
15285203163562530820,1
2334306746961614043,1
14656563189276066534,1
745877245768945027,1
5503694265660254019,1
952724548133839161,1
4661804609032485172,1
2847258501226997765,1
3511773636386428678,1
13451842912528840017,1
7752571030973481004,1
17081286538107742842,1
17375211310642491110,1
4455471220232450316,1
17336468509909834057,1
530099394712943726,1
476935852710405100,1
10647302138158162706,1
34252668309184112,1
6337694896329144269,1
11816790853299724069,1
1317484775266137398,1
14003602436207697075,1
6380722711781013606,1
9696000236092275199,1
9847747972504940626,1
15619628974681903040,1
14793313977490901316,1
15133784505344220704,1
11042925276320235749,1
10925846385704051365,1
9733539090095247287,1
2846589063169155402,1
16642733566907957801,1
14699300159291129758,1
555402668149068506,1
17449782701024894093,1
3687750166484301799,1
14951736960023025911,1
1605089142203167904,1
2746057180052609860,1
253126313618117338,1
2538794791215641436,1
15571969625191346893,1
13981021557335906403,1
9700915864856852999,1
6776075788241084470,1
18424192962507653246,1
11350515607707333010,1
13638187950371004187,1
690534363226276891,1
1270258562895608397,1
10478439608689568985,1
13250642323016855943,1
12219119400451294532,1
7379128576998536155,1
11611727351465500189,1
17408384082195660978,1
12712628051572015562,1
15658395747517146020,1
2677784840187427171,1
12724709564509015451,1
15263632235893028598,1
1808547329996112277,1
1524907609231958289,1
9643891256227471694,1
9521021498894212814,1
14144052490376152326,1
8833031702293833709,1
1946106516205360838,1
8152631579033583262,1
7133135931075925916,1
9807490072124978211,1
106076033210392366,1
3751261998451351228,1
7936038703812234198,1
6771675283578550913,1
5845505658899383402,1
3028644935469064674,1
9473255291211715928,1
14170926896242778960,1
5670485123347147661,1
12178022834826110775,1
6797301618371823563,1
1503549074179324223,1
3991088802187621923,1
13033563974492203038,1
10976230015831281597,1
16319012501011688632,1
6836778512734602691,1
9852458804480349382,1
9602282807563078022,1
3497541426117491877,1
14794152323556567897,1
11921690838768306332,1
5542121365558021216,1
13833513437314280350,1
14951082272367794099,1
17351386143604552759,1
6450762694723149532,1
11867614531630979912,1
953883087258066655,1
5534156443111182938,1
12178595494254509792,1
7582950346590892279,1
10194268331342108035,1
16380671372604979792,1
5636480031313144489,1
4998023535787562001,1
5463883039186249591,1
1870830791176658465,1
12467477775692148681,1
16846126619078677138,1
10299038143312929517,1
2464638922411556141,1
3332040920477225390,1
10951345270656650545,1
4827942397856069649,1
4414425154559306631,1
18377592946265415142,1
9233489159436294406,1
10466354288889862069,1
11923528849283700969,1
11653166676424556817,1
10244390344092486529,1
6797576608854004157,1
17772130492436488575,1
17464769677397382901,1
4499692762602593628,1
12634089613300532769,1
4708091628147794739,1
2009444770824020642,1
9737665414827700235,1
5128662476902588659,1
10947598234561734425,1
9621261732498427974,1
5319900469709418016,1
16590595425965037956,1
4668276256164392922,1
12535122859089692159,1
10035868662450282355,1
18115440542890218673,1
13264001184630301748,1
12703226903901329692,1
1519722657666887306,1
5628902295601679461,1
13637822663999433590,1
8130546102089849519,1
15123996831367724953,1
7904648510165046481,1
5202156521921526912,1
7008604976726795634,1
8332930073022458912,1
4367120634058873122,1
10718713095528224076,1
2878241546926335569,1
18047210673382518577,1
7598690719979590015,1
13894545975917958407,1
267225510302322920,1
15614158088811402882,1
14580671957860384738,1
8433871794178231496,1
16830993873810708630,1
3539721582260207904,1
10830228173393975641,1
5019671728178042249,1
17770408746342006665,2
4105981198720694863,1
6991654339862651295,1
1711733139648973291,1
6274153008791660235,1
800749396635363744,1
6709621417664522652,1
8491094434089355327,1
12612906985995216619,1
3505731021540042253,1
6275445514217115270,1
6675646022491173806,1
11818231087241480812,1
808320772882818631,1
4624381006886547019,1
14463114403882076760,1
18185906386563997624,1
4714231272156101570,1
12299649913286917568,1
11670857222663547248,1
6820218721569803945,1
2976448225441094842,1
11301869025644445539,1
14369181831270022183,1
17284905691935454562,1
3655898515924737804,1
5085620396017626148,1
2220662173410200387,1
12314825762144303662,1
3092858719300228419,1
11902134841683229050,1
7291077275561236015,2
6862429538789464530,1
6167508983657689621,1
427084594658445612,2
12990351998790553718,1
230844837322489032,1
8856372485812143214,1
18236674923056433647,1
9845032949131861421,1
4751993880476754955,1
15427593667966371054,2
681082341008484858,1
17975640705630460034,1
10345488149618960697,1
5919285202870658962,1
7873685758143442537,1
14104688292298308938,1
11677220276370078361,1
13092321913859510201,1
13141959391704581522,3
1717948457688803711,1
5523356011871598348,1
12421554958393113280,1
17182830562686944766,1
11927875748375132094,1
12205971446472177462,1
221551970517564632,1
15237019911180622476,1
12777706563862059832,1
445440573783211714,1
14317427333237056947,1
2506775301499351250,1
7719699061150608318,1
12506308265992989758,1
12398982798523816547,2
8957033923668936426,1
1228025774557659750,1
8627083929365596158,1
3010186434756860972,1
3921145439059136904,1
4775788219375908782,1
15016339789601425583,1
17704592883346542813,1
8902765360785443081,1
10104821746661706152,1
7114931818156379464,1
12236592023044982632,1
16572435538256972619,1
16888133186192793998,1
16116240721824693104,1
3623299214497828756,1
2213070405098964702,1
4960644828049595409,1
9496414980726992762,3
10735589916717878831,2
3249482983243341818,2
13437658750154585347,1
5710916982666156860,1
8034188601966937975,1
14254853813720338158,2
3795554337567190540,1
537023782447537515,1
15897209728725078945,1
11465106292362877418,1
8558118488499641169,1
7638802588428031161,1
7003598926126896620,1
16923746395543612154,1
16818619197395274458,1
10650086692130629892,1
4036044419024835144,1
1585811891196997106,1
12182846182737471741,1
4470568921087121908,1
15130917084297397851,1
6870795593340518390,1
9156474859303411580,1
7393568090618979499,1
3650866031761707464,1
2364069232032483701,1
14620931094865467505,1
2105206224300874533,1
8117561190369019688,2
5116769145230957204,1
9568120748015107557,1
14278714764483478660,1
7854096394323847816,1
8371650609037969098,1
17341033575577220450,1
9030885915388861050,1
8561872043660931040,1
9000686478657850424,1
188310472138293168,1
17566496702503860527,1
5622575255756798055,1
5920695698584844269,1
9706394691869451557,1
18323067647996408615,1
8916410659774142456,1
3114719395437573527,1
10996118571266209471,1
14113498611384791441,1
8773158311426986513,1
5617860857769640293,1
5408750754302269942,1
14343892637529349747,1
7276296157833103581,1
10251769612290592342,1
10533861606937754012,1
17832435178294241121,1
9236447829730685575,1
6304482503807707200,1
15812761402893695547,1
9977322946159227292,1
8925364444425852701,1
13999976772793185580,1
14282612450405056034,1
11349067751589750464,1
14710444213514979775,1
6890308405184808850,1
1525218832308400668,1
10678296952431490445,1
9562717200299442857,1
3714538229901600254,1
5747515202594906065,1
14461709791816451570,1
2167490742086942673,1
12551492225638093435,1
15524526119466258967,1
3064198906088206378,1
11668467321197504377,1
13752068024725389400,1
13367275657439857205,1
15080039630636054460,1
16429070344238542632,1
10593277191444667506,1
10275307877374938401,1
8843118085670912924,1
10373448458905884685,1
7986830348397709301,1
12969253108157167074,1
8329221973439886921,1
7471404469815536024,1
3540318555449460081,1
8051076808399917196,1
639605133912369845,1
11551965241855619120,1
15332084437939334385,1
4702760300159430814,1
14115949409641116031,1
264167659041396747,1
287856226648801258,1
1546589442033298929,1
10494884527048622676,1
989523925922832177,1
12256988257074279940,1
14216424934306590021,1
12279981798434923510,1
15353813361644128849,1
12045067381399478469,1
7076849581903132638,1
2943419739846735099,1
15280357641152021393,2
9454200441109766991,1
17767220649093890904,1
7174245723247932918,1
10872183774385003293,1
3021388154265827459,1
990455141659920113,1
14240399751064849285,1
7551671002135574251,1
9899906878986823779,1
17816576315679802517,1
5147452186361957605,2
4738932200634349815,1
14826503024063131012,1
15900752117953632785,1
16973747387097349842,1
5694362477312385021,1
17975477276702853887,1
6068802166291274220,1
7025124968679694637,1
7258724725494182359,1
1444271730548483599,1
4025293662056824615,1
7849583438780063378,1
1112225423771320618,1
1136964018061846214,1
9874775300476078405,1
1858061027754087764,1
17203391068445936154,1
2101247198073043465,1
14219613469438722897,1
10640095904406653889,1
11641946278733221046,1
17213371743125751608,1
10160463501600725177,1
9757081355215061600,1
5655400754129785282,1
2584708449543892556,1
7661262954739348713,1
14031171227287984786,1
13529730106473074377,1
10100393324603006781,1
12580076071794136577,1
3376334445475384143,1
6997906982806962417,1
12916489766919751194,1
6147410110354323906,1
2527579335045757297,1
1323812194192082917,1
5337118389527899712,1
10227203659940591597,1
9180968871886567379,1
12648824056358007135,1
4575846187920484634,1
12785514045558866983,1
6639706865374579760,1
107699702971081737,1
3814011102220914887,1
7065993402782571040,1
7337924181737640658,1
13826076148406518530,1
16627448302163036331,1
7830051023947177918,1
8105880780935426428,1
9955375608117440239,1
3732185665693181954,1
9004767574117395230,1
18385235074498606047,1
2207533472490648444,1
2469485919951235298,1
814910432906874830,2
18372991637335428607,1
3520385043166538332,1
3881835486859072894,1
14501614697678053142,1
7196593948448884317,1
17372493217224534900,1
464230747606545799,1
2914061150730953275,1
15244070628331276858,1
8822279711433016786,1
440477422098653929,1
15034491540668447155,1
7893398276175595121,1
2633567974081730120,1
9134358619534041197,1
13388933311689162560,1
14543857789213491266,1
12532256541941017118,1
785173239145936862,1
14171711797227232587,1
12289045469743678194,1
695636764055164536,1
14168221093811248678,1
11558775857100315987,1
5852279641529366741,1
2230102768789183652,1
16729217524466919318,1
16979013221613948446,1
10987176950334542566,2
6395336636345106753,1
1153040761502162565,1
5901231357039561138,1
17936903878528124749,1
3172827716651563749,1
3432102665829882832,1
16854652707323418178,2
8819103064367148503,1
8028176296219316481,1
8422324515082612791,1
9608194538593754232,1
15197414389061323098,1
5402437426491202603,1
11890288579264061521,1
8314432858679745117,1
3949238632877333990,1
13924192384590823256,1
16573315140593153525,1
11765047809216283797,1
14742101901952540668,1
13330730449131083290,1
2153369443595503710,2
15534956318179434479,1
856585223624068962,1
4398738542801713882,1
6911017358701934415,1
12394758456176213603,1
4503578474361966745,1
18396928410219540228,2
13005545919828918983,1
6068045520969457609,2
10864917415639516927,1
9388846856106531896,1
14390511697909027051,5
976941383120518242,1
10110624220338429642,1
11746136319834399560,2
7039464879843300217,2
7144132980285133957,1
6028710858187164347,2
18420141364272072666,1
18178066971165177190,1
7786135599252899929,2
18273153747682050554,1
7621956619844795515,1
15835133501938478951,1
5359577671990948647,1
18084105051999875639,1
10100799415611730132,2
16579044747036843478,1
4159679081560987067,1
8193794054503943182,2
3713479273717873228,1
1520589607679789556,1
3947021109766581109,1
1652825481833739954,1
1064083395307078879,1
12588219455324818113,1
8749028098741334874,1
4648896938693113501,1
3467630964576577068,1
7354461490298333986,1
8166580717813186820,1
12403803238720932886,1
13314027740429580883,1
2230330257742699877,1
17306162364831220667,1
9017892052981058962,1
12108888109355684310,1
11707202396368704997,1
10275354053595637554,1
9646287798364628539,1
3279151362900548595,1
408782858532173667,1
12187794385661715518,1
14193372568968752766,1
5129213392019950814,1
2736788183129658227,1
16315125248042971812,1
10371725302113481972,1
14738329293492372726,1
7184306170791902203,1
10567202022832985070,1
4557859210040006583,1
8101559812920840197,1
9954513629942798606,1
5843273275744433673,1
4896038302468710502,1
14660629739774761189,1
3618121183831516948,1
2031748550645946687,13
1845085732735178303,1
12381101679634559986,1
9962424822105527423,2
3057897429617929046,1
8623143544203577411,1
11898731658484007104,1
7400121335556575012,1
13545379349651568212,1
12461980994177082728,1
16383068635531781564,1
8708348808626644234,1
1405315704502175705,1
17503477650695938111,1
3832749858338315861,1
11398121903665352978,1
16564334127705084800,1
5630089630891173765,1
5384382929961884937,1
3569698038644056982,1
13446875875243268981,1
10787646181993768118,1
14509510192176676384,1
3425924743802292234,1
2672075303351653579,1
13984715176057657889,1
17281870729363411367,1
7754403018609431295,1
7853225024133973504,1
6374792791954551510,1
14209877352803441808,1
17451519465486835003,1
9743458829902225369,1
17785380655305101214,1
5336158592056681985,1
1368558162205077339,1
9770512498697060623,1
12511493157792320284,1
12937086796868783715,1
17514737368409514306,1
5081716297072487167,1
9530712154856297997,1
7720678753775950060,1
14211673714990611054,1
13472628215647207618,1
10453152357801166247,1
12505808088691000078,1
7898718093224154153,1
10981519076819226802,1
10958400455429653065,1
9577121018812709267,1
13945807667743595660,1
15274288282891313902,20
5082927893695563473,1
1967017748113409869,1
6289009770891976002,1
6983910677218548499,1
7454914337934759291,1
17042918560315960709,1
7880641408772577317,1
10813632383503490705,1
12970248024848908270,1
15404290649608324659,3
11886536977361969350,1
17216574946826700854,1
1869217156597235931,1
12297495463856836024,1
12136242306905094381,1
4513984346886583199,1
12659965334261918533,1
6123295420946003996,1
17576447766879914411,1
6020943381370054713,1
8937899456719392228,1
15167400013166848789,1
13858537973661426986,1
8675059429107065637,1
13111178471356995730,1
15216229102711517285,1
4611712226246500768,1
1572609073949167850,1
8035956426041293044,1
10645394215031679488,1
7227107238145690072,1
14592014837563642914,1
15303044574222809063,1
8643241942700724356,1
8705095945969189668,1
12224367502360678250,1
13119461553414233013,1
14831108546223619873,1
791180966436575239,2
16523694348462384673,1
15230464665691910465,1
11914158908471124057,1
18260356265283826800,1
14489174089022704274,1
4864963607054605529,1
13354957455055192101,1
3606174589144284260,1
1745563311627692226,1
866515452458273542,1
9052377692118505755,1
8696855277848965717,1
16145915478858269429,1
10145831423533751430,1
11839659886068690247,1
2917890670380907317,1
1833271969875934718,1
14629539460438541789,1
307594319569217312,1
18296477354834408050,1
2714887285607176457,1
2052619324527078882,1
13095394239364769569,1
13340767913398058736,1
11055593202251866297,1
4289665405098966218,1
12489267778230700020,1
13914914524675216044,1
11169525241489654821,1
9562712124153601239,1
10525734499181730395,1
684723255546133077,2
7780944302804460132,1
1550052706863163424,1
144691790826322278,1
12178851566686331872,1
13214860349601315927,1
15835596959060899641,1
9444793531003853010,1
2814391292746351844,1
8087008066666608058,1
11986041236235582712,1
2849654053084341468,1
7779252876202627787,1
13624725111496948991,1
9126267036231149728,1
13200077713780547493,1
2295135507228924392,1
1729185091160809086,1
13319601285078924155,1
14600104976231953714,1
16944693366692905012,1
11031212484011697296,1
7023069154266884130,1
5934399441350963178,1
2766450079104207421,1
6967106399742931493,1
6049923083905156840,1
14964979663677046889,1
18398200893147394809,1
6858233005271582894,1
11999431970378854042,1
5106861289869318316,1
4116828004971757750,1
17396573713671686944,1
13656271024352865215,1
14543753971958298661,1
7883497190480680244,1
10796436180459366715,1
15497011953168242263,1
8042162146724012830,1
1458870851551622445,1
10021328330789628752,1
17448819470163288875,1
17245740061500577159,1
10772830604399205120,1
2437867317840435237,1
2728192114855523547,1
10976076523274865814,1
1945924227915934103,1
6152965992570026990,1
1855790342810971121,1
11946950745345098414,1
17217090320534803773,1
6185635410657904773,1
2111967440025012689,1
12774825753208063452,1
8504477712074044722,1
13930573323690803863,1
17087773671294405839,1
1734045927186193254,1
15803734519215064290,1
13348465027954647505,1
6050539379741534201,1
2907231927037812247,1
2998249321375770822,1
17131112492599740727,1
5476077028130714397,1
6261340093926818730,1
8729737624116523538,2
10765867236781678352,45
579991428907570564,1
7525947091888137673,1
3202265449249633729,1
16178636586528454042,1
1333928406481989389,1
5318464213994668441,1
13391943599960531881,1
10512316169042872176,1
13971151809954902844,1
4024099016128209650,1
688836326991689224,2
8099866396172307375,1
11054842387310541508,1
11548540384039727010,1
14940364543222534283,1
16055505773887964962,1
9660868882519615089,2
12069508554484687712,1
3382063992764919884,1
7765827551864011388,1
18375192859262490633,1
10210151406762690353,1
11921675783224870377,1
10627821969037173917,1
15145356831751813609,1
17090287282678985756,1
15968115423125778471,2
15224946243667792776,1
4272425846380953412,2
18444538239673204163,1
17846058119933983407,1
216940464994073027,1
7267467987658683488,1
9783555197854929109,1
3916791321134750519,1
4026839029132399534,5
10606910318785563090,1
7232425303772936731,1
1473811080929116311,1
916372852048804990,1
14478567009671759331,1
16008675099764459088,1
7371965403811557551,1
7224214810967561677,2
3016503884906457873,1
7968397138039320200,1
17110685125597110615,1
1517531906510820979,1
795480963258159723,1
9256941463457567887,1
16702000603634748844,1
14392161801714244838,1
10956441819883318059,1
15746252969605663857,1
10852673150170966982,1
5429801342852640187,1
4148861565020786451,1
8870278830856163292,1
15730497519394012916,1
10180901997318759689,1
3626776785995036034,1
13591282782208893534,1
17313947158837296190,1
8648367104349164532,1
2853151430820245704,1
10203877893615406455,1
13054855541861805327,1
4184916149602511698,1
16491915181385940641,1
14754758938462816481,1
15728377357259938460,1
5767625438367426309,1
220798676277497207,2
11322015755790240929,1
13310888995123939722,1
13987318869693791907,1
11484589723818943701,1
6487816073992796246,1
5141112884120753679,1
6696390428135384590,1
13783586326947887288,1
13251775381240253622,1
3009473391134758587,1
11844034566698815719,1
804512777032957901,1
8775770197941393596,1
4581429512902960084,1
4253279533192500945,1
15039574988273767057,1
186087028543661121,1
673395867805350511,1
1615782424392482463,1
177603355458421568,1
13166742553345308405,1
5035772230289974142,1
18250932870052783469,1
14228312733017440337,1
14227152753922248465,1
15631993763143529526,1
653009388445117025,1
9063186776090727968,1
10727948326682295814,1
5911715764841719678,1
17038590086057616289,1
6460842180567509348,1
95988349180535923,1
1674022699272043295,1
10205478175083504526,2
18094814346991321986,1
12825549092705299958,2
6350284441640102575,1
15512766738995685217,2
12628763249231118391,2
7761534201929096407,2
9388141242834433882,1
10505491082210099098,2
5484923403026097946,2
2433339387263867607,1
12701705034929812979,2
4480258903764859113,2
12468600545398269506,2
16189784953823645977,2
11141215630308875822,2
17110790742004960309,2
6073983470496616708,2
15541301090889623410,2
13132806238852814260,2
14630074175621149005,2
14753539485650562739,2
12728785946045688230,2
16132101072148615170,2
5146109149951136370,2
9151803108913005612,2
18437566550949631152,2
839689318370858659,2
16838371863682753211,1
10259857136740519270,1
3267645704598329382,2
16534373494649757610,2
15933994819508315027,2
13554763402331863901,2
10233867374600583525,2
18114351816163567470,1
14546740300596613112,1
11748529664356151204,1
9971286133495433911,2
11985573221285951392,2
8714348443978816607,2
11666704213810077158,1
6777913447855973719,1
13137666526012044360,1
7701488232443953545,1
8590391923246403908,2
1159781367025204271,2
14221643209553181221,2
12137357470007225491,1
15310281107106772596,2
6447362138891104269,2
12851291036346049829,2
7122588214251363198,2
9625227880155263289,2
12245369340441428156,2
8330245688605743058,2
15934611422662364004,2
481506417602227382,2
15029049705392535956,2
12282183599667290910,2
15427332154241637904,2
17096371347520198978,2
6126821627484970494,2
17279255608202835916,2
1132774502498629198,1
4089618586517521627,1
15640633798473457274,2
12500465277554084751,2
12342192704774468519,2
17711901268621669774,2
16577630105028391210,2
14759804420063514706,1
8430551124941998836,2
13717658805044638544,1
11345399339211062104,2
14696852617995338139,1
6292482347398456694,2
10621587959636225525,2
9703629502177585238,2
17589719899070415012,2
14363558255728116755,2
14779810835509207753,2
12052116117118935592,2
16134573443622778368,2
7143414181616709166,2
10292594734716801543,2
9875636664415696129,2
5257931120934896721,2
5356880439999258405,2
4261118945470870429,2
7113117607272305708,2
12113956117123797107,2
13135296926759525522,2
14884054862855104121,2
8734367372010198821,2
8725041627505894817,2
7901061612006036465,2
6072721333713941543,2
16330599296030911786,2
17954698510235514503,2
12697347083555973684,1
3010823443881650738,2
13661504286656465961,2
10027139604981738730,1
8898837994500241418,2
16425016032363478458,2
14543035722249523617,2
3734099749857510285,2
15568952897150828888,2
2360206046024645936,2
199021189618110751,2
2803702023948436683,2
6184259382562710150,2
11901504516829185871,2
15090821129244699193,2
11097476868270054831,2
2948843985821287014,2
1789728100046707949,1
145321567574769184,2
8861924957624749116,2
15374748740112828041,2
5877204914017545085,2
4099475739185942433,2
3352594631461143953,2
11287823546240886102,2
14719189008647911042,2
4498417218731903118,2
9813871597174825348,2
18152366774680199307,2
5139231019906271697,2
12466223649941652581,2
7657712412873351206,2
15101245951706443186,2
934992761048922899,2
8293946838267022208,1
16202315227225532034,1
7555474664145479020,2
1489338565809373632,2
13066564210476145451,2
7001692940852455002,1
16414974391611891286,2
14234864139790932039,2
15884943576714979557,2
7200876134910635905,1
2231204641578866889,1
16007484987523686887,2
4639654647642279771,2
9716760071421494352,2
2559437911064460159,2
5770658957243307720,2
9534551277467531050,2
2647725248001215349,2
8157472723224554717,2
7962766274563375321,2
8744313458884084487,2
3452983244466187784,2
15759824108355320941,2
7511294761352105191,1
13525935025826412666,2
10093517812020646725,1
1011216043722230743,1
6356061762992211202,2
750891508461109748,2
12360736656111117372,2
14647402521479576110,2
13544083572021484640,2
3997569434605065407,2
2173978467320393373,2
14210128201477050718,2
12386616059352389589,2
443286689654827157,2
16910485019879145678,2
13951276334322368565,2
9998640916435009592,2
13692606739640572918,2
11738980492345625114,3
3269683270401150554,2
16587843050151634470,1
3114927866322529075,2
10370441663766677415,2
5261558526899911681,2
15791590905662941675,1
7527591566440213345,2
459733895587401695,2
284654002809847308,2
18167921001965823045,2
16278254347936371570,2
331181882971586985,2
11521547722952159578,2
13325299226508090858,2
2665599486588684671,2
9770925621858940466,2
12730938400418785911,2
5412234599133958772,1
5276130219693603999,2
2093647172686264458,1
2949748064703729643,1
11461752034675409678,1
158637100266388182,2
17199804839859554628,2
3214295647250024545,2
4471095573326589316,2
10242802356347353296,2
18042943329201368339,2
8132135277037183712,2
8883838608140013117,2
2794691214690697445,2
9378036644505443418,2
3028022800447817696,2
6765103569225805007,2
15975345751264711526,2
4901156061531140528,2
14347956995497835128,1
6554058782085396170,2
18043863970947016517,2
15675233986452508589,2
5984618264678253092,1
13661512264509203151,2
6433649204793630533,2
14041236133743839733,2
16871662740142926295,2
15874674690609200099,2
9171980583154820168,2
10916407932607587937,2
16208195387818965747,2
6646279025497838228,2
1600018060764114328,2
4274193923734468161,2
693040028883790757,2
3708715755845796258,1
15093992021927138406,2
3382149542556997816,2
6905509561301595829,2
6743695911675122756,2
3424598911997396902,1
10331609338057856462,2
1142943928942570270,2
15935563259966002824,2
491207969702192595,1
1363197299209558545,1
2465796168373684923,3
7656914151288827121,6
16897226100666254451,2
12516339299740798443,1
4850887390486242155,2
4650407008142082281,2
8385658602164883438,4
12853967765446324180,2
972320965598464329,2
18175408046955655843,2
1014402297913580728,2
5595299148194208455,1
10772264930850568630,2
3064264556561764044,2
16760761375997691313,2
12014289355912832372,2
12437999272829534470,2
14687839604587388568,2
9573746176828758607,2
17796067622824960095,2
2541230623674337850,2
3594050194568498986,2
3436654457674336406,1
15025770314129515217,2
14035546858756148503,2
10227904841819379415,1
16460399950859004628,1
177165789682066872,2
4033604171527545949,2
10746656457514664857,2
554526980102822101,2
17361497282493594292,2
16195050934744150119,2
3006453427046229398,2
777747819243452250,2
502336932895834903,2
5811535329978559455,2
2746730546305400704,2
10638533722599499222,2
4371175680360379068,2
10822404527173189887,1
4931620397196270028,2
11617050537514606426,1
12084891808371248480,2
6665542362960995008,2
15055788445033119823,2
8021031656853404293,2
3808398409885151315,2
693557327158577328,2
961407291338136608,1
6623932228558185981,2
1873069672128623511,2
4492827580207108639,2
11780435339055023038,2
13686856105326797399,1
16095320512003519356,2
8132891372629998198,1
3360355910855153691,2
9406182467392238625,1
14248017841799319268,2
15907406319016320788,2
16729507717667174899,2
17904049458157951778,2
13076116941731757061,2
3736387715968266315,2
4088361818423680268,2
8203736584919609414,2
15757741641469441478,2
7815745606755499763,2
13760269858269701620,2
15109893259195342372,2
15473567884964300368,2
17059205155687835354,1
9658495077076181530,2
10964975731159278827,2
12052772358631798792,2
2626466077588794593,1
900088252572923248,2
5909823167604005675,1
15529569582700946512,2
8286012173339482129,2
6985649293519183746,2
161629470498225746,2
8130177995177169694,2
9191328798193413120,2
1397043484060934477,2
6015925098225872405,1
17678603958395492581,2
5911822708397507437,1
15498096788981025828,1
17659350571717354230,2
16964482547447480030,1
7525741147029763090,2
5075423863716778855,2
7366217050140277786,2
4066409367806271740,2
11844900207539279312,2
10739084200268883537,2
17805635359942551559,2
8877644120245446463,2
13497361629071442088,2
9694477184103367714,2
15813848396703424615,2
15388251929491452835,2
13996758708224497548,2
1067196757707251970,2
8733571859271050582,2
2692302893349841730,2
195451856138503199,2
4497853438333615122,2
14338934225714651140,2
11694339654407357013,2
17804109141413264743,2
17219725811984748824,2
17291428315733646450,2
1619853127139795344,1
2808867458413936030,2
12345239902569327844,2
5846069332112918211,2
11530568340195302824,2
16318814725670088936,2
10933113766565063349,1
794474365908338093,2
17242215979582518484,2
1802154467705451069,2
363750764078610153,2
14270090641041640705,1
17018689743194685663,2
10245507627796386648,2
17382490670354300285,2
17709258761539487990,1
11038093524267913383,2
12657321635241728608,2
4160215905759233633,2
11037688880155515255,2
5484304292000050646,2
9111421028194107519,1
10579516388719136018,2
6623094133007982149,2
11305224153633525908,2
4678351654942589072,2
8237840399705057486,1
10024408261096552364,2
374196382255345621,1
929307612575506251,2
12144004475538010655,2
16161768952550467983,1
10849544331114979944,2
524597299969149514,1
656261635990941433,2
16096314497274374777,2
16327944044960489590,1
13144753331850662602,2
10140873175029931070,2
15011006932691524530,2
4506580281572926954,2
8151483883712974998,2
15007770549213553162,2
8763165416324960255,2
8992431882529281388,2
10630158071383296434,2
5696353406817132235,1
560982120378799154,1
3581339234284839663,2
13108414786244726280,2
11568217746871000169,2
5314302224578675008,2
13511604150331770868,2
12802172408365760255,1
6044594371139768918,2
13346992941064948893,2
37599159762104065,2
4422942509195504263,2
661597916213971795,1
9445317481044457586,2
11638249210020184437,2
17188307450448883772,2
146485269092290488,2
5934387492564039023,2
16264727759097447819,1
12381416984110540914,2
13315737074280501835,2
1362973586175784558,2
15988270450256514432,1
13823146085862595025,2
10395580563339730125,2
14445176606984675492,2
10299410082792284644,2
18238043893541083607,2
16283484420643151277,2
12181148360922700745,1
7103365525345462151,2
2273439218953614864,2
2858351124507483219,1
18405041203375231306,2
539609770367757774,2
14819069514853019146,1
7352551632843878971,2
14600744846670302028,2
8913616096113917235,2
3112320842499024518,1
7884307572288139638,2
18289508425843655891,2
5337709668714108525,2
2915703391962611136,2
6143036921575098295,2
16097116165442151178,2
925641176474321382,1
7909195422222681746,1
10081880418476135179,2
9074376169158042516,2
14532330414714842680,2
14410086097916079562,2
11829974310893851042,2
2839149381177417476,2
9380250253637267783,2
9211520084785940031,1
5525716413293353658,2
11841273762402068517,2
4832130200528227686,2
3373612684073196971,2
11003873202360057898,2
15341280641250997639,1
4673705950144213755,2
10096180817991107393,2
17897369576548247660,1
9989340361419227003,2
2990954598963836150,2
18133795189996522696,2
14207412876997322939,2
8659507075954282702,2
17154855107508385338,2
8533153899995454049,2
12552643692153229820,1
13471369741456400790,2
2136768227438397827,2
14327443019315121271,2
18446466863162905882,2
14147377435761932927,2
11931822468042496263,1
8713060814429603464,2
2155607664300055240,1
14102417621494305079,2
3553233275227505387,2
16310234781189472870,2
9298534573837238948,2
1679403109939426816,2
11134505717492738022,2
141053280495200479,2
1298854287452109313,2
7472060065872916721,2
9082547000720030183,2
4934708105201311940,2
8840349379113026384,2
4717531490158991757,2
5754502687461891554,2
10640322193435256355,1
12746000821986619059,1
2882569612089717384,2
8484347760995428044,1
15791225224265956419,2
8856077277022373468,2
1552556907703708243,2
8179067144858793818,2
13680569445281908395,2
13365821282471614739,2
10219541255883201758,2
13437980499723770078,2
690599733887423032,2
9003561401568145000,2
3363975131353047708,2
6840796588396147179,1
3854774045884741622,1
15930953384252350978,2
12577542332892300066,2
14493665435260834785,2
4227798157729870915,2
7588649896584541305,2
6812692757621399183,2
11668406639185716465,1
84275772467392816,2
10473061338251238401,2
9808799112532413307,2
15700961856963971611,2
2252212602985294331,2
11488246105474765913,2
7742657515952867786,2
1283576590972871075,2
10987951131351217511,2
6467642893323414266,2
8500473884537769178,2
7484105386056824610,2
12737032396474270183,2
79529974087507904,2
8267262495934318563,2
14442027837693909946,2
10840706295153359218,1
9551156216666473288,1
14288459389072134528,2
4190637217436947287,1
16191870309166864790,1
16269635219031703695,2
1299173440446290484,2
12219868496527749305,1
12923777504243760951,1
15871328985823145661,1
7970445607462170256,2
15906229013811388865,1
5131599604377708920,2
2768406504093180052,2
3447948203841614376,1
4400088371483778802,2
14507353109957966062,2
4178756376719315082,1
9025898762340627782,2
8707479696809392528,2
3880218715156964153,2
8873336026943021144,2
10367322213918857335,2
5051174660930561686,2
14058592620728146866,2
15626725526508889904,2
5686703022025664628,2
2674217441714471402,2
9364177081149387808,2
10809883708246507548,2
2611209162424530371,2
13995357033200121561,2
15996509523252022796,2
15807665154167401245,1
7475105205790286487,2
2430935389013383884,2
7353349743491184176,2
13395460014698101465,2
11367897918113910916,2
14454797700256599153,2
17149634776006940706,2
8490924597646155384,2
6469769195507153912,2
17124185973889544723,1
11866938230989260880,2
9974536024811486308,2
1106162518054560025,2
35808993528318332,2
13600084829272003535,1
202425989552996952,2
3608503133666494987,2
925563827642971592,2
6462098376783273328,2
3060992264277815596,2
2773698671916851438,2
10036923157719241537,2
9795321015626793485,2
14861034520316104038,2
15722683970175655553,2
10905577463224240707,2
13389701388961496895,2
2822687656230230979,2
9468120727759136515,2
14646024000137171919,2
14551888412359794174,2
7236025838294254122,2
5297532851714308442,2
10034018110040922695,2
7558704699529737959,2
7620575120053317057,2
10913713659791750678,2
3119586365642419813,2
595895022097837649,2
14358688535470459465,2
7276553690567744811,2
8620523599944058676,2
13152390770097836228,2
9548819916308802407,2
180536929790374249,2
1411384939330029689,2
16119000576328152190,2
2454010029709934514,2
1365549911876145733,2
4831178325684966127,2
3497187566328692108,2
6435910759918951738,2
15971245893852646870,2
12800526055224560905,2
17956058821921177748,2
13427260601952191225,2
1984235127683949045,2
17738936181531082719,1
2536486589376873196,1
122439922255211246,2
865264596724594717,2
17045157651709820284,2
1157991382330835453,1
14101061869218560752,2
12563927002951640825,2
13179005177056904363,2
13785403411669807799,2
7505124168122294480,2
1121355522441987045,2
11569769709779114949,2
14704691686786427992,2
15419080574528760434,2
16598698263587319810,2
13447951923080242020,2
15760354742066106174,2
10310860581503033934,2
16133588029449073193,2
17730034277815016552,1
12459863891330209747,2
12203016023029989361,2
10578885790821624456,2
2230883363377969777,2
5694971015821941526,2
17846422042146345768,2
15419323264800933570,2
397399018470988105,2
17666039380450170483,2
1521327492158139067,2
3097822095431825801,2
12619634273110577788,2
560859678753681034,1
16578115323772846007,2
12626033253078438396,2
17693817689001694410,2
5334202861378612023,2
14137547367993712251,1
14421482837049637206,2
7994579193931427069,2
6152569345504422996,2
14582607346682117605,2
12835011209163383130,2
11946526246649374529,2
4837876073522424605,2
17120575386957863229,2
10059283325240194891,1
7757584754220135006,2
15764530013444475151,2
4905463180070129101,2
12749966286987787386,2
4242937167052977235,2
13872685002641243139,2
11659473016440903675,2
11856935355978842302,2
2363251978781826071,2
6513722451478388118,1
15676154744445689406,2
17302185320826245857,2
17224569923710440826,2
3105342621863854634,2
4957618903349764593,2
16771324968396213118,2
14843462718823551960,2
13337211007421952689,2
10813153366190350555,2
17058414970518967403,2
12386859227456317110,2
11700604565728869634,2
3113453009668914910,2
16174940428640927840,2
5375749527339116995,2
11659936366883854136,2
16568246796295749467,2
16767046215033778316,2
18387306676305419689,2
6170853785086659339,2
18136704670502689858,2
2781540558256938959,2
4560958038187489220,1
16421102844487766551,2
14619804529447807786,2
16573485376981860105,2
987196208703253585,2
673219240027445001,2
11154905382328002409,2
15993046175250971140,1
1974831015688726152,1
17597108052667555587,1
16881592626898738900,1
466450904919695857,2
8292742959724341998,2
14823520303867328981,1
17928894502098542015,1
14072487291336762053,2
17069805538483988537,1
16799784965833206146,1
14630031728847853042,1
16701919283787493539,1
15677156587634326391,1
13458695408953451752,2
12741559386717087329,2
17071563560900177961,1
16104719790035583180,2
7150264182365656397,1
10279989427801441904,4
10068456009377225916,1
14561023020881804898,1
17557392831207007153,1
2422804676121772945,1
15810880412458078861,1
18343431535856384815,2
2634577051658762877,1
3683234393179996786,1
9180313103007980514,2
13997789235651796017,2
7602867716936902451,1
16247187708912184289,1
1133840559341672356,1
16444381903738394209,1
11078214491978411626,1
1462646952814751869,2
8021813733995545961,1
2196843874913417630,1
15059994684922913946,2
16816958955496001546,2
3844536637354934597,1
10951472816191808811,1
11316216777099635659,1
14206435629416392294,1
10757677341895843284,1
16230012391479174415,2
2386937326950817288,2
10686120976144464770,1
12461246019055221911,1
15883324855372770903,1
15837226363251161347,3
1866434037388128925,2
12237257095545526119,2
14132532836309513856,1
10595216334959422214,1
17989579728236190837,2
17611612915270587751,1
11905785694250970712,2
17782445091706413846,2
8947444791926253547,1
18320606713236792479,1
6251710219283117899,2
5339746000496957800,1
13116778505873421627,4
18269436201451130898,1
10936642734859367977,1
16499662749130675350,2
16036684507191597847,1
14269312263524678193,2
5593337140477483208,1
7624857645533058190,2
2599060691971146331,1
4753361236422629357,1
3478983397205443025,2
17378717703025136194,1
6233257450241469237,1
10709863663307492166,2
1867931983915215292,2
9281735144690387178,1
16531044775253737631,1
6780021332051000064,1
16487737586816398464,2
5690991505734440880,1
11702599731486278436,2
6934642721975952398,2
5149632564894135726,2
9702972606869890953,1
9526975284532691762,1
9979418850413469685,1
8005412847343204529,2
6015819538407259506,2
4871642086304221732,1
15191256477753266917,1
1234114160208964252,1
2871318189632555879,1
14028279115941652260,2
988284103502156984,2
12073302934240349238,2
4141538393452974928,2
913961174941181379,1
16368291168299469317,2
15854329415917650471,1
11821954481484465796,2
14098349985885531355,1
16462720588530963319,3
11532389934930293185,2
4399099294954805578,1
1573143390288379942,2
12643799625979785834,2
14956602610203371853,2
12987900175211361871,2
4844748067759065260,1
16209989884674321209,2
2618669421762897382,2
9338329865571714781,2
2676022314542046626,2
17843349359640272932,2
9327166482734144213,2
1932341047494801698,2
17237291213812452429,2
12859915287725095451,2
14826622650013187755,2
2645194722683989546,1
8209072662341113303,2
3756439332090828788,2
8739846449886921804,1
7279329728066095137,2
6702252177915882817,2
8291704631678104682,2
3900442493430676467,1
11864890626885114678,2
4585826203835494078,2
16850612290636002156,2
7746981219815749010,2
6132517672155091961,2
1886153570445885641,2
18299366684522300803,2
12773606799426758956,2
15987842210910900442,2
15566176256098892333,2
18326913188629450932,2
8683707942033735457,2
7233955433170291907,2
8876530474244366694,2
10961192217747071253,2
12386030004222292349,2
6525478719429208143,2
7463504649150689627,1
4765913377307819395,2
13196984238930783302,2
5083303845025202628,2
10502505660711448716,2
15031689157591983331,2
7249908240221254297,2
13083587708703578878,2
5175345236144188389,2
8452426197855399259,2
10179516444782520326,1
3344116967191013714,2
1413884066163906888,2
3338530750162012628,1
2933305405113543087,2
9081255904796922784,2
17735553331242155664,2
14338849770189543351,2
9557141694603343571,2
13043725929547016791,2
1060092458345618704,2
10084520650480391596,2
7441716937953884075,2
10415160404430532236,2
2781177946668746383,1
6020519242264291860,2
3483138270655004075,2
15815325780778796238,2
4559450955259604065,2
14603253135171925116,2
11607989614413763275,1
8130947021846089216,2
10421333026518885884,1
15410636558302497625,2
4668526815103240585,2
4133971009952818468,2
13580439181804209198,2
15428605660058235799,2
14770108358386986687,2
9834885663377517086,2
17430811136347599600,2
12145795982448881639,1
2091783559473102067,2
7569381133254764990,2
2859364913595110261,1
3368484870730684055,2
17996200688318621430,2
9415736740142131834,2
12798154687610682919,2
8554825035734289493,2
983442851983926669,2
13151936134859260436,2
15021786914374703645,1
9905174940691770477,2
13541076867456378850,2
7969891893987944474,2
8501583527957670301,2
1612129707673862239,1
14384050732607815860,2
8432853848110400046,2
4655086164240659699,1
9581958051593283691,2
13420771608465774502,2
13376608640136022577,1
7562591640046489949,1
14493650004749057377,2
4178981431114529305,2
16293054345468157656,2
7800598674213266225,2
13340723722148374092,1
6974532080549841672,2
647392910701539469,2
1365962492457153578,2
12357287794833241371,2
13746241485825394035,2
1810255511448104814,2
3997255655867260255,2
7391528119033407614,2
1728435992364165055,2
4035206822710997296,2
11649682262276937997,2
16116326617555218210,2
15009505313984845724,2
14681564976019163122,2
11572340799521791939,2
4035371815713172628,2
3667789366653586380,2
4808021938819326690,2
14879572740068479295,2
5957742692397705483,2
4983869805178116321,2
7236438453380175024,2
9227135575271669528,2
18243873797118716614,2
7774424256047739986,2
10499330390334914351,2
8236150173239981112,2
14354714250844060049,2
7441610890371062991,2
15272453169031240197,2
9995031613821350399,2
17075468524963441239,2
3893306465527970604,2
4209733615885531316,2
15254100714050177127,2
1289619917198417924,2
9803871644827423704,2
11845784584164437779,2
7644966323846074874,2
380977293984211404,3
4858049269247175541,1
2235857042534300441,1
18325271425842654394,1
6677725730333105438,2
12733853454883403391,2
6237451752629610362,2
10131044342985656158,2
16943556999562386754,2
9975353875596246037,2
1752001368972964064,1
17061961456553531912,2
2314178528278665052,2
14655582006887947587,1
10226590687780386537,2
6948775084673073233,2
16321255637119490895,1
13505411392259564447,2
12758271809984222289,2
13843991730649849873,2
10763107542231132509,2
13694784352786045982,2
1003697967945706644,2
17113073424358066501,2
419458494598695894,2
17890099633695335791,2
10149667120396204341,2
5724246741103652819,1
8039264417465354483,1
4560333027998216394,2
1629738163985355028,2
854861906983782258,1
1504721115814173838,2
7645177304199145516,2
13166949982043728189,2
10474759338685396685,2
7749269006537748676,1
7766234376402410450,2
8198042169260066228,2
9023932468708957384,2
871142939216843167,2
3890646859744564654,2
11646173079661540169,2
1036663184072877351,2
4124460454028584086,1
2215522494166772154,2
9270457384176453149,1
11735137386349483642,2
13810770631644923818,1
13932232248012583943,1
13738666161373305198,2
7710849964963261293,2
8452842966540828178,2
13080379423080026963,2
940240244668575742,2
11993086016412975301,2
17235853875698009542,1
4169360905483630632,2
1993885767728855864,2
16042554684520360896,1
16714199805114225298,2
3723997546618993941,2
4524279910067266471,2
16656473046084183514,1
2928318344554711692,2
155247819208399535,1
16853955521525227451,2
8511596706433380352,2
4456222873512324290,2
8412537289330474366,2
11907562221811780501,2
6516181750731380769,1
8918157161996875212,2
5410837804634087852,2
2101007786671541040,1
6965152779621231835,2
6372689145435006020,2
6565888736076496063,2
1821897010990933797,2
11062291938447194470,1
17786725231933770449,1
3332062352357143136,1
7839352904550663584,2
5457760484572093062,2
11772020887050955883,2
11620419323936885740,1
10752031531994126762,2
5950592384522118388,2
16896364784124653713,2
3638997547758629700,2
1324500616382770220,2
757893034498631517,2
10051981400946844608,1
17827166044610626870,2
8890631653224907112,2
12481345940898503669,2
14054440362118958734,2
10557195289211071140,2
10100675173913603461,1
18307000835154213894,2
2297259470230803592,2
16414034155047505361,2
5587001970165132391,2
14505912940247819978,2
16058422074840517395,1
8098123881781858099,2
5914289182510170563,2
6791730971553485385,2
15115599790732448067,2
7781525310520898218,2
15734035929303095328,2
17078312679182191156,1
6787191694653158622,2
9314359115864128722,1
10625695793005195295,2
13143646244260137512,2
5226546005301734165,1
14045925809918095457,1
4010054635121747712,2
10323698807466621660,2
509662538556116476,2
6233997241243935322,2
18052364132774918474,2
15166833609127994971,2
16801185355748271323,2
7570549303630540550,1
65991778645479311,2
2424481862391332699,2
5967991550758278240,2
16414134486859505094,2
4933330404739513409,2
14097528050332645136,1
7830465355040304129,2
9440237935286523734,2
7263667031915941247,2
13268904942578335375,1
7401903391669702154,1
17920298696981145011,2
13504866854539165706,2
4443813730621577989,2
8855728698598821453,2
12380896977650239236,2
9055271718903187277,2
5459590666526569726,2
8813218327950254667,2
13610030853921432088,2
13520796139375906946,1
4014405283036052476,2
8836427545583551729,2
16831461249309893816,2
13442511778080515634,2
10182597015960212193,1
13302719422121543363,1
14788482083776417453,2
8452121975212179086,2
2175835956247717243,1
13777738690333722925,1
16023914700836905410,2
17478439074012913934,2
6169444799488383797,2
16835009438762484339,2
16440884501781573490,2
1722383793278626137,2
4851490209869652703,2
11047838154455114614,2
13148393989469028482,2
53573439173955519,2
6402267013100895539,2
16284399207259432408,2
12888653766370577464,1
3317269675995241923,2
14864219482698969616,2
14673127521761269941,1
650440735950161339,2
9011313266390581358,2
15682207768532900128,2
3569983408407166072,2
6966159294457967775,2
8713871759377652820,2
16972814926538843651,2
13081871213196187983,2
2301344603313297821,2
16298883364108133117,2
13903877221778975222,2
13977142707485383449,2
10701339402663328326,2
11922936355538074431,2
10353846034065344390,1
1375110664775300561,2
9938808781293629350,2
10930286073352626402,2
9121245460821620423,2
1316084081092334535,1
7496965158572922158,2
5036818196061123821,2
443919095689276580,2
550292068589972271,2
13098950037331314757,1
13592668508668280240,2
15508963642671003397,1
13651533654468698200,1
15216804400305049138,2
16370692345035394955,2
17830651169019325857,2
6259612552783131250,2
13589967514632651224,1
9611567202802869584,2
1867024978310462924,2
12505259110447266073,2
11212508958749960840,2
628161117738984554,2
9015255813901297296,1
4436009093847804163,2
12853676132280133385,2
3930533239349443539,1
17844510046081429514,2
6014907185749638023,2
14069185356119477003,1
11856424484792405878,2
1042923506310446338,2
13985887208318178235,2
1709079933427692626,2
3501550427967490422,2
3577338536290313533,2
1886367478043748652,2
2616251243622442203,2
164914007430930559,2
7047674773666123944,2
16328196608466735177,2
7244964665604318720,2
4047885779474929350,2
12725382339412864578,2
8788679075347840579,2
3545485129698127227,2
4443854629544434317,2
13991820151598234025,2
6319981797997729694,2
7472128480817817217,2
4857216258716384326,2
12751923986308145324,2
5729158670230571245,2
12860037998981553998,2
4073655522617351455,2
9183380205638830348,2
12318878542114040476,2
7086750430301408472,2
18014264514065885430,2
8352375657002714382,1
1561417224352805368,2
1142637082878988306,2
5869094512775084998,1
13992384079870856115,2
12096812256533327078,2
16663209864176662079,2
15870738915009416508,2
2216511936317125858,2
8400731184388058742,2
8097933543784924244,1
4041137937803789833,2
2900025215503017307,2
6449936482944604254,2
1261676708853051733,2
14601716897611400288,2
5776726218347710930,2
10772738466001342340,2
15996436610758309675,2
9774507185328204490,2
12117280935471534831,2
5314585065537293669,2
983862830915519150,2
1600773310030202123,2
6245934733313177636,2
13258064915716999981,2
3052828494603648625,2
15295543810360374112,2
9651548794061372537,2
15042260551331911873,1
18285928267299896412,1
8666518951629453713,1
3014518374989289824,2
8646538977214094559,2
9004096840930082151,2
5290444209026136637,2
14707879926939066346,2
4135740666991651405,2
11699322577622571769,2
8109385693207524987,2
2255214147887208806,2
5616412363399486198,2
18025748996639882898,2
9482872697079622086,2
14171118111724901147,2
4583251456706205652,2
9772131823304466109,2
12944854826067868733,2
2104199978533072261,2
18166904678283674982,2
14190992300891173349,2
7210940017955251545,2
11979962220227044173,2
6666092084328244988,2
15368406481128478732,2
18325701435045626945,1
17584407686696949922,2
16773284833575519099,2
1013776488684557745,2
15960845571099639701,2
8219094921039521415,2
10912370024269252763,2
17585576331309801958,2
15017755302414319502,2
2649993398588213660,2
273770314098512638,2
13741024543481462673,2
242786368289126047,2
11297151484457564156,1
3782562476543505275,1
8982887582337681835,2
2756319290004842684,2
8004131938381414168,2
2557894816921482725,1
18378887336953481306,2
102138029753764232,2
16912007207169717333,2
12748736743704508864,2
12831291730408342961,1
10714382035201897647,1
14945769955523385862,2
11845905635473390555,1
14991415721547518964,2
16025177377149791122,2
453358188006386291,2
9748506339230880548,2
12167942372818280281,2
8801866547949228706,2
9209561938536946813,2
5435963306724470710,2
450718879782221527,2
10652944256070309277,2
2708774904249499265,2
18351270173339764456,2
2208226040562466202,2
5613054389177642739,2
18187536648643872483,2
1602875258776586302,2
12242328475993355042,2
16767351343954404840,2
3902196217199747019,2
3143790841576765749,1
1041388555045768273,2
4740171036240761883,2
4427348976007740051,2
1459366103705255266,1
6269273244527120578,2
9656244941309457502,2
7135601275712697387,2
4671444766628004241,2
2109829231709572107,2
10888432415149666287,2
11612928996197083628,2
9956549909449450336,2
12229335328106526461,2
15621300442143685453,2
7384369440267165252,2
2871693667913539795,2
6241882396058953755,2
7476908381459223233,2
16695091125500542532,2
15731821739012646490,2
14673818349451676853,2
10451027157447974636,1
5130726473046374762,2
17491832506857846633,1
13223413426506709047,2
2428596908713216509,2
11312208411012306747,2
14954450097158417998,2
5963736014226069303,2
13268368674361449392,2
16328755698507789813,2
3202006862918777471,1
6932819654448707911,1
15471821449429165786,2
3621099620966225283,2
14221567779034033797,2
7845404429962959145,2
14627895655214652699,3
17690167380424189982,1
990802260836180465,1
14031473124027150196,1
18430676957636984401,1
16391695224851872956,3
18436019152666496349,5
9081190527812792896,2
14583679833928928181,2
2195849377654332176,2
6800398820335728346,2
11684030060599217868,1
8385541059459736220,2
7685997509551102874,2
10684425959119958237,1
4150150238348873357,2
2847085226697382507,1
16649606027101327205,2
4667264672510841121,2
9642648932679201783,2
6420715078382057502,2
763932365648397677,2
390365672525619725,1
9706379645204879708,2
16985671747527654057,2
3804044027577536876,2
10596363642094372966,2
1167378526620535628,2
9122075056446969457,2
6646562239961850318,1
17413145984051865004,2
9148194787400135205,2
6610153830913049606,2
5443471599284555801,2
5201391051765540853,2
1602686267926414812,2
15806034281956318299,2
13137144772611258404,2
15017340344136724236,2
15415031545941673979,1
7366321643673870623,2
17998885161439165711,2
7579100527475745962,2
4592973961391656992,2
11207666467027352352,2
6492004811634105468,2
4646954625178339125,2
1029723406890622256,2
6477173262190276967,2
4772064873604435062,2
13985155251733121692,3
5760465372966744105,2
8113679018214677157,2
4641414433122815745,2
12911079364209852785,1
11823004086729309983,2
16541659636158084666,2
5403081234872911491,2
2685960398245712444,2
14314004434764815944,1
4504904492333945405,2
151800741570796055,2
1962051907121314334,2
18182401007169869970,2
622604006932523384,2
17838328504544272732,1
14740036345840656426,2
4854195448815915124,2
7218935441454904507,1
10414535422688783315,2
4090090599595644083,2
7815499381950972292,1
9171442986733773005,2
4543117954763614077,1
11652540765428190182,2
12296740518934240571,2
16401987967646338384,2
11419182990331957631,2
72868677726637527,2
7354629294434846848,2
16615888749912415515,1
1886822702636500136,1
662320781068423532,2
2730265360089637212,1
12587499458192407336,2
4883173179676768911,2
8275411267864641011,2
12906742479924320464,2
14996902969533952797,1
10081378226084328557,1
4631628075097009435,2
8587895585058272231,2
6159436051883606695,1
16708542899892914249,2
3343752062284301595,2
14947812159739489691,2
1296308539158617223,2
6508421367255586456,2
16462963280106739158,1
1939840270167080748,2
494164445197781689,2
6087677486767476695,2
12845828237938846691,2
17154331107645686167,2
2777779780147512292,2
12591565396607345793,1
16658671119657422127,1
15313099761709067529,2
8395303800732088760,2
12216646683156522185,1
14433463215960986001,2
3324694924559190968,2
14641633497468441566,2
12506745948862636604,2
17158688191328045234,1
7354931295276138723,1
6828942778892609394,1
3024935510571699097,2
1830481609935710185,2
7752172596304253861,2
4672153884723045743,1
17199276456932345557,2
4507514254072183905,2
11133975911188634931,2
15752598537765385556,2
1625116661386342645,2
7575824768055945633,2
17187143482823366108,2
17011553898711333898,2
6189723282842712090,2
15913378424948223273,2
18118510226881758777,2
18097027860742444514,2
9256490991863486001,2
2171622146629862705,2
10231379018844341578,2
17296044646391342484,2
7163266374745890181,2
15001547041246974786,2
10650649667250731945,1
18094398345325387199,2
716961104849030524,2
12435527594273165760,2
11603612986080176392,1
12347502067934159285,2
4180412510260532244,1
14654365542021560637,1
2458308303513625326,2
9953002160662838640,2
13131159561418191357,2
14650143413608522649,2
11709539489555330175,2
8319769023464281618,2
2875737121831180111,2
12271200348487140969,2
11245249947784200780,2
835882070643635786,2
6529620540161930344,2
12923171117250417233,2
731553179538425348,2
5433067728360311546,2
8635181708777283071,2
9393700723808409827,2
10568692852537973738,2
16586136669403236450,2
11461847914521761735,2
7858779877617234509,2
2086485519018971339,2
13793582481946182251,1
6149042694273054324,1
13861061669358135049,2
12859765517384330993,3
6970454707963420280,2
2740342159532225141,2
13958073298141940597,2
2959348378402053004,1
1822940925541855865,2
15647324030198920394,2
11449791189220450632,2
2228275309218118207,2
12037884593113981243,1
14383272740773693883,2
14444284413924144102,2
5498119511545739163,1
15752064391696546036,2
10920566797884676678,2
9389598058472458800,2
9473867504645461382,2
6841595509239444149,2
2954353890964205895,2
12226170612443634048,2
1633012177031192405,2
6936721391727735713,2
17587254629720031441,2
10510182903947929393,2
8603462335589541955,2
11751272539510794678,2
16415617406846603410,2
9811200613744044175,1
15727909209370544880,2
4784560512830601056,2
12970967547614500707,1
15865719422371893663,2
8884923756365061452,2
13399441845770814359,2
2494131301575163701,2
6948294753466723896,2
4898100513991415053,2
2384577043859685851,2
5935398873334158871,2
6402587264775332788,2
4778562931007407777,2
16683794327155031624,2
5652121698295818913,1
17545059628186787773,2
6053882548490890678,2
18087770000221326249,2
15790424426065728651,2
6799346590462652243,2
14890628468727846771,2
917029060552798630,2
1419474586859412673,2
10584270869263546086,2
13464832777889616230,2
17734253473226529342,1
7906358834107884819,2
1009601552845593142,2
7535478500977033916,2
8984941865819576480,2
1877532523318868221,2
8641491318815463806,2
6571184335048873608,2
859915356733319029,2
4577425482887465274,2
5580171880104775217,2
1400497065134894908,2
1031733917449310653,2
13535894009694721122,2
14942160338604254940,2
15720237137382413808,2
15495285171417453073,2
15088343086459842615,2
6453980861793036420,1
8560826878218735873,2
1273011511469252788,2
3565392403607907275,2
10405380931141778370,2
12085041723063329542,1
17367557592810321834,2
4667437257678660131,2
11466807784387014577,2
10584083269175054655,2
5815520228306315216,1
13128316507945747618,2
11802154228230367032,2
1996842171242051070,1
6787690195809537401,2
14156096776254612193,1
1586763442904909356,2
7500443111302129441,1
18403986494359249080,1
17430452473893670401,2
5056470870636900906,2
13434835554036315859,2
505073649666130994,1
2215187313148115034,2
10194850643536044430,1
13315043457527817940,2
12169278716232384158,2
5634140394464574541,2
882693341589210909,2
4148408644210302808,2
5470763507979043831,1
12224885226553039206,1
11434600713405176301,2
13907566465763572321,2
1357634179209914585,2
7013833209706950339,2
11373513951337125767,2
9607705552955584923,2
7720504283582857885,2
1000419863339166723,2
5260135621084558390,1
11648499141103331301,2
15815265851973488211,2
17887288845894160992,2
12536913263646809408,2
6525335037884970082,2
9168638945379812510,2
1740791461197600,2
13523993243470737773,2
1779932644551205401,2
3246378849777600336,1
2179711747120992864,2
1199182834443326545,2
2606789979508495298,2
3155798772818239977,1
11937521648140249123,2
11730019626714351116,2
6328228373080686956,1
15484326845144009218,2
15085931600815814565,2
11184470089575288362,2
16514558182803044268,2
12840427834083405652,1
12450720674889429815,2
14692641063019459443,2
6134026439594309979,2
12250861453602584926,2
8907355553871152563,2
7180978903896692533,2
17297212433441965759,1
7942121408459920573,2
2805838044533303715,2
14135388652025134647,2
9938691674796759270,2
14745124158228575291,2
1221992296346353660,2
2138854598082988871,2
9009999352045210129,2
7806661280480131373,1
12945969996385088809,2
2819130406458216810,2
8519993970015422571,2
16180554629924874312,2
377775865589673710,1
172332866870299594,2
13477560785899997067,1
12389390129743402478,2
14277908812668754709,2
132339510455976548,1
14550052224841418084,2
6374299072201905294,1
3706631987362658586,2
13871247508788602101,2
7446719469785029579,2
17018395745001469348,1
15591050396183022522,2
17810703846253424704,2
11040903285954234842,2
9017568550632366919,2
4651353010256731862,2
4807695144707977076,2
11743018152969900866,2
10949979864964180734,1
16720530973351611003,2
7925458368152975006,2
10558182052419370144,2
10542181374039242824,1
9757551154091435907,2
10883303631752508413,2
15470919728991159332,2
2371864278309584358,2
1911049635290366354,2
12429378287454113174,2
2275832205373877009,2
858936207289508263,2
9680065965766299391,1
13147099963764957089,2
5041649369887433213,1
4743549255944018910,2
14080015811694340396,2
5681456797119280457,2
13940654790376354844,2
6551160120953306953,2
66198633794956321,2
9615938050215525637,2
9700178663535755818,2
16086191939711291058,2
3002143159158144549,2
4725951180193379027,2
3815796449836115387,2
17972860657100028322,2
10734234142239568200,2
8544644998495983197,1
15470469831184001064,2
2357795142695488129,2
10038586785170366433,2
11372094233138490636,2
8901506307157395201,2
5068605191585609797,2
7870730030962071530,2
3567032328044865374,2
5864067368506777999,2
916706895605182829,2
11633474345822838378,2
4125348376297303602,1
8377599859668695848,2
15296628959733740411,2
529638193126732541,2
16614836411010303622,2
1120488505219917611,2
5774251247981261612,2
3130003199154672762,2
7433892603722672222,2
8444149616436465396,2
18248969270468005902,1
13669164279900777006,2
7826856557373471225,2
554689168347061223,2
17239334417825442966,2
5303804030429630240,2
13119652074593387603,1
5359607154220550826,2
12338339209304645617,2
3250698114620836307,2
4765220207159006134,2
17982934141199056297,2
11686020370863394290,2
10669251464365212709,1
3749906582731122880,1
15058251461873630113,2
17405282816178067646,2
7482028693146129017,2
9929099619100476384,2
6491521711988516223,2
2909533975332866270,2
17266254035368077306,2
14247860460526957333,2
16546887730832884605,2
15917992810687660948,2
13172232368155409065,2
15758625444348254122,2
4841939588368536491,1
18280531102913065313,2
8972854240117875289,2
201514924243386080,2
13674378001057852400,2
4403811215390681900,2
16899372366753124339,2
4960230237928157146,2
8994530841510337857,2
14917151699672910706,2
4326892410381705013,2
16140338511885843637,2
4450518687374785673,2
1107692854834271075,2
1267211993133171292,1
5501870241475804589,2
17720961597234306611,1
6661456370254390338,2
2826747588975788762,2
2009947657592868760,2
17535193120416357604,2
3470061533478087916,2
869722413429168334,2
9100991688687324221,2
2543245829215353548,2
4222739535424973616,2
1690952565431478930,2
3047982958864913856,2
12428851639991400357,2
820312835761689392,1
10898703011489254919,2
5538491538297508374,2
3751736912709236150,2
15180469978655487194,1
3778094692313009236,2
8188957955893554491,2
17551439711159619544,2
9394448550381367783,2
18279922551965778026,2
11922109244563415840,2
17409269800295348794,2
1196559389023857942,1
8414233430886370511,2
2867543493249966663,2
2187756342126885924,2
866344749275908817,2
14496452837407580400,2
599002024065115709,3
453769486458475045,2
15928876226038745554,2
13872139990762959656,2
11120868755156808040,2
11934640281742704149,2
4771224235231332507,2
1899946687868447288,1
4914647370027925636,2
17346126719814630823,1
17024871942997440999,2
2860000861020297059,1
14378372743945330294,2
3774985431094431108,1
2413913566683896912,2
7881668209101432472,2
17411218651750342655,2
3556067191834754626,2
15605994464297598830,2
15338371160336046719,2
5132412805443190406,2
711279155853833164,2
7189004347652502054,2
13842843580066358523,2
13292656763523759618,2
5349903462448464144,2
15629389524901060149,2
4553374997030208746,2
585734232712625477,2
8021816211513484637,1
10731057812555015589,2
16379744416443362015,2
8783949651662126798,2
7620302844092795158,1
10054814614803620533,2
11561541077933666871,2
5394928305433553748,2
12196037814609461185,2
13429761043200967392,2
16677835006979273737,2
13137280309205456198,2
6854165477344135664,1
17469319868962398058,1
5964084124047044321,1
5883728821667429205,2
14747318818630180820,2
16892005889898599113,2
15193106467679507064,2
8587150910851198999,2
1252848188850903458,2
13723861315984322845,1
7865382262514113187,2
659338793886035095,2
9557060012608766771,1
10053130035584559482,2
15350850654234433310,2
1435377741847033609,2
4316188424220051389,2
3501183807571452252,2
3324475226437895707,2
10282967883978535610,2
6685715870781344846,2
11871846654952917394,2
13903130799318083718,2
8561333105584668729,2
9289577030087139610,2
8822145242538441434,1
4744772995026453731,2
2144626541279059077,2
8657014799205898626,2
3621885602708619875,2
17502137216753002765,2
16004128921210736518,1
14588692923766850460,1
4891511841339524689,1
17937995503700053117,2
4658520971620226806,2
3197661445816498345,2
16837314245496124444,2
14336633161811541250,2
6094390179728588032,1
2858471083698032115,1
15745513517782323061,2
9671274606503948184,2
9050000733089477705,1
4883642858151046921,2
10343775001686863658,2
15770711999688563479,2
12595013878566987581,2
3587658597246974859,2
10827091697523867438,2
1654645712876496234,2
14899614422059886143,2
924397706245164194,2
17477258265056352683,2
17716801949584676195,2
499233094397350914,2
7258957643843506605,1
9882029942927264343,2
1196569921266061383,2
10253579144319571503,2
11760695245225345571,1
3655253877827283659,2
17333986454098986612,2
11892965420882728156,2
339549914316143862,2
2939564947137507726,2
5004344419535721965,2
2097145209305902226,2
1940386023344208494,2
15055088853771581890,2
12945943146301564840,2
687683952846693050,1
6229976343358463506,2
17133490195099497723,2
6027457325639527774,2
14725897762375825649,2
15308405249642691941,2
6976954594860482149,2
13174792032176891801,2
12747607503572063249,2
15212282314612544690,2
6136346669773730767,2
14942362037473928462,2
10834148801793391604,2
14906500147570122799,1
1638750851815759393,1
9318265344912311162,2
5990412263629337783,1
805215655865607216,2
1865166698922025315,2
9526394741536660925,2
6232740375866271044,1
12684120325086211546,1
6183402609647108628,2
1404313721977092299,2
13291033479696323671,1
14422591695978217538,2
14271733448058896987,2
15955306564718867171,2
17539802686225072286,2
3217106635244724767,1
17410280746313405076,2
1401267595172731633,2
7119186458390218521,2
14795680384418542870,2
3532629971243016887,1
4076368661279349037,2
10240557663715061299,1
6931060775780927284,1
10272194971442727284,2
8684126911485605593,2
9799024359770577935,1
9184734918744665466,2
6275094666063623146,1
3850181513704817324,2
9856655273215112427,2
15570251937510067080,2
9640696770230003257,2
2210655531397908832,2
8318989721151264464,1
17853310062401711676,2
1145897731815627723,1
9435900268086456102,2
8985655509310422263,2
4196115144417380228,2
7371007552177864940,2
5006685758712290835,1
8299892237141579812,2
18408280810809944438,1
15280473834302973147,2
17165037284941454479,2
724977718590110332,2
8321491982408735384,1
11296616490993682276,2
4893197187816835265,2
7444788631871167212,2
3994541569901821920,2
3770184352508808541,2
12595601802230968751,2
10531441868838879364,2
2390083056842256697,2
17781262576376457638,1
9287361413371480546,1
8025071715691817973,2
17844957592286103998,2
12552535832025142557,1
7578007517334496403,2
6523012249454101996,2
14960518685757500445,2
3698876399337392499,2
5156030832279083104,2
14919925274204407202,2
10585486959743317673,2
15480282148583872026,2
15198172396674961524,2
8973541340526067096,2
13507573988664676207,1
17218453221071614593,2
13066200485214984956,2
13220497358476919851,2
7435362667425932684,2
7118258927869391703,1
5112101366305271226,2
12285327075657159794,2
3695085558140458985,2
2862799781509481024,1
13794527582536534718,1
7239987693487185393,2
3530939798395500535,2
4120420263557105484,2
13203985326123499394,2
1668724044290006988,1
17584262920858268628,1
11373966610997259780,2
16786274422111566446,2
6226633227067967708,2
5333682105121080203,2
3766947267537349728,2
4203330869777421420,2
2280197746767212774,2
41383450394307438,2
6092766805731769718,2
14496938494789199407,2
11526099944899568328,1
14581330530721751730,2
8810916295843130667,2
15184237114536183368,2
9482963458635691319,2
7459419239023173118,2
4436199006418727402,1
3533498091084210605,2
5542051677663278922,2
11717687430422228696,2
11648689505226139406,2
16896673458661103285,2
209405377720051614,1
2916436533032087911,2
3064129840791538980,1
7433551304437307328,2
9400912644534073081,2
8179927637253547548,2
18351178931947576985,1
3832507557668192321,2
9930894471110926866,2
15487187511441680043,2
13288560180308800541,2
16050414553001696983,2
8909971042705056908,2
1637298567365492019,2
14374745228884678334,2
17318418532592525076,2
202960360495167356,2
16754791464183701232,1
10852905003834201378,2
12938450909514474107,2
2588978189897574443,2
8292686722955433304,2
9857384542538881120,2
16783455896416203061,2
629964026154612968,1
11679664521857724393,2
14850043642730711877,2
1733930046017524481,2
4207200195563002140,2
15121097363728532161,2
8911985426735586717,2
129882582876047659,2
17958913053552847576,2
14883903096072915594,2
2465113452301703016,1
15753929197619384823,1
5671037920062608707,1
12102888554603392341,4
11348101066896260043,2
6813221723900005406,2
7681839307232857091,2
15187002316085209017,2
8518292930865390641,1
11223801223237892932,2
6532501337534044459,2
14384074441756021388,2
18124884920937687809,2
917716245135769130,1
3988006763491878598,1
11562416178806368316,2
16951040673496691053,1
8318524381604388351,2
8051657725635794968,2
11890357053670022933,1
6921875905123451179,2
15738718226319796992,2
821422785463965849,1
14892711058186246389,2
18051216167662300612,2
11401180168331916617,2
10942564647272225707,2
942738296920691986,2
2581069459327374772,2
16393442474445556019,2
2432700287954831058,2
3464200734576980679,2
6337905771306371415,2
16193518952057673121,1
17421278778062057278,2
4537443708312721411,1
13024354650339781616,2
1029898911342457037,1
7210293699870503559,1
11947204992695926463,2
17572953965899303350,2
8193771712222137461,2
12492563699401821933,1
18054925475532859338,2
5099459326206212885,2
18330238366994284839,2
1613441843039947586,2
559962819243445755,1
13398294435267529067,2
9293330666070380734,2
10013841810793792907,2
16517068818640081498,4
4962258245506939896,2
2974475529214107421,2
13949689970270519264,2
8255553754186870850,2
6673733567566326220,1
7792304900525234780,2
11707938178755369770,2
3900387224528022180,2
17628528253549281775,2
6008122339660093073,2
3140010316164702339,2
9085458649788615717,1
15807215540565722660,2
13636529638098094516,2
4638339902966510377,2
295625669660652808,2
9011460101984321318,2
16985579763148352690,2
6344746751720535915,2
17882029835250318769,2
559930106577490723,2
10148003562676713822,2
15456512667379065032,2
9676024558506390916,2
8341934315299894398,1
17631210976318780306,2
131194768448861161,2
3948673493223625089,2
5889749631097791856,2
138422889950954797,2
6512159317070643790,2
17135888476683552239,2
16485510974912170826,2
12835006700214690229,2
14328117853281887057,2
2499219008327399849,1
15409720813514595761,2
11745132252916358711,2
1058211081276233184,2
10949360653850249362,1
5819935322425781500,2
4078070719344941588,2
10392100710645579577,2
3590919590145464646,1
498260021600446143,2
13494796379237957418,1
562669812607295779,2
10937471820565916615,1
12800401922295986556,2
11341064134000053947,2
17431783208192149705,2
8681978307463320532,2
16612883635099060815,2
18015646016370858583,2
13717044654194126176,2
779997000124997586,2
11505683202635825907,2
8295348927830602722,2
2583082064205299111,2
4626582796081699416,2
12744619006454703925,1
5492825289501223847,2
17521507542979933572,2
8968091332309465680,2
8742512722385492335,1
12046955273419893521,1
15210157307971911735,2
1809540642901586824,2
1165722617124361620,2
10043440842018293080,2
6025577695246556493,2
9787791808566164804,2
8995461095681576392,1
361372600726564425,2
16428629544974454328,2
17268641038967914464,2
3072783414333145711,2
1068069400771400801,2
14162823169580261691,1
5317863661014290603,2
15681084970520287550,2
10488372826534969446,2
6568560080136985368,2
5965384284841719070,2
11829136537764178749,2
577037002279309599,2
6468708610358568057,2
5238906982054227833,2
15026608444636231467,2
2731614611555062811,2
2767161736591508708,2
1546810707282709366,2
12329671234858443495,2
13108234832454841447,2
9141453632609423715,1
6946305218828478282,2
3556956178986671046,2
13656146808826839534,2
773578878550034025,2
4141084278447142579,2
4975003788174360813,2
18063960411832936106,2
12556287454930333898,2
11719120014580254161,2
4650895916470454910,2
12018708777542154774,2
10977196478822887416,2
15029648855374464873,2
13321578958390776274,1
13470082185299259149,1
6901152427616865737,2
1893174395538788938,1
3913545017959849544,1
1186861061661231607,1
4962240186668711982,2
9983604278364233285,2
8830668968122258022,2
598957660147105317,2
14613101774475656871,2
6824136889575285451,2
15087509050091900940,2
10239222508467295878,2
9982183651047932196,1
4120490164746962132,1
15196711687675452,1
5911577448599814016,2
649058402032569032,2
17940432163818821595,2
16363240305957308138,2
6504259086831975289,1
12602203865252326008,2
4495437001977250468,2
11987439167121797255,1
1546997200774578264,2
16530368339321023183,2
13255188879808594201,1
12446500731168552496,2
7469346962542154565,2
14137251579733223818,2
8895425976936165849,2
5204140736936199951,2
2912422955223525552,2
6949097529675804987,1
11327824574418649086,2
6434453307689558909,2
13411272314341109100,2
15282078121327124561,2
16664321967804806445,1
4065696123386329142,2
14616974977922266250,2
8663010067625692993,2
16691392210075775703,2
3394425971840129457,2
13228676253634812235,2
5800703366193059482,2
11058086376667517730,2
412959331199813220,2
12921342895012150492,2
12533950918819074046,2
10030451041621359068,2
2604357683815388220,1
2644535878774653158,2
10412181514590597857,2
11984672345913647754,4
2583808808019289925,2
15070138933888302760,2
14408226869905244351,2
3848611986541703302,2
7952324039491229692,2
2421932620969771066,2
17786392931509723372,1
12451941384699922,2
12756565466990012924,1
18153852609258018960,2
2367884400171080146,2
7391663632520514049,2
4659091565202577075,1
9807348640171027050,2
13519714182393583608,2
1920984348219653576,2
6400157339982702383,2
16969413154140566202,2
9538175416667136261,1
4029332649464583565,2
6688897466963854731,2
6523365409230975719,2
15322840030804165091,2
17194837119207384454,2
2781900200643796813,2
6931484957210261018,2
13683426035835392603,2
17669649028400884728,2
2439659055218496185,2
12911210173156726211,2
11905890315234294782,2
2840195529326529894,2
12693879746257309483,1
13615491952001277815,2
7222506252458381421,2
5039933036018621450,2
16485465290140414325,1
14972920591131968623,1
9511236450525329721,2
11161677106052255557,2
1826105506183137025,2
14156254037530656820,1
8919059958953328016,2
7048522268787531950,2
3252321699069053600,2
9988113832974550259,2
9231853338297568608,2
9709035761028414132,1
9152962893459408214,2
17477921758338215484,1
14800657834162282428,2
17295242879326561216,2
137634718025343282,1
15724244834919378073,2
749363646499061972,2
13262993851051144728,1
13239371882952243143,1
13695568001019290653,2
13736176739458046004,2
16870105223891028354,2
4286590670238511094,2
1993156871526900538,2
11399070264201152576,2
2206469476884042694,2
14698743414418755301,2
15595347742703687021,2
395856436374812503,2
1939906781852291068,2
3001779946070813146,2
16227523154782242240,1
11475058355118073923,2
6490777612701119203,2
12347414271030598747,1
17722313296410368742,2
10419910603751418136,2
14739506077864092263,2
9220687130337173703,2
4892777152558346408,2
18148977106057256382,2
131855182911509389,2
3868470787782990191,2
16705226595829528347,2
324900398037126591,2
5893144643814267802,2
4479238815678391526,2
7792410274247555317,2
6692277193652005451,2
5955222253130949902,1
2978848188176604680,2
457530820499877618,2
4383330423933286138,2
171766212535437395,2
5181317617955521111,1
17391842184651655196,2
12188046648884738645,2
13372229665554926610,2
13393681192112971644,2
1382716330661927687,2
1560173759498648890,2
4778131904832390245,2
6382553602411174938,2
2097494250655870618,2
18024449609899123527,2
17455094853502500762,2
12138793210102718111,3
6845922931953521048,2
4938744315537321635,2
6647276949950503301,2
5787310908564575416,1
15213426261847181674,2
2926341573786202422,1
7854169032166231829,2
9791479311328600828,2
11990924504029848520,2
12188752995016520380,2
9488845020911621026,2
13706458105217356001,2
7047169813129031144,2
1729451382739440650,2
15365495537096435884,2
12425423733597657912,2
17130753937394054486,2
14455119538218598773,2
7923135650138885668,2
13060383374725780187,2
16631754639544630118,2
2724679580944186844,2
5351032515382262292,1
3810616322700397269,2
5862009503241964206,2
202909646079563182,2
14018341971274240260,2
16945102812152499705,2
6937247857018051806,1
1174719109498555880,2
15019216308647665074,1
389946415764873709,2
7797571431179027534,2
3535845711802200665,2
1696544720537224651,1
11314123831323659859,2
4863599621027338775,1
428334383178574291,2
1099817748249064761,2
6701526779308739978,2
16309105024029439531,2
11277622510299699888,2
7188882739531510004,1
6104669597676793235,2
18384664786398513586,2
7306851579589988628,2
5404578758348672603,2
16359539188829585097,2
14441241944558824578,2
2927962344320629377,2
15056696485229222461,2
15537827918592263139,2
13718613526822730721,2
10152992296187135234,2
4206147447332879203,1
4986434054747598948,2
9489668636705617035,2
2141780046017201792,1
8051632366462027349,2
15020442317942053813,2
5381596333052944357,2
3855583828782615081,2
4656322825099807223,2
16071020379170432590,1
3066902665802018100,1
15647674716433047908,2
4367665015231171313,2
5791676124818194430,1
2877757893343352336,1
10312064433183910547,2
17818687218832665905,2
10921264242610666377,2
6365924568379311486,2
962520338155349020,2
17362711709338173330,2
11591726375448737038,2
2895915186543265708,2
11921707037998579218,2
8891882033797223575,2
17870862189706639089,2
8602277882992776509,2
9343223015470766660,2
5816293305630492896,2
1447893003778166852,2
7105145183340876135,2
4257731451564528626,2
11441248156874390518,1
16924641513566365881,2
15646950708051122799,2
16090593319320059294,2
15511674277407344494,2
16946763637094765328,2
14912665319943987025,2
135579360768346302,2
243974363479500210,2
12881284369982507578,1
5991672061317506548,2
8833353553900082264,1
10862074321817430058,2
11366204221732123035,2
6797644638383352781,2
2825566157945425899,2
9191158773608586221,1
3180121353203103656,2
10124958538703222893,2
9720786968986786028,2
5157918406938182990,2
16283288400119470602,2
486629896634797096,2
3379355614814912294,2
16878844715098319726,2
7203339930538838198,2
6461313895284917629,2
6328698728132031170,2
3746733259190379977,2
12073930321307404052,1
6216021701831328826,2
4954453125541164878,2
15483506283646250146,2
1685734780964473700,1
12099253890587357113,2
7892597625085269169,2
311090891128917679,2
6566037926468354833,1
2909084696427123566,2
2594940953350344778,2
10465575422507523263,1
6594377248731805214,1
8187031591790343897,2
4176608816857269301,2
9645033247857932190,2
17292913813188637063,2
14488784516139056863,1
12971506655188842282,8
1379914916608000920,2
17936838975924510929,1
4196426588351473400,1
6457737470727190137,2
10117028313264321127,1
4074894769916614146,2
10598593494471555474,1
14552088306129451145,5
7968854229192399445,2
12680070002341487779,2
7375014434061362738,1
14288926152528732823,1
17158325624581532477,2
8374312169655448762,2
5523730157212804553,1
12135478526811160403,1
6095530189841913679,5
4045838446773931346,2
11158370226934416935,4
8599159317183706937,1
2346274001599336155,9
1781230673008119420,1
10960051068243727743,2
9711925312581853502,5
6618153858348448264,1
12815238323218662168,2
14375731687028046394,11
11867320158018023665,2
773180382345914070,2
18307821413357643838,1
12813718704412211641,5
13884383493491293648,11
9002169637569321698,16
3347543105016758668,1
2682760657878946356,5
2852454607203657494,4
12820927844471844622,1
519766632874919774,1
4071943262870268489,2
13023336576432326240,1
12804692492540476429,1
711186559994858351,2
16942652796148840392,1
17993735764548523118,1
2174212478658526504,1
11967230272366593748,1
5786410645886183370,1
7883124003921877936,1
17872486587968222977,1
4721556585578928021,2
7948306531632662017,2
17784999307777090873,5
11466901856250573417,1
17363665691705071925,2
635084500034639513,5
3552414620575504684,1
15535122272469000985,1
5475177559030284902,2
18431603966789789996,1
17620323326158842380,2
360008106054876609,2
3830482253554508359,1
13570473859488195915,1
6359686061525575489,2
3569858580927045425,1
14675799778201473497,1
6134462734065888685,1
6420795886472691447,2
7326313382890929949,2
2549729084053826531,1
17111345812284643842,1
5969404653554525098,1
10906001102100589285,1
5385395293468304334,4
9740928924031040882,5
7117804298216578731,2
15962711104959898166,2
9708174512798216333,2
8437109494775944000,1
13137776653429953601,5
14442703635762006941,1
14237954035373009387,2
1349445684344989954,2
15583020433413250443,2
7477720420908581875,2
7810455660873458073,2
12691346355376523718,1
11767792889713970086,1
1798386072610569949,1
4842121756083479033,1
3305769140136598662,2
7918458592991037022,2
797221850442266710,2
7814975798926329070,3
8449625714483756207,2
12111028407688504660,2
12005369852554461771,1
16922137071253842314,1
9463902836971009514,1
13876191253373958306,1
18405003950437613327,2
11574566489124310927,2
15381652325931130229,1
449808070859452415,1
3942524093361076821,6
11747804334267114090,1
7097790705003177592,1
1434339235237128609,2
1200356517544867650,2
2482383725536578010,1
2018652631592019254,1
15630600257337008878,1
17535355287395494872,1
1749727601352260243,5
11055616035643574776,4
4685937430145231437,7
18283039661448004299,354
5750245643517047480,1
13159832366064174264,1
3116139143349368852,2
5259550768497962782,30
7255607962891547236,2
8939590182977994606,1
3618068578066581559,2
5793068968494975808,11
6953908300198351600,1
13517825159308760423,1
5795911300217994828,3
7512934429082054953,1
9417188860136569033,5
4012393263216618404,1
16056931034247744713,2
16944855801255487577,1
16253636605687786047,2
16872364483315032271,1
16143098158340894844,8
4702773603954561224,1
11513360807759895352,2
10748623907067252065,3
7648857227529559692,1
15720590849210431667,2
13880362765530524409,1
12149155370290166967,1
7723534524383832013,1
6314126178462408656,1
7051512361250383574,1
7976976240134106236,5
10815010819688478948,2
16282180802277579398,2
18154505299990392663,1
12540457040020550406,1754
10410765185164956651,2
13128522850630500454,1
17100769924454064726,3
7588482347009598167,1
3183264901171068718,1
3163215927710234728,1
8747658811447758420,1
11605103802293496261,2
2628277575163614362,1
6315096215247328884,1
13307649653984754022,1
9857978821432419605,1
6620971413453270481,1
9714869998409512321,2
14298956529059136382,1
5017619361884494357,1
7170945289041367057,2
9061158582173537751,2
4969255047966586195,1
16419563731496313946,2
12148960051869475286,2
6625246672020350134,1
2578051088741187488,2
6755996136241818598,1
10112328885773609177,1
16863036149446539929,2
3350206835971084084,1
13781111942710332816,2
14829484161487055438,1
16264503650898607294,1
15457410045710535632,1
9285449654608700004,1
17892617926330310587,2
9450459288949747824,1
6213392765085463555,2
16504735596879799198,2
5583046236585333183,2
2855513124060738520,2
2951377394150199501,1
3495282325849434666,1
7761349619747126828,4
7759716625263636471,1
7492534349791646400,1
16998368962620026136,1
4724050994413193401,2
6043301341984885627,9
3466348946610579168,5
1103713691390060449,1
6483966594166052731,2
3695944869644611544,2
11931843947278397313,1
5342995712500709979,1
6182586588249715950,1
14016208684252182691,2
1973139918030453253,9
5699822632843349483,7
10817477079340766516,7
7426751740396268699,1
4161760512743751989,1
16385982400832246841,3
8855935887543817494,2
11335562506346987388,1
15352515602164971537,1
1072058278412917017,5
4080590893301320219,5
1050593741465595892,1
13067926158345047495,4
15622358447806455120,1
16823284964631933164,5
261091597169070385,1
4982892148630382278,5
5694761867766290874,5
4686256276740697214,1
16305574123788548672,1
3248523017665069593,6
9777271051586710596,2
15949646517775512604,2
17239394736049016047,6
13844691559156782713,2
12071526145979085784,4
17886679696698510971,1
12496628222855828787,2
5301483968508708347,1
17904360458877341224,2
1204694456796841068,2
12843529312641570023,4
325224491061446844,1
12977439662372712916,2
8295322431900910063,2
15262609912175788528,1
13433585033485781258,3
13268115916947529469,2
1385196020850805213,5
16081531802883505865,2
7952822563441253752,1
15303821278927510676,3
17263118549579296380,2
14773268675694465767,3
17719131036603392935,2
7309086429694029617,1
17433606012165195751,1
10506577701102979610,2
16592594149759483259,3
12596579500869513828,2
8000930458503990425,29
6701075021617321090,1
10629960268842093633,2
5983404777864618259,6
4218106453494596715,2
8829255975764840267,2
16220437095592796366,2
8411607431339084965,11
7737948911777022076,3
7956267759160278929,1
13255788082639870763,11
17353680193776891934,2
1522873971589104443,9
9374090450238580930,2
17638663923085635805,2
10037904144105830264,2
15342663651960851832,5
16772194961681787409,2
3609249756555099429,2
10720439713834346584,2
13340967949883230646,1
12298045162066699805,2
4257504938494612565,3
6798715683045466664,1
6998401293968050567,5
16447107554883958580,1
2873629905850819504,1
17830097461738549258,1
11925998254856220334,2
4043455263685753550,1
7963601035024196947,2
1311743979806927964,2
7116997483478624259,1
17181554416303219225,3
7464313978646738024,1
1733648308738421116,16
10958212629862725064,1
13929106406118933780,1
14100666026931833862,6
13373069648270665069,1
14619298014724045547,2
5413656996542396046,10
5262214660428631467,2
15525934754824702040,1
7877380055806695937,2
15896037100370451633,7
11543925576732274182,2
8319142487420971337,7
18257090087685697764,3
10927417370692597840,1
1165806639215564015,2
4276506954558158989,4
9687260035564188511,2
3749728359500056641,1
8561581429015481167,1
5494387933139784704,1
5089640070319691422,2
5504633352331818426,4
18343694941314583949,6
5739263032724049150,7
13800695062515751273,62
14073146608343706934,46
6470482970562118055,2
14293948257746589011,2
18232652088387959943,1
5141187428719784365,14
8778623532734930370,9
13630700977282172735,17
6255256093841436638,1
6461276393922524707,2
4947449321110745190,1
14099650976272742402,1
18053824628024664472,4
16486196058608410887,2
10270601056941627350,5
5322516046138683307,1
6577086955354838379,1
17023531792652597210,1
17305440714342510895,2
6063071305432432246,4
16582205708140854885,1
7167184816970453031,3
9895264751004566986,1
12272599184634115484,1
9610763962468846432,5
8713832381140620068,5
10791180629792426054,1
11833910153951807766,15
17784625319140801067,4
2336005253510067426,2
3364700349265990314,8
17169810397897379973,4
1990554697095137806,8
7901497627274447388,4
13164076274044204657,1
430859288526835126,2
15795609834660167772,2
3292620677977758354,2
6984045421334200502,5
13407923142221086719,2
13326882929811541380,2
2407325082532883044,17
13440067216542398485,3
13686535137206573078,1
11068222499270868012,1
17440503800985520055,1
15981053580559838117,2
11966328159576333592,25
2534543355638235764,2
2306820277873278803,3
1981447921592034973,1
16815478782751001735,2
13306793425615915484,3
14897835627918128033,1
5416570020435913023,5
17223047657867460289,5
4306214077912789455,1
2949428959907747505,2
10942765266192770554,2
9034772588801439653,2
16657680889350039824,2
7926576598559535432,16
7379767730027703067,1
5391130381879466667,2
13287606662995614098,2
10415012040304717322,2
14326681124273057690,1
6260093291033589484,24
1751955413784245158,5
8746445285354640815,2
8945282583417327584,11
6297017360411768717,1
18037791019543304905,36
14467479694179916270,2
4311440739962515307,31
4441326896997539190,11
10519291701492205432,1
17515535578976324147,1
15151922004229796213,1
16676949043511160712,5
14314949585451723217,1
5615844333598603080,1
15103299276405875910,21
610480642118956483,1
13923714714204372484,2
5143194457109477835,2
7618683970200392467,3
7330842917261894092,5
13355406673878541170,2
18209332852286634833,2
15595726758168923848,18
11630872646664887912,2
16444363357840917813,1
2867936942932962380,1
12075285912691434899,2
12286300633025777308,35
2869767460497226211,1
6694677469492364305,2
17871356870112418831,5
3723685891050280697,4
8056714032735924649,2
16954797745392450723,19
2985733473532162332,4
14596203574830047385,2
3076312508193033564,1
10046204546653325369,27
7109736926453931812,1
1003377265603552920,38
2592240328742955408,1
11493236052804391664,9
8251487787851301972,10
8813288099526420435,7
13148210558168368416,1
6075333242714501382,1
9056923957687540148,54
10834300637156377290,1
13858290284412489726,1
2308622513314324687,2
3275869128733952912,27
2359659807639958906,14
13862290939935585994,1
4721132408465622963,2
1991720774520652104,1
15416763054872969718,1
5624852924272588893,4
15107182767053017014,1
1604254126041767643,19
15045151406267991646,68
11026086669945507024,2
1662533952831389792,2
13335573121377261861,19
13665775449341269581,1
13097181133179252507,2
10764629909844768690,5
7658708251991520441,1
5006550400517693935,1
9559946570013879099,2
11048626878937125885,1
2984711123145955095,9
6982981845951253819,1
220682980515468944,14
11314387250736329095,1
4764597186299182814,1
1285812328149955739,2
4564433794235466012,1
15949720361380056243,7
10945086301924963396,1
9059938403142547022,1
10698095764606630277,7
7443610223094768443,1
7621307124100813032,1
14898593008402774365,2
7196167615934711562,5
6111761825028468289,2
10635654671370543998,1
8593701507030153497,9
6272533817150326797,2
14267037647920413166,2
6256945165610280365,1
7894165927591174377,1
15424855737489688422,3
16869453706802181428,2
11300513606775629413,1
13498036228730448961,2
9326650140607435175,2
3629260167405068801,1
14684112847350003472,1
9517257191903094156,2
12640208626165481527,1
1090169554265394474,2
13055053147889974387,1
224355368277370134,2
2634212043513152661,1
10304788868204847566,2
11596704982292655899,1
10186318101340280102,4
6311888049218560213,2
15350643635405349624,1
15412088670159577230,3
12503263276178651037,2
16636036252060514149,1
7382466679541810799,1
11154731625888744176,4
9453390467356628242,3
14791145411280234760,1
3721790879964243645,2
16706017800763550012,1
5386993353569650348,2
7005477023371853153,35
17630446979692069690,1
4552917085049591644,7
4110990744150535424,4
15761203482079547013,2
9511236334695580432,1
10734762344246241090,1
6386927520529251165,2
4996086858639545439,1
7787697037895862556,2
11792107176354731567,1
7409536108799812435,2
10496017587878175953,5
17957948893744047410,2
4266471346010993186,1
4156001831553260417,2
6438363052527921110,1
17147533499065243174,1
11577421115962504422,41
15727407302328540894,1
10657064615960791866,6
17721770158831763397,1
1517391590205139704,1
3714350699035404805,1
15129821062222578873,14
6038134119053557626,2
17195374367381965669,1
7833689246834781997,2
15575563846418769002,1
6468495760108388415,8
14076536292062783922,1
775565722017829832,1
4468495123972728691,3
505459943336376168,1
10256717664952959929,2
7424420382075605665,5
9759520418039886911,37
15897583354981809399,1
14727208945074882174,1
16503935666086375414,1
16372162453989493019,2
8509415977415875272,1
7846582846389972863,2
17497589396049637915,2
13791026945876157006,2
13915535927295381064,1
11958158746900397164,1
15139311547589079902,1
873609404715013078,2
7637849746302207995,3
17688109073245716652,1
3506985820398221579,1
7496222313835344849,2
14650475786372671997,2
12092920828514456452,1
3969084524639579192,1
14345002056530820510,2
1921963709852909631,1
17842446495985291323,1
18293732882721335207,62
18188550405651654730,1
2702508310915328170,1
6746676007282214752,9
11355838298755336221,11
18419697305311028541,1
11013625344225809163,1
17686805917901714712,1
11218814630634234534,50
3360494264867548897,2
17984995048684975445,2
15559996588596291211,2
10700973023012490214,1
7040086639375565610,1
996051613030390248,2
12056911541165617263,1
13123576988277247140,6
8954980389115148540,2
14889167521741912520,1
9061188140817301363,2
13185102034657371658,1
16502679894136769467,1
11741018955938301514,2
5939548557058439602,2
13735306868155434824,2
10188528933748870105,2
1462092198309243320,2
7585163731510379108,4
15034543204408413333,2
14368193222877511656,2
6295778084508955702,3
10116288836203226141,9
11090601711774610182,4
18156552002661759249,1
3482298278271773939,2
11233828909308223293,2
17605099178537466753,29
7974083363165079859,1
16367146336759074071,7
5838605035024602993,3
9925896448442337955,1
7213002747203535369,52
6047527450304203552,2
14697909193485112218,143
11915047891555786107,3
8027410866281570197,1
2053584039714196017,5
15142090356199403657,2
12996511100450146100,1
4582957895157226588,1
15312851865863330076,1
3785704196257728165,3
925981264551024424,1
982966356132833059,12
10352228499980789243,3
15167047648967449809,6
18248340900653983670,90
17175747251203333554,2
15648959570363948285,2
10734097685334358629,1
3581047156279735766,2
6927740843639703679,1
6907499270169133087,17
1997965320688575387,1
16649720803992813309,2
2000096386163922337,2
6255382784579320965,3
3996585525463431926,1
3327879427390210598,7
7355065417387097452,6
9650082995316192222,4
11836611739715727631,2
1337139777027113320,16
1043488610992162557,53
6247683926396143552,1
12099432415556634069,2
2083147460647425193,1
4781669971115697667,2
16420923139498398319,5
13565189514852810926,6
15434325613056681909,4
13396789909316041172,1
4466996332285461856,1
6564988383586558268,4
193134837661239001,1
13705609138942159227,1
3309999427066910489,1
15012211536460080861,4
7923619073829039797,6
5986130151344951437,2
5063883944249509251,2
12692347206524028958,3
10735635261644675427,2
747406530500971510,1
4532774567390429103,2
7267708630011952230,1
412961181162076868,5
17865030833297339638,1
10862152894847692894,1
17972731377080669750,8
4736597520896723918,1
1366781051387461811,15
11528859907525314078,2
1340881397685525764,1
14627104208166636982,5
8697469438255354320,1
9205856219614309503,1
3049380094591097487,1
2548133625651522585,7
7484664674228450385,1
8605897512428450699,1
10357028516604410112,3
12675087539876305663,2
14654971948531488061,20
11790536351140996305,1
3904021660997119817,1
16385644925013995929,5
14160477762429511403,1
4364411813469383644,16
7919074142552030788,1
1013122677285431299,1
3037191882705756829,1
12767424249840995961,1
5235937117907560002,2
2995081909675416459,13
6616539414730169964,5
14647579048261032104,1
7000449710443798902,2
15564139385826936487,2
17852209403017685149,1
17048683793530188209,5
1791865883015072327,3
14743214376767561275,4
16759836332508104144,1
13902717652356590274,2
2191809776789210122,11
5719750785553925853,1
9863811805901464876,1
11554020715527009344,2
17547409951630445119,2
7461748028009155771,1
6099445215586300875,1
364678319947641755,3
127651469809888537,1
9335458268459352644,1
10712309642996137413,2
6421509251308348627,2
14173327722357793150,2
9497588521253042645,2
1057473340068982551,2
2180410414291547235,4
5042000997037661602,1
6813845649432525604,5
14598081278599557254,2
1752011754876413965,3
7428456878991944534,1
18340061668694201848,1
16802846027335323805,1
9309584696090596380,1
422010927888424500,2
10398588835828839017,4
5231998442257449046,6
10579716263918841159,8
7744889271409027330,1
8035014459942552360,16
17769060234538782401,1
3409156058678390216,5
16457558686145959479,1
16891194151989724490,1
6807526497609501795,1
2199221688912471711,5
1181912531669259912,1
757115907050178617,1
17644334722769827968,1
9166267089349827684,1
2803423167534514816,4
7453359052268514031,2
9055118731910412859,15
2367859643433753485,1
11774824393038753570,1
18144320104247681258,1
14176379559651263428,1
11121985636844031079,1
17633768998268116432,1
8763003310114144112,1
10028382859581760984,2
5322875671293753492,1
1801398182955797021,2
11484567905184826818,183
17819299017169634605,4
7020091426375227960,1
18217909060565617354,8
13025826164054412918,2
9253965370819416447,1
3307993702982382387,19
651069077339460086,2
128445647331218334,1
8564101659027105722,2
5066661749092202487,1
16873765805616096668,1
16779326284456490377,6
5131691298281832753,2
8177548087343051224,2
17269339554633851656,1
12792732803589421718,2
14314770387487975879,2
15568436201343976063,1
4980485744425108553,1
8906965181606811660,1
6937276698851840005,1
2011386604600117435,2
1496287313060334982,5
14511765246992322464,4
9320234676750016921,1
17094610270183111236,1
16995005478296276908,2
7725841284212516959,2
4445871681189851948,6
10769205662980884783,3
16536219456622533848,1
8891854118683807704,2
12212669494121413926,1
14142009105962658190,1
8719771499227517282,3
12190494671253601862,1
4421151900632540664,3
11850040841749046699,2
16101686055309700753,3
5314603914590464146,1
7700976833018734076,81
4447343643519237634,2
13898965999730075521,2
8699717494493617888,1
5413138451281795935,5
5320046017895693580,2
8217495134645974678,1
11339402499190989811,8
8032489332399231984,2
4007132848894703580,1
12657319146736619225,6
3389065953496071458,15
16357001312965359821,1
16679997959919237347,1
18012699340446038522,1
18163716912230238808,1
1460593311118704527,5
15485334855902843072,1
15932568732783945333,15
10689240761997670363,1
3452981542314630391,1
17114732416878308051,16
17343123139444414924,10
15132623126770187231,2
759139236948629197,1
14584622988955957028,2
9225762261765865525,1
18423252661380986856,1
16967997127866484680,4
5706977058918296759,1
8750451049871675846,2
15687606832369512616,1
1664784024812199179,1
2105044344340898318,1
691576107940880787,2
16747697008357511799,1
1783291117168881675,3
4828566041770497881,7
9654990197806494403,1
3145622071540609776,1
10177837746695480891,5
17544006084308463111,1
10798954859949577607,1
17472030962937922141,2
11964689068329609870,1
4351626665728506568,1
14798217361791251333,2
15006471393520689600,1
2315942039707775628,1
14757117175505431943,1
8354395512406042184,1
3231486426071016916,15
7183760064287489730,2
9118419739165460071,1
4727214335174235152,2
13046851385065721401,2
16024895642635291341,2
1787269241241573554,2
3576856049510601522,1
5996714772711214241,8
1457070425894870268,1
7891583493428965291,1
18293684724186887110,8
8226026804178584717,2
2444757818236263625,1
12791798224829302811,1
9057389150422971130,1
4880334817552216231,1
7726010133177670512,2
12713980345436555959,2
4144503764308969119,1
17000754023402320068,1
12592518976533622784,4
4420546236713477428,1
16544638495760286660,6
16928619768447394729,1
8971707747613061701,1
8758596515267680469,1
2285292639577044947,1
11393310567418260647,2
6746273016432191758,4
8205970510419671499,2
1141336904274427360,2
17577534742490476975,1
16861105341898973273,2
5930868290124602289,5
92109845958067621,1
472512654889420991,4
13506271377671550827,2
2960995962800747968,1
13486292816668516653,3
7076761080348289868,3
15221665643446645323,2
2548110491814796655,2
6393600794207809745,1
2962800015488330576,1
12206154810806939903,14
12235795712178360468,1
17274635664002686511,2
17444556190282514265,2
1281140107969691745,2
9297313993412334367,3
1286370964234932702,1
717547041718732714,3
14003055584369885190,16
10301308115821381377,3
8977006674604873919,2
9795402375947098731,2
12723405328113763019,5
7307490412784276924,1
13487674103777878298,5
6201362905149920025,2
4023041474338776828,1
17264353114711440439,1
2279515422272728777,3
812444084055790568,1
8278885228036915635,4
15276385001324094433,3
8507483608913041459,3
8307689630680280529,2
5725404701439498789,2
5141110878986206273,1
10416347087921438670,1
805534780686539947,1
7993847372360928029,2
755738049185274918,1
11910899067051371287,2
11061755366932380586,1
6536325914513434033,1
16888199440644565231,1
17324040370782912536,2
5141240754468729882,1
13457034113988657945,1
16358452408075014622,1
372069327138146673,1
17705548715682692003,1
94099348338719712,2
599873030901944772,4
4942957248450946660,2
95924997072908025,5
3623789931267303146,1
9575231886880225933,5
13350199091466839727,1
8639567925529874173,1
16243545735934195767,2
16301036110823880781,1
11357501365157246956,1
12107894334144724971,3
3324637913571375048,4
5825769248044129395,1
17374200782924966773,2
18060015554521396147,2
5525144792113521615,1
5853126203223360542,1
1365430772194902166,2
15777878791137879638,1
9022434867613945219,5
4442199355158107085,2
13184775498218805986,2
3293599286702479388,2
15341695453885340397,7
11768079965457561314,2
1051971398747494511,8
11851509377327578597,2
17437633563968511774,2
7212987390497401035,2
13495221310611818595,1
6977908860614611670,1
8917059250742788584,1
12445515201155444736,1
16355143680773177044,5
11346857771407060695,2
8588012700996931287,1
484550287131784386,1
4634642009374169858,2
1124582369012781170,1
6880363203390363351,2
10542584870978393054,1
4342867773105096155,5
10288847876230687460,2
8168024490705781815,1
9994494036693513541,3
5276461415620510130,2
5328339991901236000,2
3614174849017840555,1
7576082985760330874,1
13877845925612462630,1
6696934347125142035,1
12873467385641064663,2
11024117225207401108,3
3170854645884981813,2
9936118724583126287,1
13296445685284362802,2
12298571874205970490,1
12768801884854581189,1
8345734003772129141,1
10027792276109223243,1
15055364645593264538,2
16617750301933922044,1
8464312084309499815,2
11822421159648190025,2
3853079451522415866,1
14942971525035190185,2
7584119053725501590,10
549976150553087570,2
153313256735604859,1
9486593061130639151,2
2210910100575959216,3
12555693229855662457,7
2510761559322789444,1
12883576888929520463,7
15463666552466654812,1
5519505607598390049,1
7608778708155905560,2
5125412600870000377,1
1819949945142266674,2
16568818846940416383,1
4110839337213262817,184
13970947093069947359,2
15060148564565157328,1
6019787048737397780,2
6568175452049000408,1
18150237521935386476,1
3248831130490524603,2
1553656923359666722,1
17857241236911693136,7
4459047130916331425,1
8430274150885677406,42
8757343135284638594,1
5739311089503092306,3
16853265573793247737,8
18304888038139782475,2
17063340987220876101,96
9345320691705044117,2
6628327526597229939,1
3452551567449908923,1
8788496178265999659,9
9387602077325550500,1
1228704843297040287,1
1991789401935887656,3
7416771121381237739,1
17785182859484099350,7
7831803102184587797,2
12543341410407884784,2
7240660741714802192,3
6601010944738118352,1
14744127779307133458,1
10366111970677002473,2
9204107753339572003,1
1367523096068913772,4
13918529989955241841,1
6380647990845237404,2
6085952432699492482,1
11364341408066007452,2
12505942603028419227,1
11940643226752701033,1
4714437199377606267,3
5363675749816998511,1
3336145425419571158,1
465352320211597133,1
8048292535095474247,2
16928405105909146411,1
10602074147835408642,2
13534233802805743595,5
2021474874776986667,11
4820428991425358237,1
11919252601773684078,4
2057050696912876005,2
10757569804638271819,2
3660106865513200862,2
14745018541626715326,1
6046748805320088064,22
18177595351273607047,152
14521947228484753431,2
18251103514078690158,2
9324356440027539804,1
8166361042165233224,2
15928865341903520722,2
13572137799166017067,1
385555278364913377,1
6119430244616950354,2
14547302505951503263,1
2090563354246371585,1
10110496991022768635,4
5349969789342931033,1
15832195284259288036,2
17980098293791341842,2
2295039927666977206,2
14771291753647803487,1
1444829448578487247,1
10790723155045640289,1
3364916110169069015,2
15351973055303761246,5
1217023828792031536,1
11033140106722962590,1
5916474471196427757,1
15626498411087512709,2
3696003893036054329,3
13090708927206526513,1
12780170769821871636,1
4213321703147669143,5
16382826062156976881,1
10564548481690481044,3
15053564509163900422,13
13840870466602118309,1
2178543612856211521,1
7333935348169888905,1
11408077821248927840,1
3543014642945533466,2
11736950288815518893,5
14694960705140166200,5
7133275659248114744,1
14351359400731361485,1
9894683739990215329,1
11365367102369644668,3
3416441780608948583,1
9696691963244978005,2
482542499905327031,3
1532218697998170125,1
10776910935692956818,1
11073829232484440157,1
4692844685558498358,26
16535283735077485251,1
168307819417154665,2
11671453167326344742,1
6703876235800441806,2
7303264840426567306,1
3706620258652827080,2
7947646808536635955,1
12808127279932188543,5
9338083540612144597,1
6004075494600270497,4
12798982500275751967,1
888194012462150737,12
156210672519652630,2
16999714599090087456,1
11123349204686978444,1
6026072455272365008,1
2075839122478209189,1
7120666132500032350,1
9934816959379523324,2
7222658870667689466,1
8352268575167901009,2
8620801658858513658,6
8496371949081184940,3
1177007806799662850,16
16498717836733931483,1
7478164670124310932,12
13628521018534939832,2
17735756070955375610,1
5268210658548929492,1
7359323071708883786,1
12180372236713901999,1
17958943650873438777,2
16139854905179252176,1
5612203753099948896,9
10664353067036285822,1
17423541297976002172,1
8467621788018131802,13
13735882642609238047,5
9977579609628125629,2
4540570735085864831,2
17261237242559615982,1
4301654924194288301,2
8665843618859481597,1
15864873586059862370,1
5355978936758920027,5
11781423771666452255,2
3176912334710443052,1
12800314256462850649,1
18264078085611611922,3
1122828482794968744,2
15763355539955830406,1
10191623460812905066,1
9060870902576981657,2
12463252604202034164,1
16722849651072431213,2
2315999358817111140,2
7100232270649859662,1
9696908685726635757,8
1281136213063340811,1
2598955782985638251,1
14789258631761175513,1
13652516186848356423,1
12340069074899799442,2
5413198174039919772,3
13005367521444242929,9
1240940461418782307,1
14638557661021099623,1
11929914769575875602,5
9235170465703817252,25
2321008389758592986,8
11166384040861682600,1
16744457029798852513,1
13771628255420756068,1
7174298902503668137,1
7516478372642155956,1
17358344643344657500,6
2552989431816089286,1
13212184953559485354,1
6259871991625854139,1
3900646021043323927,3
18240511894854240815,1
12363194508030989297,1
10473274823270413139,133
9547454817684829565,2
2307889093543251863,2
1415540628402629885,2
10820421942957043602,2
595528820098327014,1
16160594313624166080,2
18390593662915453130,1
17491957758560947357,1
1216570827048779174,2
8314169402528434051,1
14383637113376701111,1
14132016000488190137,1
3328912222135054620,1
706997843834795179,2
12557906020418863863,2
15392711414847507946,1
1596577856036164553,5
6461672031554822294,3
1131794383426086109,1
15876574121621545808,8
18436463968591982802,6
1747356497163830048,1
15176752442064918503,4
6271956828184139270,5
11516692950354103171,4
12597013923736965169,2
1476444885541961414,1
1696559499294606655,5
15674251004386098537,2
15470609880969159103,2
8898924796547362213,2
2161262338737855349,2
14390413706135445837,1
11266778824644052105,3
9981432157957485010,2
14064337549970003053,3
9503646998248983352,1
10970026949306517915,1
3119991486422344806,175
17842237965308566455,1
10659167482149502037,2
12872291973552017877,1
9856967773918474281,2
14330265644717786629,1
2240502091798677356,2
13296953903951786344,1
16405352751798633970,4
8215895373970577474,2
15887551313366230480,2
11289240491197720398,1
7195116723443895443,1
2608800884812399555,2
17452847530940839922,1
5927816050057410663,1
16224163786881061643,1
5332675364206954676,2
12863250922657877798,2
1523918770381733517,1
3975586866072053040,1
3768417501794509308,2
4762390446368071959,2
309986438228801830,2
9118460441098000153,1
3693988437402365300,5
15681621103296854206,2
5456122454680574548,1
17452278427522822156,1
773938608306847543,2
6834652030498573932,1
2357365260042821703,1
14137406607794208967,1
15195733116041560594,1
13096361894571022021,1
9440320945111452571,1
9815861885838469778,2
7765514670625937310,4
3760855767133022007,11
10502913057854341015,1
9167760837310395657,1
18274165510448158147,2
4717707578842763174,3
5798680072351723592,1
13913800951862414605,2
7827986007909277482,1
10052605940432591457,2
529217314947277312,2
12411596834328093951,2
13282210795588519125,1
3216871501756644003,150
5270899887904563248,2
14133582766635640777,13
211882167819082713,2
17433553281472980996,1
4860533823007501504,2
8808115470092216802,2
12381873576273730599,1
18359786579343445612,2
15763121493676054345,10
4811772024583231614,2
8499608726235540861,1
3596488773070123648,1
12391484871651389830,1
15600474746689094091,1
18364259447876689220,2
9163102823290663785,62
5295133075615750402,1
9740021662586540948,1
3840305664605641831,1
10305478354127408513,3
2007398529033727365,4
10543811550117826993,2
15394108095396661680,1
5860103649277062350,2
16305803052862896002,1
2982308837210438364,23
6568498083372479547,5
3077076426961779755,1
4675257016951830768,1
3460373051408205584,1
14532762752017271600,3
6706896616984452003,1
13712117358938981521,18
498215570337300345,7
3592284102927569930,2
5068966452139815447,2
3906911398739495389,1
14181758633270606171,1
16930976170831548625,1
16949963430462596220,3
6306042335935415508,1
14126096488135083637,1
16120437772146768313,2
7956870579009031879,1
15857525078772647187,1
2080372375163327510,1
8304105598984414606,2
14328970079338133145,2
17060111618015634247,1
15745200393293453105,1
6056586896074008040,2
64752036069227664,2
8311748295119433116,2
15387145590831539174,1
9241626956971320330,1
2935668346249803739,1
6854237952604948321,1
13779257324165194056,3
12446947616563789367,1
9697882146046276543,2
1194575531507979163,2
1228456563511379520,1
2537130107732196792,2
10389387625843628382,1
1474797717562498676,3
2606615538412361628,3
4367497232634481164,2
2615986065526559439,3
8913962844641957083,1
7304846983517948648,1
1545642692977170675,8
5782186600490027470,1
17288438874079939184,1
11795255642086806581,1
1737244562728005577,2
1579809069369812203,2
11824386141184197308,1
16623905779854739410,2
10613575867390121232,1
12334849750984505669,1
929540609423082578,35
1087133074069670516,1
10224700197133214186,1
17933846799151122243,2
8705153022921567991,10
18419075946368521672,1
10828513715014292265,1
7814324160622168581,1
11141827650504190869,1
11024770253917092355,1
17634631448731312303,1
9827100254252322701,1
4995468944907177619,1
18149318287379165479,1
14715803075245009696,1
6070814520586863890,2
3745921306382434253,1
15768826436021918656,2
14550115515830293348,2
18296936232081164514,16
3019617360052814576,1
356552289288269707,1
1627520820611223637,6
7465824619397741220,2
16043310935721932105,1
18403050854850794101,1
16423478944606354626,1
17136225294950457443,1
9819053001214439139,2
16962185067448301890,2
13434179624875547275,1
5555880859594289005,59
7237725393816735657,8
4634060971029694805,1
6087158011841900304,2
12820954999960070112,1
15861217137273878601,1
11690846686105574990,2
15593472745876671111,2
17603620543342075558,2
5344514344884339026,2
5793256407853954855,1
10684247324217300196,1
12329171223982994864,2
3213563621654476952,2
6833604441987004766,1
10422485051946223854,1
13665851350370885188,1
10489458836811342136,1
2144257819453861648,1
14785663864423578573,2
1407369977378926692,2
14653782985587835986,1
8779357747984261478,1
10813756056844926023,3
3566888172468235013,1
9812956325462515252,1
10453022313948582861,2
3975320296917745827,1
11550527365877826549,70
14141566897234134922,3
5503224437167818887,2
13175040807749513568,1
14150350658128045130,1
13183779971236319362,1
18385782097191578763,1
15984225876920391149,4
7777622693861969024,2
1887423341067074772,1
9475265232923696373,16
16439844287468811137,1
9860949354482772305,1
2956094978275179119,2
11694872715308390892,2
10142952211779188945,2
2743827397244433846,3
9109382817175796938,1
14756128297532512984,1
4723744986266448436,1
16847106027128641029,1
7694973142353220566,1
9872883517243642578,1
14709684707752599958,3
3605874881978273037,1
6757493913379672816,2
6167876693533449618,1
17101474325257304094,2
16339483505021001446,2
16865360762363077099,1
5732546368291566009,2
5307844752447348141,1
1142864487480762082,4
13211983997380647982,1
4341949171732218982,1
17852058870591071554,1
558197432460525626,2
3102481096251826773,1
12800360048861416572,45
12047784805941327632,3
5405664370461144909,2
6854802190958613929,1
3123786033323535851,2
17909143409653702999,2
16058025573711658359,1
12760297950271652012,1
8518039874427914602,2
15501013673134830570,1
16042450418060932657,1
14642826601803596205,2
7433637551242194646,1
9684284944659376053,2
3920555311685566986,3
16484988514825957578,2
847182870657996923,1
5201646197050508573,3
15942302245029199543,1
7817788681700954268,3
13063032086355472453,2
16729006705830867420,3
14138396360311651761,1
6655609679163056099,1
14229591259319849303,1
539036207239530155,3
10118967670045505954,1
3260094151029291919,1
11904964090204182584,1
1282444981653232175,2
10438759978363668622,3
3906736169675655057,2
15775736235218483206,196
7871881944948383428,1
16843411783927081686,1
5509729250608816173,173
14614810856641755675,1
2587218683950337128,1
14423484431879627790,2
4412486705778156032,1
3876080987325692076,7
12122762054566779054,1
5897661194323791339,1
18074042836953794942,1
11188540821109573923,1
12371622524990256794,1
6848753390725447960,1
4047605423555015355,2
15732077845598250978,2
14536620910226590260,1
9794566759561449684,2
16442711528035769070,1
8270879660324389705,1
5759593077984541147,2
14784599318415219463,2
14756709152554760203,1
8033969081959197913,2
16670077244797179116,1
14781527546221149024,4
2685312326528626563,1
3824118381672987065,3
12677997857227233671,1
15802341701358216024,19
8989827661318288681,1
13416366115930223382,4
9973545600760587320,6
11198217740141729039,1
1646234433997221379,3
15525024293524870771,2
4640797311529460976,2
16371837934835212838,2
17832234763061756379,1
7623313699557161616,1
6811258220255713675,2
11924021925598026672,1
14830172737852681453,2
10732274937651612587,3
10077229889136327506,2
7480155981545726052,1
10582528652305205010,2
5071470373138859632,2
8749118467472372866,2
14855709625695267960,1
14173231349658516474,2
7674348571224126536,2
1710368850646472908,1
4105586541285924925,1
4883506558837311608,2
2730326628268970954,2
17019208352935724502,1
14070163491156430951,1
5357327676471688236,1
2696762229635711259,1
17430800986598393539,1
13929742438496227749,2
8050182323907002890,524
938964814906505587,2
17965441847028052544,1
16979808879527279101,1
1104202623815810589,1
2797108256897543501,2
6165783036726295797,1
7207944734759842455,1
7690429851060469625,2
13828591569605610733,2
12375105570121295998,2
10049396998488752242,1
4340322150275358019,2
4689414980911064990,1
13674016996051883538,1
13682265698844765317,1
2176185932760175129,1
18366406567125044200,2
5694563033178203902,2
5417790320250794910,2
4211004111322342584,4
12697851655757751706,2
7111668046039244438,1860
1435262010358816994,2
198124191527109348,1
3293418877668215388,3
4339883060763983573,1
13756809670108847417,1
1366480143352553225,1
9833254100721706424,2
1026788269259240625,54
6393169942813720499,1
13725163271624488281,2
6539697212312715052,1
3109120175025583157,2
11758363048847887345,2
7116451551702448818,4
4436057778380448155,2
12436861763604075615,4
2275268054832536308,3
18432777908319474384,2
15008782776572820525,17
9491858168572883795,1
3909625280351436188,1
3993920062418786538,1
16877022940929471986,2
4595311588739698050,1
11430963321174934151,2
6972217642781530995,4
9419100143381446705,1
12774990675564094264,2
11886228862852488157,1
5402798162881103498,1
16946747587627818376,2
3741303119712963646,2
12513145773262507410,3
3019950964480479056,2
3913362308671952001,2
9569839565451611928,3916
4254010859610519681,6
17383038365904612370,1
5531616170210672198,2
3135019303614592866,1
3442829699063457278,1
14722729120142092257,1
13325424628370320862,2
12214528243773296037,2
13819232400263031946,1
13297212628810095350,6
4167719164200814429,1
16932299623185595710,9
175800860016789293,1
3241777014491148062,2
18074007059370849670,1
16354267118791199653,1
7160425038738754008,2
13973259633895963616,21
12116062890043756542,1
3882459804907968519,1
14668484102593496914,2
16337981083338847226,2
13488134323350436505,1
11130077015888459307,1
6448185035720501163,1
7411421702394644010,9
6132289737127539234,3
3618623590469890949,1
15844895356047962774,1
7177140675268344639,4
12183795769647652784,1
13514429024311925068,3
11949818036099543497,1
12713280255387248672,2
593969223742226206,1
621464210166287509,2
61471899149939309,2
10741116483453602504,1
394473396817582140,1
11633372377067759844,1
1817953415370492083,1
1612016236069200526,1
45620476940857357,1
11653824011013760757,1
6319356033304927489,1
10381496878552165265,1
1261047713142493842,1
5536420255918464085,2
11773347652492137157,1
8539673123818226861,1
16023904517256717480,1
1149981183539082561,1
14739692888259512298,1
2131803978903262501,1
11013840462070612573,1
26379247149362847,1
16611344698141793261,1
4311490466525163966,1
17640151649647707758,1
927619314493881359,2
3370782948474378674,1
3215066143563538528,9
639930714777416285,1
14197753152899333348,1
4783022085449685107,2
8446191677690404990,2
121299494738651998,1
14384977945552842060,2
17434081226119181158,2
4233059271254359159,2
10743634081409846954,1
6827279181129161276,1
488641277824933554,8
12304894597886357813,2
329766056999941711,1
3006053059234219873,4
9451455067054632429,1
3004425263604216296,1
14156380107694351413,2
4267066870651732648,2
9871648359488292673,1
16464900019429393271,1
5576462051197997372,2
4455847089699644013,1
10656432829714884335,1
16911669359622932814,5
1775453174252988676,1
13569889300620294505,1
15683718734698877802,2
5204569237336968869,1
7554965227601946454,3
17600644698590360189,2
8137422328010575009,1
9576049744053840182,1
16947987879432739039,2
10914746134815526574,1
6440690368482777220,1
18393321469823139481,1
14408808808573845619,2
2321317334493945474,1
9428382795844952967,1
16997274465046373193,2
17308213265394450112,2
16217337859829346066,1
4180746701143734729,2
1191516604807820303,2
13280590034237111721,2
15291331989965123208,2
9751695394066612017,1
15885842001342119373,2
18035134971327785679,3
5127560800663253912,1
13622966860503264471,1
1198950467701113328,1
17560704115313010324,2
14541324250223666167,6
11064935708766571220,1
273175261352196895,1
14111653426079977017,1
9076300849476341232,1
8123320937701771366,6
1587058368214928423,7
9328658546149124599,2
9488335641780650490,2
126649820261240525,3
7084855014350890758,5
10571614051523751284,1
159622687075732638,2
1671973293398401101,1
9743496535832810282,3
11205735974693905986,2
12925558505737193498,2
11421830549529729906,2
8270715224799687394,1
15962271381125932457,2
76751443490494273,1
15863977337737225393,1
12937999434670420947,1
3211852391494205424,1
6921784246556686142,3
14684995556829381692,1
15810567639457791923,1
366362073546828868,3
10746002299835934646,1
2904208594377362068,1
7683926006079772360,3
4219097570364902044,2
9676793767220288475,1
15464300005725959410,2
16932985022016928732,1
16017290628645784051,1
8990586241629672567,2
16236538398197176628,2
15042621423059357608,1
17661959255430749074,4
1671592546318211647,2
4302844800352537153,1
16536303746695183806,2
14602584903743572710,1
5657349753811878659,3
16158625623335786530,1
15894090957884743492,1
2971129653208476410,2
9752295766587458747,1
7476604144200412616,3
3660397350299267676,14
11556401677344150578,2
3064043178443315991,2
15536575123203472481,2
6762373022406748878,1
13807798275200585425,5
4024686366326433121,1
8782324453669489265,1
6328613589408537051,2
14861745580206334426,1
3789029828838432450,2
5882537082113858151,3
4589260809128813359,2
4374364349889199539,8
2749087585412414273,1
14222774744108228079,1
16309042892318925801,2
4798450964404223489,1
3524849031851372217,1
17585786656310033045,1
13410458947735309158,2
2687108731640541909,90
13352896403067431594,1
11022247958392904302,1
3029043692152393553,1
12599100960905555508,1
9683214074310382355,6
773734545942825875,2
363097253739977400,1
7805326860714012954,1
13007017563738435692,1
2292532920673551752,4
11848390376363981333,1
16761680335014052939,2
2299140968340039697,2
14410619644330772008,2
8775505522716999810,2
1154118877452691172,2
7882702749603245245,1
4815998837833423021,4
7676968995127544334,2
7660992451288281198,2
6626769412580166814,2
2031777744271586342,2
8545255963549415967,1
8324587520808680558,1
15636849610746875610,3
16603366301531981238,1
1726199317946525444,8
6363074028411799185,1
6626977545883690393,141
11927141475363115535,2
1707599109510772609,1
13688524418964107930,1
6459487269364422378,11
15185273057901220518,1
6254523484309283798,29
9619400016077531526,2
17479589513153893391,1
7012745403063931074,1
8337938672719998863,3
5462196944103433407,1
3905427648918234203,3
1533359712579105824,1
18171598186215623209,2
51329087095743339,1
1096946847301455693,1
13701713012823906374,1
7395591984719140742,2
7883659161437238295,1
5941542168767358158,2
386136692066955838,10
4013622379443230823,1
5333176598223188427,2
18353974116061834957,2
9033542865785642335,2
6782908509153418579,5
5931009540610089990,1
13205285416671940978,5
221686132332534683,1
10379586174647059128,1
17888090472680807174,3
2549525075538217402,1
2103672779069307320,1
13553174826366437429,1
17715943212286826998,1
11472032399754028611,1
12912641942643815185,2
1614449819989858728,2
14147752306529735117,1
15976885776166732131,1
11738848914669673272,2
14735909113611004821,1
12858846928563343675,1
2176783666523069052,1
2064249493713390585,1
6978553099651308294,3
14332855857899626360,2
15566769182891615744,1
1530982837086539271,5
959481386988962322,1
17855111575853197979,1
17715586402026047231,2
1976435395880756449,1
558689233763733936,1
3210597559153872466,5
12398692329032263169,4
8309417346232982808,1
1194657888879182342,2
9325695414705606195,1
12802749846949984806,1
10247039267797699810,5
14028298681635440425,1
2511974672957219621,1
4984753962989767729,1
1293834366069067364,2
16710777562830171285,1
13440973260968272247,1
13597845453245533590,5
10749574575853930252,1
17009171821524787399,1
16082117807130209029,1
4718598859975835435,1
5955336087364292154,1
3456416187528870516,1
7830508702876457033,1
15018594819256117046,1
6385932202374167302,1
8380962650815250623,1
11909544454722213702,23
16685943793975518932,1
11223415850719491004,1
2686014811178207689,2
15822910929524980097,1
15127180630735122075,3
7080214798605994823,1
1626182399969552933,1
11554226329095238199,1
3565746196152446658,2
4567253983290504380,1
16676804572881301644,1
15524451889694703243,1
9100439179887685396,1
17446494142914906859,2
12848483495756604182,2
8129913521035678371,4
9175210641854145739,1
9590473532053830199,2
11410048052373315698,1
16867514816988271088,1
16513506963810398617,2
12833637010646946298,3
15170955119690434837,1
795596269341426132,5
14669599512757605078,2
14518220738913312641,9
10497327017875016520,2
15884645303373996666,2
3557852978276894779,1
5501584990086037908,1
7017921821886580375,1
1410789591411257473,1
4923116033069072088,1
15449227014245968334,2
11475601607157207626,2
7960890848507388766,1
2576970026700908055,1
13242563797829145112,2
12733804695703538414,4
11121396958567619388,1
11723860790211964273,1
1796121356206089019,3
1768124515886409089,1
9086914176852156868,2
4855551344208108049,2
14696575044422032718,1
11829035482272672077,4
7814404372683739671,2
3349779971677439107,2
14628133959532589826,1
8052283749715682240,1
15246888846825459240,1
2687735773266391420,2
246642338192628011,2
9626008826373697147,3
2711635516922543208,1
10466024343521374986,1
11757957329832247245,2
3944533692448762252,1
13909154413449277039,2
4226392884275070604,1
14096353147531204959,2
5492583990284947687,2
18435608354010840537,1
7324614605479263613,1
9682898796961300893,1
7680102876654287661,2
14796776648125314703,2
3341448298863798406,2
2988210976306426424,2
694328726748941018,3
9281971431158854962,2
15963845251989362566,10
17869262827796743785,2
17551461251180311282,1
1345175261202035669,1
2940723667132374163,2
12263759284868536887,1
17951200887079301475,2
15265462392334480284,2
7756707883495255147,5
16947932828081915415,2
16763998987180959624,1
6201428461309494331,2
11014665908790153770,1
14431736897488424866,2
3969632178155458808,10
14411427061247078234,1
6429597967525551598,1
11489591996133561611,2
17942179088926970161,1
5743801620417146807,4
10402600977086800470,45
17463406272252865203,3
12483953147672823534,2
12316895684406691402,1
13982089902692090052,2
7755125621793070914,1
16247985250355752960,1
6623052639283890195,1
14571563510502502940,2
18333868694718031187,2
1058428250898650805,26
9009281275372599418,1
3119443113100720790,1
5880190580195948137,2
15683042474203705021,1
8050318608459216781,1
11388825198223660485,1
17672809147069069323,4
11295283085987553969,1
2221892087841629447,2
7399120978713343490,2
11035075892156270727,1
16621832356047781869,2
9161642212297543324,2
2252407699608212553,1
5826056736314048442,2
10407129819893133386,3
10365461399996263995,1
9747159636000408974,2
10001610988607120805,2
8564539053021982051,3
11748965613559343561,2
3805465302621054880,6
9883854943050329336,1
14810206793389671319,2
18307559094160610888,1
16914782739158002787,2
6639376418902047755,1
5780103116825008945,1
8435173825650556726,4
13085168144952193391,1
7821001135740229804,1
3874280459052955533,1
13315427791289319548,3
7103175978987175551,1
2178990982577118772,1
14795903904587329968,3
7780344939300536781,6
7632102035722879829,1
16191483742795884711,1
5499553447060775096,2
8035697833149982279,1
15766759385557947890,1
18142946434721408164,1
11509916673765250380,4
7582576754983453855,1
10547954922602517281,1
5130790133113017997,2
3918016041542402973,2
15174433592449102618,2
5929339889063362216,1
2026866645295904805,4
3057915090229561901,3
14657330317403948103,1
5954379960683635143,1
2184435410089337523,2
1873493532832992174,1
12739761586662234384,1
12949477958700500843,1
949836799694257234,2
16978991268713679849,2
2296648047131597731,1
6027632350795883518,2
9999450833124031,1
4639474554295636149,3
10643662671343778613,1
11230955492280780943,2
6177048030061849717,1
2591594318453694411,1
9566214609193522188,2
15521314977935629660,1
15468311948315679391,1
2728176497068335387,2
10100154617454362172,1
3166212095265324368,6
7182685551932503768,2
15061974140915918658,2
8676872204656009728,2
1185722957636129239,2
13817933664921355033,2
4045042589298968193,1
17496492674922750396,2
15606590363260058865,1
14147252184286466330,1
7237745816616912593,3
9728426884267154882,34
16633424917326833689,1
2726465562025272582,2
8608895315603291666,4
3749763978171578970,2
17709966963080418955,1
3133564347633508699,1
10329241558010938567,11
17491464451328380754,2
15412785961088427115,1
12902114372099231577,2
8572034833280735010,2
12768144772648991079,1
10049860887756256774,2
12370147509831908094,10
6231140424981347062,1
587222689698420651,1
6260890517711403416,2
2171291200331719024,2
446965976072626883,2
18159248932834400566,2
17970924462025660670,1
3262597236697241819,2
2118961351848410114,2
13279641218021580000,1
6951340476873440385,4
18346245471583667519,1
12031354233475377229,1
13579305710689773495,1
16208147200692603806,1
35405301392170784,1
13526557915489709986,1
5775928035296359977,2
2328891852466381205,2
12624283235929204234,4
18035879212859122448,1
14864475203210978869,2
3795306276628153739,2
11464867927674158939,2
2585615351880277360,1
6499546833826111223,7
15344086605587513336,2
9723791356017626050,2
8275188674420260902,2
4668154265009124073,1
14483484579758231977,2
9870318774543192771,2
2121288992787025571,1
7195786539555586209,1
6672649645167865405,3
4892182470828938010,5
7661530061041881241,2
9037818253671720087,1
14073879438647231320,2
9247788678328740489,1
7316188111520524816,9
7927059881330676597,6
9417947392512339706,5
6532429561420036327,2
17105998203605195358,2
11361598911000935257,2
18168197073126032209,1
8814016511635075321,2
11077418987284018833,1
12569915278040498999,1
17618559656115525490,2
18132819127421861683,4
2437722438273123867,2
16065710739427445624,8
10924192531673974723,1
15960850421281791061,8
14044551930233482091,1
14375954803618972391,2
8524783738824473611,3
6994238069776625134,2
331769643946341789,2
3994313502772837651,10
5321712126105619109,1
18176152069929533185,2
13080878114703145182,1
9640693104823675923,2
15547931914324618606,2
7178672708981771360,277
18399708030892266838,5
5003912767394225057,2
7069066726195193070,1
13065009670397496304,5
14399366964819056648,60
6546566710132797901,2
16673325974376811411,1
11674736286920697228,1
2709284719898842319,1
18131474325596774791,2
1756615406054849904,4
12125835296086862793,2
2757236975769245899,1
15039102934581207676,4
15443390490290352695,8
8909276156530624533,1
6494574350715780849,5
2006179230553037992,1
15242696389497721409,2
5360042266182626521,1
4510397729118736478,4
7061360963141018243,1
8360270741496086210,1
11162404619509447899,1
9861903226217130018,1
17155849037355291743,2
9768491215685792265,1
14567215374921517096,2
5320239906795398010,1
7048297697794199864,9
9252074432663271318,73
3734633266598505419,1
15791264121144394160,2
5701674347988428314,2
1382891608976054502,4
7038965352553166130,1
13565573611617873546,2
10258764140461720564,2
12964725264888452059,2
16565952624534094772,1
9652222666386861596,1
7184897562242220813,1
17815705222758125901,3
12690908600073096265,2
11069485596977665926,1
13388504529380003143,1
13178066977646343695,7
1853537334099069016,4
3299844044839090181,2
15790711169979208365,1
2196151177820186463,3
7965224163549543392,1
16005691557166014125,2
8916001766012033656,1
11681529536307768472,1
8017196982924848441,1
16414750222878630883,8
6713516602943360468,1
4973677611135541733,1
9298225198755044214,1
14235615769087644524,2
8308423354343718175,4
16185198463056703231,4
1234048220262738075,2
10029420982301329700,3
10811566595462613265,100
6977354417458383809,2
10322445557833182120,2
11644916867636874309,2
14410217518933643771,1
11783705118192785939,1
8359179047079950640,2
4831572605535982958,2
2360917570450481201,40
13055587373507560993,2
12636332909737976582,2
993475474361766036,4
4988984888157155274,5
14226811855291448811,1
8780590393554403444,2
11468946040312370807,1
14345333288746620341,9
1382956389070487241,1
11874972591557797419,5
14176101527440190551,2
5374107195569366989,2
12242606987799376673,1
13929150019555988119,1
14407730522983524073,1
2038741574345425482,1
6957437913974846181,1
13375086645425223711,1
530462189994177526,1
8925735815307340890,4
14441775698257478961,2
16257502174493558211,6
1314103357459499822,1
17627935280708254600,2
8087619036343503671,2
13865339688786472139,2
7159993695707387672,2
6553777338249698172,1
12536937367926551555,1
11338608034976451282,4
16292040909614372772,3
17282194179403826742,1
454399169495432079,9
12155354053131364117,2
7697533966093048746,5
6613762394466143698,1
6518180235221934564,1
11774359379304068275,1
2194875374697156081,1
4681955232447613949,1
536202457947483598,1
18193717286470378373,2
16411014391453907707,2
8633489036399639690,3
9516956757152281018,2
18305709815572480841,6
2053134269477912682,4
11552154328421093394,1
4651675650481612940,1
3580201651356909602,1
5757224105388782102,7
2674735334907661659,1
17596676549973505735,1
13731358855895838950,5
11255288499368378816,1
6536267500822312676,2
4404110956074846495,1
14570809404798787785,1
12778891313638432338,2
7024060864576822404,2
14560106393014424073,1
354416156769427696,1
1575560101824713884,3
2104444972829907683,1
14801903443068770798,1
8375720060290664769,2
16836955846026305662,3
10349007001962409578,2
10618253390524804753,14
4791094270524497804,1
7104304025262436522,1
14178295356190805325,2
645453756671474560,1
17332446916612619631,2
8367728632073669524,1
13625521162834948692,1
1118909868288124647,2
10944742854525241777,3
7128059604443882281,1
17364012402642876254,1
8123159934053280907,2
17726901597318159537,1
2401851656310539451,2
6873161711228344069,1
2656186221733386343,1
7128927135354723126,2
13324796235359663186,1
2935732931948856036,2
8184692401195951982,1
4392915897002405141,2
8762333940035934666,1
1168698303170798566,1
3813419201174646695,2
15444273068046076025,2
12135539626442840940,3
497755987898391901,2
12567682107806372817,6
13986737516202860292,1
2240939305648958079,4
11974723425743526880,1
12336237800079288306,2
2670436115131818914,2
15005746610276214056,6
4150477456060490056,1
5147047110430435360,1
8747438167726002564,2
672915755144077169,2
9318063916680528836,1
1302608313134249158,9
8338461165125241059,1
6881174234111611657,1
8555999868803588398,2
12626624802524856182,2
10536155641733056575,2
18293680257573181214,1
10059298033351079615,1
6900118334123417220,2
476387703091951930,2
11190856004228902274,1
15855792707694391458,10
13914316143928159340,2
1953703470661907348,2
8218910979568032525,1
7423162279841695595,1
12841009811152593716,1
1312985416949852218,3
7365504416434576134,1
1841428945619664540,1
4966398823988264052,1
15643102141491162172,2
11561558110559586739,1
3383408937565289155,2
978213042036159339,2
13749091786186645420,1
15310826841829881578,1
4961127132763475181,2
959433719924239527,2
4888093904569999798,1
7960705487919791398,1
14788726598718713448,1
16140525102287957396,2
3471527118174774833,1
10956972786375101684,3
7749785304349746777,1
3596699783794155843,1
15001611465308373381,1
3249304694772448661,3
16545434254273751274,1
15776310417733103927,1
7456116109099745333,7
11368211641925396099,2
12356110369450919128,1
4517417125069256395,1
7653195809121148662,2
9720953488510634278,2
203306009512111415,1
12645167604786231658,1
9113435734273282957,1
16680773156520536979,3
2793527174461192174,1
8083790492528686808,1
2161588456137240804,1
4106930308256988497,4
2644810694494226465,1
2993147832414355987,2
3097482136166098525,2
4037255892325990810,4
1146644897847163770,2
9737020341473905413,2
9510330376510261952,2
8248073922321380010,4
11428087619268040973,2
8863825292209551785,1
3743511691350365341,13
9720596179664934777,61
12366426995744056938,1
16149165280129848395,6
7066945548348559768,1
6397700022226617355,1
4056356323386129598,2
12803237341116951763,687
8384893241978629708,2
5235741882360463421,2
10374641129920895822,2
2492739473176159595,1
8092579930485971169,1
13665171282508485708,1
11053699069162445111,1
12053991539258588050,1
16503732535096013899,1
12750899992423760017,2
8615045777251456824,1
12224056521227855524,1
3295996480459157082,2
10000174354245176752,2
6628058279022252511,1
12546832331274964136,1
1513199079279380347,1
7012974681291778897,5
16469914015244670632,1
17721499768426990985,3
13269619181424254243,1
16125066488681816458,1
1097879803298764428,3
11249019811116733486,1
6716005605325394027,2
2527680135007453046,1
12482245692874974153,2
10498296390214201159,1
13760328719071342855,2
13899741799615205383,1
4489648357004436065,1
14850157797654111214,12
11655396523505332020,2
615645079604379122,1
8843035250362101343,3
17687775039673796372,1
2161496726875401832,30
13019100126874612936,9
6297922759939040818,1
397984154399324380,2
5216490748751218151,2
15936365334727087027,1
12290185447127620311,2
12127233120670954454,1
8070390015321535025,2
10121641923885064975,2
7617813771343447844,1
12930175210924489948,1
17171510813052355272,1
5949364773716207959,2
11870326080155971007,2
17529794522285022447,9
2469405268050716528,1
12563522432772987481,3
18174024032780244490,1
14938039463086800023,1
710929198891604570,1
7858010785767672381,3
10563460436548437600,4
16365989401201204038,1
9890060613953283703,2
594983833276119824,20
8044489916010649023,1
5136144909123076060,2
17632193113007960636,1
3480806039170347829,2
1390177059338197947,1
14370341786937016485,3
18418850125496707393,2
5004780954949854142,2
13915898170935077204,1
17659381292934418801,2
14285790040062111477,1
10641850986069978760,2
4517270899428753666,2
15366469251119176212,2
6702408202708150281,24
3937218013720242717,2
10900955860748256644,8
17042199682478628091,2
8570884291880626342,2
4131529993099685721,27
5127634853589034050,2
6912537864879336737,1
16972775203074955070,2
6545676408074500605,1
13292705731370896607,1
15582572867368211741,9
7448448685008991741,12
17666114951816383548,2
4158625983511267633,2
2873810067457526600,1
4348804413902233412,1
16566970412297153368,6
6561015622569292386,1
10239868599643799374,1
8056221185802964395,2
14496701010138840636,1
1408616613825222085,7
7206861119101427246,1
2927489172772553011,12
2186180245405579879,1
14831209340341359609,1
12447596814879728571,7
7078419359203041686,2
9073140471461042501,1
18025996839592501488,2
8493760464810342728,1
12694526146068917965,2
9008853359023368193,1
5777089782199790922,1
16127274765627053162,2
8802018082385739036,1
4850937300884541185,1
11566681658941605706,8
7318191253422355785,1
12358197870292395781,1
3788504453650147975,1
12826962702518668741,2
5461894650567251834,1
13676749395890666630,3
9974858783584241544,1
10752787127399398857,6
14587517366541399365,1
9280589554082683595,1
11659131232405217735,1
5586589745998858110,2
6084439423758141316,2
4932414827450854264,4
1172571060946449200,2
9836471112438532289,1
6401137471066570762,1
1499558553839315427,2
16325801446313918022,1
7899830331504826991,1
14360029776229832825,2
13129344355649975419,1
5296668629066465085,1
6617084380002587490,1
15101533563907279417,4
8297556670672862129,1
5292988751695841922,1
11368565714467472109,2
7169667945922868274,4
5744630332796624513,2
13476809166474218000,1
10125939414345649852,1
1947381074647427681,5
9944071613197918588,5
3426742104653141247,8
4593374387349719287,2
834855865414807181,2
7294032737708397327,1
7972920101878923071,2
5995239073055551153,1
14545386084300464659,1
6387256030104957184,2
1051365725095691059,6
15429660367035642013,1
10643455814087562503,1
10125899156690450174,1
17646416003787802222,7
2826813992394416237,16
9756867262763333129,1
11668082249796136729,1
12352888080191839877,2
11717978658512267990,1
2162956936582936179,1
3771229328146437598,2
17352263098650328956,6
1385664833948809700,2
8471312077351818642,37
5558346339587428347,1
12097623658950305662,1
12194469373071620187,1
2256895851633037570,2
11210752884172608112,1
17427866083673984742,1
3099573780374095106,1
759486042633439982,23
16690120989298379269,1
16523973689294236384,2
15035534701305014262,17
10429695917882152512,12
13687062115578886173,2
13148908636872673097,1
12021130276046561536,1
2882678129714670474,5
4722046921909233730,4
7635055044162259355,2
16527730405519538952,3
17423140098904533705,2
12104868120692511290,2
9831602904120080558,1
8294499254756801605,2
17433128711518174827,115
18202138899841876484,1
1033745191833682605,5
3574428690541066779,3
5957553523424324653,8
8120054731966980964,2
1683411504439239102,20
4025559786507721924,4
6720979664935702574,2
10213554677386020615,2
14421519843199038200,1
18176076517115763773,2
3676469384232949882,1
4333300955435198069,6
11259236543200460075,2
5180388074429756108,1
5830129124963561988,2
10153637313480306030,4
5164504225009107075,1
8394925376247046009,2
18115428448676031997,1
11316912716591952071,5
14690011871531537105,3
15112774105675132956,2
11441478490722124165,1
9569051447570360778,1
6071057803069241851,2
4746769078420892419,2
6153251176037494858,1
1133510737705546653,1
4420178198704886109,2
16784143614707790385,2
8667211820845006347,1
2034709957145384159,1
18346246317551705616,2
16282917057850856608,6
1320651372377880819,2
5041191209948799114,2
2811678821816608676,1
796015088785844988,11
11226909593207085412,1
724763632684504877,2
10097127548266620865,3
14747743871957742668,1
3256965122438290420,2
16752055583179920231,3
12818917721642158974,2
10138844431103280542,1
1937326933358912463,14
2623973565825342381,2
12602517852609600471,2
16780305954501255795,1
15977912054286487089,7
14581764646101903018,2
14146101206376628475,8
14816503485882338014,2
17225991198873283676,2
1394499885314672922,10
8182201156304252600,21
13924302217645972241,3
1108004693982594415,2
15053627769654766626,4
3719656178348396284,2
14660716250687650919,1
4360953170679947077,1
15542529174345704400,2
7269633741415543777,2
8391519635161831298,1
20874416994958449,1
2594230462349947603,1
7470745833560953848,1
17818656223422685804,4
13373872630827213661,2
7696015156692154249,2
12589488938947613154,1
5456845682797133529,1
228999949138712197,11
16157274679056382795,2
8538155529917912471,2
7414336927386382813,26
2154147198454669215,1
13258573896672971466,1
229784812138221907,2
17508936582323869455,4
3716490124395950020,1
16812892781252545915,2
11096770250800755773,2
7288004266584543153,3
10810707262660251778,2
701598871808676649,2
849513184514578513,7
965779623238387755,5
17932354268007214558,1
12506376216927426752,1
14482712654805327665,2
276804169914649678,1
6838883708084232533,1
12076177389810434986,10
1609911122099918187,1
651038253091109306,1
3920988921888787323,1
13203630914618065185,2
12302876723024555642,2
11861708072832598960,6
4369046924028272769,3
6666811084603426638,1
119666692567469239,2
5114350904979698430,1
3323827115116619746,7
1056752439517264929,1
14882549009161653183,1
7755599907037833371,2
1496981457334020652,69
13862107498294899,1
5897580511304878881,6
18019042923077560051,1
3292390290176933318,1
187498340045427296,2
16854719170844308311,2
13473171463200189921,1
8597581489920328287,1
12850708448758899874,1
7004416471879942081,2
785224353085000981,4
18150355858490318548,20
2574260577479765775,7
10322049092638264009,2
6462849915029774336,1
14254126904263662227,2
3851051945168914604,1
18232639583408048560,2
17323756905662385779,2
6721598585553320123,4
15317844745524051165,1
544817220280637284,2
18049003182624048486,1
15539326648296663287,2
14404118403110149711,2
7563781591682301929,1
14969093513773115507,2
8152245236445129415,2
14301471413296377498,2
3239437376583752363,3
6744730157418689691,2
13828302898628366076,1
7379154998158691571,1
1456294188167738721,1
16611408037263651570,1
6445110165006365596,1
5537835094655493962,3
15700715335781495908,2
12063001168442416704,1
1900777284565023329,3
15878666801117123617,3
8105472351641590591,2
5555237527751200718,2
2853159272598375975,3
11597796854516328434,1
15095407884682820828,2
2072554563481150499,4
3718587996382472143,2
9335078260928453800,2
10434203279218054067,9
15324243087586442953,1
3975922755986912329,3
18422086698718992257,2
7736061868332871340,1
17282552475231036770,2
3191722738029341302,1
1308554800323608058,2
13522165687542181439,1
13728198563594479546,6
14117698907675398097,1287
18096473369062874440,3
5631855378052513314,18
16973825434683048147,1
11677251153878351626,1
8100415806080108820,1
17313186663136105159,2
17998205343627824394,2
10895207113091703920,2
12314124908147052261,2
1863715116973842625,1
3675430793060359362,1
11448743745456374977,12
16387083852187534708,2
14828473041588040634,5
5554112068756347615,1
14853116412438602938,1
9913640356692414754,1
5192537454442084833,2
8393062158808740968,1
534730538309247527,1
2456339480807054351,2
1964810806962802367,2
5810569771887343506,1
4457782637080205963,4
2248016028283261195,1
250117665966537723,1
12439167987839118170,14
5583350327372890540,2
4283453439687951272,2
1097783270615397900,2
13548981602700029587,2
910070529182292294,7
12135559693727338448,2
14034220813935834907,4
13950311715650683103,8
3054101108426777719,2
14351151190902916324,3
11891568077905540616,2
7026301336682408467,4
14727363671808276633,12
4456882592905323664,1
2095112369969915558,2
13801745633002526202,2
14295105845803373405,1
5979361446332030074,1
12313853642821071190,5
15639428872709341849,1
6873532901024342348,1
898441177192967673,2
9523083942415783371,2
14196503879564234271,5
12480627602943996479,1
17368619117318945647,2
8238795739279820564,2
14873575945125422660,2
357134135076123203,2
3297768810332269852,3
6139823273498506002,1
11135097608995877149,2
11586686014925862642,10
9644727340732931774,2
13894440331908364996,8
14380514521411051788,1
13420791877985441301,1
9153914511790026528,2
12143186651514002384,1
8491570087307057762,2
16792028721540507010,2
16759811920517981409,1
7441986531611911152,2
7679581503507954918,2
15698679125569545845,2
466369572827096787,13
15730415061731506067,1
6815251854202004508,5
2978112650962797396,5
2968699142026323947,4
3199951591286259475,5
15441574453162366035,2
5271576647659671008,2
17987054784636050672,1
76885630879739640,2
16803436129045520576,60
14552028387783607500,2
6680256147903644693,5
11677644211194472871,1
13587308566614247078,5
7671055544873757813,1
12372982566736290094,1
3011071853554830424,2
10740443619683418700,2
2419504989077781317,2
2898590493070385974,2
3831119862776446094,1
710207234217444329,1
17234748483009723530,2
3456680246381944335,1
3357696180655795321,1
9186463878485434279,1
9793238910530806442,5
6206502809575879457,14
14699547964979999244,3
15819279500972398955,11
3739579801674190323,1
13746236314173968915,1
7878880496284898980,4
16744088119683927038,2
8899277376552540359,5
111273746097191593,3
5857604132959365457,1
15160207517182336758,12
10340580041375818492,2
15478091497841981302,1
16869227405843984729,1
10843336691272014376,1
2854340839721938931,2
13166550569725120990,2
5445733130916672714,10
15614231527958338412,1
9136573740522405637,2
8979097123306715537,1
6822481007191572835,2
7298534181856862681,1
15914351549531212209,6
15419316028314078391,2
5487823373841791023,1
14292259940370104287,2
16527753096928093030,1
13160482020675832188,1
14449018027929862576,2
14343647112043592901,1
3827430009230514027,2
15161074896463578145,1
937653022613450519,1
6908581835675681055,1
8505009562843948659,2
10548404851749362363,2
13078405753937958653,9
5343060360005128053,1
16310920485287553011,1
1497440377055878887,1
2896470410210237784,11
3657732862548635131,1
9184412192109764040,2
11011317156746482996,1
8202977692299057771,1
8248701856212337813,2
8115107623550724142,2
6388085306817871778,1
9417066999881783694,2
16565841913677873600,26
5012606758794251609,4
495079796132968618,1
6781842123081965269,1
75916909950277881,1
13840408932447908138,1
12649549121422398144,1
12947835239901221142,2
567550132304193745,1
3824172258197234425,1
17262537677384839129,3
13030221389612352731,1
16851254261008981711,2
9439225632104970805,1
9879404112337462199,8
18281350272200765995,18
4835983800159747674,1
16450004360311210840,2
15839249075972141085,3
9184504607902630418,2
6408037077517072257,5
13715034509296529370,1
13039221599502651821,11
12360723778580634266,1
3852528093373325115,2
18372630902987678237,2
2306379268574524564,2
7547261052907663727,4
2092817506139787019,1
8450725432521455168,3
16898799351932939195,1
8208740309272159140,2
2524396921293520220,2
17535324077970923719,2
17426587043786912816,1
16728795186623912508,16
846208457735759364,9
6951300837593906706,1
16535144127339485752,2
11173067586546498816,1
2747906682099320246,1
9137864046326958671,1
13498140371718860109,1
255854157991362756,2
7536999102702612295,2
16188308955788876593,2
16661977461396701430,2
14814815988345148117,2
9887988251205108741,1
16984594485645155759,1
14584196674501603105,1
16687692388614424076,2
7667416792905548874,1
2528699928014206152,2
8742776676741292707,1
3982139228320623203,1
12400758095501145241,1
5039985480336747265,15
14154477666237762599,5
11279647193664888741,1
4637857671680394868,2
16047373900692880006,1
12641476224172280463,1
1993912029631725769,1
2376161754178514020,1
5644406421121969133,3
4213934111617379475,1
4232940935682092453,1
3269796291848365613,2
7932779052645183487,2
7967501305995377621,1
302797066186848414,95
17259410584414313280,2
15612213265862039438,11
8496227787693829986,1
14651554201579632629,1
7469114185868945377,2
8978717927680114847,8
1757064910308921825,2
12392306794227681267,2
4839050201465690112,1
7852389905721314939,1
934984022379523758,1
7156796260624785784,1
13677143089533691879,2
14397581220074538605,14
16791595681805179603,2
17425716579785276605,4
9990203276857145153,3
5638317225178809345,1
16443725854195497690,2
10587451589246969934,1
6126946219784731285,20
1754275978011002431,1
13879249687837318162,2
14187421432607674471,7
6178561151018276154,19
7256186818712049527,2
2419278498719047987,3
10153787402743027748,1
7379355330679325586,1
11883703810279316202,2
5878031161428492327,1
11197187029136578510,2
5894546861027608351,6
6350382536467530751,3
7299397010885807547,1
10672228617825276068,1
13461374722452915464,1
69505177356755894,2
16815331173923358260,1
12570321301161001116,1
14483523280947247679,1
10444014640667616391,5
234296681426854741,1
2915846050078473837,1
12339234917104629060,1
15821172567896856464,2
8814340898027163857,1
11370245794705949229,1
13007786294122380964,77
1655757337042829447,2
16731865990673821555,3
940512609073939868,1
6308463979216660369,1
17392129615347672565,1
11151838114933711454,1
1171057048074469656,1
11350061678894407806,1
7625381134870688746,5
1976672031230011406,4
8309055678425520898,2
6923636642192986625,2
12823777451089798716,2
16559891800262193279,1
12752766235823795382,1
13685998126131949812,1
15789812971580505765,1
2646773038455900149,1
13328240775592804089,2
14021341837690436781,1
9564834929297051909,2
15669734285981088154,2
16146974700074442466,3
5397131458487570194,3
14264052515975526739,2
10544207158856785837,1
11216070178503355533,1
12182823872962556945,8
15550749617469420531,1
10501705573344752780,1
9243516042842990589,1
8777983315213199671,6
10764741902933366507,20
95232685083434361,2
14362537817000528050,7
4942347300283794747,2
8552969671647827911,1
14594468405955911630,1
5915509588428464102,2
11636615394600931977,1
17081244665496683,1
7984007468271818514,3
7005081484901350258,1
5035559564448364530,7
15008933013711381515,2
14380878380203429544,2
2598656533188935628,13
16124830494469667831,1
10504106964396732905,4
10793601704412933917,2
5840261106309782769,1
18343543518656307955,16
17510732230602741492,2
5416645344036457162,12
604699230882750581,1
2541575417328247957,6
12309017504777878815,2
9568499589404884957,1
15845637241228940433,6
3654230777525164853,8
2185615581037279918,1
8088697308723309799,1
17041314232585653215,2
2528638587608841445,2
4928863949522840493,6
17873848733845454026,1
12244976106304791879,1
10127929222664130608,1
7632359589150171784,1
6738056410705332094,1
15471746744208288487,27
1746630521917488675,3
162507537462356059,4
16865126721271267633,2
805442294436496848,3
4987459437530836462,1
10593204208980487205,4
10531110743903704637,1
11975827863797683256,3
9791431543401794982,1
850929233722022468,2
13600953100338167136,2
7214844883945079164,1
17593693706728049128,21
14447608074673419412,1
17798471789806963635,2
2516579078438144068,1
6317533450252178776,2
9498915208502976614,2
6954785745771219999,1
5323645631276092119,1
315236430944226172,1
8809289464516994598,7
8278279338238884052,3
11066899724589842175,1
3949176611002702611,1
7061763822718159638,2
4215939858917274601,1
13025982678422804118,1
9136082691344941200,11
1529379461709284450,1
2771090748027025766,2
5253028383735362912,1
2824407956942024959,8
9362936341946565984,2
4910705652354529277,29
3931454504872594750,2
15309583931377248493,1
14995893286144481073,1
17065237469318310645,2
12347630411528295639,30
6626626436792007480,2
2613750071846123861,1
11697704107221732777,1
10258158083350975094,34
16274031943832110319,2
16071063483801559008,2
12502210528343014740,1
4592308431171806793,5
9069143415251419054,1
1135558642373866688,1
17042332317675957387,2
11788646993787875879,12
12792325440879036671,2
15410909905783275016,2
1605187846695519001,1
7161172411826841810,1
11733567743211567578,2
14427479180475619731,1
5264073207896958093,1
11944086792483646874,1
8069017336400954925,2
6620176049614431899,1
4466944825552494128,2
14073016557735843455,8
15430029841808129622,3
6624340002745593214,1
18272273725983920300,3
8039156295804708732,3
13165913023372754077,1
2716574009697710603,1
8605597953626789558,2
6334968001177976718,2
11851736837177319871,3
5323608088439752726,21
4081575458651608020,23
3878293841777897950,1
1452687541313174893,1
17098008232814282829,2
17484621144682370772,1
947007016766375919,1
17690669444142828589,1
16576738051239101243,1
17046629976515957598,4
17336835758405751003,2
10129418280518559714,2
10181965852354263239,1
8915502048581957899,1
8744901356709398437,1
15594622851344790278,2
16323995424998411875,1
13305940096254662795,1
7660080203687591303,2
2437372245647086547,1
13003050677799085612,2
13570355541094823048,2
12350418447185387425,1
15766629765699920471,5
2963974578602560800,5
9392110904555770834,4
14338013297834721478,2
2250489993088808022,5
4752091413659303537,1
14376588359241071404,5
9358032562793669790,2
7810796251610544035,2
5652161162763008142,38
6538491759820315630,2
13549508513381245983,1
16000527184059189019,2
12781002111442312275,2
1186003196183099491,31
7894077965369711808,2
6816810729532646198,1
8990971794993752868,1
9132673206856544798,1
6774125815460611117,3
15418458858679821416,6
11872986685624647105,1
16695311283897118997,1
1027530308122021866,7
10093122860202114474,3
993800536281698235,6
14706820193000701551,1
12742078758495744085,1
9460177893448272408,3
11177398189656604061,1
6151559571057361847,6
11305494359080688432,1
7005059643188814174,1
8935692943422992532,1
7132726066459616965,2
12227157340790969133,2
12618492717044829107,4
9250036944012107891,1
18053497573274811156,1
15917275268859097629,1
9112322022162493393,1
6683288857262748282,1
16851331420264659854,1
12731220868909741369,1
16368098703569170656,1
9153861599583714092,2
2307937312526067214,4
3415705108905166604,1
6754869238078352219,1
2153560431750526581,2
1763353725609669765,8
11409050792062419679,4
3164985494001551568,33
11852270054444711976,2
5776739850493043138,5
15859306910680658412,10
5545214070945656954,2
13507117753038268435,14
16384777706331027676,1
12829234771218614617,1
17974516897791765037,1
3204130662909886294,5
4244334494407662382,1
1132501788455796879,6
1123250043869241315,2
16518090966054307479,2
1256464085912023280,1
13817124293424314634,1
5260599193599766892,1
896458206696883814,6
12175584099654502337,2
4077209268113723400,2
11516804326374109547,3
4728940116361737658,2
10179351573970889017,13
7844242746347919715,7
1550550887946011475,6
8562184044935738974,1
2741046835753844023,13
1766968705654643995,13
15525561316648928414,1
3526777251883088885,1
8607797737047081001,1
16235613934362067226,1
2585126001149977896,1
7923077224627031174,2
10470992365488364170,1
17986982153720965403,3
16301075781007508816,1
12793680998245961018,4
6263907317894700782,2
6253984366186485188,33
7110690591381788902,1
1031987335601010543,2
13644507086929303250,1
12901757466993827588,1
15567008544806442197,3
5604672535413861786,31
12086270595422580423,2
3886880163876629483,2
14735581207885743117,2
2096668021019020472,1
12940440023498136614,3
18379143869516678304,1
14130692772370301840,3
3134937588103843563,1
7124910096180669467,3
10280142775504845903,12
11310747667345975682,35
3221088426907803794,3
1464344275467937049,1
16949287254687008754,1
13391837545020767860,2
14473224170719395579,2
11052405671307599043,1
15466045787037182420,1
9697356271705352971,2
14260775839065748985,1
17190956745039432995,1
12648692973129725352,1
416468495186198720,1
18333883514981203106,1
12235695838269728045,1
2770156156379921049,2
17186029724809594813,1
14602384427949000419,8
4198545396928220575,1
5153404241168476334,1
17055360428094035112,2
18211722139786945369,19
9132805836240318517,3
13636084396473448841,2
1886561720617485506,4
8886726594922029120,2
16627728997557497880,1
9452618661233791954,1
11541990411108148707,31
14642549375126057043,1
17423933902914870897,2
4732564050060669025,2
12559915739634334191,1
16610282384634184367,1
2948784778097952038,6
6974893882433115667,2
14142962849202031561,2
22532159432499953,2
1639503329488407661,2
4762200482307975886,8
18379933969245850348,1
10559527145694808456,2
10968724173692420010,2
5266825109790142876,1
2286062093183440925,3
11839524623518444469,2
17259809823303080084,2
10390382591259204368,2
7619489913826341504,1
7643016335810867565,2
13316077605732898450,4
8878025490198287665,16
6599086057465454406,13
13733350144804073194,1
13593372603324491748,5
7567647345329900013,3
15595323434414688378,2
9587619472960203348,2
17044580420285831790,1
12716649766817686601,1
15002100771372598282,2
6632669952933089273,1
7060416202880134727,1
454484629825220349,1
15267416922382094571,1
4362044556875481198,2
10440408677823738352,2
8007975127982703466,2
17288656637888491228,1
17055421346209036963,1
16355094312160366241,2
11763859069573429499,2
8441534767817684949,4
521055257189555605,9
17018778238452887090,1
13547104810260123442,1
13688240239419853898,2
17480509909909608419,7
7522305350160064940,1
12123383352849165744,2
10901502453301758607,2
8428575119258333962,2
10110082778447364178,2
10531657418620478116,2
17672750312700049304,1
4987362921496437176,2
4321104636277055843,6
17030109922046109809,1
8753927666839299824,23
426456972088555231,5
2273415741372822857,2
1763316599200525346,55
10342774759343339381,6
524625063737245359,66
5467961451581430325,1
11434564714457070739,2
13561586792159012737,1
15701419474019956087,7
17909237016185894608,1
15208818469723158838,2
419170278649595133,2
1051830473472525029,1
15801352728417751012,1
17663270129707045830,1
14889283060255278709,1
9193769153745764275,3
3082507183264014103,2
2452210804198514569,1
14436697786231963935,1
15787579523861203693,5
15318819176387115761,3
9013153597288286504,1
4990644698308208497,2
11001610051579776039,5
6510828308788970553,1
5674779288392088583,1
9511966475017141038,2
3632549516263865297,3
1905771482949228898,2
5967833201646639885,3
13822752164823207210,1
2401659540920481220,2
7106412156241892726,2
7667434291574784702,2
831847060314058790,1
10134010107817801512,1
8192657510564936906,1
10729760836943726039,2
10024113415621518304,2
8132970593651959799,2
15672650598205716359,1
319984835866474381,5
7785129999249174018,1
13877497792101558783,72
18374312961520611195,1
18360001662390848803,19
11531046076651426323,2
14677762228724594606,7
15660301429430056189,50
14080888523370652071,5
12513414474098248547,5
11538084206384470159,1
6157070831444412830,1
9349832809646885246,1
15520861603563690758,2
8965343518440925716,1
978938641999451868,2
4752113744663943828,2
9628218403451516664,1
5607316021713228402,1
7722697988827339929,3
2926871912242819170,1
1535879650974318141,39
110055024096336567,2
14865372926543488372,1
579073839880120157,2
3281692928169513628,2
14744101723325985391,1
18023101361413463501,1
4676755379419662123,1
16988703549083924486,2
10981034375158580358,1
5103101611191230652,1
8791174764457993637,1
6760217707193101614,2
15437773793555686758,4
12644441638405853108,3
8903388872177531270,1
9657865024131762364,7
81153969955940715,2
8888767059629392480,2
12456411205910447817,2
5257443616675256711,2
9707503724756323514,1
12196714619762037081,2
7625981244072642797,2
8966202936541875193,1
4461082355368414346,1
144704433396298048,4
8085443323895209347,1
15490681399846281459,2
1978998306825611986,1
6228464186592532975,2
15917795034625113043,4
1628596177218715202,1
8991504488854581771,1
12211161215199611138,5
1729333643895161067,1
5364536454315888565,4
5354245254976381656,1
13888309756485018940,2
5086223360223231509,2
9011833589340036727,1
14460869817864613363,2
18073457678267078869,1
17692778581519077520,1
13686838498210114718,1
4704001565293835213,1
11911563348218584445,1
3405462597710003521,2
9422491477449153623,2
10145136733875044418,2
10129942242673229204,2
8999604081745429576,2
10921175253109106797,2
7780804220013116432,2
17178660990071442689,168
279689143136478394,1
15055243875112528909,1
786595415121498902,7
18260195972311678332,4
6373994709825694105,1
17506631231942835457,1
9499488471312624922,1
13988935392175932738,4
8839014157189805750,1
9771321489503360937,17
8744969206155839043,1
508115987139193794,1
7846034892812830361,1
10884314057318487139,1
10228492109820388784,1
13044974855410616539,2
6482381692406465349,1
12948314156536392471,1
11502433292126444989,3
17259032076250817667,1
7728715135845921500,1
16770639295947854615,2
1555950841920117628,1
4826820265637776004,2
14221619202890749145,7
955577465133216981,2
235371989377457378,2
6581879344557617342,1
10617311034431078661,1
7859079940154243870,2
11160783461057280090,1
3350569418403443945,3
8475238217392959803,1
4395335689806352191,3
8368599719522750110,2
10987606010899507268,25
8955802298137969639,21
8202914110828260389,1
8615393667637385823,6
11078384128880299938,2
17819822078693462250,1
12359538447706357248,2
2050578857909336780,2
15888737054405451429,3
9958569996306473520,1
4631221988720697850,2
2719067242167681120,2
17950677487521258631,4
6056764269501853116,1
4965687603701343963,4
7776326210243084986,3
10870210539875867289,1
4426997399771716790,2
5764421589605883148,2
12444625197137924452,2
12599892380972401509,2
3040644110238716395,2
10809026608148818981,2
17039222594392135017,1
14408134943652724708,6
12473846028205968516,1
7539763920490251319,1
15129899726444873427,2
4147059150707897150,8
1856370872424127230,5
8440392718790751331,2
13480041973958556336,2
5697007698382063926,1
2422465423386272457,1
7051125465538034049,3
14632769988148439869,8
16304397351889525662,1
17951477237373074000,1
12396214349948663894,2
8321360301988253741,5
3085859367848941489,22
2051188143392995695,2
16643713519267572991,4
3613889908133778424,3
847413407533729503,2
7885562112818967738,2
2444663178025123321,1
3211690764942217024,1
5018367855456813023,3
7309261907863768110,1
17273200802400414152,1
12270966879625325781,1
12239698724933395583,1
43311340481416919,1
18344170994044636162,7
16943274288332056860,2
6816820160914025662,2
8303391782060084261,1
5815309605473990643,2
12008167175103954363,1
15623085562170012432,3
7338470322954664451,11
3959902760865911176,5
5910436417394568128,1
16918111994530579086,2
840431428680986743,2
15948126040019596934,2
9205574912481702622,2
17747590523290704895,3
11434361829363180853,2
16184889969420363091,4
15984508666947195968,49
5647907343940809939,2
14923244437440521417,5
12960489136406455764,1
13045398046015510276,2
10698031609415224694,1
6077852789444284587,2
2892843101685489968,1
426965685115979666,2
13746263290681116349,1
769567093310894914,2
14244076968281488613,2
370796764545759481,1
13307811154512297353,1
10743527932626136329,1
1549690396749502217,14
17836015781508121956,3
2524533523049839989,1
4937298372436235738,1
18234747983723656479,1
16085012656704303019,1
9615925444905917194,3
721549570813607923,2
6771681593811871288,5
16628619889118417623,153
9938148940346874520,2
2798174361460686614,1
11029591217097289426,2
5228849635592540025,13
10650910669450903764,2
13513554075865307608,2
10520639148272030077,2
12589640173187726913,15
4185652398420359207,1
3568606430383624296,2
16839487256410500075,1
12480650228402499122,1
16745490918230583529,4
16038796617605396262,2
17870560953321255859,2
848110232527884715,2
15226718892862840314,1
10644424715071843391,1
6093865202432155816,1
3605379492454548895,1
10378483927845929130,2
17272794863886620612,2
7606971163307085317,2
6832491801130060172,3
8739870734578684484,67
12967880070979483765,1
2776705368521746965,1
13081696567455936854,1
17950074806625807520,2
4193705174592354700,5
1367798812570887325,4
16794890133293659853,1
11801175181526598698,1
3648775030766068735,7
10221823873107813575,1
6053303426012663037,2
5599296330611672961,2
3869942999370128143,2
8747692692716324514,1
5824025063285808112,2
14801657007215321292,1
4642194703871230108,1
11943640187696493875,12
801107300659600125,1
14267988234101574710,1
3130166937164859101,1
2982587272364487845,1
4824354285006272839,5
7127142584759611925,1
9631698624234087082,3
16295158483105300305,2
13631396305758729490,1
9126893987505905580,1
7470435684645809171,2
10699979830659600789,2
3138501008061101691,1
3720052833543101785,2
15162248784134132776,1
3931797616587237228,2
14366141919485487223,1
18281920244326344996,2
16574777006378890973,2
644202190333188212,5
2771826482831270396,1
10173530767057541087,4
5113546156130062867,2
13982745254294723832,2
13301685548064887115,6
1301336304694669650,2
1054831868549704546,2
15742403688626259409,2
11346868208155643810,2
15439337856736133138,5
6655358777587504581,1
7726060447786066169,1
964838882385922671,1
16991781632883051527,1
7065435082997204135,2
7430261594728484372,2
6299927287230599890,1
11590320976993503175,1
11765965649034430248,1
17877098067457832459,9
12239323418639380101,2
5941395363777119745,1
17797175267528265176,2
9543740493170966152,1
15893625629579589445,2
12779147194142928107,1
13120714327426909220,1
15024128806699785972,1
7265965685138471906,4
3752934812298756727,30
15936474683995639004,2
17416061579838637061,1
8193696917504375496,7
299740218831796290,4
9850421193801397446,4
5546535951270563671,10
558562177876168989,1
4426917763946715195,1
8286764496321229142,9
10889792139497070744,1
12495671153149783964,2
4031015890210723589,1
15468762476994655749,1
7949882977248789341,2
11559381752376329898,1
2628341502234392978,2
1666857030038935955,1
16913937176804498620,4
2614059097788177629,1
14746627173782839926,1
16089635110224781000,5
13447711475887027865,2
5560456533907149621,14
9687749206157546041,1
5308146442550090355,2
1486641610164170734,4
13129999245636934054,1
6196968791231589989,24
8847501033238507997,1
15990853740289580038,1
13674144616359277152,1
4034880161769542139,4
5189951951768560400,1
4648818586468512891,2
17605143359584151801,1
11499838146189011356,6
12583348252601833251,1
2514108006603163083,1
8870759328694544102,1
1338158579636007554,1
15595274810445109617,1
13621671478719039022,2
5013928677822269053,2
7100853547577318478,1
10365191556496494321,1
3742547193912574878,1
16439761274106215693,2
10014412199206382635,1
15340521461153745051,1
7378880565024234960,1
14492224902161312963,1
16744864616471908010,1
15860257000657817986,5
12817637969911839016,3
12883539914345339792,1
5781064323243528422,1
10766160098633556732,2
2805904368352388262,2
7467057484901028115,1
71940525268379,1
9625780316977321650,2
10038105349598488574,5
16997855000799183286,3
9256307223790826483,1
11542032686112390745,1
13599408070059187649,1
9526578968505479466,1
9990156664821697038,3
6996400472386819394,5
4470763925987122948,1
8051140419795072315,2
18118070941992788457,2
13139980273435211583,1
11661610234749695434,1
14215537432625569561,1
11972239974622182920,1
17117140067773779660,1
14838926937833796475,1
2478490671205651250,5
11786445288231340967,11
15719401462043161840,1
120731647258246479,1
9334307297839598027,5
935313695977260257,1
7133943887803816357,2
2497311091068540674,2
14810932763891954520,2
13399365952322920959,2
12612626427672565099,1
14503570158016746044,2
27979175696943948,2
9782259579405383141,2
6936549448143688569,2
1663997573858914799,2
10872685233087900922,2
16324262151313887230,14
10429254674418634775,3
7889379480461124516,2
2394572076666608216,2
3582033751394110601,3
16587685105647930605,1
11445771423087757542,1
3172864990003530098,1
12258229710284447965,2
15506501574462705229,1
673049929019470067,2
1013325798382985762,1
4490224735425639749,2
9240796431226062230,2
4647285820272584541,2
5354114107300517636,2
2580201042582240231,12
2352952764738478460,2
7824362681250282748,1
3465413361278068276,3
7369162636782577074,2
11749840864332401498,2
7299756412696373604,11
12631031903175458872,1
3389285499149374254,1
3187801235114994464,7
2005037492080746170,2
15127722873021189562,3
15906407108515489488,2
13139798912265461530,2
12633706524561501850,4
8056227157577230553,1
2781155163640159669,2
10240781273574693172,2
5683253748301214935,8
9732795366364939455,1
12525043836011819688,2
14582186942942475359,1
14726457861531576005,5
14755469663179243610,1
5440744930010852014,1
243533367579667112,2
10073482513587907222,2
1187821843243207622,2
1496663321618720334,2
12212524688728169880,2
15155165418404435668,1
793053223950014842,1
5491121429682299085,1
5525831253803176633,2
4216124746311161618,1
2715641853208329582,1
16459645340295997366,1
13961846688379933307,1
14521229312640517499,1
5108392873185903494,1
11045150266541516541,2
17240508086997167913,2
8199238098031215769,2
17669102563394034398,1
15306958283718918110,1
10321382461949844255,1
10958763900720382745,2
629682018278703971,1
12893908384513138145,2
4681490952151392896,2
156222221427932343,1
2370644082787387832,3
14602207916224751617,2
2419594402963114734,1
11918676545521245759,14
15669342599729300062,1
999474795341155158,1
3079034507840632481,2
17123480332388698533,5
17623589877891512275,1
3110431493598189799,2
12687485270012891776,5
6759562789812686855,1
5341935912085492319,2
10110755422523030939,6
4754409118511673384,1
9327485442360277883,6
2974385708116128505,4
13768764740028610276,2
6495477720058030491,2
7614158133819720710,1
15959255802545862204,1
4363007686562227580,6
2640478285570019282,4
3787397270451236902,1
3800329942687795088,1
9300337487682714928,5
2051401504842331266,1
13074417262897409860,1
3593968771861855219,2
10978615637483522519,2
17551402530515132445,3
10236915473224605157,2
17597324165824755174,1
5504584309985322486,2
16578280637337523707,2
17428638884947910612,1
17549268044466378239,1
172182232618908638,4
7006629304785683285,2
1674923421414311720,1
12501121008736250641,3
11723668709452340805,1
15182725770724594499,2
4741579039101935976,1
13556238808999855121,42
1118069101554305029,1
17223446985609097345,3
8680691794709438081,1
7411114664337999383,1
1500982557873267419,5
7182612818002668243,1
7013361796788028410,1
12010533854718206840,2
1293243116448361371,1
2268312111179554736,2
17926808609630503511,1
16163088829367227916,1
12953546915879319434,1
2075274097770083946,60
4946321825516982566,2
7368396881528370009,1
2396546657595927055,1
11455542292353588337,2
9625034347546321239,1
10742638778176078313,1
4334076555434561959,3
241165014638887261,2
15971616858026192622,1
13511396181704324446,1
466564820238304171,7
6041366843254644045,3
10176073870671632680,4
5057051936835668319,2
14964092942905207362,1
3589937637560518789,40
5086680714884641962,4
9322583819537030808,2
16877088328479310974,1
12324247023914758081,1
5432360140118476477,2
13877938779029282020,1
3551037119996598743,1
18093950606338641003,1
3635371501350851863,2
9527614125988754231,2
10368386207751646171,2
2162170590531949959,1
1788106325145549348,3
9151141130142086462,1
12172035022289355137,1
15431723436953146676,1
15527999712648906194,1
7959397430986133271,1
18171991939856225920,1
12388686572762451313,1
10926930688035288579,1
18218468706155247285,51
17831099188423154345,2
13589090426810980308,1
16034866004792963135,1
16996367223448693260,2
11566566419999883199,2
17247655558807716617,1
18110963736199892284,1
2385299446094274680,20
4636817214938509104,2
5038149562444404540,1
8733522115044702449,4
5970704701597595862,10
2894268128200258995,2
10390998814006093454,3
7262282289753789203,2
8862093739199951968,6
11876745416605428782,1
2301085582283550301,4
11264392075317565965,17
11683171998035766854,1
17946919056228597199,2
15703594263963426815,1
940059599684873427,1
8108306653304234599,1
14811378050057255040,1
1421838852228839598,2
18277682508465924514,2
7162272234474904151,7
5752737361404892155,1
15323035956334243958,1
5096461514087171901,3
4906898585826664183,2
2772725391943363116,1
2593106347794007111,1
10335222865518100901,1
292906273486813632,2
7396663438038053958,1
8674430414668344040,2
10260730714773839696,1
5780393566095659998,7
13541492002734465260,1
12298975125178756213,2
3988451808473056368,2
13305922129221933553,82
3624546933183004346,2
3707654030069406811,3
7557207125120022212,1
16795648333622206082,1
16954982282212897757,1
378086139008970061,2
6738922207153699493,2
7546018530273348284,1
17503922103171309035,4
11151119217895737626,1
12345633115381357171,1
11198619255485225802,2
8609833575483707219,2
16791009211971365489,1
12351798892558689996,1
493404968639674321,1
9395472731796985796,3
10306193513006613403,1
4124443903295035964,1
7363022632476729161,2
7447441819707139839,8
3788800376650164890,72
3327773764336724693,7
6925308919869939335,5
15522979085235555213,2
876291954779537735,2
6013195801449342651,2
16137745005473832248,5
4687761771375863290,5
5565616213559113475,1325
2848378862068376732,1
2262698627915190981,12
4619254622871576496,1
12102587904830091484,4
14628163084584991776,2
8482476717586684534,1
7513394715569051025,1
3750898745666987501,1
335237165290326680,1
310207882473738776,3
10296098948937708786,1
536903693942604095,1
9169525317265498164,2
9797980213852717440,2
13184653578632728247,8
15184782143576986252,2
10407574756710187027,3
4936429074635926299,1
12230475418910524067,1
11547192682108643548,2
5831340626979471691,12
2905116208989367290,1
7594812359217865331,1
16843046725191398131,1
9822351542403351512,5
11105458186739673079,1
14238145996788966596,4
17619929859978915071,1
16107847639397021135,2
2303053297023241732,1
3561982495467059972,1
7681095082350312098,5
1132771581127657988,56
5442729372544840850,5
8196732228100543365,1
1649590153048880590,1
5351190326244052182,1
13624347940182093335,1
18013563758619224344,2
14909745059337952380,1
9133987507692792757,1
1536712112240940830,1
15686406569606976105,2
1458541693252321703,10
12071550005825883143,1
17210058983470684116,5
10459439714839382853,2
9968898944559408797,1
14594656951799853497,1
171872776701877695,1
11436459505069719250,2
11126856176220347521,1
16029192983248209372,1
14369265648891985841,13
12242444370170645294,2
10149279629332723605,1
13445865958587186478,2
14973744851159067257,1
696270829809464065,1
16177444755903539516,5
18308009914287473366,1
10893921222089179917,3
1272560967433291837,4
334457975621984411,1
16649561254205555910,4
1983258295825501308,12
9826291133469955481,1
3681568315906167280,1
569952071656459160,2
7140436278739785345,3
8131479409409417210,2
5954853960297604210,1
9749825768454751227,2
14126686649372949948,11
14350141088690997483,1
6608787236145620660,7
6482940476962829473,1
15368629133833621115,1
13240349541476163136,1
15689313847237732210,2
17562445841800938607,3
11718182155576286929,2
5835038632837328142,1
16693293606898386215,1
17051102059133319492,134
13235753197968382455,2
17992774411771845688,1
9980644903930601632,2
8542701053021752171,2
8409186484868101726,5
14743049611570351701,1
4893779942563509383,1
2447536811865261108,10
6411873324625639753,18
13832392080482607939,7
1567248092098305973,2
16096158907241681873,1
16350596032166367847,3
13626694681338728297,1
8680557046041961565,1
2980665783831777078,1
14973614857111788736,2
4810189268768110192,4
564498972110388398,2
3535586370398135457,1
7771487745577412400,11
14232298138948121794,2
9073870801497222008,1
3812126455054954318,2
1809624365604142719,1
18027155349865494868,4
18226497580942773743,11
3759292879953931528,1
4507092554491335170,1
4844665820858475252,1
116698426444656228,1
150637968448559506,1
12347763061789495482,1
11932101370333272363,1
5444953194117121492,6
5744407332667918383,2
2256616002614790821,2
7241753893492668979,5
16194284451659853731,1
11560420527193669168,1
1787757369159297982,2
1683378443332158818,1
14589313928191378907,2
8711553985438027221,11
5628664118344840591,2
3672547408226362463,1
16050133171226411137,4
14590929230909838966,50
4458917590509955880,3
9468425978281796100,1
9676237396843621494,1
11619264790877637983,2
14788793130428707347,6
7058865608325246695,2
9629394672373205204,1
15685603425587332941,1
9783570288332005404,1
7104970337275664351,1
4459596475251998421,2
6090104783840785954,3
3224543581876884228,2
1558268306319384425,1
11698523492300205702,2
15840151374348579776,1
6945511776299903159,1
17811151972728356590,3
14449138428585991979,2
7038365786982999617,1
13189214404349063511,1
9800187973460986487,2
12938080981934710264,2
6627320816558777411,3
457829167746369923,1
2533441081460498137,7
7124130586652177228,3
14869286311435653075,1
4307587848449773476,1
6765629245652303351,1
6467618840978355065,1
11894818126459658179,1
15331423015382577456,1
14400784000574777682,1
1356223466889519200,2
16563250253846298695,2
12621490695875663142,1
8095871198845600430,2
6224339778661880194,1
15964451871508785675,2
2573192035247463043,1
9350230038220500203,6
18299149056232214757,1
7962818930890525129,5
9496209728567933050,1
9991726007221389206,2
9537050678882072602,3
10629201099026449075,4
1158488363336119747,1
2649515688428066806,2
15098479159747378997,1
17294056707922171557,2
9883219342714712697,2
4573582039049406522,2
14090736065229175633,1
6068724826435429868,2
10711551331850629450,1
164225777315122497,1
1654768816678851449,2
12524999582512636728,1
15064370939325633076,2
17906384624796637002,2
4285951886207867844,1
11914732909340370957,1
13546671746804188105,1
3438569070581876259,1
5185452421065419008,3
12622247313762290590,1
9504734193746701994,1
1432688750839172012,1
6407494404718689928,1
11706690427715599049,2
9894164778578323811,1
9751883663016197022,4
13884436365148076477,2
3859330331515756714,2
15544889116816547193,8
2278931204028741946,14
1835580887083971929,1
8884618712238612975,1
9941964979449159318,1
3948055542549906419,1
7946363152239282450,2
15708483078552807390,2
14087076154972078445,4
13253449672726044508,2
16456000759330311498,2
11069302351362556322,1
13020039689126171394,2
13040587121189568578,2
3564979164186926895,1
7705229713380748326,2
3397209162416190242,2
10929666684623743514,3
7688031519327119082,1
12288308893743064498,1
8749579541716557664,3
17611139408198903029,1
9912513218653650494,6
17945131579522375303,1
3009028420513011859,4
9181863089177608994,1
14157428373811098398,6
15155595872736946608,17
11930434799721886005,1
15039595098987508655,1
11000455394629844673,1
11424939332542391750,144
11528190256168642878,2
2680174385548697136,2
12421767609409393609,1
6193151270725016015,2
14434737022314397315,133
4471693783652059791,10
10196063528975593931,2
6377049820356322484,1
3929192673376143219,2
13603759019473445286,4
2892831549439204137,1
16370859651190685512,4
11877200133276059883,1
15493498256334359234,2
14848569114248502493,2
4265244492663110909,4
5012771031351431061,1
11082157321892930213,2
4262460006088464720,1
4178494845922441433,1
9191000569326078095,2
18429134244650263194,1
15297704357288215070,2
14714582563190436449,1
15021601384154773128,9
10425337020024189498,3
5277962551703724037,1
4777585452333460724,2
17463467660513553320,2
5594854623777135310,1
5105229485082141308,1
13264135173438004743,1
3316136672728542273,4
18104409131238960191,9
13123802624937240400,1
7330591932218346744,193
1075991797488429607,6
17696644727048414556,1
18316577714834697006,12
8628800386409623292,15
2161070124319104062,5
3660759374735595643,1
7433052131395690482,2
15330559849144761390,1
10672887417780579281,2
4310734644832960301,2
10617352920891014160,3
10795610749745814312,1
418771018745591844,2
8325690713379029255,2
5594710148916086863,1
6392835025768562544,3
8337406594300058477,2
16706509291337204726,1
1467288227668329741,5
11283268769808495034,1
11000657766284847070,1
13534083366955150493,1
12964650884287514223,1
8213621145034885585,2
4487186577874573138,2
9221955851279729309,3
6566675868571414364,7
8662972995274740514,2
5957373324687002595,1
4501785883940536683,997
424734598240836611,3
15312312540075763983,2
14065150977366358738,2
14081308975100482180,1
8316243735135983254,1
2999738070978196312,3
6937689789592230772,1
9040305463006396671,2
14594157759767988089,14
12735060834104405327,11
7693253119767980703,8
16360889266550546814,2
5525248190561402715,1
1708687629689801282,2
4602808933093428654,2
12380320040136120009,2
17130739875497078124,2
12803792786248253100,1
3515335954436797037,5
3052425323309304757,1
17171478917540140407,1
1476146855689510144,1
8014482206229966575,3
13367549197986526807,3
7359713145467425594,2
17222362033656728363,4
11579470417809809092,1
11986378128348876652,2
14670566068898696806,3
17881974780114839949,1
15593177062820680084,2
5635040791064348269,1
15227185320928423115,2
63211907744684649,2
12828089408766800514,1
13472211870645471116,1
10506127514311420238,1
16389139376180083281,1
16912016874205269145,4
8549700014070027373,2
9391173608440354278,2
11029198165382592969,1
8140902811590944596,2
10670241993773436607,2
13190579441032744706,2
11757070045686292295,9
11580847801645591942,1
2725226676364073842,10
15582348303426991747,3
16399065709965628558,2
12930735938638084057,4
13538751683117722754,2
3079322034310288535,1
17086744636952576030,1
14521499890545063062,1
2391006019461186436,9
8736541667725531539,3
1355484042628846977,1
588312266685937865,2
14766301513873276394,13
10295500707021787354,6
1276200017825875911,6
17125462741570856063,1
10091453365128675311,202
17079436367370239585,1
8365939414623158142,5
11004164871244627882,1
4319468772511408231,1
12217949179722470884,1
1225577828681068600,1
15634993898388953653,1
17498960527191189164,2
7664243418920737377,2
7068996882429101161,1
2865036749107793652,3
3847826765509546533,1
2079669030861648429,1
9531372031862241150,10
315931660882237386,2
7860447735959972887,1
8400113553357451775,2
17645292411832987032,2
589139072183013708,3
2814483072483329494,1
6494736178272284449,47
12354182164739912285,1
9707621984930528184,1
12505644422180849128,1
10858641295806822599,1
8743431701068116222,1
9968779130911138181,19
2912680141524377996,1
11554254328095390821,2
11632551302175289515,2
7947820328730985375,2
8386843708960132979,1
1485399259236023262,3
7131505701862899050,2
7181844340623583701,2
4168756840788906098,10
8330625109365317120,2
5059901232949389163,1
11693274068101935284,2
13434044365798285322,2
1703252665638441172,3
3245664479936544515,1
2161486982918448127,5
12461748190929438415,4
16831855521977134688,109
11130675400187071636,1
6563434419651092231,2
2365169399625477293,2
3944648921081168590,7
14126086419766319659,20
10476099297916127273,2
8935586907499819237,36
11140589027982719912,14
10519151855150165769,10
6282540564089123993,1
16489482636010943419,1
15916613282090890392,12
17158095285554682053,2
5251683154422195757,1
10761734005040963876,2
527390431442964388,1
3565699538846296841,1
15512656017879382706,2
1621929858553905640,1
16226721060132833174,2
10922382992217711538,1
5537053304605835191,2
5307807877890325209,1
13713279103241707512,3
11897418203747873212,3
16880183059929746811,1
14312487836398336981,1
4793554337514766372,1
18233774323080198680,2
1635322430000086115,1
4862013997479776464,1
3315695087143319685,1
18167716641575958331,1
13066314760703200697,1
4807323543580514548,1
7636426473528036105,1
18273840433723003058,1
4016030060021431879,1
17271576570528718916,10
5194918640628354545,3
17291130897659642464,2
2098405752301550557,2
1688290855185809254,4
11589535203564801543,4
882654689747846268,10
16850007928664759612,1
14536974162591048480,7
5807068009881135728,2
16546830901052813626,1
14873288369372841406,1
969502513454112738,2
13388289677366600497,2
781425318555478150,37
13106027554727195046,3
3225436960831152931,139
15270061637061152876,3
865163349155323288,7
13505423312099277972,2
10340341311557075081,2
8880632798754517653,2
15398823260269254696,2
13636307594065740724,1
5942397145859866854,90
2378785466396267398,2
13326039496137142070,2
11322433083389129582,2
7160199816804299599,2
2655563336114456214,2
17172720034489058051,4
16479325382091885788,1
1929327520893066398,1
12854040339707561763,2
4442155719151562257,1
12277434554027173246,1
6343275071538531166,1
13786688544146122825,6
4729473212877817080,1
1369179906587689934,5
3587339331431595433,2
3528940065828137988,9
12521795843960924187,1
5685409374922835656,2
13923276463619874868,5
11725061706424774274,2
13480427055643463922,11
11847819166571550679,2
16624132089915814811,3
10563640130748082063,1
8704755498237018579,1
6423653502613009742,2
11557575366693797041,1
561149858673241897,817
3064066196203180288,658
10865138213892814473,1
9160607594370581455,2
9085595925197862719,2
18351410354233403871,1
14457643736577533601,1
11452145863193750456,1
10604688736989855680,14
17372395064982419089,6
13088645401584645437,1
15206106300960981724,2
15722186692532254344,4
7695302407968479768,1
3182540751979325750,2
12104344764721841476,1
4775205815112646515,7
3774983312817073020,4
18619673416651208,2
7426883288999558465,1
2076936011837933619,2
36627137942073261,8
11994784331027597778,2
16124957575744481843,3
4561943480747686306,1
13915346800846686262,2
4504344369044967423,2
9982549579989848481,33
5301851775552241876,2
6457720330212413532,2
14391102851382769328,5
6105539493768227164,2
10118420076491876408,6
522809680538657479,2
10516238836821425617,1
8491860710172662282,3
7517704893746991354,2
18161529587448926475,4
3260679995220818627,2
16562389980901499147,5
13812623867713412657,1
10113589976053936294,2
13685078931549312765,2
12828070184999458351,1
113278974121519145,2
9078653001327195356,1
6824341352638514454,2
3853743263973487666,1
3979520056039316122,5
12153013954964856935,2
14353487906049629602,13
6022141551072035033,6
4945957359089132298,1
3107696074141081849,3
3509344373406230251,2
5037090373085564240,1
18035209399321985252,2
10280634202726469011,164
2372940253693680880,1
4268653479054168078,2
5978198027853298637,8
5086425544996084675,10
10868448591457117482,1
14067192394536273154,2
8710456080481393178,2
5984167580302654474,2
8477228102190584451,57
7216206647627075228,2
16960794288056269096,1
13987101259723856511,1
7757911488528409136,1
15240852163048013754,2
5121053945527153747,6
16304513842196515017,2
7522318504875321023,1
13802160692846826230,2
18258671118529110740,1
13771578629998524285,1
9570245760844951414,13
6021117961061831660,13
5158604487265278495,1
13307782288746529197,4
10719956914536626032,1
1188389807581475834,1
319503827242778435,1
8193686022269476312,3
9931355742634843190,2
16526113636110898160,6
5712472148347963695,1
4905096504101481096,8
15522323640857961461,3
16452499156904096484,1
11634532740445471988,3
11236763723447404899,1
18392131835701708319,11
11513766339558579298,9
4395883994500867762,1
5019691766022776688,1
17297961977802507628,2
1440004590085804367,2
6884711713104302836,2
5600567820980988335,1
8748615917160342046,2
14815867029190669953,3
1368793508785666342,3
10721033603317496051,6
17943781593715015465,2
14972384792240091961,8
2946348296518687218,9
724724973418032076,1
988564766235032004,1
2322510216336410402,3
9901684267793326544,4
17629273988172176141,2
11171890264579077059,6
7511492550015621231,3
9396066602153953002,2
13257636068190629972,1
8536046226728030581,2
7176461077958214624,1
2801539895121471232,8
5233860769716589253,2
5618276594465186075,3
6664470509748561174,2
2150282795311156538,1
3680845460508000943,1
4509482454593734494,2
15768705005928804402,1
10980204147035621180,2
11029439359450439694,16
18032336814263627202,10
1849219397275252165,2
11359920531863191905,1
820792963703106246,1
5662383064245192789,1
17578389722773632553,2
1744137472005908346,5
280486966363380047,4
9337186507274243288,1
3019359171048245247,2
17557625619736128171,3
7188354185473837205,2
8322310597955250870,4
18054048792936089951,2
13302984284841868910,3
2563580371732236714,3
2751129575825731494,2
11006636023513224111,3
1993164768103617545,1
2229464263631408931,2
4245999333752143024,9
12701130290132689910,2
15617327949733291596,2
12255448467574409491,2
15647108902766551308,2
7754842473146474052,1
16157126445617762532,1
2430609451892845631,1
2421571590355483749,4
9530283701972402188,2
7146566328372545965,2
5915637194804556136,2
458824339056102371,1
6489549272321271900,1
8164506143996674079,1
8162147101970924736,1
17319676215645839393,41
4983752551648908948,2
16417866777971446820,1
2871298792558934517,3
15418756051786918360,1
16410074921900452971,2
11604716625825577046,1
4286053927077642399,2
3716088582087821830,1
16214677362841799698,1
13678292185529942938,2
7882303949308386970,1
13955941206727919282,2
17414934578362632474,1
17221834435504135846,5
18207332897888100280,2
14398525670607431324,3
18318888581093337576,1
5763787420668129303,4
271615698144717746,1
5344348682998958500,2
12738893228359699506,34
3083126170799871750,1
9906419966039206869,3
468335649576871259,1
2805738176955042485,1
16801571516913261617,2
18020444743622224664,12
4703460464458856700,1
3962364129919205083,4
4230152158988908442,3
5900785010334098108,6
1602874640279130995,1
4447155984681611849,8
8923857956020601746,8
2877271040858111177,1
9593176191345278993,1
12007384640335690345,2
10202371897036222614,3
4830425345413166502,5
15515581378329027308,5
5680384579215162729,2
2444307729182829363,2
14700235124531648561,4
5243535012909601220,2
8868708448172027456,2
8572065882462323316,4
16063344324650125560,6
13522768745659015116,1
11559749921590130545,1
2207125106959316988,1
11590532980373542074,1
10314959361606009104,9
7977203964771962311,2
18034990582969540443,2
2256167538334472175,2
10092644565452158092,8
4389170662998133939,2
15170796927607709999,1
12674606297216768414,1
2167245812415898799,1
7213953518172334088,35
13589309713183987939,2
5887358774085632930,1
17213501037369563442,2
16768199109884637222,31
6920200710119529595,1
16890289284011693174,9
12290414639322177436,1
2903448165904095111,1
12944915014065866698,4
8112156542552482987,1
13428415185014840109,1
3338020189116959407,2
16578810817734042024,9
11441686815875619547,1
15551697729408952341,3
871942600733347136,157
553930051787222127,2
9999011980335518140,188
11116830342688809014,14
7923615667261575735,1
13361769561311050860,5
12045258957150023080,1
9721306324100303996,1
17607080796151841746,1
13172102695621241353,8
6355533298909554737,1
3668256229742228912,2
6819877360233947435,11
372627991901909727,2
7198409777683391971,2
267611438504914200,3
16994712178282475517,2
4269672359670703765,1
4409423960486703281,1
12167176652305148825,3
3002687384444419220,1
1582210199189414721,4
10435794455634268321,2
17692405165733642201,1
12564368658063655856,53
14668843700546631332,1
7717076241475070617,4
9095689691432448378,2
398845080135976247,4
9175791170535810457,1
15403895021283185577,1
10579909007290289194,1
6884914365728198037,2
10215237608942448837,1
15494005293651424139,4
7198094717482697071,5
17436492694687785898,2
2913385593707282893,1
17013357581685536568,2
3086593550353470438,2
12650066096529718194,1
16620345478221993306,3
18075754535715963474,1
8575541896859069988,13
4412871823143714577,1
7267782711427202144,2
1060933831575188321,1
5749316784757473156,14
7967306032380529400,1
16027642862173087292,2
3031369876735199043,1
4850781004666972789,2
9245294895877127942,2
18015914453129361126,1
18346865007992491057,2
10908998217161625852,1
15018601497930848038,2
6371021528470893444,1
10527889795397516936,1
7719945346593295395,1
2847885205472200098,2
373303071473832393,1
624684300862869383,4
4192383353459199200,2
5588026890983333135,1
5817321398944451638,1
9025741217134684627,1
5076434638558108343,2
6207355269556533369,2
13362209070525214056,2
11932314236343861643,2
14093240642274083957,2
2403562297739980903,2
11430505481741269736,2
8088719581060135609,80
3852554609155092396,2
3908709227461651394,91
17935382431271815523,1
10624099764375028195,4
11864111026149096319,25
6018815078990527311,2
17247028342378968307,2
14997576110931255300,36
17264309121247216774,2
16517302567958975,5
2557994815121146391,2
991762080732441088,1
7733280193164031929,2
8075200537411308117,1
1765264200770367763,2
11148740254720617039,1
1042467281548446155,2
13207177115067180171,4
180137164459507776,1
14899206743614137216,1
15700080900005571089,2
6348780562469107535,1
7418028050416510427,1
18162923684700705693,3
12194209817664433690,2
8882097093079580292,1
11809937013270532667,2
3296373373374814687,1
15695229938933212998,1
5537265490542840072,2
16493774285868015091,1
17801003317657615045,1
3433950964402452077,1
15204302327188195411,1
12465409418746798455,3
1620293948158529794,2
17587895697336693002,4
12388165477501907893,3
17725427805974442583,1
1870637142134926811,1
7857897752265457940,41
11020029171477388370,1
7083496494984614284,11
16075120892634745392,2
15501234324458685633,7
5936074253687201567,2
16339989000430258760,1
17001236515346969860,1
3002286939684958828,1
13252034928933689420,2
13372308926787962807,2
6318142299928148944,5
15130670525913072139,1
11915349439089929448,1
11978963233676988085,1
3035253296248190994,1
15885344350536394759,1
4527836846964269317,3
9158962288130771521,2
17842645443667154832,2
10767996187240213972,1
2232820935296681922,3075
5525520959106091883,1
4156685103296428792,1
5728664653376320899,2
9114607348473784333,3
16041513531518566278,1
15156002973714698849,2
4600392928766146272,2
10857494030556614536,1
6564537278126065549,1
8282769899296998597,1
6106835105539978947,1
1707149447028999256,1
17237149697648658760,226
12487340662665118379,1
4636750496418714194,124
12634311423178427901,2
2695940930268580792,2
8452385451355339769,3
16511449394572951219,1
17610431725011068638,2
3008139024415348756,1
15190366213908672659,4
17538807787510206683,2
612936918639024477,1
1005809260497714226,1
5022675511777198480,3
11397064606625802075,2
11091773219166793960,2
13590742353559971779,2
4974600242052625370,17
3788040459382216187,29
5081267263014463585,3
6464517194514251764,14
320371673447563458,1
804677044336619779,1
3169446914822575208,4
13067223091648796004,5
1350851421725205923,5
5122758803310082455,2
6854230314583896293,2
4316249412717934379,1
3245513761527528852,2
2232711111641853656,2
13028616361583847862,16
1206972253678331573,1
15376482707317310170,2
4283120861136001550,2
12246678842516314503,1
467500277732757132,1
5020119572467933380,1
18403892931505217237,1
8826733146436930938,2
15847109437882792129,11
10063530378679739205,245
7990474611051459148,1
7633654402748724628,1
7213858252792305934,2
8273961676986322329,1
5887031427192179057,2
11040276916758425673,12
109649558671134134,3
12164842292360557178,1
8915234579408659853,2
4071006504341407446,1
13168653224367978764,2
14001626640045092262,4
7284122251416875703,2
3483636365734680157,1
3324278008525065016,1
5307277643252612870,1
11014907876313829747,1
8453884923051230693,4
7314664200212953829,1
9860624715586258053,5
9080377230519528112,2
14016468023140692944,1
13738373696616340246,1
4809088823674603641,5
16062856075988327451,1
429632329131883295,2
6023209022570262804,10
1872471254425422992,1
9200332468580776004,2
9393126596337795463,8
10811098960198722834,5
3292754122534065700,3
888235169662654956,2
8633016022800485579,1
6876283019653222224,43
15655879070199410178,3
13955156772915822786,4
5525169774966562649,3
1730314639778954944,2
12713461768310372500,2
7918605245016128302,2
15478089366955703671,1
4751032237193482555,1
1007110108474189378,2
1673769083303500374,1
15393248779334846387,2
7874719322416519460,2
531214505972771098,1
1425229874788366426,1
13201359325865947480,5
6250731161290388942,2
13405162235966307018,1
13802492434823596822,2
15971925853797479781,2
842750655923524243,2
296666040734466808,23
2653947389374432802,1
3143934960726340730,4
5445666679151783989,1
5520659331621136167,1
8710711142339180355,12
7202334422451250922,234
6539151935756326604,1
16970810689642157088,2
12795593479988873109,8
8682569133937157161,1
2023583460143148459,2
12446937544972409696,2
122334954479193191,2
3975112702881111505,1
5816376801598879851,1
559605316209825933,22
14227897539303569425,339
16215055733456465445,1
3898397361073446282,1
5689735670864638042,2
14377708837384613222,2
11406205030958772219,14
7665919984860739640,2
15277645791829643859,1
17703575545639050746,22
13642460905203234262,2
12385715477909317512,1
10012759355401912324,2
2273097744507174458,2
1028061058755852520,18
12546678356411859044,10
893293077912158444,28
1759266624344909207,2
18252902054261914446,4
12562022874379906353,114
17583305743924258699,1
3347545026373123745,12
17388968849867345688,1
4606923897323230873,2
16020063694153437481,1
2384438069633136212,9
10408927847338291465,1
7620254679679550084,2
933278794116481070,1
10510400820531211328,2
7798174356188821913,2
5573210867521530068,5
14584798335816924441,1
15874789564697424921,79
4849761980720297900,1
14907798371119048089,1
6905101429583784000,1
8604212144557399801,1
5665591586055046706,15
14754635932766365890,1
2120177642628362728,3
17085910329625873285,1
7329694953960677407,1
4261486133633581261,5
7174186391704050800,24
8229333566871250969,2
6582915659218120648,1
11006024731999044205,4
16024552696141730563,1
8109262201083094742,1
9480829714073239488,20
2754434448949294722,1
11243682364090894917,2
13461421332595452072,1
720083350897961625,2
15269943642441749031,1
8304886137570684258,2
12121097681134413252,4
5942098740652200957,2
11530476994674764583,9
1487802783947008358,6
7163923524340175781,1
9295105258920687147,4
18056514693337315373,2
14096591151996004886,1
8052046990490055519,1
15564809140392173588,44
18226376394480427399,1
4439682933206043514,1
2941905949924602940,3
11881284071864089558,2
11983235859166395792,1
9799053950146096786,4
2428620557731885215,2
5342863319858250348,2
9779907778176406530,3
9734379063250045986,2
6151142188746532864,2
8928557751225295493,1
15302768212538651202,1
468978295205581979,2
11924158745231436264,1
1392184753569397627,1
12251974390675723234,7
8403951095861681490,2
1141810487454867253,1
2942394091846167428,10
15204677560503755429,6
9524847014459775489,2
3234745985989107609,1
8602314171028087419,1
5017705706446037042,1
9292111545644072244,1
16448340380353911701,1
13492828843882372446,1
7464642832646431499,2
716362641941381067,10
4242685767374249056,1
6488217750138119847,24
17348446390474909876,1
10381382266028351912,1
2176610360128985593,2
16660154602714893243,1
9237573789377635569,3
16111341044967091845,1
2588186338938504443,1
7057608243545230918,1
9129103652429851453,1
11017424688514468998,2
13497726515793582759,9
16076783151672516459,27
6006411961991351598,1
10375934564494913748,2
4849396435165121389,2
359071202339950516,3
10691604317236241353,1
821932914240541539,2
5755524195744864370,18
2980559507456128097,1
3586082666113915467,1
6757521041718134984,1
13762981430480937681,5
12199075930048184553,1
3547538444274549706,2
12190164503045704166,4
3640886083485334606,3
6334051732099621599,19
15569737172468419705,5
7572336527515354880,2
3296667201511630375,4
8467906480974769068,14
2849390890342350989,1
607801922095101825,2
5176887329992541830,1
4348994571312664942,7
2615359775710204905,2
1740572524845222145,5
13942595385434991594,48
18434297987547854638,1
2670352980386191570,3
8601136004716219786,1
1242367369419307148,2
15669494931105809418,4
5027635599408396398,2
12717239462192664997,1
12716393050062549809,1
7989911443224325512,2
14931079164388947743,19
10101293405321666863,23
12854732903115100524,3
4955991793975192464,2
15262251934616799223,2
10188781986445936839,8
7396659701219740918,1
2401236772411742485,79
4101163649555660178,1
6325416343959669774,3
11389771788575374126,2
18232549740024190225,1
14489852172372788903,12
5240584011540774634,1
15828555612183091588,2
16219041925452381094,2
17395977843469586758,1
13944824674751368140,4
1348069582219576049,1
14015143044602184405,10
3164619757197440939,21
13712353698999474503,7
10879825005577126272,2
17647080913925159258,17
11203461447405864064,3
2930778676391039729,1
9966900092001646855,2
5641969900562661162,2
14410794954432519836,2
13803595001637205134,2
3628282263294442905,1
4604247510252178479,8
5966742452678540699,2
1661773363226837261,1
9453480157711075163,2
1889725509393779356,17
13180645365176175057,4
1555085128090858646,1
7486528045907616995,1
4844465616924019393,2
18015423579197541767,4
5056297328767158583,1
5390585956194726624,1
6387967588882091552,2
7123005023245752083,1
15951591105842604318,2
4420404748910923983,1
13834814517505466306,516
15505546096355622333,1
540661031067889560,2
11131919146969076114,2
2350740254365930358,9
13410450065615415006,3
9338220078008164209,2
16468329038065497557,2
8516683162871959882,2
9471526436286431965,8
1169887623322683077,1
15879754292801045634,15
9265782261384707625,2
5131060608948235509,1
9595627468396177852,1
5479922869375398476,3
10203123683570369228,2
14717237354208429855,1
15323719828346659870,1
2963011356349277424,3
8005685629006684125,4
15530915351731794837,4
16474222691681395495,2
9577610538874194984,2
13143669664194765712,11
14701025422573103319,1
2830910591880872659,2
4021980891823048104,2
2095729929575713304,1
14028337413552409596,1
3299790584214820142,1
8097762399861275933,1
16790881749594424075,11
10241862168761800037,1
2954014858330670831,1
8979965232037638131,1
13809201318812415201,1
7038080462185184414,8
13214410296557459142,1
6189057840160227011,8
11990014652583198867,2
9654809307816233431,1
15440002396899993288,1
928350236429337552,1
17385402539458064696,1
5718035129531394890,1
877946586937106880,1
5108389471853650943,1
6097162952317996207,2
15574958808755885073,1
8540777235571903643,2
11521255192432857293,1
725855380722440878,1
6931479191430831772,2
11660354577257863615,19
9339959837200725285,4
15956591587485348221,9
16562645009523901108,2
14255484253970906757,6
3311959019578692833,2
17929958805382969378,55
9028673800875906851,6
6589583547480863270,2
14487564789581671721,4
5248952188224458952,1
10281848435162064236,1
10296122977801492553,15
14442437176233650370,1
4338361817171992281,2
14095285270382470487,2
9268441892326366035,2
1393775684419158448,2
7863992995261516245,2
7445048066266936017,1
1334682813615888894,1
13303502006920921701,1
1374630929264488451,2
17812456638932014470,10
9115517065192601178,13
15145525946724530640,4
8222266312854467638,1
465313035108803733,1
8590820487735433548,8
13656735742294268322,1
6812451772172366773,170
16930742690680357509,1
12489982519664711343,2
12263829168142076221,3
461470840347684776,1
12579915476164062957,3
12179390470724608634,2
14519044805957244106,2
7931468379771670771,1
4009888097955308550,1
6370568974869432331,2
12265384864395633735,1
16031220446009028129,5
12293665812219660868,2
18358882587153332262,1
3893916316672907713,3
5431063817008193388,2
11582020189284790120,3
17541145747994734383,5
7937436083278724249,1
9842886711932559120,2
11115199219422269084,1
4827610253977232675,3
5316874319474598916,1
18358353388284409187,8
5489472836309443059,18
11389635033190969709,5
5840773493363773141,2
4178008445304383969,1
5793305195144020365,2
15385451174368063307,1
7503753944095489912,2
11450966507280934639,1
627293163034391152,2
17304263444332025606,6
1752601297018041170,10
11215374848236606711,120
4976228094566939292,21
14734329440847882351,2
8864684431240328188,1
6105271652035001697,1
6230742004578731283,10
469782841670064727,2
17241393164599813171,1
12914082376591873807,2
15222897257775963672,3
16462736328771054644,2
980879870980496473,3
17289253955288971127,2
4917950958519921519,2
11385712330840390666,2
17290574335631158076,1
2340850332979265742,1
1186271455041516023,12
11143958445499014896,2
3807182102991126556,9
8103278717560279845,4
13742813638714277151,2
4432620558459091878,1
14790987900562650035,2
13146079483008164745,4
16491198074152820840,1
15044146558456695026,2
11955200119730991141,2
6612621142566702698,1
2146536744368724583,58
6649549544125451191,7
223727945167267123,11
9937549604573988111,30
15601614316098776398,37
2586796018633044503,2
10027438034741287442,1
14284823005814614595,1
6691613023746758749,2
16939724054258163353,1
7939920560347563703,22
9516460241038956843,1
1113334865310562040,1
6705041844408096769,15
6428351134071783362,2
5067317161471349543,15
7034631303429965811,2
15642295502257969508,1
335487506662612724,1
5247252774873276281,1
10395944268949370487,2
5804725033535805035,2
682017047154937012,1
17923773268769665010,5
9755063863546182262,2
690431850581856408,19
4132450644294901566,1
820912007277742761,1
7521333049049863238,1
15215760017669754993,11
3515518675424652069,2
15697711407169065562,20
1956788964026542810,1
17824972504155979863,1
17677252302563715705,3
16960525817177471240,1
7431582771734648105,2
7542869021787840172,2
15430959331899414474,1
8937044691385130146,1
2883013637988252691,7
11726330601897972341,6
6537185240281482488,2
15606968931367655391,1
8574049564123862678,6
2360987615502577941,1
16653875022524854080,2
16261433242153315965,1
8880007920714669664,1
14526599457621152850,7
8015082416727794338,2
16727705736793174022,2
6340885579967761485,10
17128067744053520872,1
6980968075419230366,3
17447247102083013301,2
15641314871904639317,1
8710452186278964860,2
15868503792437504057,1
3801808274684357060,1
166565800452182300,1
11287040188319226329,2
2094514716478372926,1
2909498034466908311,3
12405078768847505961,5
4893101832139974872,2
4505561152192017721,9
16532274071197656114,6
14188587962706752275,2
16182659614891915686,1
10519282365111698246,2
5502255665418006193,2
1919716495020179870,7
10683455335808651818,2
9423218780676013544,7
17721310376484025792,2
13054297771251230197,2
16833419568333842570,18
3996654922248703306,2
9956414080451762071,3
10127649980474751318,2
4951024068598685235,1
12277062594588489030,2
6272454229490946855,3
6323279481560590735,2
10454714017478728037,1
14686325167501552263,2
2489097038317376187,1
6768057736210175744,2
14055450869844395924,1
5352751597767436166,1
6147174578952049335,1
7671683124000912228,3359
10017965873197045192,1
7264705988467950610,2
8148452019966239433,26
7762750114891243718,1
11291266332089240572,1
9352002698302538964,26
13420432231444114453,1
732856080133627700,5
8534499518167177844,3
8515347683411082029,6
9442780118762179607,4
2454684835302385360,2
1940870273879822089,1
3992792247151028006,2
693947880100563371,2
7781025284801343787,2
16951403945019796523,1
14000697217806743653,1
6560901658052794343,2
30242915097898081,1
2018185082640288750,1
292872713809803825,2
16139795345077125106,2
13989060525206300331,3
8769286423223265739,2
1775742190313044665,3
16971270330331551017,5
12746557574137786988,1
5436359924428662500,1
9463782430054658879,1
12321389569242205247,1
14698948448700289749,2
16267606445462510612,1
16647492938333748980,3
4314797998950643693,1
14396237964006618227,2
8372730614541634779,2
18172106474078875197,1
11700783677977611149,10
4185067373845076942,2
13123368386866933145,2
13876006883406379623,1
3337150670435231759,1
9193431647585061041,2
16619600861109796227,2
10308134269371929343,4
1814130832404573701,1
827005998230726137,2
5664196605232070551,1
17056479158482160502,2
4684606903239328876,2
5917525842406576302,50
5702354758618687709,1
17906552618237896896,90
5356507679959197301,2
3920448332842011229,2
4440518267784085266,7
7883497066387016002,7
9483947222136043471,2
10380920308784806327,2
8815543154323049233,2
1735646626502673126,1
1472660676996472124,1
9144710974571698974,6
11408837708778540709,1
14115999848596243108,1
16494503803861700692,2
13652811755656950102,2
9531347320042176543,4
10040171703736240866,4
3886939784221521295,6
4346492463074316565,3
7291790862425409305,7
15083047720320395545,13
9808012757962360807,2
8171434917043707551,1
4538874768532135925,3
9058708764430505206,1
15030523313912516885,3
8526565509881597467,1
5199000215645545546,2
9700873220561168001,1
442533781424828268,1
5181137312205582970,1
13984552368975398724,1
9605005852567576486,27
438955132147295269,2
8823597070419896094,650
5313234881652592862,1
13833929471806028862,2
11305298759810380154,2
3569916092702642034,2
15810552968222954391,4
1664356848049895811,3
10864434845170954005,1
16715788305107603423,2
2301268280504563711,2
6030343165736472880,12
14838330001304676704,2
11775582132405246265,1
7424677298956469817,1
2197379173972932499,7
4345038817319351595,2
663499961618344055,3
12458356407951034291,2
4214008637872916573,7
17036180160116400580,1
10225122884005990052,2
2478444000808962425,45
4783447653487470200,1
17935387331620984849,10
4617077915406457965,57
4611133868601077069,3
4016883477870287336,2
3134265002336814372,1
14544488915442975299,4
17005601095016719520,22
10883000101102385755,1
7009151035701506573,154
13477302854863095250,1
17602619691389770668,8
13021803073524326840,1
6715676205003192884,1
16284910829400420635,2
7328251808135801111,1
5671845077757198553,2
3902258655829463252,2
4081868356939093677,2
4880971280196805785,2
994509977665512916,1
10399455813215572034,1
7177063151978774704,5
9908617499307364227,1
40348487378163982,1
8941838754079274196,40
9269124517048171642,11
8603521279669987643,2
4795121151762333684,1
4814158345636353442,1
2231957323648166526,2
3692338824699252863,6
93610155105305063,1
9236189529850660544,6
5424020217304638885,3
15266140200456085339,1
3876758163229141811,1
1209425152485863048,2
5323262569677004443,1
8554641756254758033,2
12954322802095351206,12
12715571206896336187,2
14437780662240349922,56
12494168895267609301,7
8316152432094265186,1
14977350755456743274,2
8407795785955189605,1
16291504643446130217,1
13204933381082360801,9
11617341158385878395,2
5699778594479396546,1
10595797170014102232,2
9627107001869173049,7
12912973191651387558,2
5526181151450967362,2
16039385752499417051,2
12528205078818232018,2
3061795062629282015,3
3114961145998939502,2
6082482573682781853,1
14251017248767067805,7
4441965945665408827,51
5489534108688703547,1
2036105331421753003,2
1513071053280241784,1
8473762047906128550,24
17474618067738587649,1
5055916175235737072,1
9949328778791996148,13
2703751236893735524,1
4516960881225372775,3
1823937137933501085,6
6142083305163084247,104
7294793588399894893,1
541522561004716670,2
11664221856824167605,3
7696238839028462393,19
1612948535128221090,1
3765096652817620546,1
8833082728037050841,4
5873978330328453650,23
4009652224074756642,1
15663750433268948561,1
11955221522327102047,2
16872471969340053331,2
7500561205814223886,2
13062428607478485839,2
15938236117638923598,2
16972098704508695568,1
12958059074668389166,1
2275214329166287959,2
18330089344648182803,2
15294338460873971941,2
4500869338603652074,2
2468257310790876789,1
12700552617945882928,2
10267722996142844200,2
4744699413061352776,1
16917175728908258152,7
12771890317075460427,1
14455424489551361511,1
7784505118417518731,1
17426407082992218442,1
12517595005970678614,2
4942525489054892024,23
18064223956744563131,11
10164108988829169234,1
14876610529737284028,3
4641419719455691804,2
1335868261493797891,59
18170326836027065781,5
1284060473802537380,14
16861498030500034851,3
8542148575877602663,1
13281070256076460588,2
2664575101319720892,2
16764253116182596694,1
5481260204243443512,2
16164855277868377480,2
12584336335988678214,2
15363562925924947708,5
8316282754790849566,2
4251469312938778058,1
17634536000538442779,1
1104273838785055792,42
6208418688472537930,1
11770936826504524080,3
9851164872544143077,1
14817366494526864478,13
9679038038497700586,2
10517794511049113950,1
9120844203387587613,1
8686133043423009879,1
17103174377045094941,223
6008320817710522839,1
8832738477332926948,1
1556773462560537574,3
6988706433365689717,6
13410247010687029283,1
4523168013609514814,2
15023328467397941610,1
8210219570444489555,2
1277332219892863179,4
9566806552365500199,3
9752332312815739767,2
16642597470599795111,5
6762598790620846597,7
13551276305522996417,1
14943781857419729026,2
5946555946131590740,2
13931705614352207319,2
7322508174774559694,26
12250775499692862399,11
15863434292017456521,5
13004595487292028092,2
12881404564675540832,2
10834473178387424890,14
3630499442101869661,2
15098540899657742432,8
12694280963567276815,4
3461883181463449010,3
10568546489624697361,2
868193718565847440,2
16396668818057846522,1
2733642783644050393,1
2454560959440771266,2
14558982650291695061,2
7499764840555810160,2
4369807358697061753,8
6330963486498494674,2
1108450744209124001,1
13639627951485904961,2
163779823105169798,222
7652213006864855857,2
7326026826466336936,1
9219434233353162541,2
10279209671469934984,2
4487154230720069259,1
17169568032653440895,1
7457856777967800997,1
16620763823144064337,3
134958581220838782,1
18228472238276576825,1
12929964650577100645,128
11884554733241634012,2
5767070726573543202,1
8469464930151757682,1
5067242281105485403,20
12859704067706351465,2
3085695010193787702,2
7121307806988207061,7
5322724712905060282,2
10441093620891517214,2
6616887793944034679,3
9986791022591048577,1
7970256020861066774,2
16281255892922358299,31
14290752757839780505,1
1857992556104421264,2
3766275716312326012,763
6991961409210127577,1
12600515749696062689,1
9603652470156889644,1
17516263197980971680,13
1212378617314005450,1
3052289849319286382,5
17104078270874296135,2
17549045060005964440,1
3176448102431440835,2
1339998792246856171,1
2375521945273031136,2
1420195333403474777,2
4434285100191848934,1
17359377795562842892,2
4958924598530626675,2
6718229840253370522,3
13726001050514597447,3
12464974041723925512,2
9463679042648444781,2
3971015220727138973,5
7682047337886973702,1
2201436296866139822,2
7965945231711923520,2
2131556447855889174,2
3242180885324693201,5
14378254638657435694,1
12550415096078782469,1
9781568063032976535,2
14237039272413065610,2
16150361973934060076,7
11148923873096640748,1
8376384949602984639,1
13361092092552001009,1
2061452742969987289,2
4348574511835149374,1
2134309804844382093,2
14782974071046888350,2
15602747950549038239,1
10320682838916316832,1
4808554033733646692,29
9135167178885615737,1
16229171746596220318,8
11220991602309010293,1
3025280077528989123,1
17124640583282281026,2
5082753568504828895,4
3560085882862556226,2
5901988381150916669,4
14151356977168226414,10
9857576411951800302,1
13261340439319223064,1
11874834065678317559,631
13184447820916151738,9
7179969006349763524,1
18233179256788130645,2
6594756095266746016,1
10185834030925878521,2
8803447176008442199,7
13759099591604860041,1
2299038664666465158,1
162633649611687444,4
3125235797091151874,1
8911380944647933483,2
10227112256002890002,17
7991975809292304886,5
10111565595444124779,1
17116120029178622630,4
657324619501052249,2
1394159093469937805,2
1685850001678674928,2
6332449006052406125,4
10414866964736362532,5
13770042781868394782,1
15498290904046604525,2
11383451989637397656,1
7598113711361085032,4
4227256607101421838,2
1447172034292810315,8
5761493478217147570,1
9358042915573201465,1
5650853502903214427,4
9739234232651180255,175
12494856108764638461,1
7501665870691016923,1
12489275200487100067,1
33138144148876745,1
17412564166609709104,1
891950369117685893,1
15029686755780426035,3
1366113951252243672,7
14600873110534835361,10
9066250781599859873,2
7910826772971758970,26
989252689610588513,100
14279033115493498759,2
16883440415963897424,3
6455829643650958874,1
13437108061836800940,1
12606065844047216405,2
4820460597638871311,4
733334237527785739,53
14040063337054908275,3
18234278809482449936,1
12980377356311228221,2
14966144002467706343,2
4288031030557147990,3
7397964813298278368,1
13250731483069592022,1
13087587195485131608,2
17725312762138547535,1
11565758227346977497,19
8232033504625411551,2
11117299087909718350,2
14150808427619551574,8
1479674013800238816,2
3188013226271418788,1
15567668282378596789,5
3093501084983662064,1
1594637987829996529,15
920770299445202603,1
4763248223455046611,2
17716577715087734541,1
13688648436643440557,3
6319005086475751144,1
8083534579901039794,1
3455574846327746994,1
18225915680720800271,2
9738578392531683904,1
14428985503326247593,1
14356553225046156310,20
11562264904634991954,1
6923786158039482620,24
17633924493677423263,2
12596817470208485150,2
8261719066300983183,2
3153069947999870251,2
16703315422783510897,2
10054386146295756795,1
17320405504366344203,5
3233219320035668571,3
15573932741089919522,1
4284835626998828604,2
7014809200251093133,25
10150075994691609528,8
6382105539715456241,1
1023496952042333122,1
15646134709691880095,1
14038994490171575105,2
8983869443975015921,2
2598829682923616712,1
2076829846761781841,11
7534200124328406099,1
2244914148377579949,1
11200826618433171390,11
13630782976397361078,11
779953881600125708,2
17899250452211081131,1
17867536499818926644,1
1356495015135417599,3
10594960816373580010,1
1213120920172389424,1
14132124721014692629,7
3619576550703951358,1
1151233518438348317,1
13492156047285089387,117
5322053493634336288,1
1658145332778342887,1
15452125426150997290,1
4288165328597657529,1
17016573177504055645,38
8151953428151134589,2
17928281629682030734,2
15407283057454375919,1
2415762785828359530,18
6773392109220480529,1
17924825644097150104,1
10673843014650102756,24
10600751420750157122,1
9359049222521777976,1
8190459284029913668,2
9810757960056610299,2
16979705343957837345,2
5848554928484034128,2
17003164513118388306,2
14091341299453706078,61
55749657855582058,4
814953010028112780,2
10697123383256176886,1
10536845250373991933,1
10399663268672680368,1
3312745457816311931,14
5322472305664021342,10
13029071059153655550,2
1598609857132005983,1
15954737555482297811,93
6410278178572249972,1
5492114849267305756,1
7298881026975453187,1
14430672291525839928,11
15940835132460442863,2
13927384109947566471,2
3179949095877226510,1
6945683290814823162,6
4885450247251971816,2
10125665602938038351,5
18176872479641372318,4
9137476511156099299,1
6131044386513039107,2
16032157170104616173,2
8799728979577081405,1
17384376248014716564,4
15318901200810798834,12
674382714860908213,2
9426523237649736254,2
15273268447505376372,7
5374235047952010152,1
7435789328817666378,2
9799804105490734027,2
675769466721463374,2
1981993678046178543,62
13017569302134900967,2
7865331782867751387,11
9528659741655312040,30
2282640425300994105,7
5387350212903035578,1
874708051859025438,1
3188047453503442929,64
13971421217511387800,2
4932869934041370063,2
8702874138357891458,13
11661839994737594497,1
13487280402037270461,30
8035496084417748045,1
8793523944089785912,1
17139207571788043794,8
13352754980254762211,2
17332953860780712583,5
13914108824244457781,1
12874731373432311483,2
12032707885201302430,2
1272919882236981581,15
12644771948584611017,2
12260290238064800049,2
4007234661853973327,1
6751383724804704759,3
12629870427647147111,2
8251422836122963177,1
13098819786033106453,2
13748068122573311346,1
6943029351802501833,1
969631116734237299,128
6035738264799127491,1
11280038261957885782,2
17568936592147342595,1
15427419309582222713,1
4944809090814885019,14
8108422764115986259,1
13717456061853893639,2
998006075622461312,1
5860216283190278902,4
6820390376833051664,2
3800469346617668488,1
13500815333861576912,2
13414499846435351994,1
8641100642809127416,2
15024088117650197282,2
2652105148958700005,1
16004773412589327197,7
1667742840024186149,1
4383685167525752165,2
16581847483620229846,3
4116035303396004873,1
4764020483563387202,3
16843030990707810327,1
13858033905841504111,1
7154153892177259595,2
10197466417877568023,1
59526922408096794,4
4915681974404465152,2
3411915497488551258,2
10814267942471678258,2
1133490550885614827,2
7185139449882702653,6
14005904596601371797,1
15027506021740705241,2
14995465752117907545,12
15501867054234062267,2
494243191420503582,1
9331605568536579701,1
6742237814819589392,3
2257718810737667602,3
13703423374616945994,7
14852961823235011016,1
14878971582533293073,2
13819232775350146807,12
17307637098191165303,2
14939929523879525833,2
15067857682408175303,3
16331413575784931922,2
10787048092804990481,2
11923478672910632871,1
2326052251711854896,7
711667568736196620,1
17920765016064194815,1
9924486745285330557,5
10809791963064336729,2
10112362332083393465,2
11961222159233961974,1
11475451694038732021,1
7272634111328854164,2
2337954572055249846,3
5033987206931612254,1
3373280275737031366,2
12902386060134093501,6
13912253112697995399,1
16450163165413532421,1
137770689258201052,2
2580208136946701426,27
2976213124005262324,1
1450502356721491956,2
5977227288931267074,7
1668942238372838339,1
10473780050578254289,1
14686128855801046878,8
1488055708909130942,1
10950300016547126399,2
8492954197950055520,1
16917705960051112349,3
5127639913773917854,3
6362541775244303018,3
8677763324341349550,9
12504417408833831470,2
14026619896256124747,1
9016102782955990745,2
16855190901634928353,4
1390736350809250694,14
559086501359645139,1
15833695924693092895,2
6139435470377928575,2
10790581561388789149,1
9160290326425553033,1
7047913066901521422,4
11849884629547456041,3
3916834192640596454,1
9574988284409345987,2
11038854165356212354,1
11546431557918705261,96
14980626030353526083,11
15853676501567211572,4
7125382169539441059,1
14337939271155646693,1
6994860963893119756,1
16234969380979539841,17
3350499328048406547,1
10320388030598397957,1
14584064286279085541,1
13847403739772239232,30
15010407550927264977,3
1088290837562918048,14
5089375630275467902,3
9564247056317237001,3
5227682151683495306,2
14019370320319897283,39
6560831398605715373,2
7177469514223557295,1
1678485112982270633,2
98176549362949539,1
2841496362576890120,2
12027073567019727739,2
2962247134211315563,1
6572601954347620454,1
17724061478892707246,4
3837636614377736253,2
13810808576152912775,3
1705565104785296357,2
7004579374757928439,8
1569523700886177072,15
12865202463108477288,2
3036485291262726121,2
1912100874239626856,2
8251064116160657353,10
1834532475242376569,1
14841932163151732929,2
9981595264578704145,3
6034314674361315399,2
326821487257001951,3
1349608181787541632,2
273789690387052866,1
10745173173292535370,61
7219985995691228182,2
11537030907566473524,10
10905619793178254616,2
6500649477058597940,9
5394810297428966266,2
12662792115969170980,1
11012563203813157098,3
1836297991597836876,3
17031968639940711634,1
9253395759515789532,118
3037895747942383975,2
4758642595304451528,1
14636532366034047440,2
5690484265955853949,1
1105567332769974399,1
527203308004272953,1
6053922572074772721,1
506716241642303299,2
8953734726269535898,6
4409083601458539370,2
15469749215679372835,1
2519508575682215986,2
5309180357715312946,2
3243370185846528276,5
7836496943177924226,2
1798347408693081465,3
11035720358304423601,2
18225932880896140881,7
1916063360418605930,1
14182386515466579520,1023
4219455801357089570,1
11601740265604919126,2
5844933657223275834,8
14867945136911069660,3
9066743261326740582,1
10639649131816622780,2
11400954220605255589,2
12211197356242862308,2
10832398153536313125,10
17072366551714388615,1
5668358740051315675,2
4739766383782865609,8
7644870879113020625,1
8736356441287018918,2
1736932269546945978,8
16829922868303113203,1
16804746264271386272,1
10917874874685439333,1
14653397794439254206,2
13718907566721677012,2
705974715747327416,5
12422932290755388529,3
188426406417045330,1
12555682034257212789,13
9407462731120973987,2
5240374133488428693,1
15325773017838154755,1
4289094424897794572,8
36775467077913886,1
17239683901152596132,1
3522981929688234121,1
7856837395435925457,2
4436674451993648448,1
12020314299781844581,2
15157545366011392479,2
11521623084294942497,12
9078329275632414513,4
4856904839673750763,32
15370103546815290720,1
4722969254982837920,1
1053480844717364560,9
15067909197113046539,3
14103927153410147467,1
7833852043512836653,2
17393475646191140189,4
11199527059315481933,3
7365099335747808732,2
3061197408672862186,1
15390021139530392588,1
10528202667091326874,1
10219359001155689788,1
2414695539237411779,2
9585791330926377934,1
13667993398019482669,4
1325548990067800001,8
12396833591434930818,5
14056078990013827382,2
1998840036618654081,4
10610031157174590731,2
1174512414587556911,2
4269181455606975485,25
2199533927295129749,1
5340828810354311938,9
2017504633433387787,2
12547012744853548093,1
5015660111215456810,3
17574626938680049206,1
8493795828143541952,2
11790053398701782479,10
6609784640608271032,2
1677260873042560828,8
6188099903862461160,5
7845124066568323372,3
13244014417396401302,2
7858052285584055288,1
5384362746952265628,3
17744545395077853678,2
7408210447778919438,3
10224701567274396390,2
3419733923964790767,2
11089380696521429017,1
18065187404331741399,2
12183178835546887929,2
13040290932950945054,3
9913236358377860971,2
6028547313131822580,1
15910735718370761584,2
9774763882970582360,5
2293107986644727417,1
10977935099356345844,2
8997723810050571183,1
1372375670420124993,7
6191967011789657104,18
12455444058970702995,1
18021909130044710859,1
13967474346537178928,2
16269819335069286664,1
227762919603763580,2
5357454665232564029,1
2733935284839000081,8
3888913267806865513,2
7439072072664856270,1
15943807999608781159,6
3073425545321692647,1
8521959101811143455,2
5835682215430080997,1
12334226599228835130,7
544329609330761172,2
11670585194909330950,1
7183830837545480624,11
17559802440719376451,7
14729140543759398454,1
16824453009023237830,1
6239804445757080699,2
5193225792106482820,3
3553058075932001624,1
15873825966652876878,2
9119425394744778314,2
294712072361204110,1
217129466369857116,2
2858740742556787159,3
2203119314918833131,2
12772758257088219815,6
17149759281883437155,4
10192628868104408833,2
3077993045491164858,2
2449796192936002294,1
2450081156271596143,5
10281635440490465481,4
4324201908827225219,2
13772898326098696954,1
10967703144422858919,8
17187382035874178271,2
230315578933571611,1
4786017971709532556,2
17546890058919965853,2
16088769799080669582,1
2477171410377409590,2
12103246936775797707,1
10456582026470547988,7
13934470943275461261,49
14430238292710255201,1
18185220719567006655,1
12379718575476803565,1
4579221240151262356,2
13669654659421334686,10
12115245901508861226,2
13311477479993417375,2
9875361245469991021,9
2842995460651562227,2
7589011450989495016,1
785741725430289557,3
1854803066248934763,1
3901854024213218447,2
10795221562364233440,2
13009730544536922424,1
5842809657434292618,4
10666530262706803642,3
6136774578502021784,2
5338702589787474871,1
5773758094246090257,2
13931961229900896916,26
14202061052091814358,1
3430628798554635813,9
6258110138585838215,1
17136504452835449202,2
6779826792500315877,1
3537443555886766092,2
5990500465379707333,2
3971620037113019774,1
4195543705449798605,1
12223678040755272331,2
9461823280815020890,1
3843604592062904980,2
14067845363218429500,1
16733530070817819663,1
7821063738639174275,2
12498521401420080985,1
1580688332967829407,1
835365056595334295,3
1942499237361694604,2
17232469335150442443,1
5459870805750223855,68
8137779786542132617,6
8862667945593130111,2
5760267348113612112,32
1841980016314712817,1
17604984029867631707,5
631522467638898947,1
10285025382997562496,1
3568400092688955430,3
3571180141034447349,67
15847232420506911944,1
15951396502951103010,2
2608548754377277424,4
18386725639760382334,1
15142032296005362639,2
1921555718580976578,1
17972517829022618978,2
14985942432234730729,28
16737423646908458394,1
8604287412236505198,1
16790439909256054324,2
3521067290591483017,3
278382050354243821,1
5915148316709605384,1
12200161983322158326,1
9096002451279934702,2
2182198658887623341,2
9318126008881316869,1
18022894513795093884,1
16340148649364848962,3
1310928152222245688,2
14323982243982599519,1
17665207358326310313,43
10679459295856375783,3
15719613358493127611,1
17985824495022817891,1
7429109853194472648,2
11026292187159845556,2
12309985946598547286,2
1135879526498828551,2
16198506366546178714,1
17894792872432310836,4
14165307851567428742,93
1380745561351407766,10
11115014632180520952,1
13008645550312095840,2
11360475318799260258,1948
9686808488843872571,15
10164606768860702920,3
18350188077463850084,1
10644040746256820476,5
17300701696438843839,1
6094599987437932485,1
3308953429756203264,39
17191394600147526827,7
10476696455914785715,2
1573112939427687833,1
13319722411385567745,2
14569683062865963813,1
8779374744828038234,2
11879924495635949731,2
17134641188994126743,2
17186456983516967423,1
6757177573646247461,22
12199617466227253851,2
14202383145024251522,1
3916554568720105532,1
10350476520278912442,1
3056112482372681931,2
2279789180020449784,2
484213768382711459,3
18177288798142947333,2
5394128556711802734,3
1877217461724269196,4
4731147647625610224,2
14533522308023377237,1
17854998461340104539,2
12815309745858011648,1
16480466650381036498,69
871647812374702625,16
15384882693979479934,1
7702604263469605927,1
14873006036200060028,1
7821995572621113593,1
1886989854661852228,36
1748076288882267653,2
11592156460994408049,2
11795069294240340258,2
12674192551530177158,56
11792309779257760267,1
14245640823802634538,11
17430475325756429900,1
17211598581875513606,2
11896143482795688873,2
6553489040090726024,41
10847614403850949209,1
3365937101106212346,4
254603939502606289,6
4138703318676181118,5
5726919930451124316,1
18022392011907833102,1
5833154049946440824,2
11002252586294194139,1
15516912543549370450,2
10059810286518712502,1
16865371868478371872,7
10436103106963746184,8
17414588193718624360,5
436595351120044008,2
5896562366993291344,17
3583350873180723996,7
2133090707500231711,2
16644599818446010647,2
10637586138055924136,2
8368053114369414665,2
2547491153204910685,2
15386043303038542361,2
1823849155959488856,4
11724673608623549745,5
1194059884405644908,7
13363993359320212734,1
7633373619001566175,1
13306771387878814878,2
2478109884018036953,108
3181473364800140499,1
2095666528465288079,2
7612947525693192962,1
14715396439652774920,1
1751609497477276940,1
16961603065469808149,1
15312514843695797524,2
2571108426910048362,2
578981574430906971,1
14566876345671499681,9
2247268441319681443,5
10706759120355665835,1
18048557527303955924,2
6123847432859189849,2
7915435139412025514,1
7338182519738975922,4
17610978114892751496,1
1579691103383791038,1
13566889439160349950,1
2755006983271334255,10
17891193268368576793,3
11400828409409067328,36
7385101195331819623,4
11396284490064611252,2
11192316593141461110,3
5810347228507544637,6
11807114087628935251,6
17389553179926232480,1
3751638765278959810,61
8993775671435259820,4
14065652632983469383,1
8874688837461420694,1
3209597363275000005,2
11029796919108324335,14
11817455867826002027,2
15767793025970187052,1
9795176756036183194,3
225069165764986417,2
17318568842482606399,2
10789366782214632512,1
8099597349168744401,2
8483546479436259058,1
10652238397087393391,1
11324492238121020658,5
1644540631280557560,1
8029809052169061075,2
8201378605181720318,1
9289690560243243547,1
7160962823495530876,2
10998793299135331355,1
2812830720275019557,1
13376081238676681123,1
718713246201709998,96
2196943624254194820,1
14254020898363942526,2
12763984994240460940,1
6128340717089029546,5
15886496368759132814,1
2393184344256985260,1
5221653000643095970,24
3963257988941386765,1
14535334709686155787,1
11204655851641407347,2
8557521076174220878,1
6289948661920597106,1
15385848125937319742,3
8323257352425484576,1
16983518548710721019,2
3638173556353417522,1
7142845036438667185,2
15728133711034574766,2
15003947638864685495,1
3221761426089433982,5
6886865334382960874,6
5065848024022564322,1
6701831352007020402,2
14146642410947422211,1
15274601856751700000,2
10748481961799054071,206
16952205422127513658,3
2088508688665658089,1
13673947534405901675,1
17833920711745867974,2
16810644401402512778,2
13708995330123194081,1
2033538613029909474,7
11696009207752714297,18
3811480038771465051,8
2449686864043300866,1
8686008283588344608,2
14541403173709299688,1
2286332065722000591,1
9497631908759562010,1
14731483293040553181,1
8179522569056844965,29
15976344461576516361,2
17145600987084702386,3
8333519989300472328,1
7638493070270009632,2
7646978150981748828,1
14805434189032784895,2
4421709661579753454,1
12967428295748647841,1
12242969423122818817,1
6211237973763005318,4
16237983977613298399,2
8449849140364777573,1
316561619216806463,2
18339481766752974764,1
1108825020626419894,2
677572876036238000,1
8053082345851020471,6
18425327905977583068,1
14017899831450977115,257
18105787739952888116,7
6993343624498432360,1
12266087102082247798,1
12753913509070320441,1
1591214922498297226,2
15446928776294367778,23
11066728527376386245,1
8489780250895501115,2
18282641646932400162,3
16117178800507605223,2
5916851551129880338,1
15565811406977020919,1
2909867477978940690,5
13998099068594309094,1
13740930244800770825,1
5355042087950698426,5
294071047078499244,2
12510976965565621587,2
3438240351773820834,5
11873243665791548323,8
2130468362809174278,2
10804998432448546599,1
7770154757063700772,3
3746058771924269462,2
4062894855438098327,2
11248312275921648453,3
2826285099054142295,2
9192643951349601160,2
1278581156165268397,2
12341563418970625419,1
14490743775554611744,1
13308135621918979637,1
11884724306360536711,1
14969168577445394055,2
6331163506739308387,2
11353398954313771715,2
2352808466393626544,1
4642318026279419607,1
1572867002773332658,2
11709773022292636506,2
10071929774204944274,18
12883106293271374516,5
12631117628039648960,1
14058849247159247565,1
17080911050130800064,1
7174083374277941287,2
10165907917299320667,2
6027627674427426198,19
3042689762547107922,2
3657154812703657245,1
17463290365868477880,1
7453605114787667253,2
3844096655385662213,1
9355946130114567288,6
18024909591597617506,1
7414593820667909050,1
10506726412976148773,1
10809444320306774178,5
17977584276745063850,1
12358485826615614023,1
9749863522707532470,1
2631432598691225305,1
4429326380231348064,3
17386393839654787843,3
2288120270592793698,1
8477990162456902639,3
1509209319273718440,2
6450751234829555691,3
17239556928821711474,50
7852755726443931839,2
17133259692672344889,34
1536121746942845240,2
8094667143668486497,8
1510070000701504986,392
13189320758262824651,1
5761703237935296938,5
3460119536152499562,3
10689121249100417897,38
2735705051883549220,2
14483496489686529655,37
11507971330129107375,2
13874556560918641754,1
15756861207915101471,2
11869540234809995248,2
16928551237372762834,2
6302072773582951585,3
17650009001486321765,2
6616106100818971118,1
14628562184871744298,2
17147028483187055837,1
11636578936196239875,2
3256729993945908428,1
9678286708991118694,3
2501005948605099344,5
2448699170777712350,12
2112121042963448806,1
3830025659601285758,1
2983351201560343462,1
3497438535284789124,4
14458641379009249214,1
1843586179801538133,10
12415311521299665254,2
18120110986905024415,37
7630623735841302755,18
13241324411749428750,2
3536153413243941814,2
5724795242180343685,2
4266178760297547659,5
11668102685011433408,133
15634456818076611746,1
1951196868514123595,1
12765843242688554259,2
188297846213929681,1
3823397857861817848,4
7456229337128993079,15
13587910086462408574,1
8803907140240039680,2
32333589537383106,4
15841861840879179530,2
781767557766597425,2
15747057503681764430,1
3390403409910668826,1
1190154165864983661,14
9746970471824392412,2
3249616757962551000,169
12261665645260950694,2
3244485182805287170,8
12050854497013997350,12
7184121440579037459,1
15093343041723452107,109
12327632816006419697,1
14297636997603603632,2
12668990999509608780,19
9849104390045362853,7
1767107713470118004,2
14169766928533838053,2
8789018268898187400,7
6271769086195600087,4
11149385860717433458,7
13920167874395048996,3
3621004089688076980,59
3962255016387346966,2
6917426603268149550,12
17044123977357501372,2
8855909140414388751,16
14112680278175893321,1
5472026233874166216,1
9602968163280795789,2
15123898628170319941,1
13706102873601389891,1
6010143874544719974,3
10920701089241291949,1
11268100203365505345,1
12476646000649871564,32
5195355969793941508,1
9896330434907253551,2
925921436126395260,1
14560332100209459341,7
17108255020043757497,1
5757576936612995567,3
13447153958713113601,2
12234545101929613060,2
5193063529841660299,1
3136916273440819239,3
3721591477428924201,1
16599466914298999206,2
8183012879742784592,28
8807062773039667274,3
13667136457387978404,2
10128721734640961297,7
8405371494834062075,2
18165669211865810258,2
7517234915324309999,1
17893937553541186123,2
2616123404061483251,2
15170995049156227026,2
7387897823840475986,2
8491970798174748649,10
6290231515872583715,2
13627976866160382202,26
10408373176857704141,2
9229647699228545513,5
8614882269518881742,1
3225558945499118844,2
10600154419972542195,5
14535192283075145845,2
17846715156218827776,2
10332054937679512196,2
13612198999871968851,1
16129271762608129924,2
13022398036033226743,4
13121791914808082183,68
3341510304310700608,2
12513392275169004889,4
8121394768514220217,2
7078989310734842629,1
69390325283717569,2
10989058908543292759,5
4203145600598003174,1
3763915735074411110,5
7397989541799083353,3
15523515513082780716,2
7449776650353422066,2
647218205223611633,1239
4670462487568676047,1
2452623383587496284,13
11566035670796242660,10
3609296914892823741,38
1682091916569757688,4
16303709843069937782,2
15616399572910682328,12
7279515677244774148,1
490288082654456635,2
5507003999745500198,15
14385800826887370962,2
9895917983975603836,1
14923357706086455591,2
800581151920950528,1
5554352338619013570,36
9893099692541443187,2
12542488087426002602,4
8376187660611534246,2
18414496857600918032,1
6054130409374596927,1
9372206289414209885,5
11973041351863839404,1
6170587962588940097,808
17443206269152993306,1
7717622304861883285,1243
16713828425493903187,5
18419958684692617148,2
3888475554399492859,1
6754054211361190094,10
4253093391881224593,1
4685281151290532481,3
11922402215189898229,2
5786162388791142725,1
759855361966505472,1
1262388862664303977,2
3301944512045560170,3
17859184394420464795,2
6699736321788846653,16
13190120038991678213,1
12699285338687868346,1
12474853797595253827,2
12057222399275720631,2
10190465681824864080,7
14375720965160101905,1
5232618216370743655,3
8921802869233554142,1
13904341280457882453,2
12811402003994939588,1
4676493363973069367,2
17979829045144334411,1
13492752757573573837,2
4872953943034176615,1
3644481843558881569,1
3787121712884798091,2
14030906182115576190,1
8962765336579926538,1
17655405864134942474,1
720404503046863976,3
6884627627037014091,5
13010246123868865046,2
10076289689899731087,3
9167664843590363720,18
1656499432436052223,12
6224450593230639590,2
3888389476278106674,5
9893226465412257582,1
11998593764751548683,1
12676432545102204656,2
12187555911614731274,1
7115512839460224648,1
10608677431214484264,1
2478360350661260591,2
14995061982869438958,1
16253947102484773323,1
9624435755936809976,1
15486554639355074748,3
1246594087812889271,2
5903941554816148804,1
4558867705939513320,1
12629954213552247094,1
10393508879899774946,2
15909408883666536181,87
3379633303294154026,5
4660172429118098629,2
7585872995035421989,2
16023896480163159006,2
2924105490723230872,4
10545196518114341356,2
14993575719466535733,2
15460309853927940408,1
5873197935929542397,34
2168949221339727817,1
15790050612179702559,5
14998410649580355613,1
2156377548575271964,1
11807954982315974029,1
9645322871257182570,7
17430077788769636688,53
13918936684182603073,2
16760465238306872165,8
6310142406174736439,2
11513535203565903609,2
9738810581496404652,2
16252754901405815297,2
5105663608699572056,1
17558030077933047710,1
12746584666637602846,298
17225327495158575759,25
13193450284179931024,2
15565581887869873304,2
6772631570118369965,34
12165463144413321963,1
15240788399782393576,6
15152699582440433639,2
9263221185861770908,1
16786992900895292548,5
8921748107503388105,1
6632650477867401176,8
17342107047075548788,1
1543757782310905835,2
16800762179604043590,2
10836143599267207909,10
8289926630286834654,4
16475198181156110208,2
16683091926394870579,2
14558079520493381514,2
16635427179718510675,15
13588819235071885898,2
4661065751006197897,2
10425630445089883738,2
55184754586541836,1
12207546393256979657,3
11262935671557438073,1
2595125392520227369,1
13526858076911711525,2
1633849168272601693,55
5698456555936941578,4
7073762180452187742,22
4746256233567612220,2
3225118587182873372,2
2612816748787963027,1
415282989697831380,1
9215560203752235984,2
12600318536012664576,13
14504307216069675765,2
7595876589951435740,1
16184975350283777424,2
17781479304323385999,1
15878186974317924465,20
11057539601353062085,4
13306721245506809059,12
1419211718950594836,5
9621105824295609709,2
370682729516333575,1
9660595201163570467,1
1515079721928713026,1
17832950442570358645,1
11195745048780390032,1
5129627285984891249,1
15881477649487619861,3
3553718920160680995,71
15178405988288231637,1197
1363101146462737284,1
5021513250657632305,3
11233328104328471537,20
13841470956047475220,1
14428639416627987249,2
4245404187743668589,10
1468653349476540291,4
17100816427972416613,2
18445170502421727638,2
6071236339631120355,2
17117236337848593540,2
12350660772815953192,4
25706645109965714,1
2382083502729171316,2
7294016801502970631,5
12549655280772016959,1
8554590312701955985,302
4058341797708090004,2
17560789734760313278,1
14704543288308812932,1
13045763844039468369,3
15205160394104606473,2
2216949179397945727,2
2561110368211840545,26
13339168465316447066,2
16745155122570471963,2
6380038515587511974,2
3527446413393737182,1
3764670405066436258,4
8269264263614295972,2
12092296540606983698,1
13954559205414376341,1
1817112272932065908,1
814877038180606410,1
14027264308349028654,4
4569468323039828052,2
15421980060065104302,1
8626911616362480355,5
6597422115489145366,1
14642350453298966840,5
15848489502528216879,2
14342553103567851477,23
7193470623174588290,2
3622881934876035825,10
3682778461604252234,29
3673992077742425294,84
14265045202401489518,1
3636094092090448526,1
12357335457384781980,2
7436382574052857626,2
6713206300080471247,2
5729159312263124900,1
848028907145304548,2
11253733119505526993,1
8226310448425605807,2
8423144061740094794,1
15192898411141982549,1
9793617710170327032,1
10833430603085127868,3
17483232281225018933,1
17531107094674969171,9
1405431701910739179,2
17225392829517865149,2
12916139153710813205,35
8843606611733007112,2
12654971650000055787,12
5797046835659693967,2
16559049622854668836,769
7045792422168197045,2
9848556173421920602,4
1625354565045837775,1
9245520852058168894,2
1362286815002536861,23
3540108166298149149,2
12480643255223050371,2
3917812989987962910,16
12767172207297554126,1
5567634223042391324,1
15798283687514799017,8
6114520744935007952,1
11887416167358865712,2
4996217894849764139,1
1702547261004832487,2
11255330279858877937,2
773838794470903283,1
16077092329820024014,10
6351599300165985605,1
17432177794820891340,1
18170142265457250563,2
5692036322842636343,1
3190230034049777409,1
12686034689244256678,2
9621218077975706239,2
18226957390971990207,2
3897548148804511927,27
16443218421258249930,2
9659199577453703430,1
5981645817971597467,2
7519406894576563386,2
12270647747448264760,1
8961448937638942763,58
8164253851871499153,1
9088997175960784668,1
17809162198718397222,8
7273969544296655985,33
6855510637798321914,1
11928616412124442382,1
9990075022767097890,1
13859655545579806509,2
14453984133403683840,3
5277072657355553942,2
3065787736990040900,5
15920692784093029218,1
14877328572812698482,12
16040254902444816845,1
17745132517293957408,1
2773895383766988336,1
5937132850545670081,2
10169435872368391751,1
15375388298744532077,1
11837481707707829222,1
1958546996551779426,2
12309014009824728119,1
12102263939925171702,8
16769153342414013710,1
3105010385231166587,1
14907034952789382647,4
6530183249801995922,5
16763278831437070210,1
12627169422478475984,4
17751642752488517362,2
9459348144621512796,2
12860753054184576344,1
11462766675795193990,1
4344409032397986719,9
17426018642960104924,2
14821550536652003840,4
11640828974765900361,3
16345793079715055,1
911037678996635578,3
3700149267597358872,2
7615898338374540116,2
8160487275813192874,54
17119037311296873351,1
15969469896659469861,2
524286928682311576,2
169125518915087035,3
2284157880113178300,2
7151160623013463761,5
1177548968354639888,68
2161716301727126228,1
2383193073744738070,1
5356940384169264913,1
10558857062762550048,2
5276089833071858688,2
643298040534696279,2
3160480909758655156,2
12584636518946308931,2
4339587503597919803,2
17093465133167063856,7
18395949231873548470,2
11964363627247126748,1
17023021447902743114,4
4809918901026147726,53
10716738117172804767,2
10151089196671956259,2
16207630050288051488,2
17446526503828594348,1
5361389096261769649,2
10851820088315699303,2
4309454188312206781,2
4547324610178975902,2
17516346890157908077,2
6315743932544771506,2
13129245909258407134,2
12197738272118729178,1
8448724810437645955,1
1956866741256065747,1
10860083546619008546,1
15476065941531519877,66
3830082341853204292,2
7787593539662381901,2
11674697972377081973,3
3312840738892467280,2
3153265929078884813,2
17920227534644199354,184
3617893088718383425,4
10269102686944604962,1
2115424188458538161,3
5545506259149222387,1
1230924623455329267,1
9435028192782161236,4
9859310083934088101,2
6104492077605262473,75
17180780107406901736,3
16343926394369302787,2
9317143089836397903,1
16317011771866810,1
14336556567528862409,2
9139325024873168518,139
6731420339300947881,41
1010608160135500866,1
15065496097843639278,2
16241550557881622680,2
12386582845446362580,4
7922260085882398540,2
17283500751088532786,3
12375677510526169165,3
7726744982885010892,5
12938172260046994867,1
3830775012328889665,3
14849411643055427905,2
10110032063993499205,2
16256594920030308106,1
12832751858835368207,2
17109431078946372430,2
484605711393049425,56
11831721022197003109,1
11278877148492260912,12
12450029074881241202,1
8265418881800018185,3
8231076020242983476,17
5659780287731435721,4
5858958341165141014,2
3727597452098367360,3
15259668869514659872,2
8061434376028320132,5
12062561542031641660,1
3254541254835081830,2
10432998519079820997,1
3895927813018633792,1
12627888495193800648,1
7641834529003669795,2
526520091212388927,21
15279038724181708799,3
1128271074095814693,4
11546101069001819569,5
14134856902271892620,1
5989708972579683359,7
6516909389273308549,5
6921548517859923029,1
3298169512249058976,2
10310852629196143956,2
5566223328625277134,1
17595194518866570304,3
3313139404658239874,10
16980334331512104700,13
16190937404407318449,8
4961062072087432104,2
8409140820558738771,8
7362565523162449,2
9528890589792379316,2
15926118701864413522,14
15220628548228139362,6
16462691497179622271,1
8314086516441938546,1
5147575693527151533,1
1446538243859416036,2
3805576780197996660,1
9177624773558288364,2
9974853757243396746,2
2336819266010670756,2
8374919201741202245,2
1527647598832614089,188
11425787484975304586,1
3004674795223211210,181
17330555136836822970,2
2553419664447689632,3
6991325670527421025,1
8144345907579120546,1
8911242039449041290,1
15519442513042489708,2
16152997046116208270,42
883593892180852843,9
10340975155076884,13
13824055717280516183,4
8637623151489675644,2
1302293110456896894,3
15188873518463635632,1
15260146242537298696,2
11179041050303275104,2
9419057142825344373,1
6199087663784186776,3
14735067888020972616,1
13136107404071217378,2
12940069537399969534,1
15712070552339624873,3
3373105260623457490,6
9137236077723819644,1
7501272418241759213,2
6862406801899946485,1
6797110593865890788,1
15900902559807499843,3
5077002327112749438,1
7153664150190888939,8
7934373096976858890,2
14336281267927154280,306
8275596223842816679,1
13125204353878302650,1
9762567005814202381,2
17041618436414997123,1
5036944608959423727,1
612654122368312888,9
15899940854836397064,1
4360831824291752806,1
2961388486020267970,1
11026960432643432286,2
4816328116538692018,6
3918206272057333683,4
17406155918921402475,4
4105226982934496472,1
8134526989940094644,2
2517034201504626223,2
15398842063631145472,1
18402879493624524053,1
15449318286799698675,1
10110325781847718738,2
12326683829966567329,2
3271188236937023128,1
7742133416012585573,1
7349484854436959328,6
4878743827980659594,12
11437333638199961531,1
15150232520181692157,7
15174288117102128414,6
13373323437858612846,56
16695168506124247481,1
6757450426277066430,13
7127091691218694056,4
14663850160553740354,1
1816894013172545311,1
11751013337007676433,2
16251711573056901416,1
7900916204854582489,6
16056742396094481954,1
16219363045748067380,5
17105910598173241417,1
11531941821912201493,2
1041423299706082077,30
14813371412180660126,1
4512505260228981438,5
17565932215726064358,2
16567972167820016417,10
5213443462013499202,6
4007912589548107045,1143
7976079852861109979,1
14005189963375693707,5
15783946368214340382,2
668615386448221542,1
3184938339749977998,3
16291143338021369411,1
16992257070510761823,2
9494672786050677376,1
4704473575872779494,1
9029012605700994693,1
1640351573278454837,2
192435733973663309,6
7456280602929935999,14
8630701235827701665,46
2507004583523580973,3
10753713721342971026,16
7670169815292872147,16
11891367686175808707,1
8381234059559614937,6
6791007158748481812,1
10121792709312173930,1
14207905588629812876,2
5001793477963933870,3
4799310849365187776,2
9899789341460784258,7
17404938661229636681,2
6895547972175051035,1
16346609317171343278,2
9144814676033767675,5
10643716438837506660,50
16543268181308119827,2
17187076977346783943,2
11809908057491485186,2
6397768099799061670,1
12252415695732638731,10
12437709644868397929,6
9793236280333154748,2
14948797435012463651,19
17790445189073444496,1
3650936561204260332,2
785340583321774350,3
3488303965899370635,3
17114534602598378601,1
15827810035190959878,5
9452033702043911926,465
2600262241528571200,1
14195717461486228605,35
64670516831129718,6
12887682314020418138,1
12211317489386050262,69
6528988815966429401,65
14033158945703510886,1
1146982409044832998,2
709246132462027545,3
10166136099893087648,6
4905107688537746157,1
17817893685119479017,1
2462314040787304891,2
18193025638072070148,235
15689366605251200433,16
844374396755850437,2
108198557757922706,5
12536385080615474640,1
11789751656542938125,1
11290075209154991366,1
17961063260792084950,3
17957297650054007998,1
11934877978886564924,1
5063975714350864520,1
4025792069082111046,63
9653414374525838619,1
7822327523278699187,8
14126000216228849254,4
13622519501145523757,4
1013210830742591248,2
14997840470796263058,1
4033934163271818090,248
10950067684985875645,2
12998267807533119457,2
9544550595211775392,1
3998091439147295032,1
2943231842110603233,1
13707275639591945180,2
15338313457495093802,1
6329580732095432933,3
7549762187954065265,142
17121097327551623675,1
15849515897898023347,6
5265616972884566717,1
14942900037625764439,19
18269093948461575898,4
15393308300185582026,2
14530837011869868350,2
5599176487142916274,9
1054709770459982224,1
16940245654519294647,1
12954477248451223929,2
245538926471523907,5
15203397278279476172,1
14566914582644170423,6
8730477087550702300,2
12273676860144050449,1
5663087314433795870,2
7476419216685694107,2
14194993156871082846,2
10237733072708826109,2
2701366088303606085,1
9402090297528949822,1
1874394290851768904,14
16957289647672224944,2
2271123048466222105,1
4111453923147259421,42
9174870154605592809,1
1947943905651411736,2
16310455888329967767,1
4758869699669906686,11
5188460162320068194,1
13528011033071369355,2
13912935442869221659,1
11838754661324774662,2
1962933412805860929,1
12012065800150648712,1
10224079943265182993,2
6931908077045611113,17
8953583804004052814,14
3309060635472878383,2
4131344366185307507,2
17413120076504516292,9
14042863818910285934,1
13906719907119988914,1
3603924838127677557,90
71899282576955847,2
1244295282227441512,1
1379563813302713776,2
2137926811804469976,1
2798131141099678329,1
4732187324209861969,2
5828756678917452939,1
289987172145119887,2
2763270175763502373,1
9774930344210452794,5
896641737560425811,1
907079686582133809,2
2379616208454293485,28
13439956928586016697,1
15114517052168123381,1
1753111926753954059,2
17285618684461465786,2
2919137635178468712,1
7742066673500398470,9
14078219133192837305,1
10844954555651746211,5
17696282991019413849,2
559302340345372946,2
5699281902180256664,2
7105033551945624795,1
6088604360060170493,11
10530432796073705202,6
18358171345223778346,2
2824049749836434335,4
14140723971948567532,2
11769126464524148707,49
8721302022302894713,340
1366901379991862522,2
11386785195185993896,2
6864976815191033035,15
15658792501262546521,2
9083777313919212339,1
14592552347302647715,1
18301509300787933483,2
4173399282239309371,2
18319727332947661819,4
2071978466684212693,2
2044180529267087668,1
317471122880223829,2
14453974806826218455,1
4488747731168686506,1
11626418829113461781,2
1541408467310807178,1
5891416566997692877,1
12116805318917135856,1
1078582710545684381,1
794768631008078676,2
2631542657660208626,1
10257688039361669298,1
6205426569715553768,1
6146976323502897751,1
7587233255235932359,2
11157013058770120132,2
10232622931950738582,2
12185747019614470237,5
98514119088275830,9
17604947371560161368,12
16121102038803542640,16
15092589496006341302,2
16720689483244819367,1
14627549192020131025,5
6821265092426243521,2
15462724190811362207,2
14666680046120030042,2
13581129284727655017,1
2984350524780769857,1
9566252214939893560,14
731925275062509233,1
714651041047199712,10
18070127037692992486,7
7762058151541015060,1
3077761208077653544,1
7280917828077583225,2
17873127996659429287,3
6736025601474651419,7
11525897424793296289,48
10229092357908360689,2
4857062590974471654,1
13751517590159477260,1
3344227312945028168,2
1849315792461180566,2
3752311862459394128,2
11660894754733214042,2
1806961712793616058,1
5859770372535576521,1
9919388179210764178,2
2102434561511002268,2
17135951632748847990,1
10197209159731334330,2
16185125338936035643,2
10552959169638126136,36
12243318434100699685,1
4871396162110792320,2
12140593896191676459,1
11701031691003404276,1
15914192009926888667,1
14556685174518349964,2
13978940203127653409,2
11492126145911170209,2
10013762531271848447,1
97586153276620376,8
6721099070364692716,6
12914754475043638919,68
3031077900954553886,2
15664995687795188154,1
4450657710742931195,4
4445283436603022884,7
14326418278968542474,10
16076234108587884444,2
7481886194236926364,2
11934629692049906412,9
9887621819534816318,1
15770577040102469912,23
7944212465724439943,1
11618792849396385723,12
8973514738972717035,1
984627307273889794,1
14539675284500696556,1
8528140560363700849,1
6268206667158065632,1
1173824121862769123,1
2669052981656213488,2
15507946085875414587,63
15625386318918635516,2
11954147594627517333,3
7049794982066461128,1
2430876416921409410,3
10283957132100958374,1
1375054036809665779,2
9483413791854979360,1
12116690147157422957,1
4593939246997430400,1
5824337258245358900,1
13557876074901673145,7
11149235142962182038,2
14764780945340305971,1
1969719839316330872,2
13957934847794908327,2
4296622915882385879,1
6939533421145927347,1
6598933691686579381,1
12586472235369857816,2
6408843983795725880,7
4058545790776567702,1
3239346738021680364,1
10531470202015474602,2
5000522495697932488,2
11283900731644576426,8
12168135932260791478,2
2814612606265761170,5
5746377183266153347,1
515605007735670295,2
2147202356137749414,2
12192276824760648346,1
4994785625670569266,7
932270328378619618,2
6892186694626133530,1
10856509896144336923,5
392686768704080132,126
3998771719182232836,1
6756405018021477180,2
14166710453274610967,2
4792019425653180695,6
18092416252161017254,1
1207760580331875200,2
3608838381712201134,2
13064273219694075051,2
6954226035808344362,1
11132087940879751141,1
15468537050212155895,1
13804256728557849801,1328
11291852426177019729,2
309121413660690637,2
8218422408503476557,2
14669957803144878647,8
13722856709038285088,1
12602049083159759960,21
11953602941880730361,1
15617387027716503071,11
18213653947312103737,1
12281157659174666450,1
17176837545156104941,1
957338169979275018,2
6592000117664149320,6
8517932399662429263,5
18066396721630808901,1
4737646452186415459,2
8421221137883808080,1
744843714122870886,2
1711980792810182132,2
12036584448265064783,2
2542190354225727091,1
16059845642234141395,6
3709023136173256529,2
15781841491552738315,2
2231967337611482326,2
14840740522471206189,1
9512707399242823832,2
2959237089752281667,1
17438928195541077254,1
16675405655811816070,2
17885683257219651869,1
9424405141914890285,4
13626133781344990344,9
10022060685303662130,4
17106125653703306868,1
13036193238796877447,5
4876247337001772621,5
18323298224025674207,5
11482130945469958139,3
14849275658105510391,5
11326510188459761576,7
8442554040598055188,1
16927786097271385043,2
2387214819143176467,1
2279474395321853852,2
17249971028370655040,4
7195125616533567365,3
5497115520534121857,2
1416598511352019090,2
8209599689584413487,1
10068650290470399075,2
9878328284103271057,6
11579697890267250746,6
16255469701996421813,2
10366531238984645783,1
16510195177996911616,2
14240395225145407300,2
4128339549239186473,1
1205732210522116855,2
16192984728829004975,2
77833832813211244,1
6057086212010867423,1
1298236904726162968,23
1620660879403922334,1
265569754567640166,1
7627799416028439997,1
623255374918950923,3
6347921211674871807,8
7842303677051891855,1
16202842798233094089,2
1575866570292856046,1
7822270668395151777,1
699555054919537515,1
13754787429115148649,1
9240230448159927696,1
9160891795411185089,1
12753197542098116501,1
15064375736983647066,7
15923479188846224267,13
9279079225523746064,883
17534867480614985226,2
13322311826909109592,6
15932915045316486277,1
6915859936727883091,1
16471151813134112743,2
13909010652796556167,7
13639440681983588731,2
13401847907266602937,2
7998316034907802758,5
3844898243690248578,7
1231520532334580047,19
1930801814293297078,1
17802952730063190437,2
6805607256636210516,1
1575701235980479426,1
8081756256469131265,2
1197563697426301522,1
6321295067890327841,2
2367948679491637933,1
33094580248205186,1
13472315019009573676,2
767542403395834332,1
17708906497061313031,6
9067323827832071482,2
12763980108755751452,4
7784050755032997694,5
1296913647975855443,1
207541382579743566,2
7273162939079043520,1
11976620382339276697,1
13893631528514038072,2
8724771041472044096,1
14874620561510074801,40
1456344288441217424,2
8727629259981552995,2
3309113384231449711,6
14170917873364673146,1
17408509601328253179,1
17402948008849007901,3
12644302387383956148,14
8715602346135426978,1
5612178542238303739,3
11577936260634206464,2
6335593617648051207,4
13822984615363733837,1
13281295194598028770,1
626157813294245794,1
17710554465408661759,2
17687150218582424451,1
8037213672136327341,4
17064120273231051502,2
16606472508006868184,2
11273671990183094470,2
965519150952510220,1
9373036896720807869,2
15788042189228058879,2
17113896881730664178,1
8784386155338677683,1
15883057195081325856,1
12209936497787796183,1
1481630332625996967,31
5882572027061234368,1
16076254262726365355,2
3567423664518321543,2
15681326592547587245,2
430161775767316905,1
17631660141100613143,1
9264545513152864006,5
7150066111716873681,10
18431045566485375462,5
6547184376156129568,1
732745191324282478,1
17246704792018697728,1
11866980023561538278,4
11865499796931862717,2
8995285813137776279,2
10085828649049715651,2
9089454943958149027,14
13801242712295010984,4
12007946075867887354,1
9197188539772609567,3
16938707612697694989,2
16275079478784616731,8
7846482883226231368,19
14393864532597242795,1
3530688027172176805,3
7375653889597430611,2
17853162957687494629,2
16348540229906887162,125
10526367660786675832,1
243005689667465149,2
6114053153944314421,2
13967979150516871293,2
7842192852838724335,1
5852490801809235263,2
14966093357179538034,4
18253737711125667001,4
13941673909742605884,133
18084923228668043194,1
13661762846818478109,7
5886864061613502546,2
11304725256751771206,2
14163355740219756829,3
5121389923746972191,5
2813031435882531935,28
1617865542628113769,2
5404158458488257681,72
5611215851546723587,2
13733168151912479067,2
8164464681256679487,5
18098226758839499306,5
9749685296437573002,3
916497660291524888,3
6432899103385723974,2
17009104222697843744,1
16269768219251306830,5
12135795913807861822,1
17177380870842218736,1
1702657044254997688,4
6205419359161360468,2
8452776050928202534,1
2307576398865942253,2
937007101229199626,8
443577495901339758,1
12721425892871568988,11
12978810524710058862,40
383312884220986588,8
5642702268133730139,2
17534320166729464357,1
7108871395349244119,4
10425158792664274338,63
295414221349764905,2
15037953521068816401,2
12663917977954486303,1
3717523086305767193,5
1521024558061782973,1
3586172699326930030,2
3141611231825327822,1
1946844170736256510,1
3838522517140069588,6
734810738273380481,3
1668435863248673099,4
14783168952656656002,2
1541039141306251745,2
16514941399578833436,3
3459271777149509387,3
16863947024307373589,8
2949177635600896759,2
12855893883462235940,11
8033680406455484778,2
15473683466899733395,16
14408797510801442731,8
10947814246006418375,1
13854937243443000967,1
13268580414942600832,1
14709923815597701993,1
1685572713980973928,217
7228211978744244213,2
8178503275089250007,1
6535602991196299613,6
16451643907804474007,2
2101415161313394558,1
12395822742837785895,1
8790420608513608507,1
14147574400313940315,2
7501062282410022464,9
3374552655592593205,2
5893537406428169559,5
12528776779115593349,1
18192746451594822600,1
9511696374240608938,2
14401304722358351790,2
9809568837178500213,1
8797128551704325625,2
14841990072588181148,2
16237923204297287150,1
15899238489841238481,2
7904197416917271150,22
1772601372180370682,1
1733971370406879541,2
14328248111253487371,20
17415569657355849389,1
9653083041999393117,1
6163786069635759961,2
3906599395867197943,1
8265708861335668316,2
13814082874288309762,62
15367795062298581738,2
11562935634792919620,2
5024369906901807019,1
11326630641897219107,11
932689194866889263,1
4046857658950086114,1
6788617529564415389,1
7794230458387483338,2
4405887561050766746,9
14863680501925455922,14
3831309684277034689,2
8704528991977540235,2
15774308268724889327,2
1981828878224774944,2
18316633135510762671,1
3889099051978463400,1
12443130262343007585,2
11845466265334167097,2
10530280329163508350,2
5712535068502640623,403
7236287537470347151,3
10727047702594719739,23
967873095092194716,1
12041271220468668161,2
9783467118107438242,7
18386305096072157041,1
13435679433032309997,1
4325657442657826154,1
12552774776644815131,1
1541194897450739676,1
1811188850838283244,2
5768238549748597178,13
283885632033750359,1
12628009734029036281,1
7895694698378410922,2
4417730165714780817,4
4786837854505948859,1
4264100820109124877,1
6096539168157421575,2
6204815255297120595,1
709674684229900081,1
1405947553042089968,2
14918687174806999944,5
6101028457965286724,4
9110651526640879117,3
7773815510379276073,1
3044326852941795019,1
6893028179914171475,1
4867583562237221216,1
11006614865343106729,1
535543501815361180,3
14964298914120949606,1
12052810547000328603,1
10757059500011922593,346
6987430282364903687,3
14664323082527356622,2
14869795793041712241,1
11584543616970846343,2
14310623879262736058,2
11829677196686362947,1
17934082382045252098,11
17749478451190653771,2
12582316344588088388,1
5097304387132091261,5
4175135957866185645,1
18063077406663251136,2
13354378816164481630,62
6011421061473235186,11
1299377200827149337,1
10607660038217036177,3
11360966561771717304,1
17361529026419362142,1
2020974133798050773,1
16057528787823848996,2
15510684394561325320,2
2764285061316106261,1
9896790494518005400,63
7910765740700685208,1
12422793862553272946,1
10897788543653837138,1
15986145205536885375,11
16731132538700099563,1
6463090896836883728,1
5685572812148964750,2
11535818650480029589,5
5088572944800704245,5
11314987662085185175,5
97922074588874411,2
5424466893685807973,311
8813924950829438049,2
5429869906741239338,1
17623630207835465733,3
11618009091032331406,2
8044059311076415299,1
3816536866604757380,1
6560834654670436371,2
13102244812972348541,1
11874379132704883428,1
12559232658652963954,1
12804636474702889184,1
7293798720556271008,2
6930784461954811412,1
7635111768590457659,32
8623387693978997993,3
7500144933008237465,1
7975729076123772107,4
4142268698504565798,4
6025178432754125266,1
12551645385311924589,2
11169892776488237935,3
4037334414710440361,1
13214091375013414132,1
7887031880892464086,1
14638425229862321182,14
15480995827983331164,5
15482211776647106595,1
1037475217340378787,2
15133676919285652559,2
7356593411935932523,4
11603873498042216883,10
4016704064119509815,27
1435540548373254877,2
5339723259078449857,6
2951010050144925778,12
13002652845796177599,1
2437328300325742314,1
8340575563983765073,3
16138873355660989618,5
14046518289349561761,11
10644475310121766211,1
5584372412740799987,2
11501445441222013290,1
12098555209630545788,1
14035194631308338764,27
2847736114412683968,2
13777959508032496589,1
13199802344814752735,2
16479707132109541406,2
15920242353924122676,1
16283624967698336039,1
5867267611905711251,1
17397487139129370579,2
11646747462140735581,1
16785735233438477225,5
2212669381889159420,1
5790646370895401144,1
13136343289131582443,1
2295944767998395791,2
11612108316509342758,2
10396752670530520372,1
3078285561779472498,1
4182359202583921805,2
1951087658440254916,1
9787361673762819894,3
756542876292845924,1
814248590645778743,4
11434713536760170055,6
13207946283612682181,46
15198873837071541466,5
15252071021039459092,2
10037364541891851709,1
16790453724409605314,2
4026820105110535332,2
6716628831488578012,1
17935064205365705232,6
5630599581956484175,1
17536290605930793568,2
11104461199349681324,4
8810736612205788357,1
17513114088758740191,2
7135335305132421640,2
14798593657828491975,1
4881849302979913361,2
16883656624269050445,4
16648643568329633239,2
2578967582441916370,24
16102288936122719216,9
18001954972753347787,1
5640803092344662232,1
16968187548442830454,2
2704179671513907202,2
3343760950853208206,3
3582396197278524581,1
1703964968969035692,2
9584277791420633803,2
3514114071428435290,14
17483750341773352782,3
11510251178717161530,1
12136796060075917695,10
17105171962164633306,2
2954408035356873563,1
8629427757003498412,3
10271151944957473547,4
12379806819529927806,2
8999361958074893931,7
7371651070237088234,2
14756952972054036164,4
8385642410401719380,10
18432208189869015458,2
14865694636989620791,2
18026365925866639557,2
13967755092224499578,2
4455682935831362310,1
4382684957806995284,1
2380624472565715001,1
5543718684428708283,1
13056860328160466051,2
16419956670904918661,1
8895435260063841320,20
3462534790483171500,18
17378635141170505280,1
6103671482324408911,1
3517456042348344771,1
15979990362755444028,2
9717773768668155686,4
8904619947243434130,1
14651759389761868131,4
4234276834831263746,1
2510105278530028847,1
3397273651187987805,28
9023680890880739396,2
15883985219914097109,1
15035017761677610886,2
13604541113815838566,2
8614070387136460392,6
1017410026740095121,25
9963239552124861159,93
7411144774201548245,3
4882204509411673425,2
895940101309137294,3
9672027157160391152,3
6053364742644218060,14
7622410569450615542,2
3722690535806492921,2
4297795896598803129,190
2676842598317417557,1
17688602827964035566,1
11826096835818445471,1
6122095522136846219,1
18136631592996380607,2
13987503135457202491,2
8655027636859049931,1
4647894076453850237,3
8915596189780004425,1
8858653160502968594,2
2724620837463102055,29
794464123370116823,2
8873800708001411924,140
11273164208332515924,1
7398672073032629090,1
1317060332415565059,1
15855716267309138343,5
9017365819706607555,2
8497110834278657669,2
8329965855317979085,2
8610660940193653449,2
12540748387149345652,4
10931855131448701427,1
7455740855984446840,2
9993282391722935839,3
17430965488694979622,1
18404040222255486058,5
14713657558276029841,2
9502205034165187851,2
3072428685257438731,2
1066966583852301100,2
16182639733782169352,1
5899730562253401314,10
2681636365130364958,1
14340890888665547557,289
11381096018870828074,2
17817037288458159993,1
7861758070862799381,1
10901675417011582848,93
7003560652427753019,2
9388292718386354232,1
2655588224361322663,7
5785731480691553312,5
3360817566484872121,3
1016264329482257711,1
17108679758388977173,1
13219727940100536378,2
14065376447002969799,994
12550308504549533894,2
3013478502896794646,2
16578225951952583203,2
11129199123239240157,1
18105254058513627177,2
2348285979996888267,2
13295207516716357681,106
5696429769824386158,14
936702868202672583,2
2694429473703571826,10
3201034785187189765,2
13331465631058813628,9
1247435138776967863,1
13674983798194128875,1
11669820220611311902,1
9629293456691957911,1
7869840675235774493,9
247595453364942873,2
18253634433603273575,16
3849947575983801830,8
6218298771405512432,1
2821907165732585865,1
1452968131206138462,4
17890694710145617525,4
6584922016182347601,3
14331348849712991821,3
3372345157286104084,1
6634075307508075570,11
17834881426875465737,2
16650090470444246233,12
17513036573812551959,7
14719170366741356757,1
12065199966657785764,3
10040112613856670520,2
2671794235396907903,1
9653382186838835821,4
7495908490431859290,6
2091382490297996215,1
13777161157054840932,1
5320828099640631428,1
16400149283878987702,1
10174293387704037982,1
11667955071813907706,12
8272825956743467068,2
6561785567980401342,1
9679429610777162115,1
18421630984951388670,2
16837439618105496275,1
12026998024553198007,666
1542494697295226053,2
3793042542216523753,47
12920701051720660075,11
5141568574058046764,1
13171036867965165088,2
12250124882588191704,1
11183803294157072683,1
12226885248391916650,6
16158373218360788516,1
14215303252128125544,2
15497437547676829317,1
13578919953802660300,1
14167744506813670174,8
12920619927455286859,1
11514837565898258677,1
2948353322056934128,313
13550518671951523679,1
4397966222847194566,13
13766345332985095994,14
12120335724040825130,34
5454880916172615972,1
17261517055434693040,2
17753246099960396690,1
11356327946996570970,2
7858101095422150632,7
2461865245993806790,45
17439189292836177157,2
8067845500619007709,13
15000736112928256580,2
17077118841436101754,4
6266094167256228910,2
2996656559630861371,2
17260338605265922542,2
7756562411572629281,1
18246196148390704277,1
13952602528914084456,1
6295460710474472495,3
6858997809073970607,31
9236734544104739567,1
17701688113055651841,1
9898172120197636124,7
17263799800756169506,4
17583395481546508630,5
2954845972651694514,2
17947010895252114472,1
15379813297508447601,1
5060793709981232006,1
18229150048293423835,2
12270367858693659006,2
17949287069942061732,4
12489960394513628767,1
18129817265186641611,1
2270667074114522732,1
13077616619194233787,2
6901816031514665472,2
1082544400447003809,2
558665770634204204,8
7673376713052545137,5
14910296026407938130,16
330592163858836546,1
2609695569465008744,1
292604906918213313,2
16990626319832066981,3
18211731962615928134,5
4978480005340173161,6
8906002913104252489,1
11176894015132266147,2
10241014609197978626,1
14112130709062162666,4
11539517508401204764,2
2772708726643434306,2
5991333801927408278,31
3611612679871381790,2
1941618086235436146,2
17316332745031066241,1
18023071665900452094,2
5279029220478636798,5
11361508695320481721,1
5679607511331506212,5
38478791653159766,3
3205157962338265054,3
9516601991223523403,1
4099296496829386345,67
13962838047765894974,1
430734079018720545,1
4630555456960167967,1
14939631735749123904,2
7981422771855697692,1
6201171718335013095,1
13937840303133702122,2
9640141883173567765,1
13106725686182878062,1
3393859085735174272,1
2264457384138139389,2
7221397662928714411,1
15312942325470767933,83
13018458931267039860,48
5498840999058133097,1
4830375714709533103,1
8212608766577978648,2
4724849850437610380,1
7152061903845379214,135
16576577516570587114,15
3024318848799740518,1
12401556129491641562,2
1391404842458217993,1
15619467057852911671,1
16501196131426682994,5
11433418502481399266,2
3437333371088282859,5
2577760162825877276,5
6149022309472441583,11
1889481641499759141,1
13066597768932725730,2
14978645670290941880,1
8170193315368583156,2
4499547924305871164,1
4486771057281502376,5
4334292636589988094,2
762603772253446156,1
11824275724293829316,7
11449959224343077407,2
10877461777947608561,1
13195708750694585327,2
5194402228070172250,1
11984250764799360131,4
10200146714486964707,3
7026429418220104148,1
15414958234956199338,2
12565066330169722700,7
6772162081537399046,2
1045932455320940979,1
4017337037730194359,4
175906734056039218,7
7147229691539980546,1
10849875181848878249,4
2899712987838202518,1
8072381882070381226,3
6926941677621663260,1
4358707733049448517,1
15505730764684390658,2
7703667318547281935,1
15150751009257968524,19
4597820875383148232,4
12951363022024997633,7
5803472707607481629,1
14382635603494769323,1
17922982126370649304,1
1879258364607253125,3
9297560435721145063,2
15568249998269633342,4
7180641338178615433,4
20141686034382625,2
15645952847798528095,2
9929520005048023709,34
17699675530430841427,11
14612027758389333675,3
10236813043678585350,1
7802199829995808910,53
4475749590686593265,1
10093714090050636221,2
10392830238828284141,2
15497805694739627969,2
17771858891814666298,8
12587804918773390535,1
10773258331217124881,1
13158466468730261391,1
10222981367318051395,1
15096113743320678089,1
15724281363377350980,2
214828455706156468,1
10928688148449059022,44
6838345913512138213,1
10118575479660083395,2
12202000307343101688,1
3614428039676086030,2
13227159337065771771,52
324725201770892099,1
4432744269617298354,4
30015820158501215,2
11654439200104831815,2
8602166879803233394,14
4021528288623914095,2
11078039508372869002,1
5560223343170445041,1
16481143450216187263,1
17998290216646030751,5
16036465310581453791,3
1814238645043899719,3
13405967804139770632,6
16746161239676856143,7
11529056233718341292,2
10324493897325492017,2
2480271636151611441,9
16645308765354064548,1
3537429856352525700,1
3970771735679509044,2
16884019315516894846,1
15566786029739594766,1
1556567225866010921,2
13584005415673583446,1
10538861006181204432,2
11715600895380692582,2
18440519475372233415,6
17528539539307271226,1
13430437987944393237,8
13213688759524085069,2
5619063412335681386,2
5419281783857020589,2
13211557064033650678,2
15328521582155888422,8
6277255720077852250,2
15667708465544226209,4
8132935292314221836,3
13058980118970447474,2
17565615513615098591,4
18347190043621872003,1
8349718096259323273,2
7494263864817410905,35
10877923815626066410,2
17823022124544278724,2
6523762628494578027,2
10697227285777800502,23
17015911556829911709,1
16613191964677919577,1
4543470763096436105,1
16737425589130911966,2
2550484611467009580,2
2723685931590616636,1522
9398576069614547706,4
6259215819203187013,2
15287498363466143630,1
8410449148113686908,1
12749590003508141942,5
7238212807741233123,1
5192227219311196360,4
13634748467607720884,1
16104142907499237483,1
7622385178461873418,2
1136134247448752333,1
11196533662809181029,1
14098418502758152265,2
16368822220787248637,1
6225781946173784084,2
7731192942562707343,1
17608017139336166914,3
4908639119451957971,2
14945736058902432974,10
16595981757062507065,2
8366119960877917760,1
15269814747256356541,1
14239922573979813619,6
10617962648326435670,8
11140091514008560908,4
14945108941696771524,2
17390594518763219101,24
5944046776233945023,2
15650716093415029472,1
14221807462720828243,3
18254775275298977743,139
576906387422757424,2
7408896230759462214,1
1593709937605756847,2
6670764543989044992,23
8716794246848460559,2
10874902562121688698,70
11461964062782147861,2
7954776626585758732,2
1160457089134857523,1280
5260042863552190482,2
17305717705022430434,1
4641978857917394648,77
9619655110915240497,1
7591070090808147016,1
11314437412795804322,2
1822604147665056556,2
15628354559079497290,2
18406191599000120081,1
15197730373330644898,4
13618878982747009817,3
14949528755172452726,2
7415958657677210242,1
17015170449330034705,1
13929536188460672542,1
1717684999316137498,8
2127702324572347137,16
1003160281082596025,5
10710070993802688038,1
1663655287381656080,2
12934576885400145388,2
2541148226666426497,2
653527681552763130,136
13657355345908060392,5
3962919229511831724,19
1543202979783896884,934
17271883703809983592,2
8692560436752025458,2
6641320999703754029,1
10227396034134239720,2
8661463971122227237,1
13485078258081191347,2
2408223214308705719,1
8441689212775035268,1
6865940992048304982,8
8721457015374478071,2
9459263837763355462,2
8643588697642093543,1
5484293852315225232,53
17397589810566950686,4
6242598774614995084,1
1750318636600341949,1
10498847103019956917,1
16809657013481409480,5
2216228689747489639,16
18372892817289793750,2
13497791011108096922,1
16435577800426975530,3
5975903513983734901,18
1600008083615593409,6
4636274584858639964,4
8071106841416407449,1
4376286406679501695,2
11549182874859639998,23
15089320881068250190,13
5049849808441772570,2
2705832805224144536,3
6491649964590909726,2
3301210530313520610,1
15562268102285624926,1
10096262548340860492,2
11025652480199131535,2
18423590640311380165,5
13556660308399362017,3
5276671761336955859,31
14054703713900831197,3
1436135614188739241,8
4435016596405501500,5
10586584603612370850,1
17412614256168501260,2
7031359439968974225,8
2519938703034672216,2
12620651775822806890,1
5192985190981001289,2
4151264504543215267,4
14931906413738788858,1
17153985004496441979,2
13550934173893984939,13
4887857786268033506,1
2284769876652517879,1
3401761793916687060,4
4667242894809904072,1
13054346585468468140,2
5296014155214596389,10
2910505666152726250,21
16812168108669646528,2
9556158079466627432,2
12243460317340641736,5
15686453948752748165,2
3830454338580243220,1
18293338082159607780,67
4851550278085912041,1
3673048901492460225,1
14139124831977148094,3
2213418427629087637,1
6658810856775829344,3
5658947490860765670,3
3703092681783907001,3
8720390386536449876,1
6971722380756955520,3
7553362839964169578,1
5775292564566798677,2
5811574882175307208,2
8937322122690525383,1
3568378437526261965,662
16025565743497760660,3
4467017255007524697,2
10385333248205283757,3
8188380325743961971,1
9262186991425593226,2
3521785021222218902,2
18241295773982890391,1
16643827858966674244,2
11604703301717054747,3
8048204955491122084,2
453931888593115078,1
5222619973942959339,1
15190869596209912583,2
16077702681756097491,2
15971742417953293448,5
9543472643470738975,1
7242204206188519077,2
9129080193834911928,2
16598868803066583528,1
11015502432560678024,1
14463954279280907004,9
14701370519098775218,1
606521520721134011,1
9800857757625570628,2
12600823287279734898,2
12808823435521701250,20151
279809413638768722,2
15060908530463859577,332
3296623394648198467,1
3864383805328521897,57
13693618909270278124,1
8474064127089830882,5
12647770618649048472,2
9241616573250769767,1
5492723352738780089,2
16255895924526099892,1
606543238918859749,2
18183596889812402157,1
2133567406673484042,2
14897823830914566021,4
12816986941027119156,1
7796829503848386750,1
15531512160740116725,2
12115864404492105500,2
15084544432211133964,1
16172170462992582827,1
10483853933237995915,2
10295664089344844480,1
6982587345148621359,1
3689388084669336461,2
3581080912850748349,2
12793984918607272432,1
11105339765090761448,2
4123437811820749709,15
14064570922582777515,3
8252230568033183710,5
10425387624161094381,2
4027962893126220223,4
2062102594966294461,2
13538980647810065758,344
13925527210715837265,1
9624990962036907779,1
8094586948546618914,172
13620551419627314485,1
9779435529583573725,1
17295544937933376301,213
4533707043494462086,6
9887372382432839139,2
9976026643580727087,53
349210969902941517,2
5897380013779105273,2
3562094046100907166,15
10556967911097883091,1
12256103859756890510,64
2028836668736979207,30
765748843655125505,1
9692374029953812783,11
3200088694871816943,72
7294893325186024875,5
11620578212645545043,1
17788528239401454940,3
6351817626825991281,1
485486600309520021,1
6233564847278911327,1
17655138459985165041,1
4071013713412200453,1
1708014259627901825,2
4296835465484817691,4
3398738641805069967,1
10037371865857074646,5
3404619096812053507,2
761398950903650251,2
15128093329630403243,1
113855554317095708,1
11951216112081697937,1
546911278111048827,1
12989421502390393580,1
4774685009797375616,2
7936622285130156480,1
7054450743771494129,2
14449270835070993555,8
11119399760434043544,1
10509091168334801110,4
1331141763755807797,2
16713528943613636175,1
11158056696490832692,1
1958924896093977420,1
11341530434639787374,5
13318980937840581998,1
16411595186360424398,1
1326100721922622817,2
8003727580809581720,1
121095483451434935,1198
12242672871809524982,1
14614217484682340418,1
7422745639108516008,5
6914960389040135217,1
11092831068421004414,13
16466608518618005581,2
10976180749263317411,2
12651005804003315899,2
15876874891283624230,5
16184850085327476147,1
11582578699092990524,59
12196622750137912965,1
17909184735841942386,298
6169812894787600144,2
13804878439411622293,2
13895386938942500163,1
10737048880378553271,1
14469342723372368262,1
14076212912024183239,1
10651118534991455521,1
18215470122764466921,2
6556797005481374865,2
16850868086476881181,1
1160518469609872410,2
4264750912981130863,1
4639066776069106215,1
8426457603886155533,2
14030508112778117748,1
4102306797207320184,3
11083924421378835644,1
8791468725184410097,1
5581527185658028061,6
15565344338127574480,1
9532545843985578314,6
15876019938018658457,1
8734543218946710897,1
3494566591939914175,1
6651490551863974959,2
2628175799080222668,1
3401205710096930378,19
5796480361432803373,1
6634225630480265165,2
7350891167667763118,2
16676733320555190657,2
10404766485321022083,2
794966173383423745,2
9414297075847323003,3
8777948709896273201,1
2995787150093769763,1
2915994184309031606,2
5736097371235989061,2
11256825196301027978,1
2404849293344287704,2
16684340025393292053,2
9453793763395961623,22
10112885560261078201,5
15361685883502988403,1
1954404553862698971,32
12829621624144396915,1
3828782774660750791,1
17473013811597092264,1
15774460898477364643,1
591393601814204391,4
16371001237667431626,1
17529754772054290324,1
5602316331351562377,5
14967581289176301472,2
10835093264184855158,2
8390686072644947521,1
17282713419793155738,2
1958997171421197888,5
8540210960158761731,42
12278469299853337582,2
3604014287738632557,1
8590467036117766441,1
6320849404068272967,2
45395184570604834,1
10019340600017272470,2
15407061528109630470,1
1760352782145930818,2
3993562247361232383,1
14300139093348175843,1
7201342818084505059,26
12642079737342895066,1
15480502971558418259,46
15242888413801993378,1
7694863441417135436,7
5850802049187091929,1
2128507144672723833,1
15082230125150675419,103
636366793485035645,1
15154488971410980388,11
10192391109579039020,2
3753750160781379953,1
9957349790580789205,2
13077012950880602033,1
19255721381946474,2
9242192970365559414,9
3809059703868691105,4
2325196249178655575,2
12929518519614154219,6
13665470822187679825,2
13347998391825507313,1
9879151602511511269,1
14600720119606473778,247
10312012685890071023,1
3186309600602294896,2
1402174403753232689,477
13176245625764832016,1
5542805027038960149,2
17436563362313584072,2
6852618643666607511,8
13732577221998944608,85
9683116028225988489,3
7644404323429763122,2
3142840979554534300,2
4981283717364924543,1
14673505921915129835,2
13746223610507665685,3
16633125921623735817,4
11876166324506228277,1
5315246278816786104,376
16005368396719486880,5
10679497022111194532,1
3018241157733618090,18
15425327942976420116,1
14636917087192715806,1
16482694656106372020,2
11227069960117397610,12
4745386064979735821,21
12772032621980303848,1
13296516266384048267,166
5913286187532799343,2
13438062209776262226,3
18093556176951456643,2
4659447737993912105,3
7375312629059888748,1
9912876353216601357,3
2800975877136584658,1
13496824834711470369,4
2019803808930520901,2
11807698531902682397,2
5780334856294802689,2
4367639481357031046,1
18216012376942026301,1
18033645659593415187,2
2861195200849011394,1
7354731320922620761,1
14670775122020794313,2
13795797435139188498,1
17175883112893080715,1
1215574531408601984,2
6184541650644475175,1
10831036482729459780,110
16291267965322301045,1
2470199742677810215,1
1504470578233607357,1
6437164878503021500,2
15220566644426564684,2
14908031817013019608,1
11146453910538254879,1
12699944389379854308,2
17656527298309972534,19
15991785509558312933,4
3143741057364386970,6
12411228456538217233,1
7654772634900327859,3
11511432848311933403,1
15735849309434736921,2
332355894929142541,1
17181563760508868148,1
6974227193298652404,1
8312399780584707487,2
17612316247847699114,1
3513757711147665,2
2966523490426959718,2
10028028211661347012,1
9934257864917115356,2
9344724508447308207,1
5818197470551708423,2
3448285928308301978,1
15852107423879040763,2
7087120158070976367,100
1112661190220336683,2
9686051827615942621,2
17272347854859586754,41
725686769891304020,1
16288770382927742047,5
14692824642305253550,2
268962468978120243,1
711108406951801654,1
15736196326449525086,27
3639523058348463798,40
3262619248524384294,1
1786513877944630306,43
881596111136795765,2
12994643759693920398,1
2275167247961310832,3
10962777488761845075,2
6918364490472616918,1
15739942064648427267,2
1308689004562331936,2
5657831515767133299,1
16890120965869868149,1
17160599261616689657,2
5747501792784373226,2
17271371020806187454,4
13515958005605560845,1
392413705056241789,22
14438148618558151072,1
11993980524960635201,2
36116102293723801,2
9368120934956209617,1
17661309226911095144,1
18057547285877869513,17
2474758483425865720,2
15485708102306618830,6
2079945684030079160,1
6089602696650307831,6
5996680091301495017,1
16186986854705282228,2
10339230427124894016,11
1093527825164478256,1
5268899636544951673,1
3000211935071924065,19
10215189924064451893,41
18231863424439371564,1
7297889626127200965,1
689504576379342958,57
10022111135374884276,1
18046586154562806537,2
4541812257913906719,2
14717864074775988375,1
7748127199073938523,31
18056806319399286191,2
16845494259118384141,20
12662200221139705299,72
394304389262210157,1
11764061955345890150,5
1166736387736072854,2
11718076881964031027,1
14549358728696451875,1
13696606170759282146,2
11305037098910330938,4
10259022420322826773,1
11007816312534666504,16
13950951834226401923,1
4699820787061724070,1
5152766369218163076,3
11292134140493500335,6
1402592604191909282,8
8301393566502116115,2
7456522052426330562,2
4391707729408806658,1
197343134164431989,1
15887183572886349050,1
1780479329883037733,1
11539767020252518286,2
7908757530391050583,2
17634188581760879837,8
16171953306546186511,1
78109095153843814,1
1998610629017207719,30
3495335508587586660,2
7708010142647283130,2
17759535021079781859,2
16355461262579737978,1
13658445892610066332,1
18279135152888636748,2
4534754934472142666,1
5277640196506280041,2
20602236193194639,9
11849786711010896107,41
13307610493186328648,14
6899504037388683559,2
2358044335605990521,2
6683462475633229584,1
14774318201207491649,236
7766382177420455517,1
5825760726827139078,2
14020611269535915890,2
15823015210768078375,1
6122794428626377189,3
5755012520079085170,1
1528343601024793661,12
1358268581130296402,2
11342308756181262326,2
17307371113702411718,8
9154148437446883504,2
6866982290842348657,18
14430659317884897799,2
4897919947421856733,2
4256206342988872473,1
5486355263748218990,6
10561196740562331310,1
5059635972704563725,10
16355002100630736622,5
3056507078016962037,5
3163734366617954058,1
13386720572786979593,1
9513810735115842740,2
15803116630503240941,4
17422456042041554809,30
7067009029981337941,1
11249319485476437605,2
18195570880831233696,6
14258863280643150310,1
16715176952517899817,3
11306545406716198879,1105
13781594701951526481,2
7228344544059341231,8
1558323557388252481,2
5196490374048568984,2
6785711600463771967,2
1881225319557613902,1
10140282883448819331,1
4268504137242779799,4
17019553466193344285,2
15204722676670154037,2
14825623057925368409,2
1051707478726103265,2
5057287399603999315,3
15692254038629090936,8
1744272434458139659,4
5814186280937643169,1
9714855451671507277,1
10187965782476004482,3
17279198761644973394,1
10824070421536085730,2
12224600438717488601,1
16879551592486570813,1
11076339350267788678,2
10821463858881976997,1
10645904992606136930,2
12505995184383056620,4
10130750262568407406,2
4023891820096930755,1
5170876014386311039,2
15015465964625634266,20
10979360452652349525,11
572233212425722930,1
6403355518631730446,1
16352365665580893627,1
11313690590224477742,1
6382730788907486432,5
9609260997214356770,1
15370925481587027609,2
14722572416150076404,4
6967746701890687449,1
5546064371480123965,1
6984204505128263489,2
10393333523979308344,1
10065747363833910990,1
956880124038542292,2
10013474729680598648,57
15394404902381440489,1
6063500273542025355,1
6058399417590542704,2
2450540649604366835,1
3234114328905291562,1
3531092628516818308,3
4142778644545620079,1
1315421438055369080,14
7168161858933658781,2
11990612647648972815,1
16046854012150682055,14
7811724582467342988,1
10957818963535719763,2
9464522126655794131,1
8062197644619961446,2
3161122802480029199,161
14159528127845043931,14
9897273547756239003,5
6549690876200153093,1
5342518475392186933,1
16701646778131084216,1
9264598762470089175,1
13647563061469060898,38
14601336040162234329,2
12295969943509686475,29
7291072766306730318,2
9874961808242732281,1
9978240634813428261,1
14729252923729833817,2
8121676760014721022,1
2240235065435702706,6
6708459194445286912,2
17005882271018592748,6
11230025680788106452,2
15350128417132444396,1
10387005092033862669,1
4481391647478234445,2
12871280674919814862,3
2582791672370505344,12
13776326671430795846,2
7272250854901100243,2
9666710332816122020,2
13681569124486759785,2
10276478434099592481,1
9626566385948345389,2
17609050707971151118,1
5515332131635300268,1
8636394649696386726,1
103379270900343895,93
5280247364091526435,2
4360109701151708198,3
17142725651204028137,6
13771550905712539625,2
5090099364515948447,1
6542831748137718229,3
5187039905719521313,1
7348525993057734191,34
11583325031656148179,48
10051331117588129387,2
12309884398111782137,1
18192480336439112104,1
5143947434567725177,4
10875420594558885195,2
7185718501911663546,1
10947097908338644447,2
9371067290706521303,1
6250573953529892751,4
16942150266267983259,2
13971851429207857904,2
9902894962117538838,2
7156269750772822775,2
17760330975708188885,1
14409211459584079428,1
15978307163509585449,1
7015100520506944074,3
15530682524221840914,2
17901379411498923800,7
10412407407991277657,4
17658977817792730704,1
12608484353838077255,33
4347352193376566776,1
11127389778172700059,1
12047608680075609314,3
6089144335711655133,1
15210679479422707190,1
6312767465053633438,1
15951343901331634405,1
6303942964484431260,9
16646100608250580652,2
4637977249979020321,11
16047106873557998924,2
14623067236703352107,3052
5555658742467542971,1
10616821192884215651,2
3701734154471653034,5
14445062158167845295,2
10843133251702577204,12
18228274114221201021,7
14732740060876104498,1
2210631079197201098,11
5431010497488336890,2
1939064243000945816,13
11029483832839114611,1
13081733877138991939,1
7555473106632243369,1
6432769525893576591,6
5243917903156763489,2
113421568325858260,2
15601408171260367999,7
2952252310417626775,1
17379669579639826425,1
17713330070910283173,2
5357856815303280492,1
10217827208772516125,1
8672864543996798329,1
10553399027028365433,1
15665536773321646568,3
17108598486047659771,1
7092879235966902542,1
4672237169360766068,2
11939716595224802711,2
8406091509883327310,4
10802908713237904387,15
1389724283562535991,1
8726834124101976757,2
2175632087537442738,2
13352470836853778058,2
13284125535324076587,1
14350695983921148743,2
6224367884306221425,12
17602899690168788370,8
3141091389280459274,1
3429621282663461805,4
8712188268071094199,2
15957127736708551068,8
11651009553325503191,43
14806991087009317387,1
5759245761172719697,2
1153519347551005206,2
1453673365466121338,4
12122641910743483899,2
7809603393834247371,2
3499256930656759564,1
10600942484404531165,100
1819691450546949680,2
15296447312099458427,13
147384940436596175,1
6632300817257874431,1
189421535908181428,2
2890635061033140507,44
11390035815810532154,34
12838318978526989846,1
15143627199542099031,2
17888887300014818203,2
2243603522216090148,1
1095754258014472219,1
10565409784195588308,4
10100953785827062978,1
11409411915813410936,4
15081901969936843932,2
2081087397606060273,1
3231589830897983286,9
5655420345350715228,7
756595161714302765,2
6551682782866222052,1
518701594796434021,1
11925842875263349977,1
2339886946716994216,2
4619276195022608172,2
10982407290544910915,2
1859704452937124993,5
6488831158486007849,2
5946574945909438383,27
9628766288233029763,3
14817441058345902160,7
291318149488156790,3
2311503968291910631,5
1962680640667329212,1
4425721377095682671,7
17165418155335710730,3
5784294809889373551,1
3374425808111867989,2
12475392950408518810,1
17307585741967459047,2
2851872727756228113,1
10361185685276243693,2
1580427170275243381,11
7255975343301920849,2
13819618308538776498,2
16534475322517580462,8
4685920755087380049,6
5333726421339076008,2
3515793761721891187,1
3186266708935002097,11
2778344642070438328,2
9617839853468032623,2
15878591612202370939,27
9025730559945142859,3
566882979729349667,2
14700634687113963659,10
9065250495015663859,1
1911186994646828270,1
11367411304039695052,5
9877754167319748277,2
6368514623626770955,2
17086149582734466831,1
11431194483588138393,4
3122201089547387924,1
5698040390086398731,29
5633986194440112332,1
1040040589929510648,108
9394990064741430725,1
3401784443937377931,5
8483490147887515690,5
2722011628175347087,1
13731911145414720068,3
18432194055311117001,1
12366371324431448502,1
16611191296814537474,2
1747438861387716308,1
7173871232098866151,1
4787717036368064926,2
3566846085208199964,1
4249960769012168992,22
16377313415195608366,4
2122972428243908601,2
12399193305238137109,7
12619015289400607094,1
6871368760700816823,1
2402210067767557821,2
2307035403899707616,10
8187029784576313038,1
3522395074605490984,15
777242111102179394,27
10106811021183463685,1
769325013923813716,1
9971177216909297465,2
10580646593684417072,4
16939182103897106803,1
9285264468019284024,1
294447886495618856,2
14945386460736236483,1
4772260731630377517,2
6179471156387071298,1
10616755187530865065,1
543736193175287491,4
6314696249869503737,2
17012130319859831535,3
3845312176039211777,1
3023406660578982750,2
12563737216355414430,2
11755215815172277596,2
3677552621667835871,2
2759925718786315159,1
16069299542267553523,8
14405234683573585046,2
7764741330470162007,3
7962293911788914313,1
2380703878724134915,2
12846772383615238795,1
15974816895317476573,2
3052130908947443448,2
2977395507879251559,2
15527928302866328963,2
15555075763524666921,27
8639636670663865496,60
7134775041424325868,5
7037081981002919250,3
5524358125518466166,1
14739277252024515538,12
3601414955365000643,2
6418032163309910928,2
12736567741541381149,3
7211740488865615110,8
3780325758297083607,17
17676264871675036853,2
14759777359141893360,1
7190009484704213335,1
8087007542461582994,2
8017537332374589212,2
14140669621153818193,2
3828275770072615575,1
1281607296439111901,2
17966220599357828522,5
11222394078795456499,4
13800936321570476022,11
4248411811085384310,2
5660021233863181360,2
13533539751341507857,22
14861185099039111001,2
17469596391249578527,1
5636772693345321820,540
9870513311185514150,2
5644126233610613587,1
6921414076703872158,2
4053906502486011426,3
16662243328115495700,7
16307199172181124465,26
1489126422320315020,1
5688083739963902064,1
8436320756158211507,2
1220550320040617700,1
14875588331600093498,2
16385312346145899624,1
4775484581977972718,1
2279255876573379528,2
13987697834642240246,2
11240509304496207531,26
11287462470162569319,9
12927191816547874504,2
5668227354793779273,1
7417396526108239242,1
5097028292071086754,26
7163565858675029713,2
12888333750866272617,3
10030490285224216774,2
13755498785880752239,2
18212223909114585627,2
10439690202272895068,1
2194279081967886630,2
13526307875087648780,1
15337987914299017603,3
656883858811860423,3
17581855582231656918,2
15207447828775480989,1
3666309961711357542,1
1346389260389119074,16
53707566678797185,1
15361612477075487651,1
12279987459400047102,2
11907492556621243941,269
5986744491466997530,1
8031699810516272076,1
9695560482353953344,1
15190079345496340934,1
8834786273853483900,2
7370142091754708437,2
9787775301955907996,2
5123156692108131394,23
8680288870754882182,2
18341129450585759689,1
12753487014488006518,1
17285128537016067344,1
14173144773703123223,4
15089530924743134114,2
9804430045856301015,4
12157797049127136625,4
17911832169977113792,1
11391713440875434674,1
17439361262866653509,1
15870567965183289978,6
1885028439459289406,2
2802134521143782051,2
3416953971424506833,2
4978736649389776001,22
1635903374037425908,1
3098409766560579021,5
5213461878721417914,1
8190689293715774558,2
15107129278792671002,21
4471573437830208391,1
438531119273745276,1
2712299715231398017,25
16947392735094984526,2
7755169711367232836,2
12085536995213066270,1
5986367042036811317,1
17765199236416757614,2
13857558324285931430,1
17692831391535294424,4
4895812964539678876,1
11723427704256629392,1
1430138751359469394,1
714873552428088089,1
16408426648091484364,2
8709152306773751834,1
11039281284294487582,5
14794110772302341368,2
4398246202880061005,74
9524047053434306980,2
14031959723760213826,2
5351156271841101223,2
5040266969389789743,1
13368598438903630146,2
11156521539860706670,2
337239470060039427,7
1639013962843988299,3
15250567093287058005,2
18366267630036126766,52
6998425102229698676,1
1162507755682692256,2
16067015177258230876,15
7497261138125309539,2
5156333745140471465,3
17291190114236327469,1
7927977262747912635,1
3491986028334099693,2
4973441505501143977,8
7497099228270971978,6
10793959723533311870,4
17382749071682760323,1
16681726950497609419,2
16049218020918984658,53
11346018118775659690,1
347887062945606681,7
9975718269743985226,2
13080373486507223011,1
449977573627484727,5
1447712179170279931,3
16631376215524968547,1
1322360875719329746,3
8058235308231465702,2
4224901008387321617,1
1853207134640016245,3
7653311910570531641,2
3774682985646599430,3
4171947924435295159,4
5597514265313902460,1
2838133634819214639,5
10955652345596858222,1
5690955481277159719,2
8079272894226971135,2
2668701926650798046,2
8091161385089849707,2
13595543431367622767,2
15170769102430827232,1
5110474622322376885,1
17643935012865002271,2
5072814016819878953,5
658921729578394525,1
15766952043701369566,1
3382671757130090637,1
7540920664958796304,1
15383275487379963789,2
7723706074611814080,2
16740506483859158368,4
13951293666204233751,2
6102326307517389541,1
16751484124693775751,2
6596926059346497996,2
9211348396545541793,1
3784998187401409790,1
11135511926847845494,457
12150753706262754919,2
7490489426313955650,1
97096578050881691,1
9889685216041607131,1
8761381423089611995,2
14360428656847592718,3
2393853059341153038,2
2410460701581197787,6
11074204786426944290,2
12990143613825753848,1
5857716584746361542,1
6114032953672296550,1
11613494133431019851,1
15862815846287129006,1
8404779285901182493,2
14787962741894275749,2
8734294398287870829,25
13067162252113584683,1
2454909431657354748,2
12174862089721296909,5
13198060618251680755,1
1689677193994362260,2
16412071609760792983,8
1999076353928594050,1
5033836033225604666,8
1166783959704309896,2
17222511493491502362,3
6346470282985619412,2
9050018094370285971,1
9583755570777275137,9
18306106831444603716,2
6997831925039820594,4
16857358964609788066,2
7484223270776480568,1
9976464673711374861,2
1718271941645620299,2
6667242704334378096,3
15273189257522894332,2
5764278436616685380,1
9424823044271691066,1
1535999782637592456,3
15248438771056965436,2
15703496865644268264,1
2673118619824966957,9
15532483347979162821,19
13929756768115827118,1
1494564873220052271,1
11818876690542813375,3
9882413668040084963,4
9580580675849905889,2
15866694111455145444,1
1975548862698326234,2
979230086899358936,2
15976076390649367056,3
5527402728652646529,2
12043117364463626271,6
15108545884146358565,180
5713350250680614587,1
10950049325910343178,32
18282214599165810013,1
3668788023165151664,2
10111830602653551543,7
11037506445070366622,3
7326423259277834755,532
11653239286508878456,2
3280846856102034669,1
14540845101564201550,5
6525652136832851903,8
13090022530764667342,2
13113512176354063731,4
5991834150527323,1
249953294300304356,2
11119725082208673030,5
5490577166895456720,1
18409595842540144659,1
5339811224238361845,15
3329791981891419153,8
11304499727686969538,1
1187864638385709436,1
13046914720489393788,50
11668348834475755258,8
15926224135796350430,2
10957061309485937153,1
6191334562120427617,19
9575263328727335776,1
2762203466605621260,3
5976189271180823776,1
3551077327321469783,32
16466008109784434071,24
5438904517522809330,2
14407964726868450896,8
708006816811381668,1
4750061943192520324,5
9502561568244260006,2
4493715000329146021,2
17291767197162044495,1
420755758780264225,22
12026065055420087872,1
6670055150401691825,3
3886190930101050233,1
4298385072778817619,2
10758234519113534335,2
7796485770796028368,1
2420820891664551636,4
9055980834735121926,1
4895492833243278208,2
5702792880938787605,1
6665965258003790876,108
10574241859040220904,5
10164447444638403940,2
8118879332143963554,4
17700971068616489210,5
14723119688829884496,1
8264365505272507651,1
8834382902534990540,7
3072808566498542848,2
12372886405577041395,289
1225754302905812015,1
3306396888817789243,1
2111687864593733502,2
16292996042705169003,2
5401714999258863620,11
12964100386806845967,1
1397106557931591080,2
128921047992993310,1
6251367401200758674,1
4645951128082275348,18
13126675027488975552,2
12076251831911786950,12
4688773691125083458,27
14186228132223142772,5
6972843807713901892,2
11663365040055198466,4
3713643434662230065,1
17268050476194214041,4
14492920765291586142,2
7221129586225057165,4
3714323437965110333,44
1686935972798453453,1
14862561602991464427,5
1209929019394275307,1
8653992784807085866,2
12620314689342284943,2
8341742629280683087,4
17859265781190154647,2
13991736013007822852,1
4344687031605680880,68
2719925739405907517,2
13106881529415458205,1
12189372918888483930,1
3049278707057647931,1
14194256210954088074,3
3796990444487967444,1
11234383947082385106,2
12726184131357850602,21
2108300489651271802,2
3916203358497959655,38
5410266755763936649,2
7229038418477601049,82
1486562317448125711,2
282637891566239225,1
17420002850507259651,1
12169951574141631228,3
965945595886080222,22
9445915518806574997,1
1841403291778615104,1
2670777871593441645,9
14447135431807028981,2
1883491018853410300,1
16501906403689259269,2
12297858459968303965,3
12610229803328567075,1
9156946054644492100,1
1864587164012695035,7
5281970841281215792,6
4927843884729347475,1
2275338777474176886,2
3416257727382324724,2
6736941000447044921,1
4857617799755658193,2
7980372957316101022,23
3573526494809265467,8
10186224540156400866,2
14988108090971125585,2
10074468296309037327,2
16326815830727376757,2
15485782409741334072,2
17879065092698365317,13
9303483044784253795,1
13172700718280957464,2
9555507639722423928,1
7182386760822241555,2
12388431606392891143,2
15774079255266492759,6
12471352631480237439,1
11326067246380849670,2
12397483992810934356,3
392375930557783428,10
8356720192155103700,1
11889637325117299318,2
5147537931504603440,1
17914454576544012763,2
5462260022527018035,4
11012578917634925367,26
3247460394621252327,2
142657811818629342,2
7222990950795900927,1031
3190173186353575967,2
5642638162821476791,2
15163380268933133755,7
8147646603309820553,2
5997861515648708718,1
12891648304819590270,46
6369410635314621716,1
5352104154330309043,3
4788178157525522062,1
7434089024708353305,1
17331609025937208811,1
13908253445086904507,1
7997450765109457090,2
11585968657568917215,1
5427254213378388,1
14908542679626886657,10
1799417621807425712,1
9211882053061572691,1
9279778176802179430,1
10021294895482324004,12
1143312939830451292,2
17250685454416150008,1
11417512575760204950,2
12262147643792069404,1
7549984794872034332,4
4106886960396701042,1
10004520474586333271,1
15830558403995109780,1
2060874332253773501,1
9639933788159760820,1
3842028119246926409,2
16671596107460597042,12
5564042614186587260,1
2297898910603482405,22
17716257059933246831,8
10043390625624781839,1
5215892036276995704,1
2823820832103448828,1
7048585638755136325,2
6287779161518091443,1
3460106744555423495,1
16181105529276847913,1
10967547223457080310,92
11711699089801380354,1
4007030389399292277,2
6479204802706252599,2
487911914991609000,1
16205922893417120533,1
3722366569614367121,2
13742695512764099909,33
11061319385890113564,2
12079612052892794634,8
13840789320778674752,26
517718027102634226,7
16117913037698728692,2
5250860552082355463,15
12139304205840502881,1
6134658878911608289,2
2556345085694836877,1
1963220086714234583,1
2339866485261393719,2
7786547607491012064,2
11150579663626829314,2
233198216177316476,1
1752446172727343089,1
5519636073245692485,3
8058325166775992266,1
8133933583698464367,3
502191584927258647,2
6002728940454852158,1
9355038373439367611,1
8996992513881713022,1
8339955529445726869,2
6898885375615178355,1
14442095027106761865,1
18304758600403151599,3
17214790610028521738,1
4754615548862567638,2
11556815705933542763,41
757389987370312090,2
8472133707645181950,2
9697880648667652516,41
12475942188139574752,5
625567468082319236,2
5226074889900767074,1
12427979981857910620,1
10969053185294783198,2
11937838265175141451,1
6997468080448628660,5
10353622924654793689,1
13824303857097872950,1
17333947749416217217,19
15492643311858859248,3
9823886620239738234,1
11675403390424355717,2
276348443470703362,3
15170780626414296929,3
16282701007444631629,1
9023269153955881990,1
13157004944202105488,1
14052545520323094458,2
124310287192361349,2
12457816478596267520,1
1229565044495998622,19
1682451145342207791,6
9472200934894584524,1
12802401837886291842,2
8174810855827031893,9
2212114429066576081,1
11559110768349967719,1
14119567864966036235,1
15941006035721030341,2
13336733248455829442,1
16118219817845291684,2
7289060881400057943,6
14488535131377979846,2
8614628339458522087,3
14937512458157665519,3
14063531043853431436,1
5027302070908106240,2
14768394919256188036,5
16278830057860619377,1
7448869835761796945,2
13003959154711373651,2
2677830842690141143,4
14051739707205852568,1
7829418733715736656,1
1778981538058082588,108
7064278594769820380,1
11338098763054670997,10
2985905639151898508,2
16974177214017921227,48
2365831370075585559,3
13551580436628091962,4
1372514550290624903,2
13453521749645685559,1
18083092196144653902,2
14995576459921187642,1
14478646003183615237,1
9411920470228963799,1
13191382904754858716,1
13916332616624274493,1
13378676166713530683,2
7691092326069928043,1
13101200362178412787,1
14731183997845911372,2
12630349491817379858,7
14793585793781398421,3
7305422263696653369,3
8678401057010887104,1
2786361222158775261,2
4901738412927271327,2
6630613773813531707,30
11220864394455679142,12
7333684630486073304,2
13189188145911369587,4
10748287730749206891,2
7801762840177942331,1
1251104948815424469,1
16237615002524878327,2
17045683221268619618,1
4938738518972585668,1
1101114267044427945,3
14540623695943557601,3
12369261704462373198,31
17291464485530359749,1
3577134316239197910,11
990892845047559140,1
1546797264468397891,2
27206666269537885,1
14815131443897480295,4
11195485111631541981,126
673946350725337334,1
14167604742389729687,2
5417749070437644031,1
6683585284033995818,1
7293856421343903709,2
2700447370293542224,2
13926153635926010252,2
8216713775535499479,4
1669699182039825944,1
4279605587745696543,5
2725374749008593630,2
10298183753470609064,1
7756544700928936339,1
1348959159036405468,1
14106381566819800942,2
5027280222361711114,2
18143974623386538275,1
10288039416756122030,1
6266169452902206056,5
3341657090735593854,2
2841167725980517785,12
3381945781051085207,1
14991014840304630494,7
3506000802818419523,8
6295127243358460163,1
12909197551674182862,2
14082790729008379414,11
10854769486835135734,2
15338465650051184111,1
238304818840531251,3
16896177284745228328,1
14954107307966686067,2
1635976469692193016,4
10839853533793902995,5
8310228188466431309,5
11577664315404949565,2
14029559641397723203,5
4508822949158607528,1
14270830328045003454,411
10266525134034301252,2
16315043359825600255,20
13487193585482101985,2
8545554013303121504,7
14138973829347761249,1
6000183347393240674,1
5360604506567525981,2
343706365507729052,2
2283625442935742811,4
2111572548368646747,1
3902409231028518932,2
11693166734318991223,2
3040353370753998295,2
293912495318367157,28
9543174542250553376,2
13641781936914589274,3
678509553884945845,6
11602924868364872649,2
12645856338536239269,1
11518241796904094301,2
13875651249988531431,1
1876802085104260283,14
13306951018478451523,2
12759759914424485973,3
2189149646984504267,5
9355309950418843036,5
15186826747458108518,2
2791810100622749255,2
2635703634618618680,1
4264016721643338891,1
3181272829483686389,2
9756480169851963526,1
14816241726197456483,1
9340672411503985802,1
1450799419762907852,1
6916200680733171015,2
17280206034543337974,47
14769771598632850353,1
5646345115999884556,2
12874612960023303362,2
11375246217870587725,267
18384935653452443746,24
8964001352337252185,5
1699737321843333482,4
2313580556394256961,3
13829856913546190381,3
11887944770308631814,2
13306778927337747394,1
12495950911167313409,2
6988429076000879844,7
6463003805329710662,5
8773447010378750746,1
7271835334084743797,1
17461678410795026416,1
14677156603507167546,1
11340951307795242824,2
10186674832800741790,1
3384543501002619307,2
9431018656855871514,2
6124413791967407264,4
3326109697376002529,17
7598134045685764272,5
16613680291680354511,2
12815070552326315799,1
15478732163107460134,2
2095138544366255300,16
9338227994456685994,3
9408525931093912831,4
6646863053961970274,1
2584340502319846279,1
6734832883774428221,2
12687543262842418945,1
2764094305651258547,1
12593662181166326231,3
8668383171894527249,126
2096330448154585354,1
14014948471168055348,44
6143599283782275987,2
8670838983068263509,1
9823258625993173950,3
4997932253469093283,1
4169191047420496267,2
5183934236758096871,1
8705620449684315000,1
16157763730463860574,2
13494304732160931806,5
18019638475740662560,6
11414168021349418859,6
8277984707616424294,5
7731867594144461998,2
7357850569707093699,2
10772592272679182659,8
5445088583816471520,29
16414791004273275292,34
2267132140052936023,1
2585332125907978695,3
12080063368409295294,1
10981616252867460042,1
16947355690092673462,1
4100804596650304649,2
14955336505305759820,6
3227281633066405310,1
6299178114847186715,1
12230513152694321422,2
1111143929952944673,2
5865213183551588180,1
9733692784776190488,3
13669419972009515031,1
4724229953223586425,1
4890158203766677973,44
11694594849999484932,4
4765957485123181324,19
11754888556407579482,77
10954535340818979939,2
14773322463557402914,17
3364215825608162363,1
9869744280515671320,2
15914639481482525697,29
15322968730480312808,1
13543270050211374789,11
15360176977374259091,1
15089263294242854470,2
13713981636469367502,2
3694876125099344793,1
14072719424194591392,2
17289871560553490699,2
6834316646347208473,4
420787127859732600,1
5465527276181882756,1
18228050881567443770,2
15554414174597964842,2
7444932941637232359,2
7491236609184700307,1
7152856809562128233,1
12139731739651744703,2
15920538487973816413,75
5830306274409736359,1
12597787701885747659,1
6958153638777629832,2
13481604385385865935,5
14004300551135502491,2
9384820514449093021,1
5946435300217913694,1
17538669957257906565,1
17817296642802740655,1
2069020139158775879,1
18045994210215517929,2
17257300975139448157,1
16106567912497743208,3
12597297356608464841,89
16029253685545172765,2
14830234627598757493,1
18082126965371078916,5
7803527398806753497,1
13048371896559256512,2
6195197098881850003,1
12327975070765106566,1
17919894230863853529,1
16256723731327721949,2
15644353976477415012,2
1941035611461953686,1
692407884865193165,3
12500572130751552599,2
17725962454812915118,2
7242486633567417524,2
13365232621879722927,4
8469765307905849457,2
10553063097176232855,1
7055192706193065275,2
491845560341360044,3
14712211988620186976,5
14920671209357177002,1
12587170914757812464,2
8938747313632209369,2
17262652948125954083,1
12163335311935426329,2
3943852587359487347,2
11836887049197866000,2
10817261968850061070,23
13901367239178671205,2
2411068336966401972,2
5577130153855064641,1
4165697552245842086,16
1555062895462770004,2
8488803806615915931,5
5374767568372386011,1
3027080287401576553,1
8307501237198231156,2
17937770929027339839,2
3773133455483500631,1
11824839190650079237,1
14097433443223906102,4
14675687805855883797,5
12280946708654950086,10
8821102995818692355,1
11453167331111427757,17
9640840469464722713,2
16466647331053446919,1
17231641441392955511,2
16889631878423018861,1
14650425332709217437,1
11192648630688139549,5
9634614585616928990,28
15498181549733056283,2
15156011218255497339,4
1964321595284526453,2
9778918709307649073,1
6918559030693575882,3
5543743490754662163,15
11823422227691290389,1
4640875535567872043,1
16360524299135683905,4
5655175930803088794,3
3366967952102169141,2
2497210714599509073,3
9522443689222019054,15
10320696368788035574,1
13454846876992355214,31
15773783462767857755,2
3167395251883540096,2
3129427971293947771,215
13604673672262162390,1
12893375433008321789,1
16468196115153896190,5
7184744067759654719,1
4655923722905221878,20
2257334056092556512,2
5594538764719245085,4
9040990229467918407,2
4871835922160230481,4
1305698582842615718,4
2557298162433605809,11
16072503075754717740,2
2483802481024776193,5
5451674557009424406,2
14937204753049366533,1
16149077672707296981,2
1219498624256177028,2
8546671632244521911,2
16053526461861058603,2
17845401475832498285,1
14986588765147582683,19
2778746226794509081,5
12687404814484680619,1
6287486720066855807,2
11959381938716558753,2
12099911603088265918,1154
12102505471050896218,4
8134168663437459234,1
17471339846825369432,3
3678231777662900536,2
6323142870647163028,1
18007362954585096974,1
13791427288588693542,7
9415909123853005571,2
13933229894305279068,2
2800436911231102241,5
18165368318772019735,2
9422924693201178588,2
5439154113298248782,1
15037960249664292700,2
972786012160997337,1
68801695981832200,1
18049676567165055319,2
5764311916431647034,2
2235839281325589561,2
9664529265120355925,9
17825758264162057061,5
12113545297477694356,3
7324688562614570710,1
3896738205630347135,1
12637298669919504251,3
7533599045267951803,4
9874512829828592596,2
5703907321356417193,2
15969423815870691037,2
422916467933184225,1
14988640438493227107,2
9955235376359072692,4
1414233361703114021,2
5357952976704054185,2
13265459614546729703,14
16201421217849822509,1
13278502233053400457,2
12930483670110747506,6
8272741875313662137,1
10653273201298615468,1
2120770280502907108,2
6658434056344518632,1
5607682815485008334,4
18200043061759832224,2
4935001140286450279,3
13994300466678251218,2
16142496267158769076,1
17802466554524227000,1
4258404784802244677,3
2696269211549049792,1
13031379140078617285,1
15890579004348560451,1
5566366551123769646,1
17074152491393934892,16
7637891315386298131,8
9271039360139474399,8
1105769455950252662,1
3572586883479483473,1
12140042670512950517,9
1921597502020877847,1
9523734192637186522,9
9653033670785491572,4
6883182696098726622,1
10154447021500662678,2
10929214137829918513,1
639600419178532081,1
3763533002206634421,1
7096006408828245924,2
14741784293101717242,9
5185955102333925509,2
1439677172826047091,2
13025153814059835774,2
10650728996406472740,2
9190446766007250338,4
14953604590102528789,1
9628169842443839445,3
7665535540262525904,1
385249514599700724,1
12989786976445466281,3
18004097877435661058,2
9462777338433414080,1
17217194305357028447,1
1492508665599705039,2
13983024079084269,1
14549681365874565264,2
7595488735121100036,3
5768902869699135176,1
8677571406627359059,1
12655648931464222197,1
10638820634460553579,6
13900752563458532536,1
5049114784620510794,1
2729238575494030794,2
7352222215770379256,1
17463157332924452964,1
254183448951179224,1
7470135988148040799,4
16306766890467632310,14
15744375640669154781,1
7598408543685158049,3
12622668306051802390,4
7142682087039401077,1
3769574306804565581,1
6177521114014017965,144
5968366520995731143,2
16304017506829713969,1
2585779268243217524,3
7816350595881676433,2
9187441312496848846,7
8635486279005092116,1
15586889449684798899,32
4044027053801123988,1
17138004394028693731,1
4442273644354351846,4
7631237872952737562,1
15494073532218851155,2
8015519805249546522,1
13796201113053593949,2
17742368025812370000,1
10415782418246105061,1
17290060239615089981,2
14926708918084336185,2
9933710548404893864,1
6057566745599074596,2
79041234795046374,1
18280323777657302348,1
4989648510037841993,1
9444562999866010117,2
9358695071518028642,2
12851132476020747628,2
1014463622729051637,3
13200248615852250030,2
9620219315576492516,2
16883713741942319896,1
15512986636976683240,1
8792933749098846054,2
9039957343033702401,1
10641912281658683091,2
10273459361067389438,1
5515598345242722919,1
17026364068440580311,1
5783926791198873576,3
5368233827664039001,1
11931804223637322591,2
13412400859928798119,2
4085924371814921684,1
3455493738518413310,1
14545243115101881914,1
2623508873411185765,1
16675445978971890455,1
2074825178684456971,3
9660314047338372670,2
1492262819360655952,1
9918721316332404536,3
9730453518894087386,2
15843461798679117087,2
14719402527010627017,1
6444179588614345245,1
5612679201891494442,2
7999925912320833884,2
11990135788111642662,2
17889610204265083248,8
15697013670052302304,2
5613593158463022812,1
8155088140773117182,1
15539401025013579345,2
5682245362687941689,1
14021454307779418193,2
8342448949377693208,1
13589209001273578963,2
6395963193847582190,2
17383553117823349476,15
15247914435291856733,13
1126392192755274179,2
14202838119087078490,1
8376315818711729537,1
1966613358467645788,2
5450430032003254457,2
408718582254694328,5
3291331789004214659,1
7055116119537685997,3
10818160838251638946,2
11285951535650594247,2
4557861097351176137,1
4605947366114989874,1
5931842249827521895,1
18393712239985776343,1
12334852345267114287,2
5606857657997065672,2
16605987761006872671,3
15975787886126155259,7
2087789470063315621,2
12966318389222510859,1
12648704467222049538,1
2424910549395791153,1
5002774360988182600,2
5169281443477816780,4
11507540144444099366,2
4296011119334149729,2
328134245717926824,2
12301190153523525557,1
12369348370141267355,3
17872364682618871370,9
16946438588469122864,5
4188054610541057330,2
8617918609868379922,106
6584356803404808165,2
10211878156890764723,5
12225522531071799511,1
4126325629564219786,1
1782707544016209626,23
13587196184877471444,3
2358958455246223952,4
10578578045723258881,1
7866871431195171810,3
3719994304177876686,5
12721493620751769963,104
7404762651278331555,1
5381805335490381269,19
7609415158500755583,2
4790678875954147143,1
7159603613239339239,3
11490563063962663323,2
13847422119844976079,24
1649750589247035866,2
9306612561236411978,2
6336860147465392622,11
4144295125053088046,8
17836295156610676517,2
18355945369278410508,2
12051847259354820901,4
5686762044196045102,1
14207084264749640730,1
17061432063428651621,6
15396606017519529616,1
17290792074404029660,1
12426869129966478254,1
413961917669871108,2
16255892173994375681,1
14493195799575258841,1
3918671987593120587,1
4621083255759908863,14
692891455123979381,2
16889771272008220911,1
10695972954272234081,1
5896682821603184590,1
905186202589706205,2
14542392574794448174,1
12098264071139838538,1
8445830521441087140,2
1699539584139729081,2
13034761676986650652,1
7519365488385897306,1
9760897093500390824,59
2281207450242548689,2
14997645250881195031,2
13154358588869154376,1
10062211444267220979,1
4383201656926266884,1
16481008959954945095,2
17652625345416519321,1
10537459017973318989,2
15046786211218203380,5
10101557588130297514,257
4793082188008458583,2
13129879092868389300,2
13067396312818769250,2
7603588281661601336,4
13509650215248301690,15
11388770331283850805,7
1785666936709890091,1
10426091688861522930,2
4045789686645060692,1
7774783943942130366,1
9189844967225886234,1
812834805324953301,4
15138225035898780839,1
9219799626405022764,16
1677253408691180765,3
8778468785238856254,1
10426117541344226071,1
4936205387178933685,1
5184869087584632666,2
17830513813663959521,23
7935882368704383472,4
11778482305081762497,2
9350709109247361611,1
15419444841648247080,3
15370041786091832229,2
17801389478445767224,2
6798122652920960053,11
9196924351926342072,64
9481146511098695016,1
13046183317367994001,1
14919791202868853649,2
17280829144471921921,1
11421126627124574609,3
8349624730571160255,5
4602445431430961897,1
9222812221665247772,10
6499495679669895823,1
2036217759821399179,7
2854395253730169183,3
3650791825047845025,2
2711773564788905994,2
18342102049111413804,2
1535065299594286810,3
8646255540856458638,2
11519435286979136185,1
7602508687891530335,5
10055705145358165564,1
5731145937947163548,2
17746831719883055819,8
5069601989556978324,7
8079484879182784696,2
10544197756052020120,20
14665177188288412987,2
8305885440183761423,1
9244966570468825041,2
4522915564848117185,5
14497786723966946679,2
7373692221507926236,1
8051244003003692374,1
2900302230602432323,5
1883354414331175973,131
7075306423040429194,1
9145940414519185147,2
6333511980363453799,1
2612620387678673412,1
5045540837004600221,1
2623040134273763394,1
10449435443868563423,2
12341931604397536741,2
7751427689354758275,2
12035636803335321527,3
15739675674315474124,1
6460106417855405340,2
14016480163038068668,1
1614031992721362427,1
10063817771445450446,2
17753732483886841278,5
15648495251146824446,2
7392392104995913921,2
6544930744964211189,2
5734103241247856657,2
7228761695034911730,9
11945502002241178908,1
6885989681014130265,4
12934265236298782575,2
8573074156332049452,1
6583171338881351734,4
5230712354424933491,1
695355405404394581,2
9261563068478041794,2
8990975266632801316,3
15286339422528514541,2
16364036975054123686,2
2739162312320374144,1
12442284492381167806,1
15196906944542686071,2
17587117037471919071,2
12684330152803607026,1
17354068135565371801,1
85044517794979848,1
13297396679057937102,1
14866000088174740186,3
8200785544294766311,5
977888549553992743,2
2557883756193515357,1
3754906901499417722,1
4608262074946883819,2
3476791140898793367,2
1195038445545834957,1
12254730748561333113,1
5065296176553905244,2
3493351209295995958,1
1636806733055234063,1
5975931266325581252,2
11294282766766380012,6
10436167001260143949,21
4594537499424062081,2
7079075684095402248,5
4238389253775940010,2
9630118405010405436,1
5280171995396686000,2
4127726365456563975,2
1053233721734775669,5
18068725805973863760,1
1858990908948477724,1
13446953817103947291,2
14182698287160022491,1
6395983625447953286,1
8566567098522138712,1
14007066271021016899,3
11113947953282682707,9
14287160345036612845,2
9936491889011014989,1
13158463276760344352,1
10763301760475524434,2
12224013918770586475,1
8867257447771156672,2
5582282160418570996,2
8900960047395574817,1
6854961826843094283,183
2153538474004062276,1
366605458950342100,11
8002096192781416867,14
16129757947222047728,1
6727132594829602975,1
15582324023026485333,7
3713655532400053595,281
5855878933242181522,2
933357540200138296,1
9978549528702163903,4
5373293469161193550,1
6915752553435679340,2
941116451107084442,1
548950966212897104,2
16753230987428747598,2
2814355530569624579,3
4513170647944548610,1
16623714034457360798,1
10935419105037731876,1
11598339946283378264,2
12686120429500740699,5
2906787900730786847,1
1743772799184915523,1
222224773764010843,1
8025159760448578215,2
11849220223944113970,6
15229996633872425501,1
14082452836076167554,6
11731838632843856023,12
4165141140962513135,2
324497785414331792,5
5046314828586178643,1
11267660916425752365,1
2789045832487166290,2
17958416187641976637,1
17253826497838116523,2
9222608858414700736,11
2369246434895926775,2
1960358034313859651,1
1490022479134276101,1
4549798903552417000,4
5911422745874495758,1
12927525791613710566,1
400207193067688860,1
17785384067363358683,2
4717233847105779855,1
18096699673351834537,2
7294128182289575103,2
14416560403308829960,11
4030424588685351950,1
10966370221995485831,59
4366550947869080488,5
5839917365162111735,6
15852812445578337965,2
2052314231310935082,1
4178966217551817245,3
13919448785531289941,1
8836393915261646158,2
10732772195861274666,1
15556028561349156452,6
1582362762403898988,17
11842813944035238016,1
16680636281052644072,1
5975075704937753341,8
11365927268475635788,1
4122117839123922737,1
2715127277770735981,2
905071613112523092,1
4728348342246854905,10
18139731618040849497,4
15980884470184299075,1
5938835525366217532,1
10913140459309330648,1
8088738864243644652,1
8657413638064193338,1
2627301711389992681,32
17938378141566577111,2
7831676068332890194,1
4263608943320294608,2
7793284545166628495,2
11831438185403414444,28
13821610079035647970,1
7692635484650774641,1
8082837931927525172,1
14522021279243491957,3
4484496079565308809,11
15297186254707119246,1
8078573269285603498,2
394735944653518258,3
404812451998786051,2
9632956093538512207,2
3761535171410258807,2
6356553468617538953,6
9184073342726709462,13
15526864809086879786,27
16094654144444251883,4
12599449382989787016,1
13686819697465227575,1
3947275225419197101,2
13328580348418196000,3
9487195904730975615,1
17289978662206887730,1
4505865805051511294,2
17220093705075353128,3
17018013006703273064,1
5866524712497593885,2
12667846072403536537,4
1764961396116838081,2
15638791185131630773,2
12115109558878053180,10
12449754097570180385,1
14014348132308117667,3
7132949265804586579,2
10445005664724778152,24
10429135842017180397,1
12751790847567028694,2
14054866381038651659,1
9358013009992933428,1
13061296208381318097,1
11642631416815925298,2
12361084793645428047,2
18195259478185643664,13
1848884895402372135,20
16880158274693049010,101
3862192969258012102,2
10300049727357186555,1
14792932380369420907,1
9622024599706604108,2
10328260424857997309,3
9391582081151189540,2
4521188835786603245,23
16196512146856993190,1
5185209320001615489,2
16570328467614898603,2
11759082824747422868,1
12082505232286751216,1
15369299242533714172,21
5510694448420898989,3
6754820362918103899,1
11614173213975319991,1
10877641434687453962,1
6631515916285650689,2
7082465598819878943,4
3254002200358495720,4
12522617148465827746,1
16101902264011656576,1
16488059899932373410,9
142342670315578263,5
3709394213852480305,2
2859060970270081086,3
175704789147945941,2
9310363098491482680,1
18034209017147054298,3
967546407856156457,1
3971661685066022100,8
16027754183341933023,8
5185979197249554516,1
13034382660214590596,2
1494600652058837416,2
9266517364836732385,3
13054799129032801734,2
6282811981247305196,2
11735218115663811245,2
1799265761573142352,3
16904677407685819715,3
6510668481027120540,2
16726347908628441795,14
4249470761020579708,5
14362678767968234812,2
4622364631635391344,2
2581874371747068613,1
5323488429312472009,1
2859558451772387437,2
1167387037400685629,5
4305806644957030288,2
2312286669445278869,1
3578732031112575690,1
10754463667130622610,1
2415319303402591448,7
18412554734029096203,2
16736378728981261267,5
17192492812203236520,1
3185042458463798516,2
1263005886753746154,1
9877504314556944969,21
469459735656887005,1
10270117157504251812,2
12056534928152785078,2
13877930155010149499,3
1762323692574946034,5
13263722711478967517,2
10280918415932877205,47
8726519903705811644,1
1152784468846654141,3
7983646877969806757,1
14495218665283324756,1
10632846094224025729,2
8435498839671340350,2
9691389485053670291,2
9340198826228372964,1
14280266533340170216,2
3741637805235921151,2
17182514049288201405,2
4460434765980606815,3
46136778704611243,1
13846411964345159169,2
957254154347889576,1
2334749897664267643,2
17656828650070581607,1
9551324863324751146,8
4636560062385901178,2
813959423052560458,2
1721468865790425457,1
8478386354680216585,2
6238711677992334690,2
8794129999936131620,1
12536807656304247564,1
10515420576250077514,1
11979282669881649396,1
13340673216264120233,1
15790534522942534876,1
9351159706455773545,2
8167858166502352239,1
14924639082829142188,2
10011971780875466346,8
12530066710938578044,4
1088799206595941047,1
14145539825936130991,1
14519179021530182699,2
13820012039361934885,4
4728842745793916781,1
13888063580774508935,2
3751247593264511895,2
2352609841984042715,2
3852695409297623052,1
14615582539359679363,2
6556802008695309790,3
10850037639299845415,1
274329442091516935,3
11377041331790478489,12
12721562040066615812,8
12756166922719865043,1
12758221168136896320,4
2971242817513079148,1
16631109266583887555,1
4878773679515559370,6
17869924750314584203,1
14165135485336326784,4
8518380506474955474,2
14221626242082745598,1
2830342900547832073,1
2225484848648187511,6
16240646916300848458,1
11032369672773085444,3
16641062983627292231,2
680651867904522406,2
11076183194748478276,12
14863975479079276607,3
7572283569960274121,1
4394512313366109265,2
4520081402035183109,3
17212673135570790792,1
1311936159346125405,2
5600232073664094152,1
255694357185951941,5
7762540893678850631,1
1458614918716063400,1
6932830783474466433,1
17616596028871407249,1
6651122006745642440,2
17269428929807254913,2
613926124998441333,2
1073153817880983459,4
16130684246724988217,1
3916914595780956584,1
10076790108979307994,1
5280963612721667303,2
13523686244310548106,3
10718350071309319822,1
13272381865585624632,2
9851270858677615249,5
8544092860905455029,11
5376187393041535867,2
6413192236538739332,2
4013684661290051902,6
10188652188512767819,2
3461751310493544564,2
6691953455799530040,6
13934711194843030718,2
13990917661664169438,1
906161916592360017,1
7420309891431408589,2
6712740308672442426,2
12187717186341563287,1
9376569518087486582,3
8295055641547216231,2
11630641187290461763,4
1159375858800291806,2
2341606039104439980,1
2654105158827433293,2
5940625104552889294,1
9922693742598146066,2
7018406811385724789,1
14449536295566101563,2
16804475932283771946,9
10768855189045288480,1
16354716237771800851,2
4965028718885620108,1
15145361063366138982,4
13660576152293890866,3
17546652625509823416,2
15046040846838533452,1
4301963761980828178,5
14558501303625408070,2
6530238760261579713,2
11668580211654195007,1
3999065869500456472,2
16210468436170132353,1
4429065227055221806,2
10123682814630360867,2
1612336068390637465,2
6235182965262075773,1
10091981010436457309,1
7903941034801457431,5
5083552760958571654,6
13788952874967894296,2
9682893991996493453,1
2610591086830726683,23
1492848001299693534,2
3067842906495014837,43
8902731033424806151,2
11465902693840687334,8
3368456860657294126,1
11828565571267057397,28
16545186481695770628,7
6303868505514818564,1
7525697802701420246,1
14839097250947707352,1
15185751856431619559,112
13648074053787020565,1
14929311239746265716,26
16242583182094995048,1
5904312922843653092,1
17704718792573980069,1
16803933165819757379,2
15224184008900309372,1
2178315526913284535,1
16528698111145261290,1
8218382311440127304,1
1035932396472320669,1
12100455034295836974,5
5643711536023336722,1
17311737796342822322,3
12203180989501568918,1
10312888401354720709,1
17051136703480388528,44
3942665403736935164,1
13098198329886173245,1
6790552404935324439,2
5113245681586936261,1
11814475533556844189,1
13677453303577347252,2
15118840220926482730,1
4030384637009166878,2
16625879896820057143,1
5431338943874567511,5
17257902343233923650,1
4807023956351718222,8
1122418686299921475,2
11744799241321289032,2
13631335041493595698,1
7627093089221208894,3
14034700693519540272,31
3233730032277849000,1
14235839160176555178,25
17035847350805974477,1
15275102079488103555,3
18162276906067300291,2
6598604898710054466,2
7414423344535684432,1
16774424048538449615,2
5891849323421987990,1
426852956637239219,1
1453446592382295859,6
9023845250873646455,2
5785105953915447415,1
7567014765835076660,5
16421311269641495675,1
8817892588375229247,10
12434628093716110009,3
12604498417497895882,3
8416106825651811249,1
15079003186868430113,1
18275596719217858766,1
14871741662026352881,3
16461345765293107734,31
6337253764757409902,2
4423266869494738328,1
12277062366584480883,1
16229782287875794746,1
1088152316985733752,1
10726695801060500972,1
9172888457331143009,2
12181615866433342684,1
18409703739894002094,5
2995572461739761152,1
14309881461205210244,2
4607949320511881943,1
15234566679839550132,1
12332611674756496381,2
18445585538300935510,9
9135764895145500720,1
8894042191202996811,1
11128938612383460756,2
10407872126926118947,2
241430302624392271,2
3111198055416520456,2
1500613320913255613,7
11392987443692504345,2
14375462457545717110,1
12087388568575740941,4
8363522196743892326,1
14088496114025770385,1
12468319285094440104,3
1987531339251756004,1
10008039706352982196,1
5096641363334326480,1
11783948152385606607,2
16494206391788177653,2
14803648416104198348,1
507236747279471959,9
11121154001991002869,8
4931932953746700330,1
5071053326359407789,209
3324023097826045484,1
11179901955507205236,1
8503478139109859050,3
10522951107108076854,2
3011750165771518226,1
12589293206663046247,2
2047044544717323584,2
3000949003049675345,4
9355887480676726536,2
11691340258701640849,2
12105234859281478088,1
9045644460610210367,1
5598859155639844919,1
12303014431193230946,2
6451105550198368347,18
1744939566351016940,2
13885601907109513527,9
291588875832325648,3
1480982891864615652,1
9511603254332971496,1
14681976801981826678,1
9555671460409122512,1
16304098617646638819,2
13096823129390354812,3
14612819548213787322,14
11722578186720896257,1
16169240214629841972,1
3212652584687086205,12
9069591472518667864,8
9569846133494009528,2
3929302340523179146,7
8337178489866299321,1
17714079170407544722,2
9620662223639016121,14
8673645435861976188,2
9573008979658835604,2
2169433622676286748,1
1876524970380673010,5
11610332971557525600,1
13698852315807107599,6
4609302778029857208,2
15813623836886855390,1
15966139258575949493,2
14569431646365879635,1
15721110837490759932,3
4143953293434659525,1
10993502500320771472,1
818220040155711815,1
6954964652588477843,4
8245435372219102714,1
9501718705101539920,1
11622342489035806755,1
3576069517282596823,2
4584795068254769134,2
470728781878959179,1
15234137849343945832,16
15858044677210919487,1
14891611467475173492,2
10085449268954071282,1
4583846432497845486,128
8999960040487619648,2
1730771686462834949,2
3926490044671923028,24
5213574077314933124,6
1979139481415724939,8
18431807776735364861,12
4245645777270775803,61
15790275726830869198,2
3586679189619789459,1
9885730178625383478,5
4629742340047983168,2
10993161423355438553,2
11032617625423307527,2
17320415096045008122,4
12980460750366986292,1
3769493727433086059,1
4407300386264958329,5
13809904166332337301,2
1553894161254409097,1
6054963606904986977,2
15475108391986546588,1
10409368278897558650,1
11888547105688592708,6
1575835053988009098,2
12883860148254536024,1
1967953161933829068,2
445216894469243230,1
11096741260962541985,2
11559526801951241590,1
5563278038223323421,1
1408115172393197252,4
18063443508052925861,1
4099605473960730673,1
4141955119233023823,1
12108024757895047832,1
14944816700150051385,3
8803059687776046917,1
16865180193326209735,5
9073867075279854415,1
14668505060593326424,5
7590211563269747017,2
9701249417101047551,1
14352846585292317250,1
15049138634895087439,1
5800270832202612505,2
2032508953453039599,1
11938301284299777348,2
18245343381227824984,1
2928565343887711101,2
17372631768420593499,6
979130690458120371,1
5828969562148422701,1
3810746727793404986,3
9990378284986168123,1
8026721779108452763,1
8257281760236257025,1
963346103070404904,6
2909532151993145470,14
18276443388042528842,2
7355641082586804293,1
6147921067148641978,4
3100405088355799566,5
1792310143527244060,2
17684939846216064330,3
15850639109266153980,14
2360324356963739370,1
8057448796065683457,3
18443585296041738735,1
11637041591145034744,1
7538433725002870281,1
15325215299928432279,1
9404772139940591503,2
10023530158963123555,3
13714340058159758406,3
15202050353406639917,1
3295185715019225030,1
12345788042229096376,1
6928374875691722292,2
15568138789674848430,64
1389443398666907447,1
12427283843240905795,2
12707212054456439907,2
14808503200310668013,2
4863814378832005974,1
10862685350503476231,2
5049325927437919419,4
10327065433952645439,2
8096725929194856254,1
16532576805294553364,1
14632193776070954618,6
12969658565447993114,3
15780448854595424300,5
13707183069292344415,1
6869033045486883992,2
6440017141466016322,1
86325023824714576,6
14391641437950444116,12
16441291816301135662,1
8729486929343749211,2
11098769892990480436,4
4303861493174703527,2
16202092342897644131,5
1968560572601149868,55
11080584220542218333,7
6101981613272054091,4
2459340846935604537,1
12984797967914901782,1
4983546018635183673,2
4183408468621780211,3
10311023511477227660,2
14205494222250649589,1
14330858905324848619,58
5099956439532530330,2
15645893542610160001,1
14234982770870816317,1
384490729787807937,1
9380838386313076827,1
3792269970081593117,2
18365674295892741710,2
11761338810344571685,2
15111646373133535686,7
15233693190363206349,8
8776563054540540444,2
4761058907888738553,1
18199451982308293242,1
1095225098239472556,1
14340535110205116064,2
17631339700783995253,2
1951220823220604405,1
11505377745241766889,16
6247468027896314801,3
7947453081984750018,2
8373699576949341254,1
2501252306763124640,2
10096113141739109549,4
7598565811556035038,1
9850082968268744480,1
12449949517905321521,2
11978524901467628493,1
122044284845421369,1
3488495318740774745,4
16361417671647414212,5
8584631117245467516,87
3338203707370474688,2
12321145234865777678,4
11318959469245706856,3
18142201175390335308,1
6405111007910165441,1
12591621660894562292,3
10652687271617484798,1
6506307489531021375,5
16848257855514843064,6
5325668350169423221,1
15340101463118837049,1
6514585091911518594,6
7395825883556025251,2
10276545637589377423,2
13190139227411615006,1
13869425486969459623,2
17016163059497678444,1
18342533202618304955,2
9686471516056569776,1
2951678574855763156,2
18146390904135961781,2
2982673148317546385,2
18244234053853847549,1
16025046989171396057,2
5206849584544800460,1
11942882694161793199,2
7931637363831603780,1
6293008650570745385,1
10510571079250665368,10
8890010204744203383,2
6110149888633285137,6
2709088915451916539,1
3576391852174500123,2
8322626014034554605,2
12935405719126959775,1
10122315392876684560,1
9756770633523555111,1
14462824876711102011,2
14554157565243569371,5
7926020054131062868,1
104459316979575619,2
8876886780122498448,9
13565132838069136850,1
4294889632458216494,2
9272875639565520179,1
9734810053328190141,1
1360397634740710546,2
4662791349007816093,1
2369108463012223831,1
10561094177887140096,1
2886794956028507143,14
16969701246683812088,2859
5968316261017666432,2
2751628589969116454,1
10466429367027025977,2
7993846094951417444,2
14943801404747671677,6
17972532205297527776,8
10731198506229148551,1
13123399968303243729,10
4507094749164629090,1
1388745589212657110,2
6133763105643040435,1
15284077691353491768,1
5496112966977396886,2
6849705948594010297,6
10571624821792708429,2
5022392973203944151,4
7756050016689274658,1
17055719368365533229,1
11516770999911179520,6
11287199431416821102,3
3220989202095000114,3
5804565804675143816,1
12260763559728737590,9
13037004106638598000,7
8822470190254954610,2
11685081893018774188,4
5097698479912991253,2
382618121624431483,2
14692698617754938411,1
10360733577470050915,2
270510000181427573,4
15238841552936203975,5
4064539767024954873,4
16736126454257303627,1
7829067734948316691,17
6396756811849793203,2
5774912432816686039,1
7320275539506348127,3
5950217921508071816,2
16131277594564337620,25
10448766914837799554,2
8274883447737752428,6
7635730593257297156,43
1926427506293423325,7
6541957880063395356,2
10730511488863848857,1
9943900893917734151,5
16790812901741516730,1
73486967626177586,3
18193986949508363840,2
10657198987583797610,18
4726925869182132480,1
10677781944809240205,2
13674590599118864655,1
4266645441331003996,1
16181343268976468914,1
17598883644502248827,1
13798595073262554378,3
13187893338424808960,5
10240582449315268515,2
4746599203256840634,1
268800449236392297,20
15235723396954145448,2
12389965245944048921,2
3288923651519002289,1
4380389588884921505,7
5487976003973014258,2
4382845759055501950,42
9945011004248445140,1
12373378589757505776,2
5997878251541880531,1
1795056970376301531,2
11087385158322600242,2
14631465295876435938,2
11473110521565435010,1
3342203159097592680,2
8360061564054515936,2
16882845996057402417,2
1525950553999814943,2
15899400432791346972,1
2874003707170992855,2
12015859405216750801,6
14638562735663415961,1
1039182204087354320,2
1492942716049644528,1
14952808018510780024,1
11328852310661031252,16
10317586854261048223,2
1918462077303667762,2
2261973125201657877,1
15687271521864679568,62
7448599140495855679,2
719042849847513959,2
7199756147915241556,5
12194877796542590872,2
15315121825355179392,1
10849708450148655361,2
3307868878823726874,1
3182576404390341339,2
7118623749322782705,7
4101445725060784876,148
7005726388477864723,2
1219722905374032782,1
14137859572513962586,2
13678523777093461323,2
10497557865175659069,1
6657931675183347925,2
5344556586940822434,2
16597702750597367751,1
3653131137946685189,2
13051430564941330292,4
15308439634890789313,18
8239188696206532343,7
11918529691830381617,5
5260991228066136542,2
8502964924704667262,1
16556888491333542401,2
16708683087598572294,3
1532168139113222735,17
6572089071120424134,1
15813158585551261071,1
7717730618305900625,1
5940807741053162813,2
12290681433947219156,3
15525256626804241802,3
6187037880212414629,2
14847809816399499926,2
6525258339018498731,2
8159638804538647928,1
6374895481961419169,1
2552494408688348089,2
3200151535433377592,15
6539056764825802855,2
4734964209757606499,3
12729675625550116229,20
12794714088174935075,2
15579688398138338798,2
8546447731357715492,2
3809960995241298152,1
17049091349668460449,1
17356019270595391844,2
6212260144770217151,1
11984885364600636835,6
12848334279207805797,2
10402105792117359621,1
17221105691581551593,1
10798075376615542464,2
7690649902941101965,5
10793763720660596750,2
17454161947368258945,1
13158741641033035280,9
5664183098452196295,1
12755623577045381322,2
10396154160264575545,41
4350572835486452514,1
4378021341864460991,6
14963868360312649237,2
16629226044492667424,38
1347649986734341543,1
18242480139714607606,1
7750068822572411806,5
17336875222500657830,11
16077164111973859770,1
15210403053043400738,2
3560358170195520995,2
15638275956860887922,1
71891091447363663,13
9866143173581239051,1
10808999101060029328,1
516627376667093599,2
1492364706135691621,2
16412740626223993240,1
12113563119860758,1
858322207078253166,1
9059600539285259885,1
8285427218466686156,8
12824458641235292517,1
8685161157001381263,4
8168485511408744984,2
9575477749350838453,2
432765599200380940,4
13325552457268696022,2
15256130572196091061,2
17860958314632715501,2
10055291335674811398,2
6169364669664863310,2
17473160109148454007,1
8198041874080249519,18
4467503366352564475,1
9700020587694769946,4
10061508195489079578,1
12613360432297031805,1
7240952417826742829,1
13096939577982062733,4
7061385101046010060,2
7663491776798123394,2
4045313789638944593,3
4086301379937813907,1
620298308067940127,2
10998801795149046020,31
8950435476849099596,1
4765154596001814070,23
10405348410126909623,2
13293663732125075015,2
4278565130860172059,1
18213859936748278000,3
8698945698841147615,3
18234658726156397586,4
4492964922603094270,2
12628399996892747416,2
9280047133395237399,7
9302459963781782528,1
9091899639893236978,1
17938713129842552198,2
11341717464701382448,2
7874642276712354088,3
3391240765383212627,1
3580469801552489134,2
6745928642737932459,5
3886633616606003825,1
5281288844983212776,1
16780086261467653368,2
18158493337241121843,1
7184986990595854088,2
7519396621926075414,1
7794812496825307832,5
12207230537067534746,8
18249268334982840026,3
9334797456561210175,13
7537225168127167761,1
5109259628419629988,3
2530894651640718614,2
12885329454585236020,1
15514594847546334082,1
1050524823247394170,1
13409347672012777456,4
8514439133189986293,1
15999976413737884086,6
7471106627096652083,2
6962618689310295682,1
13311625789969353847,1
14262074743876955142,1
3419838301263286353,2
5666422320444605755,1
9847361673322894396,2
17206480637907787768,2
6083268424521967892,2
2939730618901604668,1
18166546163686737373,3
3283939732306586302,1
15578214650159004103,5
3062328754768057200,5
1281760581964426251,3
5704932667356961356,2
14884827614090430707,1
17675311638106847864,1
14017055052728563854,1
13553411561613657245,5
1465995526346349602,5
14913805097948731908,1
3786668919109479479,2
15811553164899642628,2
42729629088682507,2
10221126539383250029,1
170194115688545077,2
3057661834890510785,3
16700049217906163147,1
844740538644624649,2
16722918521434421265,1
4624769706302472068,6
2992290218918583873,2
12895723939793494984,1
16312688645186592422,1
10750448997566382513,2
13392880465028347601,5
4111785159311234076,39
9486885732361619382,2
15325409478278079124,9
4919174542575730471,1
1981563564307780808,1
12886924384952813869,1
6507588546982932814,3
13888487449773816257,2
5242818080322645666,3
9325541715448424365,2
15114071721245516708,1
8917507670875043747,1
13272705497489476658,1
6742029215169839875,2
10034787048974184139,2
9553677132681160045,2
5278855928439011854,1
3711869597341564035,1
17000752800533856144,2
8705303335381224493,1
16661924988354312456,2
3212430372458560565,1
10665951288924090393,2
1388718422549341923,1
9371189587547643886,1
18210399943518740703,7
11868795257344790388,2
7080676133873973695,9
7761794163299652809,5
18115052688060119235,2
15155866832645749219,2
2793186291397360073,1
13655987394647457699,2
5098113332300907022,2
18444276518991904076,2
7501488077666689043,1
7994573184829115021,2
12610330377835264690,1
7493254793785184053,1
11737745517417342253,1
10766409459820637783,1
15918916844584110539,3
3310405056152772527,584
18409102315618763316,2
18429313725923432273,3
10659413550563663709,2
11492170243355765962,1
6007437929767414974,1
15188988568610080001,2
15942132230506447960,2
8562130389126679562,8
2036904986788554834,8
7887358169122025293,1
7369069740993817675,1
14468057368755876440,7
15999493153226805944,2
9356033889838706064,1
9035777901615217328,4
3720289591961959244,2
17286537908086512361,2
13010475403731474251,1
4641656109486719783,1
8847636168794978049,1
5186037238262184768,1
2737187026167595304,1
15525104675709930664,6
1975874170136206528,1
9898301307916785437,1
7293571827913990956,1
7669428268920201443,2
15788500120777647037,1
14803423258542231057,2
17026753109931971407,2
14900835144656911943,3
15336660437918246962,1
10427674725517606414,2
16945792639912051751,1
5265684151616526599,1
12205505848109522879,2
7024403190794333727,46
13125174949402891412,3
891975856871366416,373
4123228314575229045,3
9067928413185518153,12
16896952146248039216,2
9341740675163873848,7
13358451930622874500,1
17454024201098262572,2
7811165137548048848,1
14296630929256872019,1
4971198910780693508,1
7031494951782009931,1
2108401883985586171,10
1262765336550944525,1
18124419624352931881,1
1313953084986585404,1
4912216715976094797,1
5201890482040063147,2
3819668647490411975,1
755971305497019637,1
9132560808975773034,9
6920273314022374244,1
5609777634105266992,40
9205195899674037388,4
4986542106810818526,1
13288280426074723567,1
4214458043462494577,1
14935640360645780293,2
9291264543958238561,2
16297947643200999398,9
17971607676807384044,1
13492004499129831319,1
6663786183058263370,1
18400780994183484479,2
7382213601380281659,11
1943328537562768308,1
7557085339420875606,2
9213518320547907618,1
1140713986594632659,2
14320785811482632360,2
17431371334432140741,4
1423843495255115024,2
12071969584800795356,2
16297513638744424440,2
573498146540464092,36
17630593714409605591,2
9243831782293243278,3
11791303295437426009,1
2832542279016586883,1
8040669415553247812,1
16995090007138136557,2
9496381710076557573,1
10737227300156220186,2
14538982248689878371,25
4919603738499141449,3
3268379486197896772,5
4174456366186595086,2
17164811303608598624,2
7152300041408609303,1
10805564061988970061,1
209310799370923347,3
11058333322413041700,2
2935400890801151811,1
5975115671043670306,5
17856267273409535421,2
1333197304587372309,1
14226410551747958994,4
16817679087951623579,2
10104068264548852380,36
5132887051607078360,1
1683154452125505135,2
15695071851340172654,1
15707716554322539542,1
15178805842611420070,1
6239868303958999088,1
7986029336485861377,2
14514407289335430307,11
14031826823727119495,1
16827701405986363210,2
10417716023845545507,2
18317154370294241443,1
17226708752179740866,2
14820508544388558265,4
5799781847184438897,2
15463323402105092340,3
12844403027057958494,2
4559649032355953251,1
6275606127338298248,1
4666691273252351618,1
8265567423139857357,1
8309912673919908014,1
16480091426354117509,1
13628578800635954773,1
8457978839012405075,1
12913764225065362665,2
3837231633561577330,1
481124727140350078,25
6993261545765155954,93
10980946595226647204,1
15262637705153549936,1
15749861498442518713,1
14192699254060952459,1
13662470917687634657,1
8532080245552801767,1
9294475359108866320,2
7656424302211955072,1
14281469590366487080,1
10799484572995690594,2
14335609212170240253,1
473571854722173726,1
8014686012583568065,6
4680074117173936186,1
8808591876996205217,1
6464188256018768023,7
17433987492450213757,3
5469694893252396032,2
17263346069871691928,3
14804456617676871875,5
15704674798215506356,1
12286466548968954962,2
14058821063759490437,2
1950362565258201724,161
9541573871348588764,1
6543789915958457450,2
9969479146265230306,2
8806138082462496246,1
15785609774690167541,1
8269882532810851877,2
8175025845916643531,1
16431051325436957784,1
7255499800016413858,3
9118821813771100691,4
4551749821260279116,8
13667468907085666349,2
14115577644079226199,1
261482161731650445,4
11946258752941371656,1
4189541347707475406,5
16668647253747684876,4
13254788984288680835,2
519270929387961650,1
3613882269237462265,1
14488305619846346061,14
12722177116464925425,8
3918180689359369716,1
17126442600781656146,1
4927567357577048118,1
16949722887781658984,9
118925489530938764,8
10930359334201398840,3
386126637277579272,2
910310037772492453,1
1493943048426053877,6
6862737232647154291,7
1086368756177728238,1
13892495475808215801,1
9572179696559893776,5
8409913575771771518,1
9604917069071488329,68
6791911293159626680,3
14593377669269438594,2
1675909357498883251,2
482121264582574505,2
14450401469112308605,13
18264639682728729595,1
10918558515066130312,1
3166234309997662233,1
16195204845389744195,8
9337951666937274043,41
7263925970374546691,1
8719788413113046808,1
10409478544219354423,2
10897944351014918808,5
2514555802489426111,1
2453387302474480021,1
5956084178213376117,5
4049252180455370185,5
6276219521720050297,2
14826040392987395794,1
1803182699439135402,1
12108576336290623859,2
9594684248853325607,138
15707858164690764111,1
4110378184304945801,77
5345412343974280186,2
4822366023889322159,2
5440611453078907033,2
10923924018679837244,3
15685771922744353863,3
5997717183054585301,5
14007141210908520950,6
9433852962920340509,2
16935190470106257008,2
16333190382779088039,4
9747662423497389485,1
12575416783870123997,1
16481402079880232035,1
6726201939723053053,1
5526445022438012021,1
4655261430193711803,1
14860469333728667142,2
11734372749182268254,2
12546171066920645062,1
1453946909715205307,1
7156705875459889174,1
8131885619809465133,2
9201830601631096719,1
12850764827286796777,32
13072622562380897827,1
2337815018421648764,1
4872917997926162120,2
7350042665042813240,8
13524656165203210663,2
6029651458410832331,7
17905301898120266083,2
15513282629954663122,1
15485958088939382549,1
8469556205051891618,1
17329507698844394969,11
11421076230371245411,3
11393180767733827954,1
4177987152147795531,2
17641546519755781905,2
12511373953297783797,1
10906972838189247227,2
9576316765777158794,1
4725890921984487905,3
5692622390072449067,2
15797672390078371789,2
3019487986973945604,1
8230062584199974001,1
8331309467971013918,10
628860963449963255,1
6609747642899817895,1
6946149397197596159,2
7749555341083800284,2
3330669180379636875,2
8078907833791804890,2
1021780790313568965,1
15507235247551621332,1
3889436954137513168,13
8606206984140485331,1
10758086089737553750,2
3711352033095027037,2
4217057882493299048,2
14433367556975005340,1
1269581830877124435,2
5015652476652204356,3
2795399225419044491,4
14957650987162698085,2
9172342074904890437,1
5015930144507569386,1
3751213934822755276,1
7927938885355572732,10
11650399312391299573,2
17769807132838830022,2
4240786197124446422,10
16892411174475042562,3
11867093726283811335,7
4859250967015981505,2
12691624271556712999,1
15633470825543981213,2
15525035590291997970,7
3737544473008941179,2
13738646763737856491,3
3431042115458790089,1
16225411012544972680,1
2756376157802048726,2
17228827001628105199,1
10396933587409287546,2
1889022843465272400,7
3465310724166720077,1
5691984667826314988,1
14131890720044093466,5
15332895351367776744,4
7331166338583333144,4
17404105679916159962,3
5298529605968833988,2
16277211834664049820,1
14300119112680865541,2
14569681517725776447,1
2569804352570042360,2
3365375742790410216,19
15093748339337059122,2
13591388523791801066,1
12917960191163120406,2
16024751592827670950,1
15019919430059994663,2
162439444887845543,2
16147135392885353091,1
7792956448228606001,1
12923127420917340360,1
10855089984692829037,2
1162437510572075698,1
16665455124527347819,9
7390407000465510862,1
15813289241816788263,1
13354844530252305120,10
9823136386354808920,174
11713464807109632406,3
670492032821439785,74
17481343907759577081,5
8364260585168906610,1
9215862984064710314,2
9555530659537850126,1
103916081974940807,1
11406493595287654151,1
14019786713317056685,2
11788905900340858856,2
16143432685061927757,2
14319375788220228500,2
2761936322377053493,1
11502745635375667717,1
10676543676971082905,7
2873901506990207566,1
8008191588410417152,4
5853728606096755278,1
5336489219454646932,1
12920898624130813354,9
3796721296248628994,1
11619130670798774490,1
15181849752824249679,1
2962488110890861147,1
2520560418448813553,1
8552565811086557518,2
8862691850425385739,3
4740980267946024203,6
8724190563212451795,1
17912578550019247042,1
16103986532067858563,1
2166218359414341325,2
11199287063974638665,2
6968069807235343719,1
4803185638567235335,1
15996821636074137706,1
437501000165076016,1
15240183193572464483,3
17718506976854295751,2
5571272162023812812,8
4747069052362850436,2
16482473718765440358,5
15341221329856351548,2
14213641596553879912,8
2384875471635248074,5
9758275711548119212,2
3504294813135314487,1
13828818248389302914,2
16998430936510808979,1
5228747960644397508,4
5906679548985373501,10
12329824128714993629,2
15351981645669711856,2
8708059338664578163,1
6621168847000026676,3
4206421503745465033,2
5784132900443812481,1
12786108043183625632,1
9134893548077837119,2
8962512945570560408,2
16933736664568240035,1
6793590577315842654,2
10775958383792265548,1
9478225933763925616,9
16452582051398149195,1
7413584702347482953,1
6210702725714663331,1
9394368748026719445,3
12803006780543705874,1
8985750486889538708,2
16657833424560050071,2
18440367012303845881,2
15316257769786613418,4
10466642751481298154,1
3136322480137255368,1
7104615972680818777,3
5849388286764330867,1
18026017585416302630,2
10605630709420392862,1
11880043401991925178,1
8398105557530980022,1
6218050964457588918,1
7469517876085574046,3
15519130533679089542,5
6936385061435325958,5
3028429474896662996,1
15806509926851843232,1
4909863145013289090,2
12103952178071290211,2
9669263607650373165,2
9904082227146491060,3
7600401179773535472,5
100761974187166297,1
8541420347779591536,2
3357907309137328720,1
10647962077960253491,1
5496713918070439764,1
9829904154679472360,3
1644903974430321100,1
2895269286892090946,1
6328071361346541983,3
1486083057630892156,1
14452406975582647621,3
16127151967653540824,1
13996348639496680403,1
16815458468601148662,14
6166852427237979296,1
16295532174815474574,2
15724665515084374633,2
15810588454319357469,2
15616845874681684046,1
4424786740723402799,1
16290320430706721859,2
8109339631083429761,1
17618946219357185444,5
2541904650128276883,1
11710791119079372052,1
7417770338128655390,20
15845725718285334776,1
4879360833650230843,1
8951966675106678412,2
11308645592991324829,1
14077748614592879832,2
16968193898507258857,1
7283165499034238176,2
14088594707873466058,1
13637628037948994111,1
9925866846385196566,8
6796466483466445230,2
18074943605080527326,3
6363324107685363069,14
13052736976698496239,2
14098906996205151847,2
13582660488756085730,5
10360451111147058653,2
8025950569514936254,3
10244333831888149208,1
1861775208485918192,1
11401048146784694692,1
15276946151081328662,1
2136759850332383026,2
11389663503471953309,1
12990661586239211499,7
10352194630840257532,1
8186047770472953360,2
13350743424249046177,1
1580301464279685557,2
16986025123197742474,62
536328451740414216,1
242609099559405763,2
7724708804286462431,30
6357129557066660474,1
16785965168204687894,1
16209832259067166163,1
8575888613456198078,1
3094818542272047688,2
11597245076672896080,27
14270514220925265341,1
573768176300607638,1
18396846265536516566,5
87206256450248977,1
3290224245696153861,2
15893327556415742204,2
15001284188644492984,2
11156770611063490990,3
1351147605616133353,1
8892259878713304834,1
2442541252093742390,2
4295639075649384164,1
438806107420274412,1
17304340531572273900,34
17826674224123209794,2
16081178818791880084,7
2700477785077052244,9
15591584285398670828,3
12921290777769142653,2
15388219378135300076,1
15152204987902200453,5
13778336196985168713,1
263168919967261459,8
4535281815343929030,1
11999722898606958308,4
14667191701686071007,3
6505278240583524937,1
2712073150801857078,2
16753875478560427353,19
5981417049569203491,2
7472560417255080386,1
13977846731580892778,4
5614386802292593035,3
612349271298398488,2
13571951736484378816,2
14459350091573511921,1
598421192546423084,1
7182722454153483570,1
11529760287717599308,1
7240640473645770314,1
9151699832206509949,17
16107019602537611108,4
13952598075958950072,2
9761916777893006971,2
10517735109963896717,1
7478818761224600931,1
8866866508609675717,1
8534375827610781454,7
16721262136153004425,2
2546798307763709309,2
4321349961318685950,9
1758078568545313933,3
16739974100066627363,10
18204585242814304596,2
9288022746546427904,2
13311990612564617442,1
14286371421230134737,4
2158247350944676077,3
2635277099034697133,1
11738736012255214779,1
5568439862303472059,1
10518887880288039090,2
10566433486124936868,3
12293070741319210960,1
12285450088387999919,2
14737426689483466566,2
16945132537894755914,4
10238150401635591070,2
10872247133644491874,2
14707005909380304990,1
2576177117420488157,3
17162425925605050683,2
1435293420928533882,2
6314277479131565943,2
14833101879761977925,2
14575568164511278101,1
12186732340084447886,2
5339683182449916298,1
11111405999996854263,1
5502280549728105283,1
1385165319623515971,1
15553186077274403584,7
10059440789256553805,4
8374282465640892906,1
11660017728888314132,2
1092560560463000078,9
6418874836538052389,2
6370018569220943757,3
17170503258166050788,9
7508909951027119217,2
5187756243025125070,9
15816718030553999651,1
18373486726239350050,5
15447888808851319884,2
17087451311938040553,2
12903411538554906519,1
7613244697999232466,6
13424714363685418609,2
2813470853718488715,1
7142430412443919510,1
14769648650622103198,2
17435091175855850579,1
6860525869086469947,1
7949371780820611180,3
3319938137552643160,7
843046902261256442,2
14509513940296775326,1
11329243859654939454,1
838810434240884290,208
16871689001623962902,1
7473819716579932795,52
9732544659777395707,2
5666418745514952267,2
14782438995802277977,1
983842772471115152,2
15933287353589701466,2
6986319860988650984,2
12186928237530610300,1
14328993795731193405,5
17279978388604754849,19
5472272514218573103,1
15374118987621499754,3
10791455035548472788,20
11030071695022769894,2
3730045849554837109,2
9114107606337187799,1
17555852472688341371,1
4279139014990459428,2
6226733470556159100,1
7827440663383379197,2
11578469579685612289,1
3909029771287960286,1
10519558626159438425,2
7088719777275147324,12
12775623116597540435,1
6774289622727972832,1
10416895413193198498,1
5265143495635875711,2
15491236943866459357,1
12920540418593152476,1
12096650349343710640,1
8865262183387915695,2
11014843475299888903,2
1307095759698341457,1
16126299972730927193,1
11940391648193099234,1
8433045341159704181,2
5138064950244936207,2
12336498009821673070,59
11054133467847419656,1
5998252294699211493,1
10560868941102754646,1
6012702123105569426,1
8054212409956163054,1
3409165626547280091,1
8631428322712784529,1
15995406817038674529,2
4769604583667364001,15
2300353097397958819,2
7541586736526894190,2
2656625950789830025,4
8946608141011843880,2
4196649633938263752,1
8723237511422193174,4
6952516769460196018,5
5646697260275211764,206
7769875006719676358,2
11605412301210791810,3
14756453794410811719,2
12308734983144149629,57
17320295492205084919,1
4184660278179092244,17
9162614785277881166,11
14142320174515428943,1
13680680775035686954,7
9171139844480928870,3
8801533669516661036,3
13910509909175015574,2
10789281290740127625,3
3879074511950682183,7
4462278362587513258,2
3377370867006982274,7
11180114557641666257,4
14954377717955391068,2
3279975210948136832,4
14385972567638178,1
1344467861009678319,1
5308760408601432023,1
2402725415538505732,1
3961282794904612814,1
9521125260891203787,1
9973585844147032497,3
3005740221968125096,1
18154877258274944537,2
13801377793141078395,21
9047074200144954599,2
14852216286795954988,1
14024747768499735554,1
15257060903166331418,1
17127894269584321967,1
8161870199984589270,2
14306240036723673254,1
7383171892070621409,2
5524409709514696499,2
12789323335584461822,6
1834128393159349176,2
9762192699080218955,2
4592353286894044805,84
8988653827740384581,1
3289464999148158588,2
11773576211492735976,3
5851207649017114604,2
11500434223509915150,2
1854915689277769665,2
51484267505902252,16
11580322947686163233,7
16518996874516462609,5
16006219824305463412,1
11256687167782013862,2
8976944017355848244,1
10697404539697818254,5
15207315233356758646,2
16581083256919539763,1
5861718882765530094,2
4493045811376224640,1
2943957804620898290,2
7649208644210426236,6
11305415206076848875,2
17180908741821458696,4
4278552452982219264,4
1216049108942056607,1
7281253729691681959,2
2597009357254783977,1
10280924338271699463,2
9070316743625905752,1
15307223072333744738,1
15424800842563529101,1
8221053164803677895,1
5399999477996164828,1
5135533722928254713,1
1072953824190592990,2
4598819607820613978,9
9152006702561457345,1
9871963327281519340,7
17310944865951031058,2
12778419989282864310,2
8713460795939698544,3
15624380627869086750,2
13190718021367046676,5
10904152478616251337,2
288802080436388986,2
4774625680196974789,1
5773757376531344284,15
16549858941153843952,2
9527678518599810871,8
6607116637120158530,2
9558953112177433151,2
14245355013978265005,2
2550293588433298353,1
6272719785620208978,6
11564612884183609635,1
3541855290342313396,2
8906146045542911251,1
15514652970417971764,18
4744123965812270147,1
691709173259745897,1
16681360494168522216,2
8916543876616829414,1
3326914551491190711,2
13880299412505670214,1
4393638519169574540,1
1949034873332072057,1
12114020723092381162,2
7582194082925072615,5
15752967442338525794,1
5161847831025875844,4
12962031885740511688,37
12080349414716378039,63
10427650137151078534,3
13237555437413046062,1
9227004562591194238,3
13768039164794097188,8
655206513508159457,3
11423811839865465549,1
14579023983991399386,2
2276289218574712756,2
10015700038738799632,4
2208318797708408113,1
11724893036694736023,16
15488306349990566626,8
18091047511075830713,1
2524801738954165240,3
13238169104308949856,2
9022866528706620024,1
10017071869812996190,1
5104828750459437450,1
12641063225628988178,4
2106591655620143392,2
14485546306783124751,5
13400448913326173689,2
13335958904464082385,1
17288269282138759705,1
7857841417523923306,12
6480110002762024560,3
3387121723343772589,6
11578095874355475892,5
4535872039292099389,5
13689110125510855524,2
15551823854804729387,2
9042271526976835690,2
13942463159076575304,1
16401632198454768788,1
12158060807364309496,2
4638001707719611738,2
3022098722283584803,1
15896099519824751777,1
12207329857941375539,2
8068285213829997960,2
4329201061755658448,1
6240526237131764763,2
9967947121481074368,3
9973626520558924091,1
13160168765942964213,1
16226418361931378109,1
15437068716968535360,2
2558479618971508867,5
17414521440593181992,2
16815041269311128105,14
16269858502862754903,1
13584716984116597223,6
141978218349909599,9
6553874895718450436,2
1520003469291618396,2
554138805159593540,1
12433133507951561236,1
13064584813598419744,3
16306852206538068431,15
5904368941145535214,2
248626136663943470,3
2383870764599385238,5
9188007829931821413,2
10272808892506245824,2
10471690887461975359,1
3071309052793104153,1
15340689868342015297,1
8648391770917208501,1
12244242146925119882,1
6619899679666171107,2
7219783211301956440,1
2561725156530349728,2
9425298771657481844,7
962232061833554189,1
13429750963408106593,2
9313833187405341578,1
2332969678808242761,2
415202936448736884,4
7416090013576561458,2
1453441295298426718,5
9228414863858950550,3
16971830842184751278,1
10520894844009949387,1
9662862823825799438,1
262005006134025616,6
8860734023380034660,2
14010083784556325570,1
5732741907362669451,1
5529595440354622510,2
2936557084587433069,2
7594511891665192835,1
15208294886443696127,1
3311088397409837426,1
14352534760967000551,3
12101350821838165393,2
16960327294042393574,32
12561738661496201351,2
12021739153092542233,3
11465506115551228275,2
16105917282063498622,1
1103396328060162182,2
7378655716854006294,2
3289731428294708890,5
14955361706354004738,2
886522485961429010,2
7449340763929653206,1
16632458392580588457,1
9172259689203059295,1
11141960479043824432,4
14394547706524416872,1
10304204005767178481,1
14958820489458720688,1
11242505234176260034,4
10919126737055512079,17
10828168370270345071,2
6110452118717015651,1
11480467191317752729,12
13227123086537513930,1
11651858477417714119,2
16660814855229046834,2
4609136698257145300,6
16915924974505759209,2
12898385491255953358,14
1650969835239661067,2
8146747585043247204,1
600699741104384516,1
15525080722234204285,1
512603762262299267,2
2084757936562995834,1
13767451531711442125,2
10240485902939387418,2
1216330766390251692,11
1319266385417832642,1
2456382146990096044,2
9784776477622008741,10
10236155079996456691,1
8771108429583028342,4
5706269858121841469,2
8590414566943169438,1
13191603503086359941,2
11256861432699912154,3
12908483132568217157,4
374938315351736055,2
16300190509884237906,1
4172682354648586625,3
9572526679666975813,14
16443693023124825793,2
15980094821061375739,2
8129265336522447489,4
14332448670716849325,2
1425751662354156874,2
15598820787412434364,16
10092187164304781861,11
13182355149173321486,2
9732241582086653724,1
14933436274604831764,2
793101508434377024,1
17630461979029780172,1
4192162784461933167,2
5312536335917794291,3
8405728209547807472,2
6272446475249287526,3
7030857771963694897,5
16768152143670980957,2
6495838647170837574,1
14096325433193757087,3
441146266781732194,6
15116292598318955714,1
16187203952526462885,1
16530444253167742249,2
6581510239189039926,31
5369321111824786508,1
2456419755795760689,1
9957787831268288118,1
5029704192194506939,1
12487214259108618200,2
2666229378663914959,1
15924568140129734435,1
7517115113354117897,2
6212697000567256979,1
12401793698733287954,2
15732344397524791576,1
16199691865938873285,2
15925414284537652082,2
10055879238093845372,2
17472938774929796226,1
10984924968757150295,7
1244699009863510648,2
637176756111408534,21
17609910999560572699,3
4549432096787778619,4
16828705307331668803,4
18435954144336146812,1
3555419622615614511,2
17225369550168405463,4
13353548102046875730,6
6552436442253171779,40
10829941478665042897,9
16757492212439419461,83
13012978476627523932,2
1696541304049956003,2
1942503179764593221,1
11743533406766420234,1
17787217332814637758,1
15496652657052037367,17
15106346978586292756,4
8556935058424875178,1
8171469189903042900,2
12974684804702414026,3
1747107195822824281,6
1097592193763543291,1
16174949582771658757,4
2603907483564109511,1
6597137742089114578,2
17335370158108966023,2
17691214411471953479,3
17405714451263055973,34
6849146190199282963,1
14438405723742653999,2
617775443000021966,6
5466519077651093014,2
3467054207537091515,1
5652341317210539442,27
15657868410781430423,5
2302019983988131862,6
6076196914976074403,1
1313521416721676540,1
3100376336104352013,2
17852285668621324196,2
5827090274881786505,1
11329469689823914014,1
2546313114377016938,2
17427883080150338000,1
1139466673947503964,1
6792854023236373647,1
5768530440928366651,1
9947854163470489160,2
6340685629811840718,2
15608943089356999379,1
18188974984637504153,3
9471995916587262159,2
8361982827647912690,3
16953253668725688351,1
8692080744458728264,5
16559816253036106137,1
2984676630900606920,1
9606433762781132010,1
9689344499490791223,2
5671556225176346537,3
8890502159600211774,1
14674881750554639667,6
9773582063866097153,2
3463140000256840906,1
4657013987137618319,2
14160906379531910574,2
2124382968695132822,1
9026171443081952185,1
17697919654891066545,1
13307380655167373231,1
4580734192770781089,1
6075009721356019798,1
999923043280421656,1
11826852488319066544,1
1394038541655352811,2
3906499375097940234,2
16699945078635123265,1
12665927882076485501,1
1727145160549257227,7
12308547602440612638,1
2324284577004626482,1
10655155737587153558,2
1343946288978225451,2
5240363131415809087,2
12514267374295852242,1
6897821155929505279,1
17985317200335745415,1
6224895719805335762,1
14827825260147710914,9
838407517943114128,11
17138938828509095659,1
17678222658751240406,2
10179097990734571790,1
9144757921776996519,1
12288487885558529525,1
17847401756986992172,1
5622985680312789578,3
3691941609479783589,3
6599137185566423341,2
2152036105180145610,6
5212596845103733198,14
16616916703752264193,2
1088841150151117697,1
4864563311586359967,1
8071861969060943186,2
10674556102475479427,1
1966125814841047300,1
14406496730204632390,1
15561390777199518868,3
2305417844143289392,1
14466657479088847828,1
17257661073069456609,12
6149852586232922272,6
14590747769304912895,35
9159107755758795733,2
15897765143039919862,2
10081105209714268348,2
15618672109091339220,2
5920705984883878078,4
13905042399012211752,2
7403214254755087560,1
9566337040722614858,2
734510210111969489,2
18081644861607876198,18
16759154868248060692,12
6032646086282297352,1
8253808152170560169,1
15098035818190146104,2
15159314950734862057,2
10558593126135522121,2
3469782046702864839,20
5231964616399387804,2
10592886616784198531,4
8450581695792837514,2
6454043853133772422,1
17351843305693185078,1
8973025200793036251,8
12709123368878963824,10
2547740798715759029,2
4403609915968119543,9
8558435297412861314,2
7320909193726822535,2
304345709746070391,1
5275903220576959470,4
10707703686387976070,1
3358662824796096763,13
8321948896633504702,1
2676444453280194233,1
7554324544673787808,1
13212754137604800443,6
11012625359077839812,8
5318967281134844748,1
6675503215358500053,2
15824665138239682658,2
16430517293047648808,16
5355190618453117465,1
14324623287144188922,1
3870550668106900994,1
7744858435333147323,1
4456927601911688900,1
3638238636863307548,1
11436174328533428378,2
44395360468060573,1
6509900337198282915,1
13952536208253653161,1
5171942880682078361,3
15304843824823198532,4
1678034503971681989,4
86655990728012216,2
3928794002365725681,2
15505257614833793314,1
14490110876747289027,7
5657530893250153020,2
17481075676934980596,5
17918575596536999354,2
17951214179567632097,2
7279262543991541201,1
15697205476748213202,2
2816971330679866129,38
264153133038420684,4
3898667690166061972,4
5912539050316353384,2
12402820464430589231,1
320218682923924395,4
8001559736378238185,1
6219061984750137122,3
1602832116793413029,2
10570870457285068373,4
16211122705399579444,6
11766969729039095506,2
13896076949517634682,1
16292699230110494842,1
1450715660820276480,1
18089833158469175612,2
8366163062109502609,1
149551394840821365,4
15010693493238027435,3
10815448919157514138,1
17678962083049250178,28
3890384221112761411,6
17432256189448038834,2
4013756861222183733,2
6161676002805878865,22
10468971240509437749,2
1829294152615493508,2
8835399270082802798,1
1216458401962070254,2
15610016706229155973,47
12826617082451372424,3
16547190212669494985,2
11310632469310280879,1
7070312379258709114,1
15516054468187788672,8
12550852610370546542,2
171369251100998283,1
12923022837069283129,5
707437649636579070,2
4773311134600949808,12
11285701642161167514,7
12516451972391523946,2
11797127937493813686,1
17282126870240984678,2
775673442837769702,1
1193667959623925217,2
11801252504552038787,2
6674377139891465579,1
11022619012884111023,1
12211998049395200586,9
16916365828935793992,1
6179708264896047631,3
11711162044754533719,2
6063235049697021471,1
13919897835974196285,1
1575678451726988697,3
13366618809102230693,3
1017404479992345025,145
16028276192592216172,2
1429700809179418725,1
3186820739549258713,1
5434648652475240082,3
133013135876145341,5
9212077803223925000,1
4975864669357634015,1
15221204968767424727,1
2915545598537558401,7
10308806296720060680,3
5535719934380665784,1
8971410141590653492,11
13918051155898221725,2
11935063477298611774,2
13904564684710485627,4
17257122465127428344,2
14615444156359652971,1
11716043799493453972,2
1518984030235201774,2
1723688549037124022,1
13309505935737388081,4
4121447413233693740,1
4877891371526121438,2
7559893184808399130,2
14009197567295377696,1
8700901011484618281,2
15382287879106267820,1
16938579362567371546,2
14408871720151933730,2
15242422104468511888,3
16402545351347414417,18
17658598380330589646,2
1512831710418188251,1
9293856650808177808,4
1562021770051662617,20
2253725096527322333,4
11259609794870889415,1
12091575656910563007,2
13430386881801489162,1
8041632577060073223,2
11173224027822786069,1
4819795949097466398,1
16614231583043530436,2
4221291140070148521,1
10180408678781055245,1
3917377142164527608,1
1718334180447664397,2
11122317507008146851,3
7650922527563452753,16
10210823589282790813,1
8944350624007883093,8
13424796368949369468,2
1951143254071708961,2
12922644520362173639,2
5466298108870173011,3
17822818313228857523,4
17803664191376536179,2
15998623565341176193,4
3363257001722119144,8
6277322907810817654,1
4443936332019611004,8
661589593587145921,2
16494127716363937531,1
18397061864052577930,4
18150183906649847055,2
10230210542014870990,2
3593625956226601986,6
16796572322198485172,1
13539595716989208922,1
7954982289485434418,2
17828231273828596920,2
17548719400556821998,1
16892331848248683007,1
2642798031306221738,3
10981179273571021341,5
15084832091148080195,2
3468941089316726953,1
15161698960540570431,1
8649162701535340151,1
16765706945273770912,5
1676292582313868848,3
13927062950480748059,1
6810010969653125238,1
12274869801104857379,2
2280209115178079134,2
12157495631120574177,1
4485559549387381693,1
3159184100816946291,1
574852940329859553,5
9709262377832821517,1
3878934144637387211,2
206881908085292346,6
9743406635548809838,14
11680054408035262003,1
6550762935361266362,13
2283184005906667467,8
8778612173653054830,2
6031236239880309859,4
2321619480587900453,2
13081198041663058615,1
10339059127906312721,51
9517444476080527733,2
17328763018745193857,1
10641017865495345644,3
13839749326085894389,1
5861869184410288363,1
16467543875640054829,1
10519239947418958601,1
10555327841440010833,1
12173871250374097027,2
13016855708185568047,2
12229494101961552094,2
3329540109036156712,3
4540739558643204915,7
17063501438577731923,2
9057157610542499252,13
5355942779483241539,1
18398866599045769587,2
2025056876857005349,4
4631710207448648726,4
13673440970203405303,2
351292667792975268,2
8784787411202639118,4
5941692808318609709,2
5550687732586274854,1
4706817229650879597,1
15995510445986806845,1
4531023350792205561,1
13056508208119212489,2
13879299463717815813,38
12455749678402575656,2
7151612685869042128,1
3150932195584301945,3
12429347182327333318,2
18246891215685918974,2
9671358593893525380,6
16379051406764815340,1
6611380663746321458,3
5923758539687078620,2
5175820107075695077,2
17265784129589326099,1
5559323393664157638,1
13013676108831799515,1
3773840738272662522,3
10845667627050060188,2
2270792335510409999,2
2924295934467212308,1
16032040326168920124,3
3426822650942978905,2
1341537884100462809,2
3680125001182983039,2
16806015209497157513,1
18042890459617053810,1
12367435271034022419,3
13275818403091688636,3
16959679409947504069,2
12624845734451317445,1
13697006531691781067,1
224072869441244838,2
12845293211245724566,2
4102990170634815951,2
14585457895108813477,2
17366488558154075826,1
12957714176888817335,2
5875203665068378747,1
11319336564622419527,1
5920372119005480981,1
7854189504578081265,2
10027123563723341940,1
7684632223283006707,1
7227515340562204960,1
12991828297610438514,4
5062481343384958610,3
420579744192778225,2
7169164391163014867,2
16131102372141489240,3
10911526343308192896,2
15526743855053294365,2
4486223580940700553,1
12077605162163161807,3
6269413172045810478,3
6494537130325820243,1
2820554032796219684,1
3592629085091321237,2
14118529102923087567,1
12268848382891031205,8
6215626385464839307,1
6312660614394872091,21
7479285419194940072,2
8221285430651652256,1
11640769634554637766,1
4348379423646380963,4
6564471777145226084,6
5253163985377499164,3
10701258663856660022,1
15753689819956402887,1
7826404135298349960,1
9372897049583555247,1
3307440795235844908,3
17822426246100160358,1
12096857416788026548,2
17657124280733250684,1
5987147110633872651,6
10562914498158587760,4
16654081990961534984,3
8795570493407598340,1
3808011308576683665,1
9734689257395695261,4
7241417959708904439,1
12108145547767916251,43
10439467517654657505,1
12445155936367120592,15
3885785289396830101,2
2350179466794789994,2
3088473829041316804,2
5916141949197713989,2
12580239359351072034,2
13700687706578396029,2
12885960597566371445,2
11002225020086965315,2
17689044129320257469,1
10608104419168291112,2
2528056775895326428,1
9819822087584094234,1
3568187146139497352,7
14309858032499572450,1
13967279714203593337,2
2031797042361060499,2
18363730870076764543,2
7662952763199393536,2
12910866963849492549,1
16790129136444150361,2
208202826948053722,14
3838509915758587478,2
13420697122645160829,6
2419204276462112406,1
9264711493311979126,2
5113758276155441246,1
486772411185083721,2
236461751681810209,3
15067763819053654882,7
5185322329499267748,2
4858699789664069086,3
4289388260007736779,3
5596827656558507106,2
12026850107158243429,1
14747517008386662208,1
2835253281963107534,1
8332884571057141482,1
5027951886623645859,3
2516118998131126204,2
12197466736280616685,7
1627643739037689686,2
18373056951783688002,10
6345834612835297069,4
4913380058010931641,1
12589822327226495400,2
17255024061413729715,12
2575813105755113900,1
3199292028382822988,4
3082947946127031862,2
6848255620891414316,2
13953560895432084685,2
5532275678929008385,1
334051435404619770,2
8193782844276850017,5
6637728991731274210,2
13310804544840672916,4
17949759390426250089,1
2973565194004415677,1
2445998649919748018,2
5681525368274466057,5
617392862105409213,2
14748376258185362993,105
4012638811222844195,2
538752898762175628,4
17451171804658659658,2
5614696731252694009,6
14611127201078275054,1
10538908857365977252,1
10544791793336184476,74
9220683159184387900,2
6117834334040619125,1
10003283792754395500,1
1777027957575413538,1
9519063161548481279,1
11061348087019371753,1
10367787781804287520,28
4708765046147139958,1
16045262098395089113,1
15012283254359735885,4
11763883793804950804,2
2752499664899025015,15
7002533290955303303,1
11155283269387197681,1
5820624559284778321,1
1197998598891731282,2
10196584068130564032,2
3599513853838886265,59
5535912425002592607,11
6938707029547683968,1
16604433238649358420,2
9584967695147700786,7
3100557333707096989,1
17222381345396495145,1
12690938594941451962,4
11360882959709444828,1
10082329768387106988,2
6855116683030632903,2
14694350792919957454,1
10751488238368633889,1
7881030466880247033,1
2144514531264850307,2
817021077492610654,7
17404688388241012122,2
1485493055146215541,2
10707048963160293396,3
16473252919695307604,3
16906422705909245556,1
8407784680690189766,5
4348355702122445774,2
14691198005750485281,2
5650624671720527836,2
4269734569433586609,1
14572250191615201771,1
2530052117493219707,1
4947879377420085449,2
11090373258190333937,2
17190085025182287993,1
3652393151745850376,1
13303266987684294273,1
14221406364963327172,2
12463008760118629802,8
6988109839844578227,5
1152681901697661596,2
11627216786190624317,2
18329028166431188366,10
9046703900436403131,1
2569519351640827066,2
7353465722085060316,1
7091664468688361892,1
14708693503387497435,1
6697353854146180630,30
2941828903232866344,3
1493395062646251480,1
16093294446879113601,1
1346117801460502821,6
13557457885968857819,2
5749357038376601473,3
15577366810103147513,2
11733865445611415472,2
11831569786254008461,8
13612835997258935634,1
12329723770086258331,1
1810553598938686175,2
12020849559720553144,17
2213178076383862821,4
13579149011868981602,2
17119780118441751236,3
15924638327606107646,1
13511146675120292530,3
18181073913569918961,3
2390980733835389574,3
11312664908393750303,2
1861545626932956004,8
1572776143100821383,1
7305988620572813702,2
15369813653540477233,1
6788922127981274602,2
15997241788631305023,1
4298889441996797997,3
17959293795381771062,6
2087186545790325100,2
12968091685988496110,1
10661835103975571331,42
389357698641350693,2
11589899282477983608,2
7077257970307861900,1
15496644130446198700,4
3069718555703539615,1
13490550501692399362,1
15454853253721004172,1
12055678202281062910,1
14703344068609437303,7
9040912712303420036,3
14217220712591788566,1
4936545503008101679,2
10943227696763560481,163
16061996007894123800,2
2074991805678839609,5
9140932814651828151,2
736423837549465951,1
866986631231803031,6
3421282859703564230,1
13723390382234667785,2
6488644878593017735,2
12839466792992664147,5
12097991217780560058,7
7037312674547927101,4
113823860958241849,4
16303698859087475894,5
5907049708198173546,5
8258052276755922086,1
12847934178021547608,5
3022111881969492522,2
8801534450353190216,2
10784469672973591746,1
13442905037979906406,96
6935904975645931375,1
13359729251380687142,2
10249301758710175012,4
10192446159003263685,1
1106499958574093970,1
15902323431191698929,1
8861695947068922166,6
3998925515431204522,1
11512209930850037030,2
15273663185571531059,2
8468916882865310178,4
15488490986621995615,2
10347155566565954640,8
5422351997060627978,12
10596212659760999541,1
5939853639619388299,2
12392846894812265959,12
17210251756820889836,1
9260760404662436458,14
10337432847320177043,2
8639013647789078209,1
8246979973131510127,1
17946752046861056976,2
14111900428368452027,1
1319928106189703655,4
12235106533922804343,3
3857852877605042771,1
2562159869139091855,1
17694186245571516001,5
2403324027519133016,2
5180766547958095839,3
17615600728850481073,14
11416688496063584681,13
14133073200285992834,1
3857166573068788418,2
3406220755585848584,1
12794882402475139025,2
6609323680896193605,2
6378637327358665161,12
9335258304370181670,1
12378085485518327536,2
18253950756970676121,1
11419163243519242663,1
7413584618775769058,1
10625927810788505674,6
6900312003733409674,1
18232241491062908980,41
13168106778893874758,1
4346268815844587165,1
14198252665560863200,2
616496258417338799,18
7965597699042477119,2
13539029117102997203,7
6970086725153938295,1
1724867528090844883,1
8232715944400712758,39
3832513509479060733,2
3632171561782207503,1
8510763205422081263,1
11900707823038628603,1
2109951977003501463,2
11867600505272899826,1
12288365126208349362,4
16691688827681149620,2
8742738847250023239,1
11099017110040827611,5
13514445032923073827,2
12949256267305222370,1
18291990194364146627,2
2743965132055635761,1
2841135493323650531,3
767195794079846474,2
9007315473263447267,5
6483829588148672857,9
8352774323350979866,1
11541174663290355040,1
1167739064929376602,1
13467648062816954744,1
14085656154577753563,2
8449487691695599883,1
16900934063337189739,1
6081656609189025916,2
5660431754007116534,1
531985281581574807,1
8209506551320558108,1
6999225928156032228,1
3150975071833766390,4
12247599411433715489,1
11553846087907747360,1
7122242115845638170,2
14709384297520497801,1
10010652101284462530,1
14278607478802313450,3
13723588160791369267,2
17679230477594816312,2
7388849959257365959,1
10234406528864836794,2
16558825903944424706,2
15738009370635115025,1
4074870996401827041,1
12041737568555469884,1
17578152649945374554,1
7838055785635820965,2
16400334763808688599,2
18214369632279723063,1
17378241745248880469,1
12856962977338487678,2
3685002955831687640,1
15381893310387076009,2
2496458267632486908,1
17569408034547892309,1
3697617976497240771,1
11475787771793252234,1
6140224246794450881,2
6994934533182116353,1
3186285883585392756,2
6138585260438365270,2
14808387175540041890,4
5362777369708020955,1
6455793369600640726,15
2772544871200578820,1
2204528806482219526,2
4481741138674791907,3
5900672563898179603,4
5967798442283412095,2
18131097477881218602,1
12968248432776120313,1
2927238005646922502,1
3996410373349631218,1
12988502960313459332,2
3642641805155072384,16
1157920435295807405,1
9027352471086066008,2
15073578747859946071,1
15873212614051998090,5
17009743938047607165,2
12283375748330939284,8
8880115640772790344,2
14178702506864051369,1
18283824727549887090,1
10744196633121128398,1
198472492909299671,2
10812552093016891126,1
14384307228224185228,1
5885565215494957921,3
6217731201986866008,6
166161452890727840,2
7806875594601097448,1
10843144806547143887,1
13094730905280230234,2
306362124059892543,2
15016358995785179410,1
7821649763106138476,77
8415196012927210691,2
2081987991393935028,7
9053201249642405481,3
15153969913302637071,2
6411590314781727812,2
14913879259384892412,2
1300422822039963703,3
18006001473125752452,1
14291847995958450309,3
15322284700469311327,2
1562143206115313855,4
601421211430522980,2
11197570802762521469,6
7071161412901298656,3
16719196942111704163,1
15552966971219086492,1
585704433498132626,1
2020610458012517768,1
12111631765558900601,2
917836931897930203,1
5615403331522539703,32
14734603958602586284,2
5330146915285780730,2
14652258388027488880,1
8104914843179802892,1
5396512121813128272,10
1272312135163177029,1
12532908949519829168,1
10653168275209390696,1
16113534536809071787,1
6787552714019286320,3
8429241890638060071,2
17957964111040130332,10
13937923826380081275,1
8462434255995395420,2
3735190209465264262,2
5329774837216411202,2
10827964322537714363,3
16693292196611852635,1
8012777891468978867,2
5720563867301738503,1
14404940593047733980,2
1838618093747109028,6
13681888489484493008,1
4247577886390671496,1
4954632804863930466,2
14099052538933889886,5
4085734577727724378,1
9686293367502928153,1
6915004494801843482,2
3296578877831997582,1
5830023405332430498,1
4037885096424033044,2
14578396325389880146,1
17544630139418814593,2
7657430261550532072,1
17544586402061621834,2
14136552753542846866,1
11179223642043349818,2
6297875157443693183,5
14958593496339631822,2
1491018523962352345,2
6636282573022941472,2
17625571002176224581,2
1478182697259055851,1
8516091355215375869,1
6432047877154053025,2
10625298705922416792,1
4184268977415385949,1
12051509776287491576,4
3276507786032449858,1
6390778222008471558,5
15243597276290004920,3
11783087081899307896,1
1845939401974170142,4
11797500749153507742,2
1009263678028605675,2
422899425133269218,2
11801191863232068545,2
11898449120530830368,3
14324043590873401183,1
13911704704858691278,1
9987178167576292221,9
13969539921238387264,5
9036065835500690080,1
14288929819095380845,1
14995881611484380867,2
12542599360264496197,1
3853000607662328023,1
9655992456317351759,2
4301421918810834913,2
16584931032616085118,2
8612936803301785836,2
12345306172605284609,1
2442374932084189054,4
14047823450417141093,1
13125230595985181568,3
1495681017561148219,1
14929223424982790329,1
10690795231502530206,2
1530989549717611591,2
17871099709365225415,1
8186265146238775721,212
6118919272520196246,1
16962052005375265567,2
10321992170726237029,1
13305371945441949133,1
5430430868216169083,10
5135353941876899405,2
1481801603786918810,5
14907647976923178220,1
7040514971911264424,1
191805863524100736,1
1241461055347517995,5
14139474520847700919,5
6958829516865289063,2
9255818362992629058,2
17722662947754327426,3
10538276636382880423,42
3366669013948408000,1
16290833073001090229,5
2997874471160587002,2
14424847846712326161,1
12945811960219698716,2
4372921276562296909,1
15527376498120587873,7
15670752149028050640,2
15725451807512994155,1
4394651976762490481,2
5437258169216103243,3
551560225807911064,2
10827410719296764194,2
607478633835560712,4
14803180301150617980,2
11246162260676608418,6
7407434607351060973,1
1168442998923234605,1
6926786035965845849,2
1473475904175609489,2
1253543564379306601,1
15939515487275222600,1
10216192704003001348,5
5273196171625311081,1
15956885374555752767,3
16361869556664948469,2
12267943263952668228,2
2337133433772716427,1
10989319505289122108,2
14817102783893978263,1
6708637116795035439,1
4108191159478818738,1
17519051066795777775,1
9138868419595351488,4
7427871213333287360,2
17479034165896107380,891
10714035284691895717,1
2080246398010336763,81
16094730898575832763,2
10935616315728962900,1
12374909029013695163,2
9304390035815255296,2
17492615417407340614,1
15432752057063031006,1
15903154840830503120,2
9863753715398390308,1
13011606609789032971,14
12007819781427572585,1
9041148161072427936,1
349056963934363701,2
6785662339606858852,1
4392638104821640130,1
7909790528821752956,1
9644335223663157905,2
16665946466098690120,5
8473752315610637182,4
13498622331973995862,1
959596787220036595,2
16621378142077375311,1
17375559515352084583,2
459047691022853023,1
14257527484801219693,2
18441230555982105836,2
11894046224685414630,1
2562887803911496406,2
443496636174279895,2
2390492779110052012,1
6942986040647655460,2
3251015308779318445,2
16911826947253059945,3
13152401138507641664,1
10476721577322545271,2
3970033240096497413,2
7759645424616882931,1
16289911586329527100,1
2760943461143136099,41
13025021226269210414,5
1157347479795716111,2
2801274492089291651,1
10059465500323421976,2
965653529406802886,1
10360559674328526162,2
10245363197205447897,2
10995047316731403328,3
1371013000725419287,6
406593689403152132,1
6913015960906392695,2
16209236146779193830,1
2202196196232451295,2
15006370227467785446,12
2057001495034501386,1
4099005633235596278,1
18097113419637386665,5
15908707276345137226,16
5349245578323652026,1
2848403988942980856,3
10834940559203037607,1
1307026072764848345,8
8822006906477569332,1
8112011039904693250,3
3941353343961869816,1
11509812970018915120,2
955122985690019240,2
16948721204940302685,1
13321548367288266089,2
3745640338592611758,1
17087046916222640599,1
11113513407926876128,1
14964813647052595403,258
74611078305130678,2
14062576364132550145,1
10071608658887719792,5
1463986846404807384,5
18276677462218762715,2
3498408245340888149,2
6354705957774549455,2
9226425940046885005,1
17213621647329062964,1
10585695472008969879,2
7102127908087846854,2
7408804604954326263,32
13828737884115552273,1
2651155314482729689,33
14007019531715260730,3
12938584668755549991,1
14910009728836322180,1
9529146384224170580,11
5773830796880582096,3
1818578517774531326,1
7049992355831291927,1
15019154629654346457,1
11867007084429335398,2
14398995798192258303,2
10037287115158830394,4
8456468670612986400,1
7870721006130809327,1
1472981932143636593,1
15298592897975975686,1
7790852314473396001,1
18351164934132702675,3
16990459582105907817,2
17863650048245640522,9
5982044642637199265,16
8999957002748445135,2
56851433444645946,2
12481604913448037346,5
4780415647787736000,35
15020586800138646706,1
17373542877269171713,8
18216069549355617382,1
8800284143856755567,2
12311979552746403454,2
11475124695340593869,2
6090349261544819309,2
979510958931903885,1
11467173824016943157,2
8760711749535906076,2
1359270339969667835,2
11729974541951578014,3
17660612274703719754,2
18013298399106230775,2
18007592440554377414,1
1776035080225105669,1
3419344705807801220,1
7413171021497939700,1
6693061077673312198,1
10439685267854623378,2
14748771313173836964,1
17037028748490452236,10
13567127713503695278,1
4472661614014059122,3
2760376588173717581,2
9183248978758424520,2
17118073352932352294,50
17331106636201641583,1
10860615146219826029,1
2200097271009713806,1
8220670423204752283,1
56309884719443855,3
14219209209722503106,1
10044592421437843336,2
1529798620492283891,1
7403971763126344959,1
10706029828638402909,2
1733919178575700991,6
15811377269771535754,1
9040551510004597033,2
6941561474504158721,58
14206598024130110980,4
17634537256434522446,1
4208372542631313333,1
6416354453653712666,2
8441570772181268379,2
9223564153348899917,2
5067068955359284200,2
4120264824579263418,10
1162264094936005747,1
17598986312669748505,1
16975551569684915434,1
17032009906849336726,5
9210142491016601735,1
8275415790539494091,1
15578392880833464677,92
11112200126386767847,2
982971442538578089,1
14378114149093695785,1
16586121066270710887,2
5703070073459926481,1
17786834208314330309,5
4595316260028432078,2
6759956011165568000,11
12835925042480015930,2
7999569378408473045,2
10419605207275326709,1
4952429082020070570,2
10695464287685122524,1
53285306454782988,9
5558639283142651906,2
15603553992032042357,1
10234469350372199923,2
3873611726024457283,4
3597818156017855745,1
4748753025141151232,27
3112434985053256097,29
16288537879473178696,2
8914014627615686180,28
3624882383136219803,1
14640254289924206929,2
12637585021148419778,12
10619629649216564538,1
10319409729563075972,2
12185615143650863596,1
5934965005741860634,3
17156376550648179410,1
1535974487483402699,1
9730979956290677488,2
5154502652248252136,11
1250610664129605061,1
4097820233186304645,1
15131806720306996246,556
3385707012258425508,40
13965197677984705338,2
17571996975885542411,2
8387681004983826051,2
14365252840650024031,2
7465880006976385144,11
13658472300223694659,1
4992045604162632703,4
5541723786687858142,4
12684892762666378587,2
5983991521624154773,2
12806096986433976815,2
10376988901562342351,2
12972925153610377233,2
17160505768010275487,2
1139570533603639091,1
5523994533321619082,2
5356256489668799455,1
11295674150295846125,15
8559449812667623445,1
17940049212903609434,2
717838860180212003,8
16381265809464868534,1
9270688110710215900,1
236382890218274318,3
11390143212049535817,1
3903861247802528903,8
16198245044346123280,1
11178715149946398042,1
14538051095887085924,2
3331639577981702009,2
16612469252715602886,1
13035423069177189501,2
10281854071514119156,7
16250415387786797228,1
2573310690345442671,2
3415689907833229663,1
9459500939570604450,7
13232991251211392752,3
7414791396292630733,2
15186758165259054321,2
8174203332999140491,2
13019668042089429560,2
5890782951259346308,2
7596650726166226121,1
6509073050357638606,2
1598168967354288155,2
12467527830922122546,2
11646203514291166007,1
12697229199464010541,5
3606976623118792245,2
17404155952911934413,2
15378993805831242458,13
16241176104515146163,2
8298813691295512693,1
8499317849043590826,8
18191917382592344901,3
5839792959902146900,14
2402819303724783177,2
3649399666203762951,2
10596302761935109664,2
11595779848927807669,2
15426609316215377018,2
6592521292131491582,1
10678665220134771654,2
3585996117666547098,1
13972228355666903818,16
3193103715368079891,2
3048503303483938759,4
6263173558494663287,2
14739166518035814440,1
12784437892839031639,2
6335924244249733836,1
7572801271932813991,1
17659561410883138447,1
8827565137868623660,2
1612226403376118990,2
1767562008552508534,383
4387558314939599519,2
10116666805904621214,1
16734296641170872661,5
9898369363229115238,3
7400280715286415791,2
18098772133887994772,1
3413876010085022282,3
13938106509955181453,9
8510265622023588703,2
7652572153753034586,1
5423825108635840838,5
18107374945141483355,2
7492928164794795626,1
14066511562818224493,14
3580631227746830965,58
9605333498979299566,3
529581427726471149,1
1821348390833379220,2
9664518086491679674,2
14776399766127026191,2
1924688184575044794,1
9637352897067141756,2
8262602690005210476,1
7115804519050023772,1
943604703872815043,102
12844654835683701160,3
16295595748290820822,1
11351545001426445889,15
6920149238894819870,2
16354438745385799737,1
4913422051669946061,7
15967469773746021806,7
15495319841651903548,1
3467905598172450625,1
4785537330403934486,4
17455850264422098873,2
13866976370551725790,1
9042576441392380289,7
5826813399878853372,2
12111610990221826113,16
3112181984588407097,1
17392994595011045762,1
14484305154015156178,2
10995902068953938514,1
6053370185294499886,5
5553297537172702944,1
4166870761972609217,3
4611328013207513829,2
4022109936051629364,2
13184005779212324984,2
10069752598085254119,2
16737964893202891390,1
6016640767460290361,2
16821182514363267594,1
10148952505301318331,3
12848080941792755426,2
3576063128441731129,1
6220064511124202778,2
13792509847786156613,2
12206945985869909491,1
11713717068284930684,1
9962072937255169567,1
18438588717276431686,5
2494306361119980159,2
16952022445904148198,5
10532239752322617841,1
5113422604406177757,1
7699680850860389776,1
8994671484990610419,1
13339572268566598290,1
8208666385783402968,3
13928069549262094244,1
9364114014448283266,2
1719225391367392193,3
5564288885757990159,1
5471524122628455787,2
13515004614806618102,1
10192402291722137140,1
5337139395268511930,1
14382786578420976682,1
12522871558302715907,2
6786755007802349286,1
8017563489396680877,2
588106708635592285,2
5315424823441008851,1
15295284014112125095,1
11578360955243757335,1
11032260012778433071,1
15218166897780945342,2
12829913665395088295,1
11699995926762356089,5
11814096412794838453,1
6842986663108113568,1
10596125256475250699,1
10187283520176118244,1
3079817277103654527,1
4450598940960344243,1
13332411429553596477,1
12140738898568357383,1
1801889876235510755,1
13730323560907321400,1
970562123219945309,1
17508899447868998404,1
10090297760998825524,1
17174195751263409061,2
17145535021798718943,2
16150436763190557974,3
11222618137758842755,1
10409744029274344858,1
9610097381960861141,1
12487559306985893651,2
6619153715477808045,3
7393458066211981560,2
7439736522657935308,2
12610178830383240704,2
8512940122517101397,1
14068576329508648862,1
7538756278123114888,1
4717049850526487976,1
3031272063528815320,1
744488217767057323,1
4037793117983044158,5
12273872563462473867,2
16308954048784716967,5
12209743732708708133,2
992074496873974209,2
11603159644805689323,7
4291089371883427318,1
12009076341096134564,1
16999981737827896267,2
4621259804044284661,2
2501869787198009588,3
4067899371624615831,1
5759644160497244384,2
11705763235993000006,5
12691139743145226656,1
11372485207236032590,2
9955605589321676982,2
15745350127043001292,1
8163368534519448349,2
12920482180145562069,1
5977219350136647710,1
11529720891618777865,1
8231112915285741048,1
425991136157897415,1
15337880116621324511,2
2205394819297976378,1
14116313500803266360,1
7878796761349206618,1
3381971880538182902,1
8091510059566709456,2
10044841431939309157,1
7431911223628083501,2
6311583509414759117,1
1300858976858470224,2
9971390206257484007,1
15394933512773597723,2
3615053841303421698,5
2735585787801068013,2
10586473971436364181,4
2856820171516902274,1
12982144523446423453,1
1057270027105055415,2
4289437749254816371,2
10007486604651473868,1
2027115730815774522,1
12570509559226968002,1
2083558225509990659,1
8929671658513741211,1
4299270510417090745,1
6986924514380250203,2
17813627600261189451,1
16035465780890457945,2
329862393621067123,1
1378483008086371400,2
5552362098287922172,15
15400592085468755212,1
13324131640352277451,1
11004500864782250277,1
6373313860862655084,7
17008100270573780131,2
5247134083569781682,1
17498387108971136833,3
18051441191003911859,2
3302357246774392809,1
9597620967103873020,2
6027933009444301346,1
14581343074824669526,1
5186695047943937787,1
11799555765951846931,1
2650895179102562924,1
15165840563697889807,1
1348102319427233722,1
9077457293945939221,2
7985358279965392145,8
4093477992995058901,1
18325162049702990080,1
4988850060044934972,1
15629088575221055851,4
17053209609813573163,3
701625196700523710,2
11936945864488847646,1
1988710064203347042,1
14688853052838841742,2
14466797086687120120,1
13994070384830076181,2
15237547651814300144,5
16513321228797829989,1
3818243048632980025,1
5171554192348291308,2
12327222820753486594,2
11216676180715459784,2
12461873257540818786,1
11471677141641639118,1
9972685412854476116,1
6080109746615622396,1
84016530339938898,1
13800564409316754780,2
12942173228495553456,5
13619005926506367660,1
6623086485913287827,1
17558776938721435751,1
1048827896342164207,1
2871635273412418978,3
5756246724242844843,19
530803242198525569,1
1690807728812949862,1
17258582830102003710,1
7232402127869756827,2
11598096242935646182,1
7607386762441467890,2
13397495311628372686,2
7162121011913356457,1
16079459178598388443,1
1183002428046801696,2
15730496889698959587,2
12801542959470110644,1
12157109191434008991,2
12574861408216474447,2
12513182637167756147,1
6525012310625933142,1
4861340487228813790,1
4778231798873290461,2
34448670830541782,1
13262940457873920403,2
18243250678936423921,2
11837891570996813609,1
12460649467733849874,1
13357505434314507352,1
449099646245293897,1
11129328395608938211,2
9291521512837902062,1
12469954811254090033,1
2113441605102492824,1
368095185994401012,1
12956161845420910954,3
15938309187208847976,1
16801294566504711291,1
12137578995693640646,2
10801511652148215185,1
17280942403229351038,1
15730773240210688294,2
873384507339030874,1
4366691616717615436,1
13425383182357163425,1
9122255464258268162,1
10952859499314986441,1
4682732671613757554,1
567282467862366801,1
14601157212345969197,2
7656745408666611836,1
5965036968290080388,5
3360729768512318549,1
12497192709708307091,1
9155377830689886886,1
15525375319931481218,1
12911512010222053261,2
12907901765771508511,1
15127592050697643503,1
12568968292263197252,1
6935061497709203950,1
14594852103606732617,2
6110465299088505900,1
16976353937260913938,2
3461646586233767560,1
6433527019152324316,1
1481407993979347118,1
15094901581290140169,2
7426899297001960342,1
18138744603662887198,1
9862549151850400704,1
8252490861947840443,4
7734625178579799361,2
16077651086516630731,2
16687758562723901002,1
11612546401596512672,2
16256775878559197083,2
10477157125869091570,1
6445146689394995528,1
18005365311165053840,2
14717041549907509724,2
6500629396005852260,1
3571937739727924235,2
2480879308164661975,1
10937686533107107831,1
12364174329053710757,2
3285166788232231891,2
17818990135404041594,2
6968066095745587673,2
18209675687036446749,1
3456250123157999414,2
1395978396763054744,5
11601326816898221730,2
8973355265400040911,1
15355378466183599978,2
8579756177256124375,1
10000064463247180286,30
12904975143835402626,1
6274958888964879549,1
7611600386885841490,1
858742745702208162,2
13648625252975401455,2
9358212082597400345,1
428172996806075478,1
6630053247947332112,16
6935470109194927969,5
16022273733926513327,1
1897203574587862574,2
15522456666916553932,2
10844828760260983720,2
8768026587754184742,1
16113522120468110931,2
9660817422486141293,4
3395672538140413619,1
11006372259727524764,1
3914009767940641947,1
1696545671720256570,2
3847836048604904208,2
17044847849724480274,1
613717818349382,2
17955087551393200521,2
9673205518885115393,1
3456252324432168271,5
17531123499294989584,1
2261519363820981291,2
8237679533086557902,2
15422507015512459172,2
7936103174859962546,1
5395696568639210767,2
11107845045002294376,1
7356560373236979598,1
1523148524539707078,1
11794422989276473890,40
6142596826705210596,1
3150062311257427415,2
8371957008776033133,37
3154789801551305879,2
8140030316187175926,3
18037419228079770862,1
11325656607183584657,2
2618659787323644132,2
1168954995296062614,1
3761402765917803000,9
8175127966047092368,1
12128496843407934601,2
17309534499234244937,2
5501363848220492362,2
16269129572635330587,1
6133558361956137719,111
7499525543037071290,1
3157102088265085093,330
10225361408009206193,172
16712161039464346174,247
6088742468975163610,30
11831286659957595675,2
4338002948900033542,149
14570336113073675548,2
7641488330705291542,1
5983989248584664170,3
15862587516130919096,2
13327143175697793763,2
3825844869719200700,7
5399084226886668981,1
4468301940502297555,62
8519348373977088068,2
4369535027736775253,1
8370347727568842674,2
2400526720246384344,4
13415242934636772681,1
8011234877269703537,8
4615220624961557141,6
4143609492979007453,21
6870407078960542865,2
11490722520008052121,1
149293155926380404,2
14264075403689800016,3
8454762483896405066,1
5188917253318687004,8
14973468768098367561,2
4685575369190069277,2
7467720597021159373,10
7190194301936299583,1
15941076887165937347,1
13403932997169812159,6
4999352212940523775,1
11712277217758701603,2
7237051702884732120,5
6274447003096416334,1
1281372489154180297,2
9059134890680152855,6
5794925987416225666,1
1033239779661925731,29
7469774351902861458,5
11308431892253967068,6
12767204982269169897,1
1046898796715469020,2
17928414764420421159,2
5280531382184282395,2
17670867912601856915,1
17727089021561509648,1
6753382706535172564,2
12923885854945677850,4
11649633464754078183,1
15756899595600765223,2
5488115294737660918,1
5703550301573226864,2
5051180068125543975,4
11318072132112240996,1
6624275305014763601,1
1449106307463164091,1
3042744010054387559,2
1457300268160021093,5
5257257941823838265,1
17007388175029665580,5
15711166409477790005,1
17442538844604010751,1
4646400496165687047,3
16834452563299152202,2
18036820168685200312,11
4948753499975183631,1
14159302837853467653,5
14715139907571351663,1
9963026703945281254,6
9869700026061557661,2
5058414268314215233,1
584032399012844953,2
17354446157064443106,2
6135343677113598341,1
14871817632964157707,1
16947881685328273155,1
1054826159062334793,1
120808301578286014,1
11760623987714630678,2
9735711801544225497,2
628705956856496772,1
9495222994966382564,2
1523093310081305582,1
9160398073451804624,1
15332550145389015416,2
4388255838681628667,1
6524545194673774094,2
13138797672909873558,2
17878279538276806330,1
11600219145764961784,1
7154977511783770796,2
2791287737687804812,2
15337999514180140209,2
13975111975376912188,1
3334300120565601038,44
13761306340800891605,1
12575702753803513081,2
15804133632742476972,11
1687788283787451040,1
176967118209025996,1
17887615440912003010,2
7569040570215657833,2
10458488742214800295,2
12708373508156131877,2
10592277090797856493,2
17428888877260897564,1
2954347652755763339,1
17159369136132943139,2
13161191816089560554,2
17874400132442697972,1
8651119003592660893,17
11844170615520342745,17
15767483206792221044,1
3938357105822492540,1
517454892503184102,1
6732887878830004979,14
14821631708929855474,1
2696193145496318164,2
8100403438371459531,1
17488402576065472494,2
18378967136755574469,2
11834581381443807179,2
9403902378276425175,5
16164238541562484932,2
8528172841993273558,1
7139157950981469339,1
11453811469036093920,1
14419891756845198962,1
7188836870433556645,1
14980633702494313562,2
7064409843303055098,2
1457678831056068653,1
13674562722331032405,1
4327552692097106637,2
649965621261679226,2
6155126403246231405,2
17755953451071026260,1
2718449553495179405,2
5960741434782996827,1
3707939092254661616,1
13574342525878028699,1
15677405439654779459,2
18141514511494045871,1
6017621368969749897,1
11079353646728584281,1
9239612450131455161,1
14841598266330253005,1
14192037445494134288,2
1563289374642739694,2
754351125494571577,2
433127360139922405,1
12311223081263367751,8
15368368585168193620,195
1743077151453314205,2
15783835783121347023,1
8008170719664468917,1
3769551558075507975,2
467894666942810964,147
15046355781975679900,1
7647875763102154754,1
13335073021881280313,11
8514812694366660253,1
466904086561038261,2
16370821083143243492,1
3799293702007869909,3
8488597779744989083,1
9368457311160561177,1
13842241263661225815,26
9063397703003648958,5
17640206261860199187,1
5848680775949936808,2
11005860378525206261,17
509151251882912959,2
13533805231080192081,1
680873879789302979,1
12317971964711928122,1
9726938045462442483,1
12121340686764646215,1
2538648853621782528,1
4074217523849775510,1
10056913843642842651,89
295588626377437524,1
12082342714253439474,9
4483164003008498018,13
11238755006397974094,1
14702288328314898156,5
1600047483672140143,3
3516764450284739002,3
7119710801056780899,1
9688417349376809276,1
15640548593360465695,12
14671891798298911058,1
8012666593883806347,2
410964598336084482,2
10475847954828634688,1
13010600221316485914,1
13286919572689533992,2
6291416808371214118,5
5737532811454285978,3
17836910828785538146,2
11523293198289792947,2
12867541661344012952,1
9253294302910977902,1
6255000274193326604,27
7251323898359549730,1
14416377770458737707,1
1889359295051622007,9
3705138168778178867,2
11361813869230450792,1
7751842440555982235,1
8230645268196394747,16
5175170981890571935,4
6110884227520514211,9
16676382752349894319,1
8615589183083940720,1
1613940499047510816,3
18019803233045979794,1
7142079233745101626,1
14977399306057893128,14
2557916353161464535,1
11438796885423856525,2
12372381395188322524,1
2027390071359917131,6
5873897099312135371,2
314011471169682628,2
6736244316736082657,9
14006094433051223552,2
12058864658680406423,2
15270774373167018071,1
8040410784977281159,1
16048908300996991036,1
1058229701520417627,8
724069356068487630,10
2162936882729260947,2
9710870862353786028,1
15968454194655395051,1
13680954141196389693,367
5318953702439376968,1
8063977306831312745,1
8920958972468000300,1
6092746610139503880,1
18029786498019415422,3
4989914041064078649,2
3275788946604694863,4
13998061762552181698,4
9054393648616613639,1
4447751057978402465,1
11493928315954921353,1
17678629316895394809,1
10534155870413516423,2
14393847135034821210,1
15306865703114943284,46
6967629256588351811,2
6230878948597300252,1
14577381232927767970,5
12506929117990359911,10
3632419549873311555,6
3482162901013443813,3
4388827094125837869,1
14397872914349002137,2
5057987300144586506,1
7532912579915314180,2
12761116768938742473,6
10376928793329179601,1
13143438786873927651,1
2054285912520238103,1
14244076929970515432,2
17167069234479872655,1
12612581528575148754,1
16733913743077110146,5
16581749242622894284,1
6728118070425074071,6
5879483845667938567,1
7888762220465447435,4
587503303929182238,1
17937914602280007725,1
17822083183505982523,1
10772790577071612662,1
17794672608017958771,2
5678011525617093408,11
277400843880397512,7
2181982363358330377,7
17804230505532695826,13
9284315052859481139,1
12133167436641144593,22
16066717935659161339,2
18196217695255108173,2
12270157703221103190,1
18045808147870259462,1
3410628851544338006,2
504114444381818151,2
5533322899781805810,3
4028921992675939386,2
11233788128989999273,1
55382259793716260,1
17936628094112439314,3
4252460046631468175,1
8964943558694814497,2
6430813497268951931,1
6771088574549632846,185
9380699160346468583,2
14835869233527970572,1
9609621242250628405,2
2873353054298963354,2
11188834530817148656,2
605587424940224793,2
4567076332098380957,3
12701534068478768176,10
16904872427192536499,3
2204029210252252681,1
11775623754335133744,1
2899325506845758405,2
7574308169234538006,10
15327913304281645680,17
13236423039276237790,8
8392694144956735294,3
2322467916989387501,2
12326598163573729956,1
1788276887963164617,1
6325077480213865135,2
3909474457267976276,2
2674545566079949941,2
10889646356166025987,1
8935795737715211710,21
12524333469058854832,263
12012357144000234427,1
6708480526842277245,1
4575715459759231721,2
12616672775724326439,1
6815132331403641330,7
3034932156093844491,2
3195064192851683321,1
904473983081506139,17
11328914785011563142,1
10262371968666870416,2
5745645075888172268,2
7539441349626766894,2
4036521588996073293,46
1884587266722342694,2
17756216594153336776,3
1808414312621977101,1
11983617382388734288,1
14531879823772347174,1
95194393080228232,2
17221649361915058249,1
8560621712891662241,11
25184169634684624,1
3433766322902493500,2
15546773163718797161,4
15258125934763229638,2
13111636983324973811,1
7135384353900804550,1
2192840456885813446,1
4701161716729624970,2
8886683826263914230,2
5226789863775281702,1
13953825560540363291,2
2722288425190474075,3
14795005662889475499,1
6728819730894318472,2
13928277343467769125,3
1621768977206839480,1
14576835074619982643,6
9311139262470122498,1
2892937970823408941,2
14296166943076907909,2
11830522212321106192,2
16510314169511284884,2
43697803128331342,1
13304278951123542570,1
7761176063086097469,1
12862103375640947729,8
8143507152041005045,7
15352989052764860288,1
14625328232851531065,1
10478925499706485052,2
8055447621563372452,2
11985388710799115685,1
11615780597032345479,4
1760512816763305294,1
1191449154488679221,2
14173696550533953821,9
10758432034321333592,3
4907900952933982088,1
9165501124715726318,2
10295515890454321143,1
2566144925389675293,2
15399267835543476394,1
11966162899869482845,2
6060376943156910716,2
113043963861921987,12
5395211478918291273,11
9393545565938375208,2
13933067784766758121,1
243255775948632400,9
1236488542517724115,2
13153850587837373890,1
10230587889636205117,1
8507242890215624629,1
12690426715603628306,1
14249975254647599470,1
7088535805166465392,2
14640888419546964933,1
4832124523066106884,1
3489587360749829642,3
6451516462692747245,9
18202548250617160841,1
9496267943531537180,2
16774382499617974034,1
13620086916732018555,1
4665832940974860194,2
16370946759252527421,2
3328100493275901788,2
15813583084956231932,2
7605914777330322487,45
5710758088277584066,2
17236485670321091981,2
18003374480534410348,2
12625354790929581975,8
3849176989041190393,2
4170173325767075616,5
2580575615065009910,2
1425748814974663247,20
6464391680439992268,1
913926933318394655,2
17723325512737840522,1
16168605454725839661,1
13977149975140658715,1
13009125589470176062,1
16642394321623703351,4
634267714154799484,1
11916077470241091739,8
10686581163921512823,2
18328225904971526899,1
15927016527786743290,2
7030373809605475641,2
2278095389457323046,4
14111010523651110790,1
6348032814385998947,1
12523107391504207895,2
1624740866946783347,1
14669898498844790375,2
10527440813120304301,3
14214824707781424518,1
16444512963217326534,1
14899738453563794095,1
7537748001828881146,1
1809523216279414378,6
9532742499052321824,1
16909504942780678016,1
7916571752445529058,2
7936406259131925085,1
15459462259131738312,1
12369937891683491079,2
14280528417080261801,2
17743722238784068,1
4664276514479576730,2
17074805525017145522,3
14814893483353272480,2
11949660780517544782,2
4322443245424860412,1
8065725646844521158,78
8968123328094714975,2
14252687560074391162,14
5390496726494583478,7
12891630364514188828,1
8407082250727366460,4
14259256819514444550,3
14233812408957913366,2
15106066365310896534,4
9011441216943259602,2
9104791977159805739,4
13863179751350965185,1
16252445132026079743,1
4281347231121250685,2
2502925923468128150,1
3316849053960649151,1
6746677679994283231,2
9144715564627723183,1
1235247283778428106,3
14198186894221717424,2
15093910084151926422,1
8780692757308325187,8
6752235743631358975,1
2539842786940470475,3
11239027992636776985,7
9996698983199242783,1
1532227723810609439,2
7621406971137234449,1
16071341474695049825,3
13254337408649327580,1
411148922298879441,1
5127398827999846918,16
11162041816639608742,1
9327431836592072573,1
3642674537113671775,2
976261957025261865,1
6351949922408357483,1
7202803220718006117,2
5270705433668569271,2
15445566975441174437,1
1091065260777904201,2
16652509259197312093,6
3142163661417645089,5
12669555199717840007,40
13927173889749635386,3
11388681036499280626,1
8812875801348256043,1
18064181944558052340,9
6402863185451218922,1
487308471354222852,2
8121215810878906693,1
11794545455895050693,1
11184044107314135252,4
8867588897280957373,2
16676417981206815260,1
9259087036152039874,1
11067403719815113846,7
2237857718504523424,6
12948701408432627117,1
15721622925641057740,2
10816040264315609860,2
10449527508334354374,6
10470185967985812926,1
17464626397226877050,2
11983210201350024874,1
5644359392139056729,1
14044349194175667498,5
13382521150290368080,2
18262939960717548540,8
10540884712549526091,1
8277040708777613630,2
2050563277636435713,1
16272931679131865405,2
9355541376211649385,2
12428235611643523499,1
5116106085133150922,4
6180749586849372806,2
3672580909940367396,2
18121082420444559818,1
6593817056149082714,1
12134624151170813810,5
16319632888549751688,2
9563619220468204536,5
8362219544387885317,1
17039143962671067114,1
4483370201228915842,2
17949647220539926537,1
11297723182489423401,1
10937394791528585557,2
6053662960316509309,1
15603471947820905009,3
9919275028763578137,2
6007355861287839961,1
7519605446029742432,1
18296927170798477966,1
6995758229845081067,1
16194056946722866716,2
17393530963684697225,2
17890831452792354214,9
14835080773372261933,1
13884842841952728798,15
1504039712081402346,1
6633195013752643049,16
8826254927642017589,2
13874595726987881730,1
3272767639041350173,2
3822425446579350127,1
11272083474858952016,2
14462869620307620131,1
4256618100008560110,3
9777357666310203514,3
14612153009614447083,2
7834400593833255184,1
355986870369477772,3
2381735052969093440,1
9820207931921036681,1
9394359742294299372,1
14243973819147656564,1
1199888296266981243,2
13681601101853845455,1
3691321195854123364,45
5187677211399115696,2
2545422176723674541,2
10456274558033295984,8
2798598105313185005,7
1719782205042991415,1
11946018792460817334,1
13065098348174163824,2
8057131325815535085,3
9295776349136239983,1
8743302180276750205,4
15405127228146973969,3
7079641499598087528,1
8367287805617990813,6
14153511722350872259,26
389056321056179449,3
6342887042131572501,2
16353483718116270455,1
16042387265973126944,5
16838403443809976552,1
9982164853598813467,1
17078564269809144634,4
17583440471542990777,2
10171933211642487514,1
18128377790816752260,1
7636961514001791640,1
8615514617771844370,2
4338325909591884741,9
572717414320766023,1
925152296809005904,1
11620233919193423116,2
17629856217715551364,1
2499495322168131885,2
5192195314812362883,1
8908071535029605131,3
1630919239383709613,1
13791560310490123515,4
17437248936671822463,45
5105645755967802667,2
5219784792168324335,1
15287007369570102601,6
16237341011135420619,1
17005619470806154213,1
11561395852657776971,1
16309119490677023584,1
493130577457219393,1
343391769375695423,1
16957011112712514783,1
14159774503132176380,2
4957841430456668569,2
15903370260889724402,1
17232466374292424804,1
14303713418947878795,2
3787439924932692107,2
840385193978539779,24
10194786958788171070,2
12668245678987212151,2
5547892779886938599,3
5326641477692582540,2
141413275253363530,1
11744176374064274661,4
11934547480069679914,5
9306052982859003374,4
12364436206397655273,2
5752136869137858948,1
10314793280419556411,1
11071028444369783597,2
16529084039586245921,44
4598929876817392018,3
7150542079370827589,1
3177476535237312792,2
16115044052458813721,6
758093818673361046,2
1539568681764258840,4
15095815699711093557,2
9683568836778657133,3
11614030284167688793,2
18029813664234547980,2
17894093123879131756,1
17855121855784480963,1
17220644020766857537,1
2744378609906075807,3
13525803443038370122,6
18232770111571077256,7
16901517237936949788,2
9634748855592628923,2
14637344595568739442,5
3837816322859730789,8
17293115903420671553,12
9201571773006905635,2
17763447844502633953,4
7727258356486898840,3
5031314852305910353,1
4735094731478043048,3
824528962024311809,1
16317614765202411352,2
949054756903649014,1
8918017196860292876,2
12549619302903917576,3
4748213279709688412,1
15417696992010780018,1
10447565123646878173,1
6232851483927700323,2
2574263396599304926,7
11524242789471003118,1
2367803289906544236,1
10658873806460221157,11
5796880466376461860,2
5684565334368743916,2
10997704917394290782,1
11590193845022575046,2
12597627727870212768,1
12507593806194090131,19
10199681902553299521,2
8905406628271664886,1
11103394811290282754,1
7407542151945625604,3
13710087973725785509,2
3970527340957514724,15
14046474296014647818,2
1367806854548325867,2
980896621072438513,2
16027686059017942374,2
404557171066333270,2
6884566562257619224,1
4729736214438098711,2
11959367214120005880,2
2047192884184504657,2
12411786500707661616,1
8461866212861371087,1
16173343819039570353,2
7693810873770897091,2
8474718906749162751,2
8697826553911070230,3
2455883146474972113,1
320005328052319030,1
687605100132896062,3
6991024568970691287,2
10835084480517829767,2
16929843644419313836,2
16871258936991384891,5
15404904354998602781,1
16452273266395510047,2
919698200752235909,18
7779661675178322994,2
1185075692708537356,1
16667222239659885764,2
7762925122689872063,2
6104952527427135472,2
12210869709115798591,2
1721158332047405413,7
12942722201220833281,2
5854729853324795557,1
4357439936874046967,1
2457903371737937398,2
6319993516817943219,1
16551600680043346421,2
13876551293253421970,1
1810020449685337528,1
15034884800413411421,2
385262846000421579,1
6465216984765715436,2
1084784898500674222,58
8677870039571379298,1
10966745674164458373,3
4163647027389183282,2
14019857641128431828,2
11014980573081228082,1
16499807839071721512,1
16405887536577458257,2
7196585482523172844,2
14419551228231580001,1
12727570148584320862,3
4855377064287084016,2
15126565158410417400,1
14769495021386855647,8
9489069507251127910,2
7202886226337042369,2
12540635739794367448,5
14277312996190744432,6
9885086857989868879,2
7104440127344067691,1
8817845955136707000,5
14742373369072845748,19
15711242130157204964,107
14097336333635158451,7
16175367336743755779,2
3343141577651189228,1
3324415469855113707,3
3852889710103103031,9
16813204450123076753,2
14105834460319687518,1
5100947625359344702,1
12599350422982909508,5
12437428173920722794,2
2219567531069065896,1
10243327472400835062,1
11868294746013544966,5
6951479361881367383,2
8344439773395630756,2
8415935103336024873,2
1065336117030931984,2
9501170111709332336,1
4560976559720876700,12
2099307215995156157,4
17344035896238419644,2
8783013674995993038,1
13167888670777938796,2
4509404301243600044,7
14988026334254215780,2
10407251259024390108,1
15575098751761191864,2
2910587806985671446,2
97415556559236341,2
13742244746565895803,1
12558794031883092282,1
16305082125783296506,1
16725574734298876782,3
5749474927708193209,1
14306152210003697224,6
17553014713616871090,2
7412172772362147966,1
7630755955392200381,1
693863419130056812,1
3757136571868817305,2
2083043197918603092,1
5801821684834394953,1
18357735673617072249,5
457028221102870928,2
6666399461581439360,1
13487479128486221908,6
2252244534095860887,2
11814116400028333606,1
2066212653018531261,1
14044930920621773060,2
13545450555307486675,2
5603962394355822613,1
16069596502831634838,2
1097951151343171855,2
14391750524808624082,1
14946999976194063960,1
5087189705121685609,1
17174939319957073267,11
9881279279070391560,1
9305711764271313639,1
16428653685831273061,3
2553596286327694423,3
10790065726207533639,8
8569513352063699920,2
15554152766433097669,1
17401070687339002118,2
11934946194346969489,1
2007979529861004692,1
15874131216808795418,1
10588489727747450100,1
3538139336810317110,7
15733026114704838737,1
13250781524235434171,1
3725442736051352960,3
6046466379465169389,1
11569509988542477534,2
16155819273689466403,2
5712389363658698272,1
7819860807863004089,2
4501545561853835437,1
3737192644655605239,1
10650440568674328,2
1873859334673382433,1
13838654773681555512,1
2125002708294728776,2
9390212354833096606,1
15435831856210448714,8
16121368384607064584,3
10401714405144895430,8
16053963515740708882,1
14343787386431582237,1
9130590326958997251,2
3824104721094163288,1
16420716000425361654,1
10466925802939047772,2
8253862324905485677,1
8297950880707150675,2
16993985419192322890,2
14420115315844746402,2
6423032528091524166,2
3074781690660673960,6
13630400889786650046,2
5782738127483379064,2
4095091739260035466,2
3640970413689833471,2
7061803756902782949,1
9666487793481971158,15
10443433008194319245,1
917885503892840817,2
11007775014006860052,1
17874091338000979573,2
11529290480365549938,1
5832687969813942542,1
9236022212861124749,2
632122955654504597,1
10735363392029624751,1
1409706328710315951,13
8863296365346777186,2
535712188670629028,2
6774018700972748107,2
17023099269541698950,20
10586605583916022062,6
9627039614159196433,1
14604237051451129179,2
935355572289431570,3
6028238780224178945,2
12259994805329879547,1
5450855436880569347,4
3153819094084214438,2
5495217561195553380,2
8502678216290440458,1
12174235754850402710,11
432897088425433604,2
9887970707541742069,1
18082282993882094054,27
12297173946721867144,1
4675891550607989540,2
2741605494895115506,2
16832207872778853023,2
13442168307778296619,1
3877096106943566624,3
3097362679122782047,2
10849429454559836113,1
728181812237827358,2
3911552122001101870,3
12037998940192724616,5
7785798246723379962,2
12552917119436563563,2
3032391997932975164,2
4312487752165817234,1
12982054031715329495,4
11800650880227220858,1
3685634896971602474,3
3617685736722332321,2
14640702552618010582,1
2809364628469429499,1
3710817361249850772,3
15174763357799345640,1
7588685168713799054,4
238544870261667969,1
9510586311282141284,2
12000939265184127681,1
16684951040300306168,1
11527979762393220391,2
7891435557292599901,4
4998859532516817658,2
15396828799792998772,4
10240524894959399946,1
3916193972649369108,2
534747615933149043,1
7521402685332684323,3
1771187063604469561,2
2646889190407000635,2
12353978850983510477,2
5055511590612790769,1
5041732484896670133,2
17902188791600836211,2
7027513251652991867,2
5801286579934975142,2
14144228652002651374,1
2445614642917339579,2
10681967622839371264,2
11626081002418335175,1
3990980163802409493,1
15987668770191026428,5
632181519445559817,3
17615603329568145003,1
10042105724311327997,1
2934939844627726023,1
2310857654919762112,1
5318433547658111491,1
10045345157466776056,1
4210969210637606764,3
3629981127028450724,2
16860249945662390686,2
848777710570076017,6
1219045049333247756,3
18107303645311554140,1
14267808235881296816,1
11168188472112896824,2
15337273727026906181,2
14827200727911015507,1
7805396350175907284,1
4467222041781456588,1
6532075144777569796,2
11220550452305107435,2
4068166619968739462,1
1891419517432699976,2
14687708183285563882,1
3087028579654037462,3
6089969280024028168,3
13522730273658281786,2
3943348281932988774,1
1644826624133457748,1
15324199605330319748,4
15664246178373230440,8
16296158563019551599,4
15271749923501067404,1
8562839631052972038,1
15760192411423593411,1
13525168430454303349,1
6626984877036118593,2
17265693764836210887,1
14454683151374870291,1
6450058579408474539,1
17867450992105562410,2
8191901358132621676,5
1103384857523944124,2
18082058297638628868,2
11116855360593333918,3
8128643150220023935,1
16276720537503673157,1
4052322622710920203,1
14186329462782010005,2
13466358313400688457,2
6194699350863708468,11
15275566313503837507,2
3607022428832376430,2
13722287685658057088,2
9272522793608104440,2
368248012953501325,2
5343401028591843834,1
7851990527630366138,6
9920420129806713158,2
15994087799919428322,1
7517437677173593872,2
1912682132609200979,1
3625730740775901585,3
3053428728765977616,1
17178128977701906867,2
6984755891721615785,2
12564277902384377540,1
2604477362475116574,2
15109239334809123593,1
1913998294536885829,2
10439229384381696808,1
12387520799114656902,11
2924414280345953739,2
12216827408569384230,2
5205456316523098758,1
4782938142120076340,3
3329223963173897689,3
14669877342931876600,3
3965431095798064520,1
16880921083627938200,1
6914603248346388004,11
11027977562954534236,2
12693016276336035886,1
8451344872807906840,9
7489351020163271887,3
2169339109901930592,1
16211685718642499279,2
1618816417487594111,7
11182888642593589818,1
301905190972796044,2
7922981238014763118,1
11037715606075605522,2
14827020244639618411,1
1902106252727962633,1
1894569136687681111,2
7548521571398302951,2
5121798619507209437,1
14395103328004271581,1
15697487513391337607,3
14924390347693254695,1
2247688619081106479,2
13224018507929917294,6
3122329978792115440,1
2553261627855654209,3
7797380462472098837,2
8671329230892665731,2
16615395268474352035,1
11491711508861893487,5
11851706655213053126,4
15750179056517435960,2
17017066447044541366,4
2267332082279111747,1
16275313802751668847,2
12466887444147215024,1
16841766908630860123,11
15005823325176447299,2
4714756350227818718,1
15776646725380625223,1
10628225328467188986,1
16727118674059490495,2
2537109495643834895,1
8740303930504416229,1
11583998613044773865,5
15937497042577895508,1
11724887700384634096,94
9083913027585226835,13
1207802409733271111,1
13199525398338373901,2
8920225119667490290,1
3027534455809151297,4
14650595367258880585,2
15664983448193667913,1
2668805305202710164,2
4506322201918834617,1
1195606711845975216,2
4689052763243673346,2
2352057250836816701,133
8260909127572928178,1
10939584580169158106,2
2967598389193738230,1
1428050152986304645,1
3127919169516425771,2
11343544479149922878,1
10197032038523308616,2
12520036631485020637,2
4239508166675434375,14
7630654102373528355,6
907201831349644654,2
6391693456956140410,2
17798153048837413384,2
14030213436834587795,2
9732892426556462181,2
13083435648866717117,1
16211186714618677610,1
6241989511227548285,10
5953659802969544445,1
10229452600364743253,2
2109206394818294315,1
1115650821254849384,1
9756100622267626860,45
14335918690951818427,1
17086717076260050879,2
12680253203511520177,5
153784338457787394,1
13029297826724477743,2
5005677007456171866,1
12087030240918047221,19
1930361442523346181,2
2604349287249522287,1
12750768578156594852,2
7787984501183400610,1
565714754097744773,1
11096531816380152802,5
3830926240808755276,2
8882380586252495176,2
8508267136876470797,1
4405236916045877996,1
12146007124252865637,2
10640172722465915386,2
3850675252536444622,11
1544023724521391567,1
1527931572697137096,1
16645220250947686116,11
6638503289730431662,2
17800868098934339391,1
4124241891314465771,1
9917826486202536456,1
17693208744901440020,3
9139824259264687288,1
18164422008983614171,2
2529229186623549366,1
862143512851575805,2
6770246708020256273,2
9920256556194923157,1
2830253600703904247,4
9133139985319583774,2
17580586346527660199,1
15286721188932497193,1
15599777357369040176,1
1314079112690597512,2
7383901470095598863,8
2780171563283864505,1
5842348528801705005,2
6446753915196329327,1
12139067730988125365,1
14584835832773128816,2
10066535072662977837,1
13028689370370584587,5
10391081866307752217,2
15675473848431551088,2
4552008269071765694,2
14729041490149190834,3
5924239349926777653,1
14910690194871930402,2
6851879594538009133,1
18065067521266801027,1
10129342849552953268,1
15525291086055267738,2
2936769717072597418,1
15720060813175117061,1
17843691798339606191,1
17218518213109333609,2
9408199415321315475,1
12458955721400338837,2
13967535227293107949,2
1246841965046309374,1
5872937175961739997,2
522598932237612944,2
9394664732885964616,5
4588796061882420201,2
12772070880417910797,1
975236403316876394,3
10611838693903528087,1
13646377788707408920,1
14026755877108640095,2
8341170670950980835,2
15485446231994048507,1
1753078658843837556,1
14489617192114643796,2
7167790888946007819,1
4159282377203977444,4
8460719413476241135,5
7844549714730004288,1
474480165991639645,1
9778879036799400445,1
5217919349552043389,1
126114920286360572,1
14256583223071576856,1
8020316353363911929,1
3961695888280244058,2
4439781484259004219,1
17078773523353121168,1
12396524535143138649,2
5956467878031536312,2
1541044511852469926,1
12919316924758409537,3
15949282268326805057,2
12897474379033154516,2
11720873502707970610,1
6995092802399434591,7
12869591826488972661,2
16744266438072821432,2
4267310137287588694,1
6848720585292942986,1
14030957346858233251,1
11675021359593411965,2
7447099157153203873,8
9281054862417007086,4
2411729858119130285,2
15626691214267395334,4
14496738088184601041,2
1138827698183957267,1
13531220509346959706,2
4592858512617572202,1
4789899000851102809,2
18233197132739490870,1
4052656575241733489,1
10998854364385734186,1
4039914813314379468,1
4523862093820507077,2
13016178695467946083,1
1396084700784578309,1
3461602671417930748,10
10041964722083796161,2
6961892535552142925,4
16782149790969985713,3
18138675307868567701,2
4999912641607889046,2
12493193707154596996,1
12062953420164969540,1
330597708350942048,2
7345574234192127774,2
4157491434296006094,1
5965935913890833646,1
5049153305511526695,2
5423774446528272862,1
4354976501852959451,1
17541109444712153318,2
15511930238710514395,1
1031352506354226572,2
6843400824549062305,1
4432975775171686848,5
17508026434235169802,2
10009980132281371330,2
11827436005038747599,1
17852333053970626614,1
10055114679274383409,2
11914134285861022704,1
7695369169498267657,1
12578671696797199378,1
15542256621966102807,1
7500295650602209644,1
11019546179040593206,1
13993298854564297023,2
1961174484599189232,1
10312550988936910881,2
16250582729560875251,1
2697499249052919722,1
7520477707622303739,2
2327086249989481391,3
7939108506603913463,3
7149590327179802108,1
12833855136423251348,3
11978972453197281335,3
6288835895803721682,1
16687384717929090690,3
3297390232911709699,1
14483396857068773998,1
1728359071196272555,4
8740799230987872622,1
9848119445975199172,5
1875417696706637408,1
10321374744864810398,2
13765656467979906654,1
9326946270801888528,1
18109812912962805918,1
7193976463413827837,3
14962839141491498845,2
12543085386977306283,7
11488570296722853845,1
17672239840807441500,1
8424481785123990115,2
17300912245218979883,21
18197242597970311698,1
8822985996140140837,3
8605571386758089547,1
1627428729959767186,6
14822557222166058489,2
5752989374200652880,3
15289074248533186564,4
11719610901426996673,74
11765863931944822895,2
2625474307404682740,2
10980011335666027921,2
13618973265170127936,1
8744882553742458388,2
951628022748692531,1
18367064063374494955,2
2825105159745872683,2
11802413359240443695,2
1753967842096253547,17
11563955301027516911,1
3040862356284224076,1
15856909209723209710,1
9660610808131867991,3
15552397136148714892,1
6578954979875308971,1
4691461325108052094,1
16989216511093078499,1
15517918240449128893,1
18274355018334823845,2
6994589333671103536,4
12856554926185609442,1
2495123227600298410,2
4170803966161539206,1
10283161267728124837,1
7133361694956558218,1
8328515372538505975,2
5256037145266295651,2
9336085989947262726,1
6030206511904409025,3
16980438299996222973,1
1292049441506683601,1
1509034592314422434,1
5304674137714879794,1
13095107064978855577,2
14061583492744133381,1
1232731257099439171,2
7973059546292543596,1
12685715305844778729,1
1349060336396121219,1
3382521470798605937,2
9940174618133869703,4
8897888997923555048,1
17285378948181400617,2
7546667905294962112,1
5075675162905803613,1
16745109123606150538,4
3531622707350797805,6
6109929744902395426,1
8075934588940475096,2
17042377378721161818,1
5557300458424727137,1
13031308440093171569,2
14219467627296150888,2
15968837443083790069,1
5133782104004832269,2
4687592530588879698,1
2792267341505612833,1
8672236594414272653,1
4100200340287613193,5
11974558569268487130,1
4558966383492904042,1
3255306184121932115,1
10017422208119553698,1
8527374626945889934,1
11696646183279842863,1
12154127040805893050,5
3026423937017398511,1
8922820734293211507,1
11237125834014590690,3
5561155197984253519,1
3376299943842458893,3
1432313906170553153,1
11271286672907043435,1
13535353556669543386,3
16232599147060027348,2
6156446314492151878,2
3224919202507166990,2
3564690812437254486,1
1697696802966510814,1
9114930769389349294,2
16414227733012696168,2
8338617647266450664,1
13835296874464604857,1
15106576206192782836,7
13710083584871095534,1
14882868263179330673,1
12742183759303585889,8
14991570214043084402,2
15319483371794279603,2
7167686237504023812,2
1227059003138346635,1
3610306237559423483,2
431871369936374103,1
3803171337501243385,1
12673189672329440620,1
9943423811590731110,1
5169455434350052830,1
1884760566337097101,1
8287810244509176072,2
1553332753526235930,1
11444563841446381520,2
14262916039861516653,1
12925565090791633717,27
10579488828228389301,2
9745314936666191839,2
10110352137896422207,1
9461975883595517957,1
6554134971674208874,2
13250852296003306446,1
4024141740885663376,5
7626603771526215764,1
5202838928238161634,2
2398869557952554239,2
2585296179396380188,1
9662762876991563004,1
1970635297158443555,1
3197449339439008215,2
3672299509228492018,1
14925466738373364737,1
1153084195527380504,1
13665822890689690230,2
17718194628031297737,2
14605921311655798001,2
9903934164033462726,1
308768043174418471,1
9855280847672094125,2
7262371509177792225,1
1765903296735076103,1
8050791749646862695,7
7764795949678279642,1
15569797698806191663,3
4084559579566979052,1
17823832983093893535,2
8300650349728971314,4
16419515322098025617,1
14299238683825559392,1
1733306082512085399,1
6739401086989178512,2
10006279115893989183,1
11160771252988695554,1
2660481501198461500,2
9349643042510451884,3
16667355848166522005,1
9436081568576853800,1
7234455888202922660,1
12773037645500906579,2
11588418176517266231,2
4839902469565528159,3
3573008699296733444,1
6932713404686934517,2
7928989901017940354,3
1907647374728400860,1
2310048393756726893,2
16969350679345138118,1
6562344473173247823,1
1250957192177457049,1
5334899285666737983,2
15710594121782856426,2
6679507333830443959,4
4766426869806854450,2
1781811956601486279,2
492333359162614740,1
11957980535009551358,2
3315947184892444924,1
11118955388405959955,2
1296705678596914828,3
10165140205451576209,1
39791985227522900,11
9128377018735158390,1
6508672920074207995,5
1416394631469272835,1
5477184501377973635,2
7626769507268535215,2
8307770152710672373,4
838270303174205199,1
9733175815330293604,36
13016467490543778405,1
794120920833635706,2
18230591486932610790,2
16132671820300524896,2
15616160433710318741,2
7042561874657374663,5
1177446447361545647,1
15521489327027814982,2
17339423592412512454,1
17258111745160256205,2
6531967905947362415,1
7845140964436282234,2
6852164318293687871,2
17412499427185714111,2
14639616514883981984,2
12326631262606877553,1
5065499589524760775,2
14309100136011494770,1
9724954287620887808,2
12691215710413729336,2
4157345145896821076,14
2273638890613016690,1
9245312741353269055,1
16271375143983088488,2
5086406546169050421,2
13135091886704450973,3
17677274115592898207,2
13042162616807239447,1
3617362122703346649,2
13880918986920311077,2
11784725341694482209,1
12998151281925147449,2
6138282403581477118,3
12124743715618059515,2
16186477629945549141,1
4604064948014669319,2
10854923550236302914,1
13664807008224456290,1
14879067186089119342,1
4808865521693740288,2
881537550629754700,1
4909661137266715573,1
2145819805024406661,16
12519003716140194774,1
828186538890605707,1
6338283039144834545,1
10861394703018631074,1
9796771470990788208,1
5244883420687409966,1
14198021678418791328,18
10548550694826620625,5
1635801206807177660,2
2180188875908867993,2
14649551671043124868,2
15931971987974774121,1
548004395770764398,1
7913157818359200787,1
18169847804121198064,2
16112503352803475500,1
1747259403665063208,3
7885224839043211309,1
11288526086943868824,1
17745373065799803803,2
2731825679448861658,1
7431084367436423520,1
15126086891243659683,1
17956215447380007655,1
1727810802363561903,1
4950211388552701504,1
8703189814147953145,1
10660515941095309779,1
8961541586440277293,2
478732144463410685,1
1010336062892416653,2
12990765486401410256,1
14791948486678484318,2
12345154235531582424,1
12597708042980453702,2
9723830480258384013,1
4110423713894991208,2
14682474191141704894,2
15635039019673640621,2
16085090443546271787,2
14993732961537093837,1
9891177669407933757,4
6253698461855464564,2
15998095769413432662,1
7662457521920953858,1
9943138772925853827,2
8717151301166517293,1
15835871719649729058,1
6508374231528973065,2
9322289153516913459,1
13284177321436323129,3
1274475124449141234,5
15531843462179286264,10
11043092394757984331,2
11065718970555613208,2
11711666919115000293,2
7650851351767799364,1
3225434026519013576,2
6010598123095475119,1
1294826026213288544,1
13524238099779824382,2
4525630246507327418,2
1402523007939415291,1
18207598456433732289,1
16052725209981692529,5
6160080729021538423,2
3133367062599293799,3
1285682177690823769,2
4475286575381098682,8
15650432201723299185,1
3250643774381393119,1
12161242515886846341,2
12569933696239690095,1
13499719075075152370,1
16544249653763301708,1
4799544187806766425,2
11103739942649557569,1
4158217066571921130,2
3903471585068598915,2
17057731929597952410,2
14456347664115490091,2
3911965025506512618,2
5903814758497808353,2
11975179499692524513,3
11790357699317754632,1
3804655637486685454,2
14414772046696078453,1
6070788025504567235,2
14713167523972232431,4
3107475433403126071,1
4499265733452722927,2
6667024178223559435,2
4751770043396132234,1
7282812810778115081,2
10374090546560370182,1
15996617020575042781,2
14554939775770746259,2
1065128321755963208,1
14054118810317101004,1
15892215944987329418,2
8520154542488057788,2
16836729739716439103,1
10399080005260411535,1
17289758502790980136,1
7587232899072511009,1
15605366065864755109,1
8553542910523267100,1
3841228793852826310,2
12358844627353098018,1
8396451997439569690,6
9549348221679039209,1
7201247062654419519,1
3414487426427151945,2
12076571702338123877,7
15682914505098814183,2
4989761884811345463,1
9883539676980199274,1
15848967386063654622,1
4093821145777178268,1
11164824490329333349,2
15334070487616427424,2
14785852270547573210,1
16709368059570625295,2
844610570099400439,1
7295350067742031181,1
17658027980342964083,1
3172587540152260915,2
3692201282056546594,1
10256548361639064094,2
9433409134176661381,3
1600817719810134831,2
14793450752724585250,2
14826669281877931914,5
7902862025732613623,2
9372501762807903624,2
11179229325215352112,2
6251491140085196830,1
12814205079701069749,1
4523476260662343070,2
6250672610212645213,1
9243101141970686462,5
14562170660965002372,2
12182655643329608992,3
5753946960088493198,1
16254452638689799540,4
12229188387039013878,1
5622798105607651570,3
17775955520512091734,1
2698827480266939365,2
6617572322847272849,3
7146307289090251481,9
1997988065451573965,2
14400053320230635330,7
17172096891203727437,1
9803030238065701185,2
15395365391502609339,12
14068265192577444478,1
7673246030938361616,1
11694005084237197699,1
7378356864997954455,1
96177697945098428,2
10589755604730535980,2
5763469142788189639,1
11321745149118573375,1
5769435155129809729,2
15463865374780061601,2
5209506989297629960,1
12354139970652913506,3
8642873996539809216,1498
3936414536135717384,1
8445940540070775891,2
5589816557004855189,2
15922399988881331613,1
8207656902868512397,3
15850360078010507537,2
2002038800604410699,2
14162452026627000245,1
16035079583759518736,2
1682724124654510593,2
10861868240464386792,2
15778485387962101304,2
15873892195543405217,1
11953343187790689954,2
4708920248023433795,2
9302468158520541695,3
3888157739612384873,2
14827427947609461946,2
1009739426344474653,1
9901743088011726539,1
3264555176240189098,9
74918656664812118,1
17564363735874589246,4
279102899002653901,1
6784067961097544806,1
15700319229183586471,1
2100561446184550051,1
343062386833370482,1
13978510044478976648,2
16269844973205156587,2
15904187405958500387,1
6413445971731715585,1
14348641169167241622,1
2645164465154918564,1
8557404548484372912,3
4924626261465493574,2
9667659059473401671,1
18047426148101938134,2
4358478747300186805,1
3287390340771228666,1
2008740250129422360,3
17892830400505027111,4
14937236684855566141,1
14476648805431516718,8
3867653917556731043,1
13864912637881042525,1
5747184234254895280,1
15063497478439263460,2
15982401163548189935,2
4061042053605228447,11
8140486271671426177,1
6371261816664006632,2
1921091233545157061,1
8456053140260395802,2
16371860547715284764,2
181003116505082748,2
14439616702555638179,1
9131024235551431122,3
14163102514206884955,1
8831356341894994504,2
256258366479227087,2
11349287478169103410,1
8447538467812301691,1
8438093532262293085,1
4621181296665609249,1
10825899256867979685,1
3818308552348312589,1
2654426418898150403,2
12676234042721420980,2
3529961241034612018,2
14078145654911423071,2
15368243666364207905,2
11122725669917772198,1
15332144753805229484,1
5114125250024015368,1
11175003236796442742,1
13291404073854784396,2
11888757262278547430,14
15208861652833267348,4
10285791168669186885,2
3325734798177701336,1
8143952146870980679,4
7656574194906756465,1
17330836069096374649,5
15104666516121707864,2
3888732634648547520,2
12641206694982649981,21
98521494289770936,1
3390232642788223671,1
7890129994432203163,1
13333795733272334517,5
7923138552999266931,2
2166589591683519662,4
5362720409005888595,1
14052900697644713023,2
7902076479104633668,3
1772264563220311127,2
7053274204643160257,2
2497990255789983338,1
17911079704535190789,2
15597223409355440195,1
9679003766206546873,1
4433459393181739072,1
1061616442899818931,2
184969849791036393,2
3036548211930181472,11
8754598061079305150,2
11681454120699558759,1
17344709175464664890,2
12073676386225068280,1
7003419524462807327,3
16754419844079283141,8
16914691415938480504,1
8187903390360989607,2
17425462980821091780,1
18078318094682593226,1
9336357012104624356,3
13049984348484171906,2
15439084829214512132,9
168853291425297263,1
8746237047187525236,2
8335593754079996519,1
4344472535739901656,5
16116340329602889964,2
8706611231438620614,15
9104213880763852544,1
6658732749802908062,1
10972981709659007987,1
10531141158836641732,5
14221668719222497167,1
10629342342805441206,1
16636083553699701408,1
17723526802881002570,1
9833320102743525058,1
13761478166930462781,8
12311949542524355116,1
3803561874417672661,1
2379584352496287626,2
17521623840000420146,2
3236944500781775232,1
10208356354391246533,1
8605698065760654607,15
15401075637772734437,1
9510839423518755325,2
3520256562095969267,19
835018488508350881,2
9874146616178641295,1
993243781760311239,2
15663739900935065682,2
15270963544294090766,1
1576617385751771334,25
8200216171421980588,2
14709461520434079484,1
14774942982393688477,2
8000859868972575855,2
11337807350481909809,1
14942454660807675381,2
9013630644759578046,1
3992271892386785180,1
8397150767367970708,1
4267754903374688618,2
4942802609271474302,13
2578997117319041888,1
15163148690127774520,2
8407023301138048712,1
13027312294882371306,1
5316850599561211650,1
9369078534813486498,60
975880937514105009,5
2494716919462498349,2
7524151658440391114,1
13186913045667213238,2
16448730298013280518,1
1822409780888556428,3
15184964338351436279,2
8165291979083267559,1
17536371830178565126,6
2775358589994154678,1
9512002619457321644,1
15024733256720719037,2
2652824359662403579,2
16084534014967435927,1
5618772056770751983,2
17013280330576224404,1
16954870858465730168,1
986257979884179797,3
9867466772387817202,1
11793040697013175104,2
17106483410525214431,2
5930528705613440164,3
324745712091246395,2
12108307136887954000,2
2964081136142905967,8
9537377504223867725,2
412464576043397557,2
8687451050840404678,1
8535826067788852297,2
14365136575952772497,1
14148270947601040039,1
1514943777207729462,4
3514964495882806834,2
16593812731527547153,2
10520635781003029969,1
17627273231934247049,2
2755299390058448958,1
10895805842455890663,2
4659923892307132567,1
15969601930213020785,1
1652242157775974030,3
7317587155569649741,2
15352251957063328413,2
3664363304333167595,1
2201675861720156387,1
12596445646310732375,2
7538837988308794532,2
8116832222018830007,1
9025075082118451048,2
3157079252029808281,2
3424965899709457047,3
10518611309876532497,1
1811041376386030409,1
15238073400823309670,2
18106755392551853137,1
1462384776629947918,5
2837002961070363337,1
8797232971774802230,2
10659979810273771844,1
11675498369914884437,2
9883805169074133675,1
12482624384584164124,1
18283327733038873899,2
2246161071477994100,1
12257661376991738679,1
5982035349730031009,2
6630121099740568488,1
90941556503138521,2
12151549283720292156,1
9772563513853238625,2
15165549605857114930,1
6509757562403542895,7
11015371174976826137,5
2605319701141212548,1
17733548140353645313,2
2184898125434975031,1
13150210480320152002,1
603784335833150729,2
17692529883955792005,3
5001049754607264067,10
1505839365807928052,1
18164323699797434389,3
5726363422877727618,1
12473834476283095464,1
17335894897111549797,4
17683595526133880758,2
11966207796861545397,1
6547478127810415036,1
9183004265952137305,2
16349540342162631421,1
12374875096093149426,1
4400985441370167348,1
15972746861249889730,10
17849122727978350763,1
10598295414604167982,1
13909026081848733579,8
15809841409377816046,1
53497985493609785,2
1696890225650706265,2
8537205146671519878,2
2979387365029637798,2
18332457790267640298,1
16520816621572609264,1
12834317826298572987,2
1435149840425393973,2
15249311147726016351,1
14742839239182408858,2
11624200219278785794,1
12136570640770294787,1
3228244651564460140,1
13980754160898890566,2
7251202451105975121,2
460978833420370528,1
6498994720718144164,4
10056123022975811301,1
3405336665374505902,1
6295421721182799781,1
14664158278357192007,2
14378605201266801064,1
6737234534635605919,1
1647402573073088735,1
2646867156440571015,2
14157212827125918422,3
3107386269477980457,1
305323951488783776,1
3760967739567184009,11
7227414086271335549,1
13420140262657365549,14
6697534087028915343,1
3900724764095338807,1
3740284529174237788,1
18252298817619155177,1
13985667658789533016,2
18102670016754999997,80
13768547377668268300,2
4614930592105460736,1
18309878093459009482,1
7631622500723812850,1
11732420972233682537,2
3752400717755114290,2
413145175888381126,1
886929597296258377,10
3552803526467041084,1
9409535081449907185,1
10343678218231051774,4
17659606406780733111,2
10589321124073305927,3
13770465928108311086,1
16092554563035467133,2
156521802391551929,4
11109702681230042746,2
6636229224631123325,1
11452304641664437330,7
15105914279390403713,1
17339154531981107470,1
11554468127812984780,2
7320603089973084455,1
8177856355313404111,2
9605387030604292294,11
13135006939453031663,2
11847847128350079997,2
7477372319304947400,2
15958063296122742598,1
13456607200388576042,1
11430124853709386801,1
8736599715393755867,2
1065207253754007715,1
16940131522054159798,1
381712478623120973,1
1187302092634681118,2
6840196131910385300,2
16271920811139623486,5
8267298984379531547,2
15021010007616264855,1
13332850738629852431,1
5822802367365444332,2
6087214168334590670,1
10651079667266764732,1
14910205187473005637,1
883819844520228922,5
13429148751068181093,1
931514686185026149,2
6419335709445510889,1
5281781624911990034,2
15694516470682712439,2
18362479800451688229,2
18169811654209916376,2
16760135448330423121,3
8251204346824051172,2
13310198406949059516,5
13812493791423723559,1
12321981324557055694,33
13099341656419781415,2
17226606364332641633,1
8734551660186366357,2
13232795991603452956,19
13793701164845376905,5
14463259210684573517,2
14094140628233975782,2
2510336748252690920,4
855108227331263290,23
3605305876322804493,1
3744104348183307178,1
14087000512480745417,1
4760607089789748856,1
1892416309081696220,2
7440990003372426115,2
2129254953505627494,1
13259368465077895683,1
7596168596717963063,1
2389464495092906642,3
4286901511851486032,2
1521282059204440668,1
11097098197650109549,2
13699217117985489693,1
86312333399427927,2
4145624439500919983,1
17537370727321894555,1
2737856988664264760,2
3971302304776906235,1
10490838240758412177,8
4425838186230762111,1
10593722961576027491,1
12086009493294153953,2
8551795956129670441,2
5063659290830572939,1
17886728927693799951,2
7029703796508936151,1
11144558841214649881,1
9806581378212155285,1
4793093759753973721,2
4139575089670037104,1
12987475332524603112,3
7211306405412546216,1
2939220290349926086,1
6555825129480673666,2
216222863766917244,2
6533848679503746995,2
10238792102876402279,2
7735306875551385649,1
18235710985058732960,1
484495892017780113,2
4486909361673884451,2
15711770842758626374,1
12947757925931385256,1
6321206781913793196,2
3752127341113532684,4
9590788507241984020,2
12250235082617373583,2
134498409781208061,30
6901309159760290327,1
6379164309330685600,1
2873650057324657132,1
12066514408632600217,2
4864950596109070648,2
12539511763500684642,1
16808996080475566448,1
8423797343491227035,1
2120665363535960521,1
16222811063689747392,2
9206068331293147287,1
1722411533342810911,6
17516304559780500869,1
17365832633277131829,1
1831054105568085228,3
14237685925650021725,1
9925730152937850800,1
8636892856111894478,1
826727201259255548,1
8551221348931869152,2
16586976023600319053,1
9858279469433075224,2
18240041671090645744,2
2864271400090737071,2
12834397597342924492,1
10711725816202491736,1
17034339095743795508,6
13094855981745649667,1
3392525240492820538,1
15625250567679836193,1
7833650227717461280,4
11503970261367071140,1
5576574219045661031,2
12720455321398946530,7
11230236443037527048,1
10814375361529628729,2
7142800394201188944,1
13332017712263277054,2
14600375483179209751,9
11845423170975813396,1
7211713500557772410,2
2115090677041940671,2
4539909539909945652,2
17815475464534646689,2
11228312743323320423,1
6788754056414454388,1
14991934588882926756,1
3583263284423767289,5
15954539876415000028,5
6912458467143055139,1
6803763630422899913,1
13953695114498096002,17
3066474920927991580,1
10986420396164531847,2
6436682571130999218,1
9211002156111646600,1
5304355329967983826,5
10479020163572559760,1
11637140408180566488,4
18077630293605033767,2
9457222777574505115,1
16155758733458506337,2
14821104735036465495,1
10450144848319347775,1
8602643900581480836,18
17094277249827919326,2
17254295954404333613,1
7224717899041763296,114
9962174305901032270,2
17974873989402423200,1
17747272232420800092,1
4090116823291589726,2
15791092157872911976,1
640193327875360803,25
9617301654818288935,7
39313711002631784,1
4809882433986869874,5
14292484442931385608,2
6517795442599296738,1
1928549931744052984,5
13553051563451929803,1
4209465368416457320,1
13230608200487452939,1
8253135571215911897,3
11293819660019623628,2
8057585969863379994,2
15742509884098408127,5
9879620015161185512,1
387199888576540151,2
15020622465788728027,1
10943570930941207481,2
5098745582520135199,2
2350032574005445689,1
14230990526775345934,2
14110352876761511464,1
16797125951889460537,1
14110877989335000679,1
18261160155991720191,2
9925851628269014123,3
10181113925630107116,6
12424827278480776124,2
9715538180233343617,1
9326710554907754612,1
11058570555101195527,1
365743602473877941,1
16418649847754820302,4
2085139400982698429,1
10492822513628832770,2
15873002096310850040,1
16355223296826002501,2
7474262030152210599,3
1478066737302943139,2
9617967068384008607,1
7762586743405201614,2
11584123774594751079,1
3969830420494029461,1
6332132474186408956,4
5381061841849831720,1
9321338214034613280,2
12999590844325913268,2
8013218077292206827,1
8413396095352489429,1
4034494262073273435,2
8534832506866562932,2
15881895295051962404,1
2604921783857635173,1
13214768099554862521,2
5277238134459461339,1
16381010880140996201,2
9624843047483799551,1
16218766953305441854,2
13605178318752520543,2
14026924718324953806,1
9246770909142031920,1
10816992264871982990,1
5082615021803558933,1
15822238881972723733,2
1130023839245672324,2
10318837859563643157,1
15181074428139063678,1
3575004974707049588,1
10423951731859250698,4
6379030914520157157,2
4332448143023358500,2
7182812739607954280,1
9032866059732265942,10
35090456962615256,2
12691793381466787002,1
17324167889546251203,3
2436130319616924332,1
6704411981996710644,1
11315461519348421396,1
18231904446219528325,7
16279403103772001036,1
6693881939101920124,2
7324311685495681966,6
15453822243239248267,5
4592842217568961814,2
289988646654794043,2
5777893051446042931,2
14778056833276941535,3
301325031826323747,2
9694246757820611810,1
9080665333153527694,2
8938635247612971992,1
14521584629299551664,2
519908553003240722,2
2971457608791998123,1
13070817083018326649,1
3811976406814555418,1
8952642780065363528,2
1459110589109574111,4
16867488966155947405,2
17406201661138470052,1
13516549803254037025,1
18435489078486981389,2
9970009569124966096,1
17832628787674825829,2
16212301494043144212,5
18213938706989734328,1
10565876136282499336,3
6638371444471784588,1
8103269480301459878,1
7623837829106689029,1
4675236044513706411,2
4025968427686415232,1
12196475299129962035,2
9520446962366309493,1
1270143750561069193,1
10787806456379727893,2
3295200744036947423,200
10813365133164356430,1
14075810798124285890,5
16035280416134566966,2
16039351824363887328,1
17822752583640942131,5
10932830251716967624,1
4645103874048603915,2
11938639342582374268,2
654022626973907456,1
2138644137925892367,2
15720778017551716157,2
3716605932749675032,1
6846613137478136231,2
10771627776736718733,1
14313999643264058695,1
6386497201565967826,2
6732776994472897824,8
6003922101734939788,1
6051228967317580073,1
6102033487142158365,1
1392176710203754434,1
10807789154798175381,1
3379147162760344959,1
764922040943178255,5
3402966052140994529,1
16057739071115537450,2
7975068889613497145,1
16215273469610726465,1
10346955772628437070,1
3778546276656803278,2
3296645239854693774,1
13181335806854176986,1
5817463983870875665,4
5207019102214261087,1
13345801332997287321,1
16172379190601633171,1
16006017315374663606,1
18402212195355849937,2
4015738401081604296,1
4068605748478082723,2
5688941219875195420,1
10986180423697474470,2
7769686106445604600,1
11683282554124504067,1
11138508347351481790,2
14590479233070233881,2
4328345208927312503,1
268234737865110170,6
6110798957239648994,1
3452953310171252658,1
9623912812808531198,2
8050777273620332251,1
3665511847860477050,1
6628616137463346400,1
9590902214495531519,1
18071610056472281333,1
11703993636136402818,1
8873693321232880036,4
101664179392266862,3
2471242520068940548,2
691346628394842160,2
11012207215982402124,2
2968976012284162966,1
15361082535898206543,2
10478099192991539061,1
15232139443225140262,1
9653568412288583059,1
6826045684772017778,1
15848118202964835344,1
9328621617909248016,7
2615992529762346358,1
17094545170152805482,2
5384043556215953792,1
8519380690151387578,1
11670574078595036770,5
15069141949586364997,1
10153479808094052588,1
2626219498281584469,2
581742654635362186,1
7162785343168288793,2
7462001912375400649,2
17826999515201338212,36
9571205827408705438,2
2580604381000430507,3
3525155806493304982,1
14618600367903444584,1
8559105089698230958,3
13521928204443183444,5
4317975817488868603,1
11989655698198363184,2
5187067313289448178,1
3634148487130557729,1
4229392276976849062,2
2704131941777183176,2
18341400482481262739,2
14969459245244793520,2
8626743764507195657,1
6392494110864749574,1
3695104492852937727,1
16239384838303106913,2
2501780487149644819,2
13072917573777526042,1
7703599486802914259,2
7939577223717276764,2
15240382828095939079,2
1529811219917592791,1
12131793174788453515,1
8573455789315883718,1
15267724354460545337,1
8981799903994910259,1
9050550387018069618,5
13070541464721412278,2
10023516553932949684,1
12630646477702510256,5
2751474867675518084,1
10502581673699639783,2
3707838446500557131,1
8204381566046881015,1
2026053287243897010,1
6680757967564728335,4
14692464594764269136,2
632938477601435636,2
10121651131799455163,1
8450825291675530002,1
14568989723201135229,2
15885769536191008410,1
7280927337190953620,2
13561343515080366826,1
5448536210349264901,2
13102283727905171071,1
8848359728753919208,1
11703130355008091931,2
17450706527386521808,2
1626939324527944841,2
11533932341798771548,2
14341283516512437641,2
5313411350549318307,2
12044399771673354066,2
8452857764924797307,1
1951086745433278422,1
3904942354674816926,5
15544504111551725225,1
7371802785224738158,2
16486167325960298467,2
4567784942207292608,3
11414270226990429819,1
1852858479098341204,1
11000606873958137823,1
17965189121315648181,1
14170679816675296301,1
15564134019165048344,2
14515489063065251276,1
9870990389374290312,1
17116164230226265485,2
6437620832989997593,1
4137006456085391689,1
9735600148244460104,1
17706323816575854568,1
17810660738132305765,1
7300886082654601278,1
8188385536474815320,1
12008151128095125526,1
9204218994164591924,38
4046236677238286333,1
8067951534758535406,8
884110073836605226,2
17840860030030886371,1
12438937202170915130,1
14883049016612340308,1
3736183815720835801,1
14455305716082703583,10
16955877820935852062,2
7213919450779953626,1
16403444747768760228,1
4678629927911290141,1
9476912022816483769,1
3155791954499712510,2
8959393332737842789,1
17879925880940571853,3
8798403416638395120,1
10351786250632532543,1
835115041765910174,7
7173685931638715202,1
5125513960195924762,1
9494767389752531841,10
5585227925622119262,4
8829373500490560960,2
2576065053192546997,1
13091756951889513856,1
13585420570934326754,1
2853078434140841772,1
9131461864977874571,1
4620647368856422518,1
5679955566641830818,2
13170682358997560401,1
13982421944180221194,1
3450514129066592972,3
2988753189641107464,1
8842355045253605763,1
11043661335344577303,1
12810782194431756921,2
10778749048310677029,2
1888993558393114495,2
8458809068452024486,1
16473278824453227157,1
11881981912174269300,5
839684642065127447,1
15621412121841277011,1
3854132680072582195,2
7940669139350049569,1
6360003094861475743,1
13455146486506197042,2
7737746882876925271,10
17929215467945177033,1
15803988314949843775,1
12181171692544949193,1
3298486488706092115,1
15617831749818598176,1
4110987181505374998,295
6329692919450202715,1
8933492770932835124,1
8826708660527630198,5
14368258823829005748,1
335956736911303724,1
12460478852383846094,1
17599458480792324189,1
15854057454817721001,2
8670409064565019115,1
1646737179630455814,1
15954291771708735045,10
4698555404719664481,1
3332042457641767919,1
4277953012792267217,4
16386688410682486256,1
1476503043625657580,2
17978322639479231237,1
10925827872566831303,1
12062950813375324003,1
15568426731373780970,1
11886302890767212020,1
17005800315034879497,1
8306221738001929863,1
16215794313356838670,1
6511014990700196107,1
4959807114732546788,2
3988729289941581866,7
14145029409734406206,2
7373366678320435334,4
12322139439864491210,1
1240394165494931885,2
2663745391881250393,1
4372620456700724520,2
3465211179317976826,5
17455534142656885599,1
8239426229610368835,1
9357193087749605194,1
2594645041394010216,1
9427556155606475988,1
16607203027801431977,3
17021584180561405568,5
9913489293860103982,2
15242557357007324082,1
17242254171157212690,2
9586577175877935537,1
3192904544489859916,10
13628177119444436381,1
6419193082166929333,1
811586460024587639,2
8979600429438902178,1
2814809654890954021,1
13231841639879372363,1
3897669856185543578,2
2427847710147634109,1
7302029889764241005,1
7165686191599917416,2
2741740906631929384,1
7728751754119811932,1
436831586662175928,2
12051653535338666983,1
16246880846740600380,1
13106769755389715166,1
16756120585249909203,26
2989732837820378297,1
2912916927353707350,103
5558557257715368814,1
5553844385997346686,1
3139514326703692013,1
5636430563805492798,2
1940119253581605422,4
313003303576531192,3
15496121119349129447,6
1119895668460288285,1
11735268644406385719,1
1382348951072454188,1
1409581588888122615,4
5479513699910480831,1
6052099931779333370,1
5448553806504977662,2
1900284967872812686,2
9772969548092904800,2
16168129329147288895,1
8942671847389739892,2
16270317887983814175,5
10122661762411315173,1
4247203063737078955,2
800759319076576707,1
2247760485060929955,2
13326008206945504856,1
8668948684762149036,1
10597739868579637814,11
14184197625512922439,1
9876854937912608136,25
912178632367605044,1
889740223013256225,8
11594327005644365929,1
15068600700566507867,14
11441811779604604709,1
14954060965575945618,2
1244785379327246110,1
11472233348437504806,1
8413241676645414913,1
16773884518713646758,1
16577003046152986449,2
17822653861463652501,1
7415539067329806830,2
9931270574447560307,2
9092148672395962681,1
8031727232501328890,1
12294002207810562040,1
11086636551521147148,2
16041070397822514137,1
17228771992462829430,1
12869514948620748403,2
12383458623339558035,1
17259287110198417791,1
7762303295912487094,1
16888711890722324300,7
774347103705445097,2
17932739428694786467,1
1470157909430442530,1
11339203722491281186,13
17743158408686952546,1
2274651676922814765,1
12677907452379039692,2
10746358186685864380,1
12998343049785455843,2
3782624854331584277,2
13048404105147137495,2
6935550704466469183,1
10396021092071329800,19
6412659244770930716,1
5969773824555338208,5
16518097846254457880,2
16220577177947741380,2
13769246787415868658,1
15910516423364809467,2
2997165254575995644,1
5607992752024929365,1
11628815414752102481,2
4948328181006346140,2
4693078751368198193,1
3237087266779826823,2
189103750488611709,2
8715834373167293662,2
14748980883069473771,7
3152986347607184730,2
684199496210297547,2
6777718460059116709,4
11957417098888680367,2
209671039582815343,2
11647736509354586502,3
5676079267396485075,1
17008491511643235188,2
14112639488077331576,2
8226843978012538076,2
3987998654659187957,1
13416707795111819148,5
4735845631216843615,2
5534811899376839504,2
7896998541228554739,1
4703572669779566943,1
10191596536256336405,2
1520673526088395868,1
10674392175372553344,2
14439153274323910299,2
14149262086434346834,2
12010120549595141293,1
433892103804359252,2
607165997186301690,2
13099455402828563917,4
15873962604113130524,2
3804028609425541038,2
3984243035356711417,2
14610099310398586877,1
16507273723432869747,2
16137338545261400934,1
669588485833236581,1
1224344616824075149,2
16309835600463665226,2
6948150847625928938,2
4590535928596403903,2
10856569567463652821,2
12238261301359921684,3
5697649580019480003,2
7680635322466211702,3
18030286530133322891,3
14048989612354889995,2
6026903311004094012,2
15819561124935655141,1
13973127398374501596,2
17745879904189909058,2
18392851613811250597,2
8306507385083460412,1
4664342080379341308,1
17100937715234805785,2
608694386065368806,1
15239776611555777313,2
8925248293655515789,1
7438296206468427085,1
15628269706394108902,1
14555653015046672782,1
17326621143637342119,1
2992114389095306394,2
4188967263086595815,1
6041734093215818527,2
13880329629810396455,2
1386964332274657422,2
257526810710865297,2
14995253043579984612,3
866081181213101986,2
8549728932393605198,1
3569057520344375657,2
6862644129666509085,2
2936618050995567234,2
2186748662484883187,8
10774257195936015786,2
16467477238280874586,2
11749854741541695168,1
2976599521255743912,2
11441893936322938367,2
1319891264980292157,2
2440143452753761347,2
4316113678715176260,2
5706298297552713925,1
944239479021273029,2
6859411428565812884,2
12351830023679478296,1
7611539072605862330,2
6729344965303566764,1
10460326609357457087,1
4936882518353839446,2
14659197950469466790,4
10683976178214088969,2
1870834479029478227,1
17777433374103948893,2
1073275747427357502,3
2894570183467147898,2
11525746798480496474,1
13902768094813689863,1
13984699340621045022,2
16345746919722916064,1
12883956490456316371,48
15517763791694617048,2
18335852105112813596,2
3832273362011082340,3
17321105921526416083,1
13574604678193314002,1
1541275247347252916,1
1241444119732834691,3
6804790385575973909,2
1453884633957243473,1
3596151659175884521,1
1295609969817459456,2
14643801850446246957,2
4272483162832918974,3
2718435286970793022,1
12871848946302535517,1
1635382666739334871,1
11517348806564928081,1
4129084085989403300,2
3850534032926368567,2
15384771489351346179,1
16180102279564006615,2
15538280772089441328,2
16493959191103872438,2
8361884310935012750,2
16676874967708483360,2
9581690586397115586,1
8781413355646776339,2
1883897782750008474,2
263495614556668852,1
3338709029985519881,2
15264291173801776022,2
16735238167022954166,2
3831657086724871785,1
6979149839529983363,2
221453042857899515,2
10119155876234672585,1
14055682119125515989,11
864894187130109309,1
12639336255339317736,2
6747988127956718718,1
9491636009939000658,2
13826469494043669976,2
1421256663456376503,2
11855211634415876222,2
3853671538755557665,2
7852983632351911311,2
3929561005499161611,2
7616078492356338506,2
17389607163645320175,1
15888880201682440615,2
14612578891601290900,2
552981112188859195,2
6464379723080071806,1
75847008653654789,2
12118227756282036271,1
16325056125038078351,1
6651842750702940300,2
14679908510370951066,2
5913313425004012104,2
9012847698797897432,1
17477485095278935419,1
8486130534681724840,2
10375673669695082914,4
13173540765190604045,2
16361327991924300871,2
9497210662907271300,1
9716429173650364848,1
7751839667244393138,2
14012867498129121730,2
7516090114679604667,7
15837030036071742469,2
6100708022159209405,1
16018574853313986847,2
5023309629829467965,2
9341078734787058779,2
15920800154351929473,7
18108477119978118395,1
5964621319715329133,2
790637153671282103,5
3773325785306783705,2
7825586728118948674,1
11408157465387924787,1
7678659325917909924,1
13332968687235600572,2
16162554525291883692,2
5866839780099796713,2
7530314026573475442,2
5154288195615045111,5
6331336711251817072,2
333100789072121688,3
3229029980880236152,1
17140051805649222398,2
15034655493395538498,2
13111873649947723520,2
8037260276858502768,2
6808307440686960651,2
3528235848067796713,2
17327400442040639627,2
18054636335735231487,2
17515455801333736479,1
4185953649405212347,4
11841742282184441234,2
9916890044113986229,2
14630880001000942722,2
6722429419073659969,2
702172832639294638,2
11848399189147781236,2
18286995829512556517,7
4032625632698139154,1
6145104660184537533,2
3570465726581510139,2
16224391294308201218,1
2892839021274305141,2
10079484695662418112,1
5798680361471846523,1
11478700885922269626,2
3112608473415085394,2
902466135048048480,1
9234873398058260632,2
3176118591624486148,2
5440471771649071653,2
12232678672571376859,2
14989945519063179917,2
9858379748199673978,4
17756930889779573021,3
591279900129403614,2
17797977182867195340,2
2469580777024408581,2
14661519982732859859,2
4899688486154189937,1
3253790713453487041,1
3366941035613804914,2
14360221481780207830,1
2979239931729622374,1
2125260515488827278,2
6815673534731350166,1
12092454422606127674,2
17228809618532129500,1
13488005200115756888,2
17490945466064969822,1
16435298337100581886,2
1487105301593960548,2
13488411045096648139,1
14376921594310063361,2
11112071689550245730,2
7117639491184404364,1
4882965122343631963,2
14983790948142604304,1
718528052759960839,1
7145591503957089970,2
12785273291534809135,2
13985148515297986127,1
6435569419156879131,2
8179477133956169464,1
12910668575694698780,1
16278574713342354985,2
14208241565321296482,2
18004206117959424607,2
1812918082117357349,2
8434327827441392752,2
11863740704611393041,4
17714016854609373383,2
6206066130787225397,2
11474309279060704707,2
13529225148195576472,2
15310514815114678743,2
12058068250735532998,2
5344889401642563263,2
11369920512315180221,1
2289420692526860353,2
12873199083090777621,2
3592914982440711338,1
16837824926387205696,1
13316305691098078447,2
2085611194993777764,3
16005366627256417459,1
14557501502422675718,1
2117742498406868325,1
10037980056516171399,2
9216914452434857980,1
12503251899975138931,24
10867268109348355798,2
10626188530244676089,1
5482660798722256440,1
7325006125910342497,2
15831339300067970887,2
4696429866926774121,1
12478535272036478578,1
15806294801837114624,2
808168249774344856,2
6764604415265419421,2
6928936204596130203,2
13486427562344386611,2
15424523610741501171,5
5731947599908011784,2
12058969338511429431,1
6753199053544290154,2
15124988217098746017,1
17954720553869275158,1
12029549001783910583,1
6202770943149559873,2
8396718646072654035,1
11467561073709537047,2
236553073834955222,2
4805862342604012965,1
301162164591448342,1
7618399178231840884,2
16934064909381244094,1
11998645816700802357,3
8615683320999582693,2
6861056837580615742,1
12827372357494348330,1
10772524314701194426,2
3443424009956310610,21
10561835088291919231,1
7546413981377684756,1
4835137001802328041,1
14061053828443925596,1
12455057875534018242,1
3074073256580364227,2
8799517502880235187,2
5545780888291998105,1
14564793609542516240,2
16175279988004071182,2
5290412507301366857,1
14606090937425034781,2
13601798290161384196,3
4172758627303374055,1
11612040429171789363,1
3011871472234569606,1
8914878038226844022,2
4167189168113922946,1
17452242379172184098,2
14039291532279819048,2
3788623025660170680,1
16182933505592018179,2
17919671735081216529,5
9904940586614452587,2
10600015245174259129,4
15340033977159478450,2
14085484968667708615,2
2339350295849682072,2
2769095812527961540,1
12175620444080344256,2
3945241950999519409,1
7771329892386463914,2
1334549483958877051,2
3256702649793127293,2
12725316841071604692,2
10563683314501280443,2
13354963151165130412,2
4660592317975982311,1
4289382699375140984,3
15000417709356152745,2
3996865762606119144,1
16132016003271200385,1
16766840428780756362,1
6037705705638392951,2
12916474160848013642,1
1003832967506739664,2
15156828299816017996,1
17196823906013687305,2
12618985871113568506,2
4213895699388976232,1
16368846375346596316,2
12373397587818913911,1
12097930282357675953,1
9801594683856698567,2
6538355329866688650,2
4913027421205150046,2
17532162081591917212,2
15560926370746126705,2
18158840491116997943,1
16314417286839681802,2
8322443296181494316,1
13430420012880310282,2
13534905750935859583,2
6958097692870954821,2
4687412025304900760,2
18041129946736871578,1
17568863143477429731,5
361968714711885556,2
3373668261860162221,2
2029968591709136368,1
8876202447862941793,2
11007571503931208539,2
1561991650175573819,2
7077209708724227472,2
16941600719426089551,2
1207620047330213135,19
14525469493073134464,2
9542768767691406161,2
9353113372254015154,2
1906519395257185332,2
9798400605898557681,2
10962443428558597960,2
10080648650406029560,2
13074522749224000820,2
6530440683599982438,2
2105991246800872224,2
1631599426637622810,2
16035365894303990953,3
8038063623886016282,2
8780941737083342678,2
18125891062982849845,2
12631676732200043406,2
16765654540176264755,3
7525823232065119316,1
12012546827863027744,2
7419966298890572396,2
9553728529623495357,4
1774664492019977298,6
4218031518956138100,2
5659669396721787746,2
14746473805908052652,2
10019206710535619996,2
6497897897062278538,10
2698953533501555258,2
12982040663316483906,2
13608670564933263443,3
14942174111034784646,2
916096805773662489,1
1083153788291876590,2
11401689324743837778,2
682869378206386528,2
1731626736046259519,2
13607724398204992231,1
1615072774863108121,2
4630844028263898652,98
3499215956221696821,2
9990290767725583030,2
12633810434996903602,2
15099883306519899352,2
14452314356475356537,7
4352229504393212553,2
12196294362509452487,2
4346772028409193031,2
3988869608728579544,10
11500505808629959365,2
9151333920754634088,1
17770136762735803449,15
3620152194139739040,1
6087810725642228529,2
7763981975356891456,1
9284076709523146399,2
11842339004208084831,2
13455509466002256970,2
7161177989226164857,2
8814718231459896023,2
16823958107636151121,2
947379718360049899,4
5793768839893498794,1
1861712301207700802,2
14622174857712396736,2
1269251873546428898,2
13609374764374454938,35
15312955268217753637,2
1513814629559728236,2
10692017847786982380,2
11177396694835890390,2
10001373999824719573,2
2997141705320006760,1
7655822103534556201,2
2358618095347555941,2
11417577812998291715,2
2823145450445781999,1
5893962073646958161,2
556445757355297403,2
5158703873901200952,1
4604840066008268420,2
10247617976846267714,2
18052013841063083741,2
13448387519414722706,22
18241295411335794100,3
9172984677917801606,2
17071390038733750561,1
5026712868290872522,31
17069124480588101878,2
13032268982601489745,1
15870071905996629387,1
10077895838976837318,1
10621950361611585659,2
12307189288207614868,2
11883184669445467888,1
11568578225130227355,2
10845845738806216936,282
3386377865849402102,2
8387551603257940691,1
5240491736587820598,5
15439404244017884337,1
16722864743889937100,1
11416949956543575521,2
6959807693487754230,1
2292156629876615244,1
3899667965171813286,1
14716877683113354420,1
130101578234439473,2
11560259855157507464,2
77706877708691451,2
3374201685397056670,2
8632482396926274416,2
15016661827085068552,2
12927598096689073524,2
5115763910526005471,2
7161560777935739369,1
903060701150071234,1
10304432183008824124,2
3775642249811717409,2
594691599353746278,27
7717592457855679792,2
11617173269797480197,2
1968593661297760664,2
12586661589630324833,2
10129871273094372083,1
14259367913922081908,1
3114636248496440103,1
10146314602136024240,1
14377705333957814619,2
17588255473531793321,10
3222767034530181213,2
9494148480560357629,1
14023338142083565816,2
13624649190598898508,2
1146588395880892099,1
14863383082660675478,2
11604166965626948066,2
16120504576658546428,1
14338166157421656003,2
15320502287164793828,1
605130277337713067,2
15282445310549088548,2
15592611276659576771,1
14759307262611165998,2
8055990696790582489,21
2266534383337879750,19
2736397237324003508,2
4519253685074715346,2
13218693695383305915,1
15547907933361994207,2
14830697958955446492,2
7714886228389346304,2
95870990925783175,1
4595310009820027005,2
15243775193744507554,1
16950269207413981379,1
1572869449313044335,2
7700687023536246884,2
10282251100902904061,8
15521368298093767087,2
16745845268825061998,2
3748737478403055506,1
1652569775269619572,2
17203597760605492976,2
9578351128211681793,2
6307725196035757857,8
12072829472259075563,1
16218039831882849730,1
18346751106061673241,2
16408800534292456409,2
14939366911716035990,2
13886359292869691091,1
5025702333583403206,1
10169007309564406442,1
1275169666423799130,2
5575649916025567618,3
3550874698143164756,2
5090144130450756429,2
11603016553385286024,2
12196192407123672106,1
986424106185995242,2
16228638848601288049,5
12393894470423051617,3
1132020686437741553,1
9923928614942909462,1
10796272076556103545,1
14382866147920390866,2
15237618297017127277,1
7688465372943494977,2
16437334484838803628,2
7568687253305666154,1
11336118109421041462,2
4310934308673974949,1
9508592892253053381,5
14272320818551251127,2
7564071159089808584,2
1457197995125076486,1
10999669857111238742,2
3647473577728545324,7
13132797586043459381,2
14038263504150995201,2
3872474828721528541,2
17903110291246660289,1
18220774113042215871,2
11226048182823494790,2
2232634718485777487,1
16153462782817713326,2
7631173471679580295,2
4035150087347020889,2
9790258165260449138,2
16253565205001394510,2
5639796282252539061,2
2651374621732371936,1
14431443431323265192,11
12681442763423693712,2
5231800370054434798,2
2147125816635056252,2
5754791545619233029,2
1567384440357594854,1
4659866039785386931,2
4826972921745149255,1
8575968141689724560,2
9907887716579654195,1
6813537527595666264,2
837551192823175252,2
804029195476535773,2
11326701213237461880,10
11072162912153065474,2
6190997343746700515,1
13556192918597505918,2
16473484053999531049,2
12679696086923217870,1
10648686064675659161,2
11570199078535631386,2
17639896013087863115,2
7626381562296326305,2
15566847243373720,2
11635241060594890727,22
534683423102721754,2
8784907639052280157,2
11922663871971612109,2
7344629134366818537,2
15345999525867190098,2
319370236524252506,1
12043378364343560428,2
10694146477257239387,1
9366027601098515469,2
2690216534165374674,2
11193580559808585031,2
17176042078122729738,2
3253707636510362933,1
15475148775823406686,2
3893876667897576613,8
11363546723808327795,1
6398885327300540094,1
6505610446364324092,2
4247598442363853193,2
310588563990630785,1
1699320057698194129,2
7605708879949014481,2
11821083145832616164,2
9779813716230833231,1
17949100330253340958,2
5726797085848069726,2
10913208060122820057,1
16514521903983287534,1
10054093499931230593,4
11060494606562298358,2
18229774054997682204,2
9273823046303308604,2
6864631423469229546,1
7847603043953472746,2
2140855397255194508,2
9864640286883104194,7
872238403168990613,1
18005139546359379091,1
3566533011622521,2
5509945716840051251,1
1329697130433983246,1
2995784620875543641,2
10655011146003966773,2
8212071427269828360,2
12268883908450226494,2
355164755559493442,2
18409900651498240415,2
17689832800610707046,2
2656174104697978468,2
12748442077411034069,1
17973647638624551063,2
3675296885617940566,1
1391161562843677045,2
11931588015577453473,2
484111490429194465,4
8421298269515711831,2
11963406619741777866,2
2437492007906865846,1
12597660865965747504,2
12457598042696860961,1
2914665863720741395,2
2206972986589924349,4
13553118008671552430,1
12369955584803009099,2
3960781974536892261,1
17397684992933738381,2
681961476674645836,1
249426988691178951,2
3430732607465880593,1
3545524917419192891,3
6724536511821206961,2
4522827444865570433,2
901930683574241004,2
2021147739779637427,2
4166095243075760858,1
871981475145960781,2
4099544714144728247,2
1408780839046729580,2
13523422866232990786,5
7150137436224167346,2
8064684866615156379,1
13957912294735241757,2
10538952728409430786,2
4864333877283619868,2
17768385339183751276,3
11472739518330618665,1
14114800257496160019,1
3891426094087506610,2
16738068254965401810,3
16018197366472862493,1
9124217614807835596,2
16895494663987015303,2
4436320946536076806,2
1220333716343272138,2
6726328806282483026,1
9439361647812765442,2
16080185042327574691,2
15732838131865176104,2
17832460935374522627,2
3304859600798119647,2
15953171476773982517,1
2288041183168320232,2
13140365670169568357,1
17043258613640245444,2
15599767693142119569,2
6595791496075291827,1
10563742046664963584,2
6251715501771690978,7
14957928700854559086,2
15558217117222945388,2
14465378766518767932,1
17165609737558029549,1
8673109903606077009,2
840531537199094822,2
5408099753447219425,5
16048913111218352892,2
753942798138635989,2
11789105295658520267,1
14872605612467415266,7
2540796152281403352,1
17269568148272456307,1
10061761631770707597,1
15950195819709780758,2
6546171320081260946,1
4494326211313530032,2
13577068161412673326,1
11457833855229225440,2
14411001096764489672,1
16828633251207700764,2
11942225328789399022,5
17688281931237110740,10
10285398031547208864,1
7222074666424396541,1
6011517525547200612,1
71743894036601603,1
2506513287812361720,2
2836132815667681255,1
1718942344833092688,2
6785264867702453943,5
18039024410649160964,2
13881568665727869781,1
1824648615540577902,2
12489436324452517650,2
2714809821067353178,2
7552690693689803797,1
17928501304900006868,1
1641011012702918034,1
4889264171923267898,1
15199435427285346561,2
1578806215642674925,2
15673460633031369013,1
17149917533258102559,2
11681773429768678353,2
2703065896094600071,2
10742481043417264282,2
17380437865812258811,5
4687151283083614539,2
11285533901072447361,2
12568147034816541090,3
1166422243665992378,2
7054664520581910484,2
13729086900371424050,2
7351002522087828741,2
9873211143451725890,2
17510826870904213924,1
10919581246318203470,2
9391097951320162835,2
7337070263054536547,1
17787157827028219379,2
8530323240233439032,2
4343891966469483676,2
6911240624746739296,2
1697327957487209587,2
4361321153155501711,2
8758679701320441317,2
2264090587290935715,1
12083854772182333086,2
10055882219997745933,4
15073116152121975898,2
15741296875090934903,1
17927506245286602048,4
9242164623979648735,2
12447959591587647487,2
12377779189670204598,2
15254807481956785814,2
7108570715317668569,2
13562574538669407417,2
5941185330215107550,2
17123146862863841210,2
8627091339405570725,2
10795314763679722499,2
7137272047664520783,1
2994140883850913535,4
11196208862825893647,1
17789031750823816337,2
3606352735423363252,2
11035787597081537324,2
5056949711223063642,1
10706154358820186770,2
5547352451213434629,1
1807584647547171407,2
11180980850503740617,2
4938399447466813951,2
18391249464174211701,2
9541191824755706707,1
2759431229795438585,2
1838316318509581377,2
2882602516209083495,1
14151037418188318973,2
10443262939250666272,1
718176471849342173,2
14243508313153467278,3
18334981781264342156,2
6056326537015874678,2
4669449244214658774,2
4867769135390470398,2
10380210459235384426,1
790770465372590884,2
11019838444072876454,3
4051207006821397040,2
8578368393935582820,2
886653129572073909,2
6295250734297372406,3
4416836743544728697,1
13938069689969128074,19
17342617137346709368,2
11091998195490388109,2
4320536455177367419,1
11548696562091710910,2
3792035857490824721,2
1461135320096339752,1
12734867161620601468,1
2153798289934776901,1
12190579700199359996,2
548209183833979507,1
17551154323866635056,2
13648279240963630033,2
12658085189719877803,2
13528363042175353351,2
8867125515272691794,2
16951334283930200866,2
8909241270142243287,1
14803068284482972011,2
1294074781493008966,2
14785905852109573386,2
10161210316757265077,2
15477048345232752280,2
11566982587300883224,4
8021505001987291031,6
17091095873331415878,2
11586713461110659940,1
17406425861619219708,1
16496326350345916800,1
1626449221997049284,27
15927306634797752958,2
10615480134510407373,2
6399218268842807893,1
10776883925374762779,2
12425507397544614200,2
11884479048068672462,1
11401481443125105854,2
17080224136354077057,2
12615827153920293810,1
1779918081911144974,2
17861318374817286517,2
10674949264858394049,33
12140194395656040906,80
13583323471868930875,2
12421809167639969035,2
10261162035356339592,2
5848530948892664512,2
17519883829132207357,2
3099208426543544757,2
9124155091349859980,2
17273627410425785787,2
5792908039829371825,1
11513876663618923401,2
17958748739378586637,2
3903509445102448855,1
8226108049580806563,2
12601031289048154205,1
14531364821783938204,2
5101458874931361603,2
10837520498714134933,2
6354717058851124133,1
17737996804636502940,2
6129075793876016022,1
14523186615437210280,2
696101522443932506,2
16979459835707467652,2
10342630964239404613,2
14859991647407157541,2
16858683857268055287,2
7429490521376452099,1
14563526829052722629,2
7925762087769357734,2
16689774534889042669,2
6527149959340784038,2
2958318414723008859,2
10925671844614919496,2
7450651948665010283,1
11064045855106109952,1
15544676038145101244,7
3146743997356246256,2
16529911189324034967,1
11435311057248331320,2
5888274136583096119,1
43549013392819119,2
9439782145809311248,23
7998204624047024290,2
6538319703921726726,2
15897566808792307605,2
13251691013475397514,5
9226612637498618143,1
16224989767781331753,1
27322727951035863,1
8413992559322833009,2
3740611834077641145,2
11983811922915842809,2
4899537937518142317,1
12520206580738710456,2
6454765793215173034,1
6254865345060813861,2
14063126116374979125,2
5136016296891522328,2
17615531259286018467,2
12339652127251217313,2
4824487794500469213,1
3251094366856784044,2
5081610982303672153,1
15440286558054532871,2
4369836276673710461,2
929737086272455847,1
2632515570716462929,1
13560743832217119906,2
3080174686217220301,178
5825456677003981939,2
5986770127016458718,2
8404329856197112321,2
7388866767201124939,2
10610505133773364066,3
16539286503382108314,2
10957573836254794629,2
12481498300220892978,2
10562839855594535868,2
7931007398801084810,2
5823758261883610017,1
12843454338688120061,1
14835314152414925171,2
4529190063344978188,2
5130739872911039033,2
14977433737016287364,2
1993839820475872736,2
11199948411174362543,1
17653167966045744753,2
13185717125532172114,2
12610190818203852292,2
4918529033277125831,2
7697608043632910904,1
10028421071653633533,2
7142896412812689452,2
8149313330188026128,15721
11518896797952444091,2
5654745617292612384,1
13129040357050281929,2
5519827796156329901,2
14713044477077238683,2
11882787786907414335,2
11077411384654550603,1
14327001463173672339,1
1355214077380895305,2
6890685191877791305,2
11647356117518661519,1
8617743046562792771,1
15314526756122150238,2
6673104731089047133,13
17493625518765940405,2
14877385708705056941,3
12087002000063478865,2
8748703888971802175,2
3292517140529699361,2
17277752202577085958,2
16680647914372690747,2
1577259729658712773,1
2814885272365244006,1
14251071003672191710,3
13786102969458368363,2
13927208858109609630,3
544497391631443252,2
2923249803116209989,2
11962690734983621630,2
8961735464893412686,2
13676081962173093949,2
2328462227008675382,1
12629602026789516715,2
6810243042201081917,2
14176096587180454094,3
17241743211646446609,2
3903613889325477502,5
6600624520662340353,2
10499813749958829545,2
2122395081986824901,19
14930171807415888813,2
12156817534714428104,2
17170498676883564750,2
246851690755639860,2
15532398193021987103,3
14365725583613163877,1
13051847355489481615,2
12941326262097451604,2
1709720295987099053,2
3856293579336444159,2
10514275985964633944,14
8622860365828186852,2
5011029307656600663,2
16699889212268536948,1
12462953708396123652,2
17892673840581981192,2
5014441219598246317,2
10527316119767715848,2
12754690850444105221,2
2903222945992112829,2
77281187361690243,1
18173463096335077838,2
7473641530745405109,2
4462509534518581187,2
4485791402976695040,1
10663968529641900596,1
7895991314892393290,2
10160833925043454485,2
2535758565485043007,2
1206491680416479618,1
2295695610794972956,1
11093682200976311129,2
928655168830452116,1
15687385833602777290,2
7874936451378949081,2
17186979443618713578,1
15312630340236947839,2
13127566162320379880,1
6451205254030438607,45
11025314823606283131,2
100433151896402965,3
11091794410028231510,2
15233099574951037620,2
13449958480320869588,1
5828236766419538593,2
3197610749572329784,2
18312038835949412914,2
1992895901660847035,2
17310433713275197335,2
913018760626540795,2
6604807091198472884,2
161644349612354362,2
12832861681426606441,2
13905019929319326046,2
8071102340271852148,1
103724793593993919,2
17099219985268343403,34
9340070006639859813,2
3536434593433595774,1
3165185045542267082,2
1626421464664372537,1
15995910109889956426,2
2378270082540716547,1
5417080034502580676,2
3074138103623146606,2
17692182355029264173,2
10461059065643329023,2
18333339663610148808,1
12937261804498796339,2
13368172619864162462,2
11622824502385061023,2
17928948558001532224,1
15404925500686829395,1
16739257279698718117,2
15148790430140156177,2
4564792979590290593,2
4615229264890721460,2
10634612810777404937,1
5721365547015223553,2
570513944345744472,2
11731994239262213066,1
13990932763466303204,2
17585428961143593116,2
11087669917285476141,2
3223128010029032472,2
17229147309046880431,2
3196705574214157798,2
7797293613439833368,2
6371775009212068078,1
15010133954963315846,2
2284791077471066002,2
13283387505825985365,3
7309971268133111214,2
12352501030001643227,2
17928870801243061681,1
11838481867739926530,1
11562019868297995752,1
8251197483901546350,2
2675688210460445271,1
11487565709696991271,1
14830090818762241941,2
16700145315855302717,2
871294050186744349,2
3709523236817181492,1
8586476055745772114,2
4074006379363635207,2
10607176849476336376,2
6930166085780835101,1
11298539776130020061,2
11906447099273767193,2
4485427541454893960,2
566585528883033689,2
16671087828965072764,2
15131477252399351848,2
10878152908750837458,2
41858478114576884,1
10845200837575451015,2
5336898932115925226,2
8727600739031092728,2
4197803493602776205,1
17605588059636989151,1
5703022377773248568,1
6103849129085208395,2
15681551175602867974,2
16326265246007420810,2
14664884202608168821,2
11774723265116653765,2
2456175031618563900,2
13163567564381669835,1
10400283742692696683,2
2053728127895598680,2
7484438005065976221,1
4551097043913639606,2
17160183481744827960,2
11337791776863405263,2
3236960666799544801,2
234266976783265444,2
13759020592080785619,1
14699583768393710315,2
3643361027165877927,2
8381317330511801619,1
16333602700256292634,2
17699305126956091576,1
13815798116654164585,1
5704859025188726483,2
3445843261010127569,2
13249398430801572512,23
9965179923326370131,1
6228590284573220800,1
17569383910153977246,2
15297329062503658269,1
3334771694533405527,2
3563991771619821254,2
4208907438003955180,3
4669098457560020406,1
5277460453904424056,2
17796286462941065521,2
1911053686451691187,2
5647400092038389752,2
10509068443826849888,2
4784169762476143619,2
9407106979152634347,2
16628193320145795033,2
1505110438564599034,1
2921971365541388317,2
6544288672429212689,2
3701619419912126439,2
1120658826738255789,2
5615601364350063161,2
10956883032773765888,2
3613938433842733729,2
7136297054078928263,1
11101232720563028164,2
4918104293342844490,2
17790024710765004020,2
793910499965304719,2
1087041376116274930,2
12358191855376909531,2
12940166380147203208,1
15053942428759580505,1
4973695347527360304,2
8303508901636317407,2
1508664203803855331,2
8402167896930225631,2
9695502874411573287,1
1056720115243804284,2
10902204036991541513,3
5372731193177285907,2
3414406043706790527,2
4031166122056857919,1
11080921597154917228,2
9017205347233058302,1
5142578637450907675,1
12117899685114345407,2
2647866002983392103,2
11479530720437788208,2
1049892978872586313,134
9583374894637312479,2
5052504795937659662,1
9875104358736286842,2
7078570025208267355,2
8414246951146780442,1
5035156328445865479,2
12505319213592049603,2
13980398358619528874,2
17323150411526233569,2
6130498453190334873,2
1796873589882560459,7
4178910841877623041,2
11679081649618827158,2
1030451436101825099,2
10559312784001124100,2
17810243285614152303,10
6663850976663306653,2
16937120240130414201,1
8998520743761260319,2
2076622208739238761,1
1259877731551308,2
5781810534905370443,2
4744666884664159647,2
145213244443117510,1
13852875833654869039,2
5854134922088563052,2
17565397034821893611,2
4928691596848446661,2
10809482789606259209,2
5538348069213823822,2
16972495659145608741,1
12954339987909917486,5
256530951129452450,11
13177602562612810145,2
8567069097241711623,2
13930279348225735317,2
4541493191114975212,2
15433598607166849554,2
7222863783371291033,1
14948132667609523911,2
12262793297868561616,2
15651514397411700696,2
13454673598274248362,2
11924477507014507211,1
4302358625606711341,1
1896741989895426877,2
9827724609715308672,2
16279439188260346487,2
10897712566395206748,1
2673091244279878475,2
753680160527025962,2
1298806108667772139,2
17391573588762940448,2
10775780274551192676,1
12459754191239430494,1
3745144570122820504,2
4408406940756241259,1
3854385257574361518,1
3498994873365542575,2
12223361187092195199,2
5491803022611642965,2
12944559117511662581,1
17908193393936638247,2
8927185446561686678,1
9147547407599711228,2
2296009756523307720,2
8026808469617958021,2
9744524832637175683,2
134265633325767306,2
11463576607495842743,2
9463562900105101324,1
3275615281326089409,2
7037582136533911613,2
6130101559755967043,2
15618574477751785734,2
15727300671832902729,1
6830071099443624790,2
2724109505541676284,2
17121423179044758643,2
1789575669968210034,1
2925002044192417113,2
17010533531439700120,2
17810627238031233563,2
16149861608559885671,1
8866867220720641546,2
15292775795169642478,2
13993397806216199690,2
7153971739242354305,2
12408169105957886699,1
6398870791199666487,2
13204023878582222203,5
4805223991124857734,2
3880497046584819309,2
16522437292434643160,2
5593546053223348225,1
16876567561953510744,2
6375030631949737584,2
1362316070294870587,2
6510109274659935352,2
15617829934951187492,1
3655067504321201777,2
1876775379441507483,2
9703343682522959672,2
747194722984550787,2
15242690382662141636,1
14346202420126449313,2
12690851730223580015,2
6217095289387958898,2
3653171896672976232,2
3108621784330690714,1
16641932616397848357,2
14345326636492537312,2
4556165930541835246,2
14596363962279807959,2
5992945559659472455,1
15339883307203903097,2
12717366434391404385,2
4716695586237611550,2
3992247231458856044,2
5707720449767922419,2
11756634492755546864,1
11928379030675559444,2
4261124487087524667,1
17138886398053848922,2
13394441127961049053,2
1162187685528603509,1
2746901830540105738,1
6698359902118752944,2
11272125507779738905,2
2725423725618486291,2
4359197505530464802,1
4817903387589881462,2
7245852149359203426,2
7788651203342836538,2
4539024976467196575,2
6288475816865406844,2
15843157222602627816,2
13154441773399586813,2
17054148185766556667,2
5175887621202724973,1
9629967910885512315,2
15918825073205016383,1
6189084964535902497,2
5081059634995978017,1
1666678113498133576,1
10419814782768806475,4
11920624849736228757,2
6445083225482306191,1
2060937908162472471,2
769478317795970025,2
10133697590567058259,1
11116725023490704486,2
13416830209438577623,1
16752601918975391989,9
10434766935589435341,2
2233997206156572477,2
11955331614681544655,1
5191018074937098026,2
13984092071010041284,2
11980042137796845722,2
5281002552107096669,2
8972925887423049340,2
17922629744192558499,2
17091970899809897593,2
17242667341201471151,2
391257160644126740,2
6983545241643918775,2
9741843609637322649,1
10787059523719879834,1
11841366406884451791,2
16826864992485506440,2
6614782709178611706,1
18243325105879590765,1
11815540050162662284,2
2900328479074306434,2
12413615322546896374,2
7470228053976313172,1
6510243897549208855,1
17857731542424128608,2
15315596604404331043,2
3563187208482201787,2
6476097795621893017,2
13294078889136671962,1
7534537620894165079,2
10428611641657453455,2
8136669537828375472,2
12759595430628318684,2
109575370535823599,2
15238173832095669199,2
5654111095960819010,2
4465135728499403062,2
2312641078279475869,2
9181328036139160407,2
5178133331632783864,1
18384992487829091379,7
9354381102317033332,2
6252258156666657267,2
5524161535125685205,35
16976156488195483942,2
1785668027599377021,2
1000321283259516138,1
9804845923330565266,2
13380867914649069096,1
7210625066652220421,2
14826096917673198044,2
6207534777386458501,1
13285801379252218097,2
15363236942015437578,2
7421539403133693240,2
3329702011558857276,2
13233003043571802940,1
8980325189878745378,2
717654608137327456,2
3517676037735621298,43
13911089412457612826,2
13635249624784819645,2
5835762933113486228,2
422338778156426832,2
2566299946592382819,3
12391539183836793161,1
15437657163228092396,1
13748622991597366833,11
12056100502537897304,1
8037375367398951686,2
14226519902695029905,2
7219508148681487674,2
4101171374984043298,2
14430316955480844788,2
6581759960740000931,2
17476800005737644859,2
13019307599714478979,2
8584374934737224032,1
17362216767717017268,1
8108546373590034420,2
13047950062970196313,1
17324134622409770638,2
1985234831167321377,9
5037983693837955579,2
5665251896428691178,2
3689651902534208245,2
15381382283252395151,2
8427087309110205032,2
15841375466489682775,2
1045482628991470315,2
7173675679074074481,2
2865464042599243192,1
17149225799448865283,1
14392694850032116220,2
3727641918645927967,1
4792070588206145220,5
358301480766439450,2
15911185173349388524,2
1798006653916876030,2
4073219751570883766,1
15484969410764609252,1
12740857440274123481,2
3466486365451725968,2
3604815704985965772,2
6719014861088391354,2
5721423177347736904,2
729817334798455392,69
15352609015564999599,1
15666388142800211289,2
7209857546783720570,2
14299863854250740588,2
1106627624591697994,1
4630709726432268051,2
1308391092918141611,2
17581576348570799432,3
1365843929895417939,2
1595819343549145316,2
6328258313130971826,1
14257575405858056696,1
1157217224694674789,4
4319227207629143897,2
14386045718426555193,2
6253972785089572262,2
10722200117659507573,2
1694803132349722955,2
6200637218920613296,4
12915639198096059771,2
1456230797648037827,1
5268677602692008231,1
6312652605474385210,2
369585170924915460,2
5279662266608698870,2
4048838145428482347,2
4593399553226894226,2
5828326282731858387,2
3590455929788272614,2
2353559978492765172,2
3855609893938914553,2
16698399023089738489,2
17449234902914370127,2
10792903440389876460,2
163743533742756400,3
3424693293820552938,2
16788734057839395852,2
15689560690810843906,1
3158196333395706122,1
2771369723292522258,19
2768293527478692339,2
4739551391123909742,1
4649170283153571332,2
7575519082865635482,2
17877031279537363462,1
17990232680539124156,2
5573033788737716287,1
23697528669219375,2
8636591087637098862,2
11825712503513555255,2
5135025380015942956,2
14880786605662706543,2
8953366907073308103,1
2287028223187290184,2
12553432409160484091,2
7182056467841157325,1
11729386734037476311,3
12729408095976864580,2
8088460026328555590,2
14598619854741228033,2
4621842305769627381,1
12845720891702113031,2
14033585311926875916,2
13762705963714358415,1
12117140449597175114,1
2661425759135563826,2
12159889775821581394,2
16347419442994365977,2
6284682863588110436,2
13443137213519613301,2
4263869055863401825,2
3761767368144380603,2
8674926479179355989,2
1164247392912927424,5
13000044548672401224,2
3847657798454016019,2
9215350532019318042,1
9426536749609366991,2
11759157737402000967,2
5859325563560921868,2
1687197320230374273,2
6426466473219630752,1
4484604252707587564,1
1796953278842611918,2
1240789317626960476,1
1519831356428504364,2
11279135236317625046,5
1427476067374078341,1
2786481033185156027,1
4748711330465839357,1
18007543375946875674,2
7932490581119154320,3
18271511170994655870,1
6303695533231548891,2
5217575432257659168,1
13051341334489313070,1
9589920729110118537,2
5642197429681844607,5
7433018840561979354,2
13564863172245744981,1
8784813948989887189,1
8630404884607619067,2
15121061769176859791,2
17787958185981550200,1
7730242944924859610,1
5467188217315944832,4
2894537321300209242,2
4939314816735644968,91
15878536550930878370,3
3540544083526782290,4
16922413854344658736,2
11020107678301674460,2
3183711731655953646,8
4964175805961156729,2
4318620030127689991,2
3874277722995767150,11
9147934010637566001,7
9110385640393687041,2
17832423024987793677,2
5902393168248659246,2
10941658224995199020,16
5736330174547303758,1
13162993975822655950,1
16935105608474658462,5
240424618698847590,1
9423070517725100475,2
15398152707754123495,1
13544243576813924158,4
11661043588380314423,1
4576804325563420848,5
1770187430818779426,2
3627068861385621894,1
17156108920856417600,2
1566522335649753970,2
6723953082773573059,2
2984616380663628495,1
223913013160396133,2
14929299256541325840,2
1683596723238267578,1
8125766981759047804,2
3111727109535435203,2
3445739681385552088,1
6006081517517081766,2
6561801427165173895,1
1557289756636925388,2
2776000309906878572,3
4469287249409281375,2
2331794188897929055,1
538977689685429092,156
16919427960993310804,1
936772039734857532,2
4874539178736636938,2
11099550078635984276,2
9469573289485101380,1
10925466942049607826,2
16334172823734347897,1
14239265652859304711,2
13740573018311600509,2
15651742652844457670,1
5063135992599467675,2
3210747802131576333,2
2445562276588828859,2
16586975036504218798,2
7078088834095484492,2
13777391731706009961,2
14649947617609168605,1
6925371584579820746,1
1126255957089630338,2
13507598476785546906,1
8978896728563242858,1
6828936419000341587,5
16217520453861394990,1
8302877748460715823,1
8010273085747490453,1
14492489023172349694,5
3732921243120031854,2
2475506762569964134,1
16509013548464957370,2
11103979755058172677,116
14352385314627516750,2
7589112740491721094,2
1966839182713475515,2
18166063403380224367,2
14342462867585891595,2
8723812246201414017,2
10745889371350515147,2
8230687747676626744,2
5962100285313538839,2
8974237439633608802,2
11872005226644191592,2
16103780389529460225,1
9395623206072537167,2
17522232046416380889,1
14742062377209876382,2
9875979549359266514,2
12965728934334452984,2
4650018785731175144,2
5358267161431710511,1
1418892594916738700,2
1125525969010046132,2
17101533486689184652,2
16418802797419117621,2
10659622384975547867,2
16679130091974316058,1
18229711628580649177,2
11452834459461534050,2
930158460432300260,1
8680644472956835966,2
3958254783712820733,1
2755721615883630643,2
16166062073007060853,1
9526106760312978845,2
12386606266219411919,2
7659604728237096000,2
10489594411074186793,2
73216295378580099,2
1327556732531532838,2
14438283322828786465,1
2784443617590788383,36
4303659007333741806,1
12936720064720853494,2
15739258840062892795,2
6378083584035687457,1
15245696740794886572,2
7302459078584211803,1
12728308014217393462,2
9193720747861201360,2
11705630021297267235,2
6916437659824328646,1
8741237567576819808,2
13319217386108086323,2
10960826374682070499,2
7010914814733695775,2
7900739854011895630,2
16383502707488808929,2
10963898294206337493,2
5515184219186161552,2
3146377422759928802,2
15073983200479449291,1
9163441232423003338,4
7189263777643970319,2
12784621251833132396,2
10303074162440162614,2
4369810829110860544,2
12272968578432824896,3
6277988994526533708,2
14323371913865258707,2
12921987399498192963,2
2394063428545567906,2
10947086775779652836,2
17059126935010821250,1
4002291503731199825,2
14500510938962695632,1
11179962165980539406,2
7658999230332746605,2
18035479030835230938,3
2935949902034701404,2
8874623120867168134,2
10012400191778371753,1
11255005102735657569,2
10333974379505617168,2
10661970658757687693,16
15572897859322946360,2
16337813036629004930,2
11897646449546601921,2
18090489508378775830,4
5131849625784171545,49
1762186410581257201,2
4839071715485497597,2
3577845553779429576,2
13475595018380220317,2
243150963171024710,2
8749129544384516594,2
17517394068473976292,2
8879052931394544628,2
1421279935903301830,1
11962954519732668036,1
2757117267888781239,1
15584993693840980736,2
17944316182171426319,2
3708790240931073168,6
1537388480963267733,2
68653187069142291,2
17311437477330756494,5
16364753765788739773,2
304241966746186573,2
2592536244334242170,4
2705374885166286934,2
16899182339304030269,2
4930933353742859011,2
825010669103820424,1
680517063515149441,2
13035636961093203107,2
1403934712076732885,2
12831983660692345070,2
15937670731890200330,4
14408712700289557611,2
2914484539111455410,1
683601836056101817,22
18057638535841388586,1
5622950361355975656,1
16732945032478316660,2
9380610998078036087,2
9957275776667165235,2
8134656288264859353,2
9151374941657244073,2
2392965615064713714,2
6724498131549359572,2
12330107237396966226,6
2693884820244509347,2
10207528703804950893,2
6255489971570112673,2
15496554908966894853,1
13287956314647877213,2
11764233489987612805,2
9354818173220007699,2
4966802098819506091,2
9868749607247856531,2
15928866744760679271,1
9059337604202455830,2
12921302040417521559,2
10316486832803178163,2
12907566125451819728,2
8035134716882363631,1
4405724004532840580,1
10027543113404048360,6
2985526238012646389,2
5614076173818850867,6
15572517055852606423,2
7371413057652720252,1
2361463092116957146,1
16066906506897347237,2
16151088372829886407,2
13182407419417656033,2
16717836590340809709,2
2417685088357124789,2
9575269934869213420,2
1593675622732130631,2
5974505398949295760,1
13768763387295933962,2
5226173031920369794,2
3875271436224527706,2
9818299425458204351,2
4547314984480010088,2
16422596716546941661,2
12091825456921469149,2
5035055386711496872,2
7940667787901611089,2
1162903763416638733,1
14002010285859636722,2
15169925419562968017,1
7942026035694084821,2
5630561527335887548,2
6749855884734242071,1
11716000140244834963,2
1312575158507839913,9
3980316188335740245,1
6683534737316094699,2
1542339671147113494,2
14048057447926962949,2
14010901387170009928,2
6882524848680933641,2
18196860925887894897,1
533805911770515623,2
7493459485385956704,2
11566059794809051385,2
14090332417132136047,2
15715877158755288339,1
17960268611397818633,2
7384811705414241888,2
9151270843155101574,4
9108753274300083746,2
18062647289271110269,1
3083013733022841162,1
12937209565886459893,2
3551325876248062012,2
8014754495069026379,1
11736411666182879237,1
5299816772788947735,2
12080083436786000135,2
15723696212040172328,1
5182897542578751266,2
13435190177895310492,2
17915177607892521625,2
13418647362071860450,2
14074700744977332860,1
11555410892002016796,2
18200209646562031481,2
8373575367606692940,1
8024790353535267182,2
13074032314947949778,1
8058395485081889493,1
17067203535594771628,2
5308614248108676411,2
12443664604463201220,4
3080238378705676690,2
15832761160759247267,1
4551251979925963139,2
2626554997307292518,3
5961167983133127922,2
11354770656125428457,2
4819847265866650992,1
4719001101825169378,5
4659188770239998774,2
13579252065287986475,2
13279373707892506437,2
12899188697894343551,1
10251321282576963694,2
12665762171602695731,2
10728922034234702097,2
12661594087400246493,1
2980741765183621867,2
13999454603081009907,1
4576966882393313491,2
6644132886790235594,2
6580576658178090725,1
12902947365072725811,2
5974660363284321429,8
7480182996075952956,2
12939689878136836083,2
14356290219137639158,2
8675494301216295536,1
12960720485465365072,1
281252611940616072,1
3936649671270497607,2
8831941705681177773,1
8390316508402329633,2
2588026201807832550,1
15132818140553869900,2
2727813056498443396,1
5124258486330180680,2
1805816727211938341,2
14251809030107655620,2
3686502910733887966,2
9289668199185013553,2
3607992640075129316,2
3249727997120760264,1
18167569970881593041,2
11248409149350913768,17
11973663031656581951,2
12214820869893511921,1
7872933436084483563,2
6136375004239764952,2
12656051967568237352,2
13473725765350962985,1
7575559834319650755,2
15029083154194127175,2
1848986700426197005,2
101477128422713534,1
13764921430829292624,1
9278272641892159078,1
4183534442655384278,2
2599514214704223360,2
12935626534224442593,62
1701189855232918809,2
18351149581796616477,1
6239534504543712122,25
8766109816145083897,2
502561764746285880,2
12531461359216854648,2
8494021577188011493,2
825410472650243793,2
6085073416001481180,2
6499756882577454592,2
10566227432275138320,8
17635227650135239103,1
6638613585315633625,2
16087623943282176620,2
12718888329839068014,2
15689551780103067270,2
1407764739293412186,1
9999118675267205950,2
3895375441262997878,2
12736983314195937237,2
3374194773780299742,2
1524539425845625300,2
9000776480841104279,2
16731039593035960659,2
944788406241990886,2
4406943082285411581,1
14937489307702300152,2
11765313400924624167,2
3877935405566588603,6
16254152940898314174,2
8537083756725845018,2
1271958953468930874,2
6226207645068605574,2
18190999769042205151,1
5814272208116257716,4
11866778206934241680,2
3495161544617843299,2
17438302287243887005,2
1914524139181999451,2
1180122813062651770,1
11435515812940800823,2
5898282957279017485,2
17466410400159264321,2
10791452517322134656,2
4297749739208591500,1
4960115307728090334,1
1776726919476539016,2
13927898303264512588,2
4447871587302172280,2
194645958699225324,1
15893943047952257062,1
15331304449057741262,2
12941437343136271636,2
10833704741128199721,2
16787659168237617963,1
3501907749170725282,2
12496137319444822211,1
17005231451212282240,2
10038137320676822903,2
13712051619894153240,2
3977407431285207905,2
11771771130962143893,1
12117413461601094360,2
3485333380014160761,1
13634332387913683575,2
12716916377834890165,2
12108741611287901609,2
16841079636370120749,2
4985254650445331358,1
17847447281893761272,2
15863101726060417335,3
9446327933603329109,2
9785048292908341181,1
17487401312211703642,2
16921102088210052705,2
9233187002425425203,2
7199281249607340953,1
6672309489075194651,2
10756220067105062366,2
7807564862546684383,2
8931041602094895783,2
10602895410891846780,1
11795482735467277134,20
9457896147058290108,2
4236528201020783965,2
10606169847334647951,2
4881798058482287543,1
13747169251300591453,2
18344592978390651633,28
6254759913638898282,2
6200084345203224917,1
11987218589699409702,2
14366015331525598285,1
11437481644310086412,2
7196468414190804994,2
5171540561061503021,2
17036879966586709493,1
11803575157431100757,2
13639336529363831024,2
11915823729493518624,2
15711320595293292971,2
1658057096155823461,2
731855914462160808,2
4313813070381819586,1
15315354574506336803,2
15906186367899148845,2
6852292112912513662,2
15658857112424187510,2
12911019237350923041,2
15789493993609066077,2
14538049746867625011,2
3119988067354547141,1
4626307587199135379,2
15593255936838253559,1
3108069991103117335,2
12783507144214276163,48
16496050128185530653,2
9499994415794267715,2
9972321166670053590,2
10789474495412292254,2
17090685513486880726,1
13830486838150324188,1
4924028756367214703,1
2779659539568298654,1
6241607180026124208,2
7527073360739728726,1
2647955769965156166,2
17034104051520178327,2
6159030251943009881,2
6927224758030755613,2
1282311179792782603,1
14857738758851669834,5
4283596028133355363,2
15511352885408591156,1
8227711979727693249,1
15237139174300564943,2
3750523650479116318,2
7744704080104337488,2
5073034902229595023,2
8478139185887814212,2
13291024926751620992,2
2415726795855687316,2
1452797109572002410,2
1775456902644841937,2
5590867646281293834,1
15284060346310491191,2
11923415678417438345,2
3571326007807827305,2
17201529019395498245,2
18289999755965653703,1
439068522282206600,2
2291209765508559853,2
17087555264472323165,2
16196325435495229022,2
11908720119933138120,2
8259704711430001374,2
8210964832241126274,1
1361762088183933384,2
13999226441255570902,1
3787235524263777971,2
8520739495056492355,2
10873719751555141227,6
15825001712463535928,1
4884028269776872949,2
2435607842043490521,2
13017013507112787917,1
4909782907675661837,2
9418727189802490854,1
14073998821321217642,2
1760944269116029976,1
18273206007935177866,2
4968290608673382472,2
9247678556288246521,2
17389120753748662714,1
8971754467160511823,2
18054238152212727225,2
14957522205464260246,2
8293458002935420762,1
14420161397124675964,2
10305852284344761447,2
9849160794905008129,2
6615488545962608873,1
7724425018254333574,2
12016564652462253751,104
6428386326338370006,2
11409668119843264636,2
9644901782089120704,2
4866386770006918771,2
11416226296727150264,2
7902290786328754014,2
3769198754414668619,2
16631307526556741402,2
13028735581350980562,2
18348492146487617994,1
1421043320797549403,2
16591898980101893622,2
14335830269128407311,156
16024496012683700565,4
8578763234289737225,2
16384917361342644571,2
18443939839422261676,2
13960951984454309401,2
13324005939174202395,2
10256648727785953760,1
4790021229148639178,2
5704397304963828488,2
9857211642105999262,2
15910466625044705523,2
11222792631668389021,1
10049407670251852526,4
3039052830710433256,2
7463908049355315086,2
13217762935189234071,2
8491952894300712637,3
5548190527444733877,2
18110749776900928767,1
795844423282937500,2
11053593755527720409,2
8560689069272325009,2
7865985688252066781,5
5008986841748710462,2
5491467263026439260,2
8478244177233738587,2
10452037385346371918,2
4677091613370115324,2
11136641281297842715,2
9212674050899641393,2
6495365636820338234,3
4145063451891907492,1
5954869609288613127,1
4021620313324709716,2
10716468955418105876,1
8068255976307107679,2
228513016636626981,2
18124478560217995757,2
13764596226335496100,1
4113260583253937660,2
14367091312636775992,2
5367494505409413040,1
8039070549292334338,8
1363238037285668439,5
16574578079197818661,2
4024588293031112271,1
13790923761394070679,2
8102356732372256771,2
3304066866597368555,2
2308414038663942208,1
4337351144009312484,1
15030572794021303670,3
10237027150939229924,2
16300292291123984983,2
18172979383232099682,2
5470153669182126725,2
2965053867964273974,1
8488489808606256504,2
4581923838180727593,2
4781679177173713179,2
5842357454014047376,1
1175119997323311058,2
6604139936070875168,2
17962602359646947581,8
12265539504169698073,4
9674574643472896202,2
9782985578803321577,2
4876849655442535463,1
12902709495428370636,1
8910383159826170359,2
7365273634476426382,2
3471969168370789700,2
18218597568809760052,1
9100445914417733839,1
9107937803197565161,1
6028005836763238672,2
14888579122092064825,1
5259701090805119092,2
6856828806012774465,13
956001286489700202,1
12820579846452561758,1
16292540799292696327,2
15606609234352369731,2
18366768256724607761,1
3431226756900604895,1
15735122031649322053,2
12499873209416706160,2
6854781043138200433,2
8931255203687992994,10
11098622343489145697,2
10613486335952839850,2
1516187500195418852,2
11050861040045556425,2
18243232673013781832,2
17505413145131584922,3
14936555378138560868,2
14701530135596902419,3
13343903782299227702,1
6743796831956072841,2
9822049303987488349,1
17276550880025574237,2
12422981444548976916,2
10589378752388180265,2
11081812617904928239,2
4946653868597027215,2
6671719423212883172,2
12282925865995193304,1
11435090907430500631,2
10338474774822516694,2
14379110320690167170,6
13076821560121822817,2
16535775974417463318,1
18351775725319933228,2
4339874239546067764,2
6379182371138863627,3
9448660746524552960,2
11268968106406909171,1
2553971793846324048,1
16810667905591959718,2
15759725710473884804,2
55687632322786663,2
17908558919016410756,2
3212683326763795138,2
1770253750211885675,1
17544427968057797680,2
16067804125803647346,1
10337673330414086685,1
693337280885641787,2
9930713892799394775,2
1232174615382356381,2
16610817701787236603,1
8103749369955149840,2
1607866202498894808,2
5929578301979951720,2
16935763134655977165,1
10186786186490119315,2
7816467885684917480,4
6700830493574979329,2
251329105906923185,2
13719217727178397153,2
5834151250487267557,1
12893137068162429352,1
6085374735140762673,2
13431770334143224966,2
5437251169222320817,2
11687455348914988187,2
18427847839359683428,2
7936955606689576686,2
11120767971899403925,1
8799202566038307246,2
11329887871856126270,2
6319943897256082777,1
15686274743365696494,5
15694904169948152110,2
5927130586765425160,2
32108192760019031,2
8466321527974336753,2
17736701098763799967,3
12843163864334841179,1
13314540144936433401,2
902356622371956837,2
6138650096577452420,2
9454815937796257205,1
4098745355667291325,2
2336692566621638503,1
13371991868980761849,2
14922513542017834547,2
2866773186233077383,1
5624897521011741119,2
2474117819748309240,2
8035143960976062197,2
7792208013357150849,2
7174753577180786231,2
15356280876451066281,1
16183633277882752406,2
16845594481751705182,2
11603469937188720045,2
15635924652179987981,8
12844484704044021178,2
1177076573336681348,1
15009923410715429384,1
5914023698762030962,2
14063981911089074060,1
13695941201151942425,2
7425674653216218637,18
531772716414158515,2
6791263343700403279,2
12025583410288393582,2
11653821336006582616,1
11277708071078344116,2
2779032410774748762,1
8234824661268514035,2
10197642591796763988,2
11581951087942449904,1
5520738818292285940,2
2101202248951587156,1
15547314654730568984,1
11332005745915791062,2
8425921438157424410,2
14505627700459502334,2
10200432976198324247,1
1122267086507291863,2
8872250508597288720,1
15220821574638135390,2
16271531290043390696,2
6242805920746473607,2
6848803658952794361,1
15257844655313060550,2
18408630247819387692,2
3599690163146924978,2
8911812890717270337,2
281636872211291410,2
4666945461058175520,2
14036472376832827769,2
3039845034298328740,2
10414897101002605924,2
14828855261656436490,2
4914556943866935156,2
14803664024327875962,2
3038994195180843018,81
5832816305279027103,2
10355354507385305282,2
9287892756856149278,1
3832204208674468653,2
1050292584861225959,2
8805803297707485325,2
16885174968714965174,2
14259518207997780641,2
8586587446239427509,2
1970484215471444906,2
18170963757519843270,1
86859087533534967,2
1295288705610966953,2
2562334279970199243,2
12210832674755919138,2
16504765929039940717,2
17560780064988521096,1
15499969605342848611,1
15766626079343921065,2
7329053891775411260,2
2609064231737712414,1
9620539380505379770,1
2391614072248308922,2
5750270789473711829,2
8820270494852697466,2
9717345909598541370,2
13895452248517493656,1
8718262197489606958,1
4266522820165811365,1
2299018716247755118,2
5598182841743542194,1
628121614416030266,1
6021953041916887977,2
14997226694208342160,1
2160660689068898017,2
6244735252192252059,2
13186426027020390168,2
6701332441301020525,1
11381859624593346979,2
15507284521405437578,1
12777436036157972727,2
3446508852310195839,2
14976761370357448892,2
822939695992499925,2
16999835217398758881,2
5145523051998917943,2
15329530794776566582,2
999376534360691460,2
4922447486885839323,2
8182073635412502372,2
5289820435649870649,2
9816664445983381849,1
1321477980728772139,2
4393835264829578618,2
18426833727883904745,1
5859136739098349785,2
15744368293528276570,2
12433813654452303670,1
4813868699893705112,2
15861631659338468015,1
17990042780400023205,1
16977144723626735030,2
7675924445445830959,2
2592171101268513033,2
14350532630423904067,2
5520595025430006737,2
16752268348036944040,2
8138338055065079090,2
14806154076875919935,2
17890644551940252401,2
10059192994054153187,2
3497674161720436835,2
14446815770761275370,1
7700914948829427815,3
4209880756836106871,1
13392757592712490124,1
13363173019696882358,2
18366789808125753217,2
14165546861947237778,2
6119312442030829531,2
2652050026345638798,1
11031511363377056441,2
1059629702944616382,1
5138629812171016857,1
11168895091444509283,2
9105401568102314074,1
10994080876938486610,2
14625839159085545229,2
7846129238162969517,1
9900035207109189003,2
97657824282451587,3
1385791281615708163,1
10602224325712578566,1
4789145866102989361,3
11521176153531787212,1
8603465256069741583,2
4502525719821437153,3
13672991259799349134,2
16764658312122579034,1
4375734857170188062,2
964390877742162194,1
16837049362205318101,2
7652893822460852047,1
14584618921465751300,4
4756603780886784820,1
7405624555725542258,2
11608211278879131179,1
15479057783712835207,4
7264153064931080884,1
12598601189668226179,2
13001060744788439708,2
18185711555267548565,1
13788496266463131770,2
15982354477679539439,2
6401365035367624346,2
14940871198623652380,1
3954775183928630045,2
5465489685968877204,2
6611793827508462239,2
18441464934064592101,2
11837976339155033033,2
10344763886491169880,2
1830797921206428734,2
10539954976323083908,2
4607021506715462606,2
14871635641657519761,2
172578465276167940,2
13847200529403397472,2
9133161457653601165,2
6400931316308742558,2
8066548299316843285,2
3375845701882452312,2
17073412624484380293,1
3048272685080366455,1
16084430584664568187,2
18404727483477156262,2
17784553484601695162,2
13174468764595263244,2
13549570589029090172,2
3296507692461862745,2
11829314241637881069,2
13814259762372490923,2
15688516345056063954,1
17383919250369428101,1
17536716828132908448,1
15108684615090933263,2
10567008443451139503,1
6152964183626994931,1
7632528931327307161,1
16479484906819619155,2
7151334695708977020,2
15621844363634987603,1
5040930204631187311,2
2213901666717366314,1
2161151473952881099,1
16579235576626193212,7
980550802026866491,2
10463630868843846796,2
6403037153783885843,3
6393099234839622882,2
15817457586079685415,1
6811146490408965095,2
9001807185555980578,2
7393627489712423405,2
17521518442128538243,1
6067665640414935314,2
17911072156620901270,2
641788956807377022,2
11679372843743405550,2
7249328586481396088,1
16579916838800610,3
13240507393732281922,2
9471340978315038685,2
1789187969429364317,2
15249952993792998809,2
14120179189849047771,2
191130947520659355,2
3381532816050248691,2
17349764233245639998,1
16048601407483153596,3
10091999050235425925,2
5380149385794513468,2
2677259111911178355,2
4160168505100230004,1
5215693952915875514,2
8686137587805638603,1
5459010091120808590,2
2908868917996858291,2
6426703180223640481,2
9122281887874070984,2
437976523223857093,2
14396712049240931935,1
7951029194524348844,2
15074266410834826121,1
10430901254832870515,1
18358719456209351701,2
14951545639746141066,1
9074547204007708144,2
6474369209855146549,1
4552603159016759359,2
2073538548091188393,2
16641913968908131807,1
5273345240405070945,2
5562504862676041927,4
4747518214123955338,2
13626202743796143995,2
3960802317942056955,2
9399575033683370644,3
14142199227361960186,2
6017983939306427441,2
10283799302436290854,1
16477416336354891736,2
9097329733430577772,1
12005115127664546247,2
13922142241958038666,3
2846152000830236617,2
17688349417574358306,1
13197903232898809943,2
12315696377914357299,4
8009748437481384861,2
15373486456775211435,1
1559966541956465081,1
5523309778274379393,2
15760431766499217492,4
2687166131069295106,2
8773393639053519860,2
3858009139451741954,1
8391682229441026103,2
74782610034402665,2
8060808574723041172,1
7532939527324537050,2
12738551923686938686,1
11417651663531338364,1
3511223996809765231,1
10306506668913953044,2
12017943417294895515,9
6781949382346602251,2
1843357279565040851,2
1041342058362598404,1
12767722436686545932,2
309510843923046356,2
8848138916844425969,1
17362436082576008646,2
14115707773451057574,4
1857644862673114088,2
5148870407406449222,2
17954776148126613709,1
9634460040474025506,2
10653883777877795776,16
7007719219948013738,2
11989828251741230249,13
8726540690003241833,2
4506459310283000068,2
408516446555710466,1
11551843649852064281,2
9049868691970776869,7
17818420998528239560,2
15357914708685382740,2
249633209988841636,1
3052491647318928190,1
4547712947054190448,2
8758798395569255894,2
13275331369320704434,2
5358788179622022184,1
7239794144918410310,1
8528634213921949304,1
6564044013258331783,1
43365748684535412,1
9302564243827997936,10
795177354444470165,5
9107621455926414425,2
17384817833219994691,2
15745085585234858270,2
15005536642712485372,1
15589081211003772690,1
15552970629944765436,4
2742468976028267119,2
6014407400219249791,2
7073932236133358680,2
12712259874637858027,2
4715550810108270722,1
6109120833190369604,2
11713485380550852689,2
5832990596648951802,3
10677156977229840972,1
13110098466842630496,1
11386656571528271625,1
15206134073431604540,1
2883586204331341121,1
15698654395323726378,5
8182596562541129367,2
12476448977392934306,2
1813930477130500961,1
8337180956339779479,2
11342730644346060146,1
13329603660917375047,1
2865372978826347167,2
18218515779016345282,2
11690173840351421931,2
4534495759671813978,1
5491762037546189677,2
1312130447521694033,1
7440398700195805967,1
1470793574337978679,2
8463281961114302626,2
17213006171747941320,1
10932289151317544186,1
17202283892724655941,1
7323459838816764075,4
8418497646132259377,1
890093978403171940,3
14111708720845145866,2
11760158315803359573,3
948963054687156692,1
11547886920655773583,1
11341500554716960098,2
2852040304710252562,1
2299610591513964014,2
2286452654953133568,1
2471287102703252415,3
2020095321339151011,2
17255002428682416153,1
16431258180424643562,15
15167938201800223577,2
16827803894290291741,1
11886094848049314118,1
4731059694955683124,1
18161036474781882442,1
18041293343896963976,1
5861137968362987618,1
5979147656486377856,2
1427224251240409850,1
2800133981688598953,1
982889498731169472,2
17360054498765771733,2
177495148427959909,2
8779111501623767199,2
6804327252698796908,2
6736760412807187173,2
5203412522720580226,4
14287011181591465501,2
4219194413465466143,1
13060770027745344879,2
14328717099979183650,2
4530077518797090478,2
12593287178230928857,1
4366098255299750798,1
12118562670380208378,2
11293857639360784706,2
11270002154532464034,2
15478957255807981320,2
3601632425923479297,2
3907187396536616783,2
380638598237898665,2
12985241186547994653,2
11872773460492403049,1
17838701349636569250,9
8386978942176818777,2
2941226299665770949,1
13492160596837427418,1
12778289977697217020,2
5145175242128246188,3
9853514020857233483,2
6553403727772919696,2
17780854514751068484,5
7215426275203270742,2
15525309425779140538,5
3402148536010006994,2
2698605057372902404,2
7481228257474774903,1
13146040474480183697,2
14200302441887947029,43
14545206736486872597,2
12284460937018872812,2
3517300611441542964,1
5096665525932907233,1
12462442923464858487,1
17698432314412362071,1
15771912654812493666,2
12259579975125061791,1
6398944498629715921,2
758319433827187206,4
10045346623151821461,2
10637770609663415623,2
6453200039379041799,2
9290669460772739078,2
3749329686763726282,1
8393072114393458966,2
16925636713124863088,2
9484241767616935935,2
15426103698443382637,2
5543020946927520514,1
947464526492047754,2
12720515916075013111,1
10278568998323284119,2
4470379003740623647,2
16558511987896481781,2
7965132013706381330,2
8566818806730481913,2
5935767810699386583,117
15418630617295783726,4
8161455086169020073,2
11460022457225071691,2
8664352580155632158,2
14673981451346127382,2
13170216164867363021,1
15239266365368603566,1
15731700340197392821,1
4482857064088370489,2
1450559989745632353,2
16606706361473149520,2
12473486023253333669,2
17805041839669414570,2
18037173755475619758,2
14552296896191214366,2
14544936044229192671,1
7959464765937476417,2
17747456223832190254,3
7798825435858030511,2
6910468411613790965,2
11052033045879939679,2
16627926615824700615,1
4594956938641524983,330
16372895449984112631,2
9225187216920418842,1
17347893465427210810,2
14683196853418660712,2
3446954272127269311,2
347073555354289151,2
5053437143812799432,1
2039675252119202939,2
17993539739721036546,2
4223117704383282340,2
16183808587140720131,5
15098856473394397096,1
17754696129915830709,6
12963242904825392635,2
5793298919888548679,1
8981342676127893035,2
9428297153204047142,1
17306845304546772783,9
15814002061443485141,2
3374630766508083298,2
6370999351448590634,2
15177661471772380975,1
6526309450801292852,19
14623351770098996661,1
6702674641298561588,2
12629589779253562196,1
9769658016667236785,2
14608403453085145791,1
15414201201003101359,2
9940869635892759067,3
17645913278674622570,2
9561769639708023111,2
1228228248090200753,2
14189002482130215970,1
18264006929099849513,1
16286181212941646339,3
15729829957044716704,1
2693497650784412852,1
7147711327608804150,2
11282851056506685956,1
12701315966163860890,2
18157066757469761518,2
4564190245073063888,2
9862344523323518918,1
248690835827015652,2
10323914306256233046,2
13581360109327820024,2
9139185569308627632,2
2904713657335814964,2
441369546799251968,2
13640526847017839366,2
1813073741150221467,2
4270441955371806333,1
4351520507512310591,2
10940292831323734765,1
6668596578356703053,5
12477650024352105887,2
8143405622104551784,1
16913003325056352448,2
9535868479624296157,2
12510951231539485499,3
1146249821113636425,2
13230654809641738657,2
15829132461047224919,2
8562518624134625297,2
4037883918375616385,2
6393295218134608490,2
16791516125777981540,1
9927887017719918532,9
3717833415641643952,41
9222788086784473451,2
10502725802404626821,2
12031750327107473851,2
12191672498429986289,2
13495529290495877728,2
11285247573776425640,1
583645045012446877,2
6142859805167816770,2
16384783363592666043,2
9057594587228064788,1
13758999305389577107,1
2828865490279277480,2
3857641748712787141,2
15021430534619447861,1
5831073148281479036,2
14094765346020319120,2
8144112307194610792,2
9344509105613282114,2
12344165598769204607,1
3651009227165495430,2
15144154772215540734,2
15172249456443619642,1
6284340382700693509,2
13387490132464204973,1
10919464826127805101,2
7541932643913865458,2
5050149538214606774,2
7159057242218066836,2
5208082867333351949,1
17421623568094589531,1
7104781738250410046,1
8480047771634801907,2
10279598387763770723,2
18066529104112717062,1
13593327469920601012,2
4205721172178342679,3
12088347187510795557,2
2743427103114153486,2
3506671130140420846,1
9287809388072797821,2
13323663005198559948,2
17512304878894682662,1
16942579649949417807,2
6500426043576170891,1
17428367438461224770,11
9831193498826398602,1
5292977767630220580,3
7259753605247770262,2
8676054773595235474,2
16552797721107653699,1
6268706515443241635,1
11347631120604166100,1
13334752807051162817,1
17962958394576447297,1
9627719891963377837,2
4926418484327776205,3
16128515652381059558,1
9490154050895282772,1
15279669793514222791,1
10286505505515421622,1
5668961949501013035,2
17198992558067916314,2
10606121968288225583,7
2866791267836616384,2
17059047868097383664,1
4178656897514499600,2
14664350656872087228,2
17720558240794784909,1
934564762578852946,2
315584059991364516,1
6616923908708162365,2
5770662229686242326,1
1911912306332888542,2
7694483192560717922,1
16945822571097180941,2
1733623230272828286,1
12842669800892544385,12
907612203421152209,1
1182268236164533229,2
16460529332924767842,2
17687148337898438609,2
12918593262484291509,2
8108191882090418681,2
14000056673562634247,1
9527853347780886347,1
18418135871623232639,2
16032407141605098165,1
9119654943284872221,2
8544077971515255649,2
14534763725668184737,72
15222385610334639573,2
4894980033422183380,1
463408071042044268,2
6364091682910532922,2
9250612318439881155,2
11834540961837486664,1
5006876010854313091,1
7950847571725466951,1
13776322908399155,1
5004314911367799005,4
7523848667268324490,2
13531032559119967106,1
17973255355572653335,2
8803664661604882166,1
1752317667379526800,2
15920205309593811842,1
8175897808744874847,2
7865556651365402023,1
16559906378035119471,2
17395876621864018560,1
13043552055643342277,1
1211097584303195743,1
8864480309846669029,2
15543114670179891750,2
8191978034619632259,1
13916866149322313642,2
701909140291933432,13
7353492773068392139,2
17132483131080117594,11
8531608134693633213,2
8494484053229817222,2
16428925778589857565,3
10632474342800071710,2
15672040645534386038,2
3580724138038085455,2
12525495286522535235,2
3847160298144704868,8
14957441389917748834,2
16526279020902814920,2
12599513805056913233,1
3196142514479426774,1
8944678252349084682,2
7712054243917058995,2
5323200524788305137,1
3127228180588667767,2
14787857959437035710,2
18235937285639632299,1
15869298791502926607,3
350596976187881504,2
7593036351034392058,2
15739679223541489357,2
10955229270905086901,2
3741572241531190255,2
10089114830208330462,2
15628283269148287431,2
5208282011707500627,2
12912623892611298137,2
5617570729570237011,2
4288846971091348779,2
11249958312986836246,1
12944605718458994882,2
14743289010291914184,2
3649663170885084007,2
2744918446813776167,2
2201602027937373834,2
1339571090803626173,2
2907948567432577600,2
12232548671019422668,1
349430982662230828,1
7851207911178741067,2
5029670151027179861,1
347792475124162326,1
17103154107940068559,2
2772581209542335913,2
1538581903275327281,2
12494860356758060387,2
6263934935942819767,1
1702975305064119351,2
18298077162366782555,2
5758190333418099796,2
16591700690917293736,2
9856692552438301833,3
6217775546546818460,2
7964411182776998830,2
1540878850103442596,2
10637689934584855425,2
885004623893797870,1
10355694949588677549,2
9135947933380227894,2
4543565684265982573,2
4619927916540597111,1
11395696442807380854,2
726222647175960219,1
7754884652649379841,2
2032307935693592592,2
1317044962591463916,2
9476027351187530576,2
13718520326490705424,2
122963664005117937,2
11989923570695741619,2
5651315291821096012,1
5309552160453220565,2
3629844246996931301,2
7132383540511832423,2
9900610187333494205,1
17878780686536088717,2
16163174078007946214,2
1617952983607655928,1
5259310331394307016,2
6097457975680068178,2
9253438982971686512,3
1474049317849366589,861
16502912404798134756,2
13326278039553074521,2
2052409962826312781,2
11016176447288326626,2
18437908733694784738,2
9277564883391724001,2
5044364586297062244,2
3873627051386822073,2
4552652710490540203,2
3352731012658197091,2
7750536561241389157,2
13359827374993470790,1
10195219580539471449,2
15123399044208038381,1
15229618219666357173,2
15717183874270860337,2
13994581567177640351,2
10332786471365411822,2
7296775610294025844,1
10661145801489028125,2
15105839721621204883,2
107695786059285246,1
929662848338055132,2
10679414432496236337,2
16516955610148029709,2
13993732767580751333,2
3949414356108529905,2
2207028378559206309,2
9784600020197243907,1
14339516585822658607,2
17127568995721109934,1
9832904126170119450,2
2562953623911350179,5
17463231840773816445,2
14206523409565658048,5
6577164076368335882,2
2596115991463137646,1
8186961836255831593,1
8025930950716064410,2
10290666759167664472,2
9271053231690919789,2
4597133929686736987,2
14256396903524262522,2
11911897736780411860,2
7195529014923536863,2
12655227288475622442,2
3489839562530348940,1
4484293638088180929,2
3002310401114793091,2
804369095799167255,2
15486717449475712717,2
9904569489176447718,2
10751182423042494766,2
10187861336872508348,2
5873610183771882366,2
16375002430615074690,2
15684280938712560776,2
2017412718189588289,2
15187332891488380982,2
6816938963123810206,1
3604124214260860245,1
12829659010870688843,2
5097343516006508191,2
18051786779002145144,2
18042480566187129289,2
13609528791663126521,2
12365750454169064689,2
15862285829499638687,1
10703716129492061352,4
16468301857523790973,2
8438245199995468001,2
4347116911083310255,1
10940104682659062361,1
1626803974672135057,1
17847585668104524507,3
7560776069618157623,2
6944732422358485529,2
13158947767863831441,2
8795465370723260117,1
1664551942660747224,34
16935901416742256530,2
2405160317021492360,1
18407751196681051324,1
13588546673018233129,1
16787758362606180049,1
1614526864409756824,2
11519511382360344781,2
2226780564135414115,1
9550434012861795564,1
11998204873569771687,2
16923601333952340244,2
8669196091184876647,2
11105839801994912793,2
15278932138406902015,2
10981073876061099888,2
2104917813703996936,2
104982002689723017,2
4195775219291634585,2
12939800570444894636,2
14896983049013039782,1
12751206126972522903,1
11965901849922882108,2
10937076789275060165,2
18137711301398218048,1
5505909567025134965,2
12101722364648539637,2
9257116613728830261,2
4390570864188577394,2
10179655263168657369,1
11752127135678218444,2
17939344229663868070,2
8067260104620318145,2
15066522726010544914,1
7956118314092536933,2
9269331535240881284,2
4851915853197308678,2
14193845748321402246,1
12694063061807001995,2
3292281527898206888,1
10391998924091293263,2
16451516951136533859,2
15636710079552964838,1
102667211930246553,2
2355170647564372510,2
2413053534465147823,2
7320719258460377119,22
16660623569058703643,4
13392475877485144105,1
3483521962215611643,1
8936077405731792096,2
8305762071173248119,2
7250451916829306661,1
6204855797258439442,3
4570887572020286523,2
15798771830870955671,2
2394504522137450504,1
7890157753646868869,1
11180084414726257625,2
16602844229181319972,8
17095949861822197756,2
994743170922925486,2
3131536541450635939,2
4937991658326360025,2
9831950942919229215,131
7354319887541858531,2
12014317790715149354,1
6297467337616522204,2
13295270309888492560,2
17602836715417228251,2
14820795556090642400,2
4359433548489521644,1
16201880162070297378,17
2896396165221875051,2
1858780096181366574,1
13557674249216189068,2
3133719432959735356,3
17258350246922905066,1
263140210871550365,2
12061667411111621473,4
1965586725619795098,2
321123785817726852,2
16885639963631777756,2
1222232611898929046,2
10572883670298601609,2
7956303631726914709,2
5525745791996071527,1
14418409876115820490,2
12885040012894513463,3
8212113673267919951,2
4468119763010911832,4
3284383490733825507,2
13294364596778892163,13
18281673084904192046,2
14530840411391702117,2
9686430738810719104,2
10878737439748100025,2
17483905403375516469,2
4018997904944383467,1
6721967905247327632,5
17567826025112086148,2
2065072689607194264,1
3058095780191279954,2
11711156878366043047,2
14400399584146764267,2
17638222073345205867,2
14403896397062676573,1
9724242759158642618,2
4817277441046267854,2
8211187477272836667,2
1963465379163548337,2
12106263004198491621,2
10484467477219953342,2
13136094883164057168,2
15605124608403529816,1
4443992129421310341,1
12348684599465495256,2
15656194634806596425,2
5032069266502902038,2
10886882457255178120,2
3180088814795542831,2
13818138491517526759,1
3656039836059109211,14
5895936866723832314,1
7533121408856223706,2
4979328823058112438,2
3728175104241884408,2
12388736534350038352,2
5090609544862673133,2
14114891235684859137,2
14337714713997413287,2
7323720217850428851,1
12490974963849716879,2
11673036364309265340,2
4832555432160821094,2
2924121168149576119,4
6134058287384301938,2
3164764837002769953,2
10617242473177183351,1
8453679748385225545,1
8333422988072914116,2
16640353951573125755,2
500805333006818199,2
4883348513554893520,2
694470012434058427,2
10575855371898089656,2
14796137264356232555,1
10786720985000913414,2
3725160822251830419,1
14936667763478414948,2
7624178528385583142,2
9970713779274970069,2
7699273244637247899,2
6270264918789196251,2
15580994109277913951,2
4588137611241740139,2
14076994854409475058,2
18274216168018171504,1
14756174661185172703,2
15859342321002763107,5
3994613478236128996,2
1051159664839727321,2
15523992646356250892,8
3047611794590538352,2
4357464125908814204,2
6351933043403817590,2
2178452388487168653,2
12548468856840714265,1
2581156645666945332,1
7473960023137100402,2
6199099478577753327,2
10681218299328858098,2
18079804187188983114,2
4920484977456582086,2
14487381043707306510,2
1692190021453383171,2
944567492032870461,2
5827539481388702229,2
9064381006859609461,2
17350044245660312886,1
13153326798267899118,2
15627461596448907973,2
8829158779890288960,1
16922699159809086227,2
5500256818022547881,2
4125806570822429062,2
5830562869345915887,2
11695270239505370617,2
14598891011253525128,2
12032486940470858715,2
3402186090744378554,2
10837489150411332393,1
3961209751114723295,1
13049600379439957933,2
10939168859579613186,2
13847274464080146883,1
13253112297626951692,5
11877000276128909196,1
607534370206745512,2
6577044974021677699,5
17943096581181175173,2
2968053736786064765,2
57675024190519130,2
17176061875260319141,2
4529265490733842040,2
18364967557304339954,1
1142893200446740032,2
12748804510800358729,2
7029306490434752147,2
14589426962347842054,2
17077843910602632737,2
7854844591339094106,2
6895577942748343169,2
16156125733191820803,2
904409928094121456,2
8125751484736905089,2
7805991965400531327,2
7562940605976022465,2
15331897047653688519,1
15819948534800785452,2
5804271533766522246,1
11406180516719085789,2
3716999010370505178,1
1885565026548966086,2
17945468747163968192,2
5928033470317889667,2
786880809459141752,1
4447485123257482482,2
18261168163043709391,1
1351919899921305955,2
925755330642495024,2
14480888223699722864,2
4051412385452963281,1
4588043212879331835,2
7414093795136755339,2
17815765538255423991,1
11761543759983170082,2
2046682398579336642,2
4157289545306715848,2
15923849536164767480,2
4769123117125741557,2
3856518159154405582,1
11720696838477864065,2
6653633422110501092,2
14456091390209714088,2
15497828346643852327,2
6599573535824429847,2
3596809833658114504,2
2748813006896380865,1
8374117413430193317,2
13951700244828161168,2
16392255951399994174,2
16321774438630326836,5
13196227082772200111,1
12839462227850790807,1
9782086692328182638,2
17754362290618111341,2
5244472113537403565,2
8147648656708862200,2
592090794019207628,2
15803744862010521351,2
2731058386613660180,2
3039319452086290061,2
5610340020121867715,2
935409458162960183,2
6306201066654784118,1
10190385981476915885,2
13318197703406194468,1
1155856275436544743,1
10677743965118318885,2
4005505962239440562,2
3055393142132576036,2
1423077516920785772,1
4566557913634086615,2
14105871578481288842,1
9597546041431970987,2
7545369715750706328,2
13386445567175271799,2
15580096814425440995,2
8011334058419967413,2
835865753154922848,1
7150061360164101800,2
10262847914476103815,1
4286573197057858689,1
220696492060466988,1
14283247131289920181,2
302346552295485877,2
12472210886740433089,2
13975589684409265750,2
4143340635254833957,1
12797576459390508087,1
5170903839478616475,4
1391616424506136856,2
16837230325460112201,1
10746913438690239588,2
17602525962940406321,1
14063886936537055503,2
7826667201115420632,2
14978258372075070454,1
11537316568014773088,2
8548379718777165019,2
14444022768521486240,2
4941656334311980021,1
6437341728125205222,2
17562192027998646518,2
8202055363006483927,2
2536454381262490243,2
2896352738812838709,1
3157626139985966876,2
18268718303651703231,2
3937545977747123128,2
9059314806137912754,2
12854585024875405630,2
7986825760124100864,2
6640865975179823968,2
8283791609226925110,2
17829328410659237550,2
7997219797083963993,2
5967563019976371030,2
12699261111941704859,2
3385774054417402165,1
14147319905408520188,2
11514261953249712984,1
10048129967847733757,32
15427777772881626952,1
13589382745145398619,1
12187413972367222588,2
17950718871560234320,2
4960342570372978748,1
16715293612756704313,2
16764424823786252313,1
6808333889617015844,1
5530097997380299683,2
13162858996252410801,2
5030404535354146526,2
14911749107630451337,2
12891665626386216570,10
2709266790077371290,2
17151032471075789666,2
4331547212276122434,1
7478096352064564214,2
15174557300726887684,2
9051539192525748909,2
918911504743199929,2
3708259267952861050,1
12198713849348388619,2
7430067647543893816,1
10863098565410957205,2
14568037700811825228,2
12015713324334140743,2
9676530194233210798,1
6159675736688494341,1
10356758902620284792,1
10716064658253297861,2
3646256238715437941,2
8097621147569352725,2
7008610036440447844,134
13105357757950559140,2
17990471984986186351,2
4162544833541569767,3
12629260827920092874,2
13526029290992342315,2
1518696110142089660,3
3197905105204454339,2
13189573323082408031,2
2942415399583582518,1
15520065450027683967,1
7204709656444940227,2
7418125057696328390,1
4456427873236139386,2
2962706274632996585,1
6449818548503748137,1
15926818654296566078,2
5596244791608951203,2
16093235223331029565,2
11151375300024633980,2
14087186773029520076,1
9683613857113605393,1
4163694176814410750,2
8708091844729589686,1
15808393794696970983,2
11719583322228957351,2
1492912431729821879,2
1364978898950457174,1
17021720458963501469,2
95861272354119918,1
4571414878965185223,1
13282519033708681576,2
5323907318584976895,2
8160319168270807070,2
9675399291841576490,8
16526111907856716047,2
15361569523540069211,2
7994792696708062308,2
8622475360288612977,2
7611668250005045493,2
12777970843317603003,1
14184104830130485980,7
5098865899008458212,2
7698908808439232098,1
6646227543416683360,2
17316550743606786560,2
6845870393032551651,2
5352939900769299437,1
5305598920009533903,2
3072327635568605660,1
12993274245119252617,2
17378879133645986042,3
6329113476578178176,2
4662382629470304152,1
14755051603195065713,2
3978817000347070462,13
8640861132192832870,2
12781408665069194943,2
17606575438611844742,2
3946497410564196604,1
14650491606021824674,2
8158709958164790409,12
6689710331791322415,2
11142732891388303094,1
7951220025018109863,2
3722500082304147222,2
10327432088902010074,2
8065731231612863669,2
3891422843099360704,2
4457130691948758987,2
5975135310957666095,1
6732428341834510516,2
4903004855572168975,2
18237773773942264044,2
6839079602207564678,2
3293304587886447971,18
7893781403476080343,2
11384366660530920396,1
3719759289595268248,2
6798936887803360784,861
6499398436779828151,2
6669824984913651934,2
7130550849423355243,2
11973925059540693527,2
10011987049781693812,53
12484479843536302433,7
17051891982868468704,2
4634242535752616351,2
2952581232230153170,2
15375545616995928016,1
1364924631902488373,1
11895746925171594778,2
1512214657970674181,1
9522456043760664886,2
12907524594731178614,2
9307026490194230841,2
4816416155079619228,1
13258328026219342825,1
283567304302994533,1
10376279815848135257,1
3443124637118020692,2
12181457445834904102,2
7915955720818529532,2
8251481723238811016,2
268909869874597783,2
6487493697810579848,1
17883924693856146142,2
920367196870099121,2
16470581512460483445,1
11803264028187516265,2
16361871806293747098,7
1453388430941528129,2
3045958411506302511,14
16476070548372280250,2
16469236750720334496,1
10700652349140978847,2
11519104158043101165,2
10705588619877706312,2
6838174461473254532,2
8736988596513799038,2
16171902045544697360,2
14330981041703754386,2
16152252501189051712,2
15712623864206574774,2
12146070657171199142,76
12791117884738013502,2
11867098542199467402,1
9461729107120913802,2
17714598430524400814,2
2023216920454065230,1
8752195491086514648,2
15351131618925913448,2
11353465725874234422,2
7909686313623651439,2
11426722827649122467,7
50127949472014649,1
9998861007013443414,2
9357262984486989925,2
6372870184960927585,2
481131068636083247,1
5310544509435496675,2
9784617810080684910,2
3709676300453848051,2
8053490409713681596,2
13828837678174247775,2
9988742547108551432,2
16408084030214244137,2
16355014762802589841,2
16637758502001469383,2
10016719520982213091,2
4003489769634301984,2
12402560900811811694,1
10433611832916203894,1
11660378657021061505,2
15117493549695068647,1
12717483542936299588,2
15163692830688162646,2
9528301815921109710,1
3696938655621083653,2
1294197460975459068,2
10583491503281866096,1
10055106061145375284,1
401302239262352504,2
7226684207360613097,2
12552930597397198059,1
705072338463093156,1
2661461459879620210,1
5807402218154733271,283
1452656976845698000,2
380029984750044306,2
15044225425643510631,2
12260723780145198445,1
4480775208201512985,2
18431129307001604690,2
3062928907098517009,2
1398339056530866620,3
7171752736238813210,2
1644966148996100527,2
8005410177542479206,2
12356109362324611503,2
11583089116211058748,7
8830680509003612160,6
6319215220536771309,2
10654958177048784061,1
17128711438215493339,1
1462595755788586216,2
17204375494292414830,1
2157651774716908758,1
12841865909849192241,2
14027240529782786841,2
7751169296126630236,2
17633088687304519894,1
4450511605577147826,1
205261052108983428,2
16780657075415513520,4
1955670416642879365,2
6017327122794680637,2
4621766451437353887,1
6350238854151076628,2
11515163676565238,3
14895550333151937538,2
12109318228019471228,2
1827117110305694587,2
17479723731046268226,1
4789247079258833076,2
15640485760861604467,2
16897986309074632572,10
5436486414717528743,2
17005076491920350034,2
10628071562589902930,1
9386838471908326861,4
14909117789510816344,2
6422295655747350586,1
5405405722869447442,2
4886708015515789759,2
3110885585823124558,2
11208978423628789744,2
12566278205929711350,2
5347556639021760864,2
15058917070098137477,2
5267126994536278220,48
7993383929363932379,2
6681151181274995976,2
18269056768078344017,2
2834687200397090286,1
12691565791445846955,2
4756788433954656924,1
8142021829920060703,2
955396287890505192,5
2891624890135246781,2
15779241562319352979,2
18346419338520034423,2
4490144070409825684,1
18429769707917503273,2
15893870774430759085,1
684925658298967547,2
16612072724433594533,2
15782080587948916076,2
5865559984012782142,3
3246341686525658258,2
14203972850372805555,2
3210129925203850406,1
15525546142420100266,1
14055479405888391186,2
11293841847982791054,2
2751114447170977308,2
4555543689503338437,2
4678634070137147985,2
4590540170894033406,2
14981135737597051203,1
5098308946108879478,2
7743238553804649395,168
11916489849490656519,2
600805331577667140,2
3090438363842148045,2
11489529338409135285,2
11144283272160534501,2
15022171518235500069,1
11142162703261194705,5
11248202971745617725,2
11577352143916040124,2
17482560015442486481,1
16732078970811762188,2
14535257089500231994,1
5049013731495413537,2
15306880653829098081,2
1705943230235204662,2
7146876865166670111,3
896532103821611620,2
14238234677517854467,2
8902191814126814392,1
18001615708028220933,2
9030474694204080369,1
4972449877821393761,1
12019600038795763343,2
6029256182859411608,2
3889310894639824762,2
5119661284672734432,2
475139929694975923,14
11009916170329424377,2
18144018987684773945,2
17948148200673154912,2
10281577996539416046,2
4987395136541475470,2
7787604081901918400,1
5139279904460085380,2
13185249822345456304,2
4449226544068447133,1
5506106942790917036,2
12435254729012306338,2
13298913695901456114,3
14441110928854329265,2
14124992368135516054,2
382429567955039293,2
3891206843484251316,2
13435399176859441870,1
3821877955334394043,3
11591640909146530820,2
3260499003887117170,2
15419242886262064035,2
9063608361718085551,1
7120818494405344933,2
12146718977515180223,5
13714641980300852359,2
9499531119362273273,2
8045863232388475085,1
17834959300976084081,2
6333400681879240663,2
11576129102560079033,2
17802816908695245073,2
5082242352998333689,1
5596005503851725339,2
4962187554934838085,2
5849785208116799910,2
11959536575073936533,1
9635790382297052355,2
2048329058659306606,2
1632125944696047974,2
9484346232972236261,2
7630849447008212861,2
2688539268497449696,2
11589717222204493680,1
4386764873068838440,1
4274214999806649081,2
13571825897815907372,2
12674273393352462298,2
12134248474513563197,6
4916330845373095202,2
11770289794131286458,2
13906230007252540349,1
16766272328905759454,2
15083471040952568444,14
15078859597928744218,2
9149383221815858969,2
9542129626199879315,4
9911169239067323226,2
2528832312240596695,1
15460630386845818758,2
14132345120553691001,2
6954587325393994762,1
14750203654392972034,1
9734652544979526712,2
11162412834187374111,2
6172857415409040697,2
5226776507617687071,2
7314907207783025112,2
5282662893698744941,2
13522224579780688520,1
5708733954653335480,2
6919485223717140077,2
7340899621892679396,1
15020813026166764979,2
823118768188500994,1
2242189302052010701,1
6804345503958569202,2
11329448555923998239,2
9113907318574795877,1
15969667419727724963,2
377157339166601234,2
14409785999502179431,1
15974457149626589050,2
13060750511250116582,1
6781205201209026937,2
12525397773330151288,2
16293650175185788096,2
255554240764299020,1
1097188120816273962,2
12600841235514766268,2
12358008189352650287,1
12855240794736025836,2
6663363455887250862,2
7859810678507730689,2
2997994327883911356,2
1355329221562286773,2
4022774781555176595,2
1738868213570491380,9
8939137059772735434,2
4602541935827389420,77
7463555040775464676,1
4468469410716421717,1
15542521591516986271,5
1275529050688964795,2
9910110689634827162,1
2670710171940149985,2
1782786900098140328,2
13018789738728575518,1
13625220481797540794,2
4360728537880786651,1
11379759177617837935,2
17976982067384606778,2
6551150641276898328,2
4277143517357353719,5
3720711037213245296,2
4699194077468940757,2
2921695052539905255,2
1060096954239258534,1
7003784441940391411,72
4695699962759998558,2
15057645943137492271,2
15139079753719480049,2
975643818431603145,2
7826178112495301042,2
15050449892958448777,2
15078332239433681834,2
5448802913970384739,4
11552092763262592415,2
14807593459436164428,2
8504890672844228120,2
12711648395234621017,2
16212768225012296230,1
12834488529714517089,2
5008319445117749984,1
3906763937657604381,2
4111598672297431802,2
6943160822367624556,2
12283951525855608021,1
11163091027854279157,2
9722826644422260679,2
18168787081594094546,2
6545875606941240627,1
11234062018203323051,2
10479546778746740302,2
780860985318109860,2
816031592897237801,1
14195853263747231351,2
7971481774594291121,1
11719579931298132488,2
17355853982436740390,2
10915474694535076638,2
3924431847451071498,2
2819876297964960551,1
14299706044615625504,2
2555356864988741838,2
16459873641165266396,2
9325296097167439298,2
6308550335450837318,1
6741154133595354577,10
6117950367088062309,2
15844792131379868563,2
1023477528183929166,2
14836696598624940739,2
13593485115910249365,2
16231979513856705065,2
1481559425926592817,2
10974158781100134977,2
14267474642628760246,3
11415478517432538138,1
7262535001161780547,2
14937755051087274106,3
14222550618812880216,2
14487877174752621237,1
7492994615879821692,2
10740813564969948360,2
12773506960104507757,2
17125559112080824572,2
7239574141327116870,2
2711582516614282329,2
6125678075450653339,2
11000657690757361148,1
2888974402828927516,2
5858621827350130715,8
15597660220517370098,2
14641729386421340216,4
8709257087978795090,2
12921696438029777473,1
2027440122233384445,2
8258645884182135398,2
4778165198518918296,2
6812013370988412937,1
12835317413995439494,2
2708140572713333208,2
18082365783703915255,3
11757311012363393130,2
10707897702611214592,2
17693146221249936232,1
5308243266659580594,2
9866537522601423274,13
7613355115578303247,2
12446752775546873464,1
11030574008083720293,2
6159166236024320689,1
17849136664618268935,2
7620543168899777134,1
716574945417266833,2
3694309597773887692,2
16243203028460864799,2
10511552048040059492,1
8455283074501538194,2
5489872484178894970,2
9917878741460627781,2
3259229542214775288,1
14751282773781202229,2
6207349600668039260,1
16832747438043396365,2
3574016603544580493,2
17518662395394923558,1
10964494654256784747,2
14553880768529551070,33
17573713183911592595,1
5984515389711337867,1
3274672883191779451,5
16058665315114030241,1
2419442689622393117,2
14220816711960271867,2
5325677586204581939,2
9413702184360922137,2
8328288174301634167,2
14181897541072388025,1
13558316239627453107,2
10992197916085571102,1
6618953148010194025,2
12373003579632740935,2
13880220107693072811,1
7082042873842499621,2
10572455880270078969,2
14155251953756037161,2
15266921371276735213,2
6692220702731339454,2
8707392283451256477,3
18439742739884720674,2
3772401461899159787,1
17012769811743869379,1
9753352788370533647,2
8891461628731752208,2
18098232717371588248,3
8745816701344705484,5
9647136852897853727,2
5688330810743088762,2
12650517634640810893,2
14486625411501275428,2
8748448879310945652,2
2899102449118478343,2
12701182119736947075,2
331440389949900303,2
2960120152991664058,1
1549919846022617413,2
10075219849221542077,2
5702375785877177354,2
12508340219130237684,2
6886764489395109840,2
15570032756114334402,2
6692972790654476608,2
17975309407478679631,2
1790703649306767792,2
1498634905931428776,2
14854982859535162352,2
9574369608052561881,2
6054365093387381477,2
1975457769299228601,1
17543262263230752710,3
14879942251109196575,2
17591247127118138631,5
4458719698374703757,2
2762515973108729185,2
2606331339310416173,1
710210447957005686,2
17953937647513593648,2
10566936594153389441,1
170235138021052676,2
16064994032582208119,2
12886643297298792063,2
4962260812354455306,2
8112893954278179409,2
121607917414351435,2
9340852058934508775,2
483337403341480093,5
9640592821769648606,1
2231283649854935731,2
10244216287605651472,2
16893202163624498260,4
18116654233969516187,2
17390153805464111590,1
12490049016699917658,2
18300485339971189610,2
450477090035842790,2
16414853283607820684,2
5748544165479341557,2
765374813734557863,2
354423332395359931,2
8678307016599365413,1
11343640333184929273,2
4336484216371728161,2
12363345663255532878,2
12907406485515966395,2
17308058952086254314,2
9104253998576519,2
3307262814548499926,2
6053468836010263452,1
1587137404686471605,8
4968611586984527587,2
6902883334890332799,10
18260839940657169661,2
4681069829467712941,2
3750639754023293258,2
11591094697580057370,1
7988834223219811962,2
16415716505001083360,2
9627445292851958200,1
10733259213016964233,2
18372742723255114607,2
17133796433374226105,1
6810492223602504149,2
10426019316576665961,2
15893148986175842554,1
2197727051915261806,2
3889197474957188698,2
5383631178205446769,2
12238897614348038192,2
5386234423855445459,2
11840796112270123747,2
10087918056865928156,2
6287613062788123853,2
5916107372229773570,1
17388375809067065694,2
8485944178691886336,2
2964831297249432313,94
14208538646580622209,1
12576898055986595097,2
13025454766069544493,2
3411570305357382771,1
15381513952709853674,2
15557427617752624339,1
16014994951570121550,2
6552439799804208495,2
1429964830191724491,2
8327357246712113855,1
13442499872860769741,1
14990889261580861841,2
15154256302606743668,4
6704265789264560253,2
8238154379792029643,2
13479199943293785464,1
12986066144138440873,2
3733337399451044978,2
5186808670725965969,35
15230304012078940753,2
112727366366071399,2
697437980902941225,2
14673338056636976769,2
8348380296535201375,2
7609999564234271463,2
3395305609915582275,2
785464075414853781,1
5511242568431821959,1
3476963063925186787,5
6189545308659692455,2
1628851608078361846,2
9026394677902504776,3
11971501238950070046,2
3937657538657375015,2
233452905664369772,2
17305745376329220037,2
3811829069503717143,2
11785345497746134560,1
7368309332312636004,1
879637167044050220,3
16849801679123896611,1
8733491015879372707,2
5286993789794490781,2
7353787585257577207,2
4224078934515729307,2
12327769602553787932,1
8138409500698474256,2
11598273665701832534,2
7435344132407361756,2
7531825810448247366,2
9446339752396964584,1
16999240624333461338,2
3329145570392932889,1
2923233302128295028,2
7298605428439360624,1
14977976179685357452,1
18230935545014841044,2
8486973471141625268,2
1095907116244264514,3
4779732500158653908,2
14527591382767592624,2
7948555912347468289,1
12720541964789965884,2
14732438512621136665,2
16310379594414666801,58
15182446441783029756,3
17460841716531142874,2
16511680271458990444,1
8936698218579504699,2
13059104729121936387,4
172444928186033512,1
12426206014117000493,1
9390711564481320018,17
8080565599336375717,2
2277136025074271938,2
6431352621786517368,2
5415418703506063868,2
12614361555403395649,2
5253624887112869207,2
11687804914780353441,1
3637803525914508701,2
251063366470877216,1
9668285812835634246,2
14154848602109635897,1
9870671740210833585,1
14689462500892353012,1
15546553929090935735,2
4251981283170571674,2
295208403024778971,1
956111131303952291,11
15391009909770658644,2
11158251732089551764,2
10964308100351773134,2
14105788713670153031,2
6459258377631189914,2
4002705545503186361,1
18427330802262428888,2
2557217125678478868,2
4289391943516265045,2
5596820579990376749,4
9811999210310181192,1
2682246509337586783,4
17119394753660883641,2
2104254481384405922,2
4038442557186465501,2
13315494348862186253,2
13165963886733742513,2
18331300451925582165,2
792896880486690110,29
6493844355473104409,2
11150664909982370973,2
13454812765923915139,1
16412676680767527244,2
5404850114284223796,2
6540855429182335310,1
5580769447111251966,2
3746750673127751518,1
16641354374745412460,1
16776304479180214298,2
4831677274520001757,1
6454093435116519930,2
12979691301814312787,2
1184177548937350501,1
3136640148034169051,3
7966704306386705284,2
15812825123844894441,2
13172232533781392286,2
6769882085893979156,2
2961723267210877243,2
17401147614902210006,2
76518070690516802,1
14674181434413459673,1
12374187904190404756,1
11524635861401662270,1
2223718257795074195,2
2881380154924178347,2
4400242916675250991,1
8355130480601030258,1
1509863810385550720,1
3931831078768499045,2
1550309660819710746,2
4934297170882550341,5
18310190949213076799,3
311358560213167654,1
2349503030723933445,9
13926837042536658407,1
11706498375431241965,2
10832925497848982723,1
11555301421837899234,1
15958867942352550988,2
1633780359550035559,1
8190850502464107733,1
9823720501735242946,1
18277269377897279341,1
8944766802532946279,1
3128654042058639863,1
5880184753317453449,2
8399580038113226589,1
15612651436053815597,2
16845980229685390133,2
10424519956314580575,2
2699348704949901094,1
4806459174983578241,1
6778408309050671275,2
8740210990245414539,2
8700725307106430607,1
17637252846982264766,2
2518878133108691293,2
8865530895377540791,1
17087821427967132796,2
14112975619815786376,2
9950524387545930834,2
5030575149941599755,1
4241926512596946013,1
19789731312901863,2
1958275188520767028,1
16254023367813182749,2
1910161617084965226,2
11880643808242257576,1
5456069389854950124,86
1576641225038445469,2
8864985563179596435,2
6184747295570475718,1
5526250776071923320,1
15812033265947073852,2
9035248689290381844,2
17948399394874674873,2
11072030500834821935,7
1836796815185491415,4
6577977168365588714,2
3331744119595537289,1
10176261886342716495,1
3788616232532437669,1
15783258356076084963,2
171440257474436081,1
7167533880485722692,2
2835419818338443969,1
10107272725935463551,2
8509568245796095944,1
11985086171192496490,2
4374481380226216293,3
18430450004357345436,2
12151868164545684761,2
16080297096261154381,1
14850487796779856457,16
9498067280720244013,3
18153107718821541272,1
6460503066159178633,2
16413649635892232688,3
7131905731495251836,2
10939807282386455519,2
17867482503580272303,1
11286046826482172622,2
8385499427395978428,1
9893900134973117070,1
18055637528708348148,1
4854653366618429555,2
2849808490394295324,2
1387645124604730921,2
6947217092807144050,2
7712689051113317889,1
11744847952890575169,2
10501795494372882514,3
128970211838084525,2
17187678093218300741,1
5735546078250024229,2
15280681784166726518,2
726445989473856863,2
14605481627024347571,1
10889295529165285606,2
17599001788240291035,2
12346882431777662853,2
332736224801031195,5
17045996774650788432,1
11057876470118473395,2
453948241554045343,2
6565298858912009696,2
8112663479043676113,2
17215149654064265943,1
9190554281370459395,2
11427140242091159156,2
4230534415746306949,1
12138784595830854355,1
5015128278026493352,2
10198726455330118017,1
1986265440060232559,3
17897284399028162530,1
16723745130302330469,2
1712893635620910138,1
1283851368481479794,2
9156049613885733533,1
4695270580795319656,3
5383619803239388746,2
7299022128363996071,2
13543248485355769437,3
15986512099828704511,2
6606237574283932928,4
6869989227028170335,2
18058294364473317930,1
3361071421908691193,2
185527251735633317,1
15950181551020587566,2
17500725953912815758,1
1631544793119553735,4
1452548688210175461,1
8289727215062065693,2
3155267190419280689,2
2551509842779085116,3
17503731812565868216,1
9176904439166704935,2
16049536501709885404,2
2675854469609881793,1
12303144200463887093,1
18308008303443714953,2
14561781849717483609,1
2246406700442416243,2
8517094809011336342,1
3939810767196330505,1
18326164238711545152,2
10431501414956805922,2
10628009911297797842,1
16647205095484191013,1
12946754510047858878,1
11621420687139699245,1
12440793435727794459,1
1495481749526308884,1
5837819705471238676,2
357094028668959030,4
9296124670460984291,1
8454945492968620029,3
8925957997355584014,7
12586591325631735509,2
1975454150322777061,1
15696055951949398407,1
9719890401876775482,1
12079523456435564327,1
11715718583509634270,1
7646376903199147815,1
9046047765726312513,3
2548410045685690023,2
13876750718187336737,1
15893472716854961930,2
4495160755036493248,2
6787111720790343596,1
3142160413107287728,1
11820481174872855074,1
13809593480674774566,1
651576026742125076,1
6710676824519845694,1
6894172617425981364,2
5523539109042676841,1
12426463097165964092,2
2114254743993835993,2
12083467253157772820,2
10609054657302814579,1
16116586705040224249,2
7973364037455181429,2
15798695388944642869,1
10330308825564049434,2
11299167519763710552,2
13217087608734221853,2
2670650999427402961,1
3086126108565536219,2
2337387654200618624,2
12374278374588612293,1
13479375974851071640,2
10248269490672792118,2
11301736618410192678,2
13070773579285083418,3
29115910430693543,1
12229022950379055331,1
10248483754637390609,1
13003631660130276170,1
12752272812669642212,2
5793496033097402969,9
11037755991057830284,2
13543032866929554876,2
14163513492286840441,5
2874337140177725023,2
841115825249757759,2
1614772284961105993,1
4211358492521747285,1
4895553720799805150,2
2165049017349956920,1
14078265252541336332,2
14339756758710738102,1
18196212268007421049,2
10601020698731450585,1
17125232289929450885,2
2355712183418244721,1
9301222877741222892,1
8057715258759493141,2
12839525947355474464,1
8960475498901322833,2
4830611037706702645,1
3540220013190463613,1
13500374274301576479,1
12682989132925645214,2
9611342067435286073,1
15482846959807552184,4
15284259973715713118,2
4315062391111469136,2
7028247539183521258,1
13078410819112542703,1
14318544155151557298,2
7030059852463583971,2
11583983666307753083,2
5005815505246012497,1
15898498943005447946,2
696439023672654213,2
3357844333328334959,2
12498826141980867149,4
16942491715599155355,2
5975848352504710911,2
11922089079716214390,1
14644761187533615172,2
9549676109160635285,2
7431384140503961657,1
10311557171309220373,2
9159329372090579700,2
9067838599576624315,2
5134261532872008397,2
18440701211170843493,2
15525956921148811158,2
7059317929872434373,2
16522036591906375169,2
17663829344219292679,2
3200923788205613026,2
10200163656780301862,1
15218445429506859469,1
15391742210162271152,2
217161422282030306,2
5802298673440378899,2
11082178789000560443,1
2414714877953052981,2
3299499621643668359,2
13810449086651922874,1
1328758786544318869,2
15579876392992327802,2
14442531283833509014,2
3522785977909929239,2
13376163837786292288,2
17797593368629013662,2
130511677902577684,2
5629757097930152407,1
2913024446797238582,2
1236872981811766600,1
14766304123297200113,2
3548355450816073575,2
11668859494969253050,1
507503913532201213,2
2991004299933692745,1
2327034603704086210,1
6176521504432536305,2
3962005252669527078,8
5297124167108443934,2
15628908699551257821,2
6710993930878395346,2
3124699656824755164,2
15749928392327441195,7
10611209571054765672,2
13345344846801657429,2
6995899273045294751,1
11083330358008250472,9
16417678957618050948,2
5477650837591893182,2
11156585464553323675,2
7418667322806735125,2
5845484550052220227,1
5043466552953891814,1
6257047087451709109,2
6812661070924586231,2
14063227459368570181,2
12219849504995678242,1
9638090923938733170,2
6691704703329570538,1
15467876845891137934,2
7243112431916173704,2
16338788908860903530,2
14995618311965089198,1
4511556640790027200,39
15777177675781859465,7
7981388722495862391,2
16379551744900817787,2
9410928123414995692,1
6501033381248564465,2
4359699378969605714,3
11407195383061910047,2
1288194310910379440,1
12497584399210205258,2
16498917476198284826,2
1462469723750868873,2
8897691100245697461,2
3859033130791792117,1
8541116248945869444,2
17648654990826977173,2
12677686862808593890,2
16560209475241837209,2
4201139651539808083,2
10648438956569885424,2
9352076928589085180,2
17387297831067483401,2
11538420109543867327,1
756520431114550556,1
17509423171428889605,2
1204621297528688280,4
5517867145068702391,2
2330863113388302678,2
8584833033401879302,2
810015680829289512,2
7889033789619131600,2
6477290509115282067,1
106094875449986454,6
2678010955418849101,2
4079413206247426476,1
6710963014732488488,2
8189348823830240191,2
13784620055671588787,1
12330759791244391516,2
14048756258486719448,2
1717300131954573886,2
2476405005822101799,6
18291689641594222571,1
5940970447583014747,1
9598593677162775927,2
10204440874294888498,2
15341697089021652154,1
2262236584485103408,1
18208454653966907366,2
2365539069562862878,2
4661610989991982366,1
11739532226356948069,2
16621255033597402323,1
8363900340116944380,1
10048588126383434404,1
8296827267689366877,1
15173124778252563792,1
4834854155761048778,2
12832277695917852436,2
12313866067998039905,1
15651130372315707872,2
1548397110269443906,1
8038724482894966978,2
15345225107390082292,1
11599678797041494954,2
11816282974886833709,2
8146085683140973125,2
2960907618988540563,2
13009378765254465376,2
3311907453318603994,1
7077437072367947251,2
9499981968432917350,2
15071333243592056653,2
15768020200790106804,2
13590276661876664464,1
11641728474421283705,2
8245561846314209169,1
11658244036772653094,2
14699773407677801221,2
2000978669224102478,2
8343994822822088036,2
6875226866614933257,2
12603067170546754008,1
7294239422795461389,2
16596902107653048910,2
955922156823802242,2
6860147582731668550,2
14737778508919472778,2
16543456491325721431,2
12570831849880156823,2
6339020945537054648,2
11231127882600081078,5
1912821200984281144,2
7032623661561900217,2
10903702537065561377,2
311460421870506614,1
14864158482062830758,3
8819000867435394490,1
3212632422145579981,2
3219825833276281894,1
11375504801599131923,2
4386654729819937270,1
3713450743289166834,2
9136360598627257164,2
2012228875731586034,2
5214236754226754686,16
18426282343570290821,2
7894847287881981612,2
9049226902446987319,2
15865340817053608138,2
14598919539774400120,2
8304303500890035740,1
11820177745148783184,2
16571721093363358343,2
7931057144594913035,2
16039214869171475016,2
11597680366420343305,2
4006044967100335842,1
5425977944606041456,1
12406555659101448366,2
1867689995026028065,2
2932678994642331623,2
9525165661898638641,2
6352795543212712766,11
1828403663452929857,2
37294146258147322,2
7352296019059376442,2
12239452705656162919,2
18254843776638998435,2
14222091786290749358,2
10888513812710626668,3
12998291698018448641,2
1911550964207953999,2
97789086562177480,1
3571787457384059396,2
13419006120076812245,2
4954463055220444767,2
5295715254286921255,1
4915758295395849123,2
6629027186697340439,2
3551845728120658368,1
9797878841107114915,2
4165891286583736779,1
9971987665401664804,2
1656509088379729658,2
4749431234858275385,2
2803847517388528507,1
11833565012078888000,1
13036777502434112150,3
13612314880482728542,2
13687098132179342900,2
8782475773148032513,2
2643742512020230302,1
17775065182873291246,1
2866906836211698276,1
16037806420729780811,2
8394747877108220234,2
320228665163339643,2
14163148677800704339,1
6520801747484700082,1
9207225355824406550,2
14032347199721932035,1
439444651423767076,1
8643735363484260024,5
16033850685141620167,4
9514487891104685501,5
6038764058158557176,1
11688840626713545593,2
4001537198829507376,2
14247725992560365884,2
383128673377278888,1
17504109701461078665,2
2185946542360903906,2
17150143323431467867,6
5694610827211619812,1
5427755421326429104,2
442658563983664503,2
10603044408719569202,2
432430181029943030,2
3763278809485381723,2
13095182733533242899,2
7947904860503071234,2
450063100311586514,2
2310154859611430893,1
14914002960782042231,2
17963732823204475464,1
13857184038307914646,1
11014990472925603136,2
9711295637330615908,2
14630750368828958309,2
6230833684963914539,2
14759158823828375795,2
15674269486395645438,1
4234165612217534437,2
10442240299256192084,2
13495623457918135151,1
3081709508587700189,1
18169880886921387057,1
1502083973822427915,2
3309401887878119643,2
18215255087323956297,2
16654970475091926272,1
997146515544497301,5
556240644282496295,2
15348574193939114275,1
3644530175232430271,2
5263033493884128710,2
1415614414552312573,1
5448529833692689513,2
11383500761030401647,1
17718562125505527446,2
4202165976705608465,2
16011923608808171641,2
10457139128844825342,2
2470161191398549838,2
18299092859363072566,2
5318189498464289830,2
3905369808010890537,2
15512918227620651684,2
2174126228382975294,2
4522624348993293993,2
12898374962846071262,2
13575253738712582679,2
13390895108267400575,1
4157172280372183689,2
17894402895016841966,2
18204244266279807168,2
2423112577479733180,2
14112384401400669609,2
16255874737655946535,2
17378941636292769373,1
2442803219018820272,1
6390552725438688366,2
14261548885796452716,2
6925902613051569938,1
4343553767288992046,2
18372819202565562656,2
804298590276756350,2
4352359420349806428,1
4171225730421562864,3
4896722380486675746,2
1572383170498063449,1
15527003920225025359,1
16641649803686542801,2
16000615156834201949,2
5757706443138047590,2
15437388195724232459,1
14186595242030747886,1
9470080178561045832,2
2232376445888270333,1
9173019381467402229,2
15951813489316265899,2
602174108818882779,2
14045214633538129802,2
17931614497903502251,2
12832827122892510174,1
6676688358048853384,2
6363237162575019376,1
9769265583634484701,1
8189016351863562463,2
18293248149144591649,1
10920370655048643379,2
15162088714534780410,2
2500363559528343041,1
14129773519514938850,1
5925598725643129482,1
18285486115881447336,2
16444882211961409145,2
6464632779544346275,2
11663368824477019761,2
7651773963664293205,2
7227161398949169565,2
6742236600678986460,2
9904229321753187904,1
5086746958926024515,1
4304592764573188131,2
3348403053982762921,2
3199181622740289491,25
16726735646926291193,1
18376467860848368334,2
2582462756392960119,2
6585690855447887841,3
8979959116175885795,1
6713003229147859049,1
41521839431252360,2
17201654309531191717,1
4473666064591592559,2
3467805027784264915,2
5031899176022507690,2
2556017481789657022,2
4890991328531243839,1
17304805896489807495,3
7384240152114657466,2
6084452294834578905,2
8150389361558062973,2
10854346817099809537,1
2113388576997796139,1
16475309116094521194,2
18045177658444320107,2
3175068617248488082,1
5037110272855625646,1
5216550308998183803,1
8247455810940137654,1
7470833894619230668,30
12112511114227872939,1
1157037514610588888,2
10358141154713450030,2
10600718240198687008,1
1513750498863573345,1
14117010253371731950,2
3691627336170211649,2
10156426142871665378,2
9942996874002096227,2
5536068696264152413,5
8635220561166690546,2
4200791224635358225,2
10208301839405848784,2
12131797420670747066,2
15565865361330653631,2
4722051363188646433,2
17947193623899884446,1
12955233746652931884,2
2870395435814787461,2
4940000064515387216,2
7915490593191789563,2
5296936068945566385,2
10087403202514743779,2
14258543958278647954,2
2194909973253022818,2
2008267727176033418,1
10643412272511331524,1
9752913760194149474,2
8118405755348144619,2
17622148067719430802,2
2803584207513848988,1
3370572134392735588,2
6625864861448591645,2
3118086515335426547,2
6419136393214241184,2
1885375633452603386,1
13993432695840539380,2
12131713201036655273,2
15774912564116772805,2
11960589873562577241,1
14949917634482579048,2
11432941059720097850,2
7032655669060748155,2
15270534930907292147,2
924010163782323579,2
12335738940349521139,2
10216187225069965189,2
6240210199136528161,2
7799013536754734515,2
1111220495414185270,2
3742644857690076668,1
11789575050258781227,2
13558925449439755256,2
3828670159874206059,2
13625589243444283834,1
14594022939488305975,4
4246700073303454038,2
14665221736097759161,2
13795673540598047415,1
14487791546948346885,2
6916929085235485732,1
3169067710354843471,2
14566300498034368,1
6833624645989819400,2
14169786346055265894,2
1037609668978058452,2
10480607567569495860,1
15398663151613606146,2
4081831092762541422,2
11645654668574028134,2
17380397255611933321,1
17632933513674812289,2
4550116448484538803,2
11230090481713919154,2
8719944470670763301,1
3825367880256205924,2
9165638050021269457,1
6624082367245926390,2
12440076184577817701,2
2839737262329582236,1
11746439411064153178,2
4741635410250318302,2
15089885495308003135,2
1164288101369469313,1
8210645986951167765,1
5314224091050912128,1
5084731264529208290,4
13862217787683302042,2
10680265591269777685,2
8591248955677081173,5
11166669047834680339,2
10603358980864586202,2
7846493059376846086,2
4164599865635090066,1
18267744513917257828,2
13451902085810956382,1
1248222013276323554,2
6636638296241120635,2
4070672999769220851,1
1990498318708117205,2
12504532332026790417,2
8897506848064799466,2
3950509088408618150,2
15616053190989395310,1
14160399574583044016,2
11889572479805584324,4
17332377944247988674,4
6180237106720705850,2
15278675581001764708,2
7074348047534780464,2
1902083290224710622,2
16292579505070579793,1
9993343827841280650,2
15611909725409360322,1
6937904730791537876,2
6114735971798439062,1
5542213247564036751,2
9852241454713888998,2
13339339354701027744,2
17238730358540223078,1
5533635093007666030,11
12439818311315914249,2
12830041776176419737,77
12746464674057979481,2
7540997184735259062,1
12237738764805689586,153
1960173729879456064,1
3288099265002200088,1
8159845567604547732,1
1955972162184815383,1
12042492106968338374,2
14488074147031575920,1
13863257336801998952,2
8719885915468509198,2
955890488770398805,2
17715181325692728812,2
13533319395024816708,2
9065260228984593338,2
8795580156467061000,2
140696914037557708,2
16951874408312592724,2
5126342271388099275,2
8522659576826612924,1
17051780131518365592,2
15729816824986943973,1
7330786053393812396,2
15206862046601624740,4
11593951668124143038,2
273187292911375035,2
6421662334137096527,2
4927117323030457549,2
1607291439272605081,1
1413932433505189846,1
17541625906323340139,1
1501950188318137526,2
3496167600034358189,2
9055806453617702545,2
6458636166082279810,2
9644033287333640693,2
17239566653297827608,2
18331530112008190383,2
1940767707163864671,2
17178594505415325282,2
17104655764248090186,2
1855622813417272612,8
8344551823607429356,2
6626301166018403986,2
2754432577528470533,2
1363960622892081351,1
15363343987577514224,2
5372925227214557250,2
9722865708692875000,2
6213531286542051161,1
1051347246161846069,2
2649503532172666494,2
4842609527744910058,2
15698233925987981304,20
17571759907241918435,2
15166315501166299209,68
2073136216015644916,2
5104332065612309758,3
3630713927761078553,2
13627383902971125723,2
18162556745176750050,1
1335647447615171401,1
5180954579185933335,2
11116681939261420427,2
16916469956255365419,1
17649319612044118320,2
14877693853380224812,1
1263535920092968682,2
6359668303614041738,2
1283514528092828595,1
9630322498061082306,1
13863063508941274512,1
15389634405194394313,2
12640566901338333678,2
15018903363482874156,1
11629471281059562215,2
18005539060876865595,1
15962580004281705392,2
1334369488222656994,2
2772435227519265015,9
11218570150994180144,23
12886434543626207659,2
2712534956935229049,2
8580071888911629988,1
16642501591291009144,3
15751008312988022152,2
10335569989590804340,1
15403243650601293407,1
13229356757473430235,1
9716015249654634898,1
7034559088815188916,2
10145846232535774156,2
3048276106213984083,1
10613674531986127809,1
18294905059073612316,1
5244251948720460326,2
10449605974692366840,2
17191020335655578129,2
14031541850413723387,2
10725076738166177681,2
11497952926216647062,2
8131305401300078763,2
12154472430135765155,2
13162224402450985992,1
2805219973725308070,1
12485896306203073159,1
17319922021213477803,2
176529034643734805,2
340521871132400478,2
14876509388492496567,2
3777159612209789024,2
12770946306290540193,1
1519610811820911336,2
10602780903479031869,1
9646159486406593842,1
8469688949029693753,2
15978903802689147009,2
3190299284935008702,2
943302953208142579,44
14744085480941039006,2
17169717224683816442,1
10657059954235791302,8
12716627804030716254,2
14798680332075386763,1
8370997468067339120,2
9016421730216693367,2
3617044979000605814,2
9065352520426715549,2
12434428059671502294,2
7552204794375556327,2
7699540100676916509,2
16338315382769601524,1
9405056779503484455,2
10399109959348477930,2
16095091231130662973,1
112150010216360003,1
4837120684962616856,1
858081972747805256,1
15537258286125474914,2
12673504682255917892,1
6718823991476754258,2
436849304492025398,2
9888670307011158766,1
8100311037717106149,2
3713862721535982376,2
16329426163202488914,25
6368455691463033864,2
3999315841404939854,1
3388676932237016220,2
8565250778591651089,1
10317884679036732678,2
1944925035247645412,2
4054056333369924245,1
8047800303330929710,2
14336821188451188644,2
4369595318638878951,1
14407365151773580634,2
17070148596217494067,2
2359659439768855897,2
11520937224024269156,2
16569391698855393508,2
8025631124010892059,2
17757552832458582946,2
4760518640311249479,2
13762891179240711528,2
12840817548934587298,2
9269518533599544362,2
7073316621108702849,1
2346254186834948693,1
14187060715933861685,1
2215574042580213245,2
14936546492867896445,2
2148400958631109503,2
12683616975915010701,1
9130673842565425890,1
8407492125840663553,2
17756139013725088063,2
12852967842456870049,1
6571426384123309272,1
6250614079150587415,1
18145559944987029400,4
1942459845463198145,1
18010720532362452145,2
1741135101815853043,2
15482669925432319542,1
16730769998094560990,2
553496711873148620,2
2932128126228484330,1
6485917785551649935,1
4546547030938647868,2
4142205499079180613,1
7837413356772482907,2
4927236969201705364,2
16060813576536094269,2
3883216709730567215,2
7988707852552244567,1
17484528481067532707,2
11165860003241974431,2
12157371660677217661,1
9996719261508239007,2
15387053510090847017,3
8701132851292022407,2
13891194077010559721,2
15558123557240459554,2
11288255871214423998,2
9469830273476064426,2
7897610067747655495,2
10442162896721778565,2
13543414196341560670,2
5276414695985128590,3
7242469590866986816,5
5433186244720114991,3
18150895929920754164,1
2933289059179025865,2
12977050847413813606,3
11179358790493682682,1
12777433416834136516,1
6424048279692305479,2
11705650694493200499,1
4516946314808439543,2
4417154908413306183,1
16933685863189304642,2
3601454607992768719,1
17834399625533335126,2
13958951221038776223,1
1329102559461147819,2
606610926914666125,3
4363857664267423038,1
15211591745391195728,3
2916035531245907842,1
4675420575092713583,7
2473477212724952945,1
16904281370240972276,2
17419982362442324997,3
6409856855095927539,1
11038504257126626496,1
15837222707810141560,1
236894484421286179,2
9027452716099301546,1
5322967770715391331,2
9153756778800059913,2
9794175745865818505,2
14162210637672011928,2
5420724979349230854,1
1310265177600347553,1
14743757919513037834,1
14609979282233086509,2
16486170553074022757,1
3664942203402736625,2
298530337630868791,3
1099567930725611808,2
15614989121569091998,2
3565784129975567294,36
11086726894753654434,1
15183160400728945679,2
3254907233315880046,2
15483573815781894649,2
3831809859943124289,2
4375414951071365567,1
3185582031573825624,1
13238314089901487129,1
4586208575366630193,2
4012979368006243359,2
5435610640840976972,2
4743834125795282168,1
6362862137672155080,1
12614146802861628572,2
5805737478792264373,1
2349983658427009268,1
4819142719333544016,2
2751818977684929755,2
9157074954430288810,1
16327454640508584199,1
1236911755693330319,2
3790332833042598390,1
14426992257337156734,2
11176740036224052913,2
3366828971107649102,2
6027322080980883352,19
13096784259352664346,2
9123150782221569216,2
6469823136062811826,1
10398796218130685464,2
7601630401190773889,2
7548974633559258617,1
2625734406277950512,1
14285321548625744464,2
17427574539001739496,2
6024369331158164261,2
18203330416130248047,2
5643338369522613222,2
11976678419275751264,2
16918242644538357975,2
17668933144603065191,2
5485138304468125166,2
1815361612235019155,2
13864755521262443017,2
166497752104919701,2
18324386807310592382,2
6603868097957426580,2
13416697712623445548,2
5346668237709006961,2
10414587114959246345,2
10669942654660360279,1
13926366845201805285,2
2241219084474406525,1
17874908226927357820,2
11675780552449311841,2
5412896181321630704,1
13630114423255515491,2
491168439052227459,12
6944745040064645325,2
14185903302632331433,1
16290878294945353487,2
15491411945480667446,1
16568587960304499861,1
1573154016437573427,3
5684204136994113044,2
6065003988994141469,2
15569350526986073527,2
15027617444577557610,6
5821925015514861514,1
11413610093410306132,1
11898729107313723635,2
4066069228212672439,2
9681560850144222714,2
14272106259384619510,1
12864899023061920165,2
4259209292224219655,2
14081574905870483572,1
2024190600784255210,2
11243790987600499018,1
18248419026975665157,1
9468183426606564870,2
11486567962614052046,1
2217229051815013437,2
4027325057053358095,2
9293442573749758730,1
7159820490068905456,2
9155475300774206198,2
3454628400481331191,1
1616788127398756189,2
16565810263342352162,2
10413005064233328121,2
998640356033479535,2
9839709151035195124,2
15984253381336048699,2
15626172896152171830,1
5757815544594813845,3
16209408467993461599,2
7655986588113526297,2
2275380271471878889,2
14363198053349585995,1
14416133538279965338,1
6546011296580657563,2
5249944552516575632,1
712118438019120859,1
17157054450623181720,2
648335886040406666,2
18009358704447941374,2
7530819229454535583,1
11818644819261215723,2
4761708292537973991,1
1469429529669709282,1
1707877766216831545,2
13606197292214050861,5
7003756621360282500,2
14305017155543370847,2
7205421044401413744,1
482335570627015379,2
334484669923659664,3
2479468096022231724,2
3394651005999047408,1
14258704960969098385,1
16591601629342566309,2
14181704178040980215,9
270119856320195979,1
428989534709109232,2
13451484462547425560,2
6547223914822563590,2
3105427986705505952,2
4803508274059168944,2
6803916287349466325,2
9682259690770036000,2
7163188881171497845,2
9852965854093192785,2
17999992676400475007,2
10235500459379388739,1
8260788911054557840,2
236784499685410093,1
11507814719558221476,10
15659859477830409318,1
9434101744765753284,1
5729468243788597009,1
13260420030848227700,2
12431914237286854976,1
9598917733809459463,2
17511111823307689288,2
779693114603184174,2
16469205829791049189,1
17696218883915867408,2
13906012325639276445,1
7393311423888695155,1
13259072436929614640,2
6869110814380848350,2
14928549357189134702,2
2028923008574882245,2
17921051999520672221,8
14954974186476693924,2
11714334455673063770,2
977194133643037274,2
4936031655752584687,2
14286773086558640915,2
13488653584036956746,2
4853205465178806470,1
10030465132496789456,2
9501295704981566659,2
3955308790139476166,2
3734611046570076620,2
4758659498715649799,1
4710393245236392249,2
1133415381436718680,2
7324597297805203751,1
6103758364142504466,2
1850959147509175371,2
13708487592194822497,2
7745181897070643448,1
4629438754546589587,1
16718360362038786125,2
18164955883022434856,20
9130502468234539695,1
7548294115122931744,1
898039822541946955,2
4938264912346894591,2
4060446592698490630,1
61336477336827241,3
12575164038237872243,2
14051362894523090301,1
11266711465328716767,2
12708207028305947207,2
4512643521103357899,1
4205360303296190042,2
8555233310929409373,2
842090995405530208,1
10694986375457435424,2
13340381004455642287,1
3228620850746030219,5
973536565454398927,2
1548241670291278725,2
4230084423219108174,3
15678813335670349020,2
5300554636899212449,2
5226700432717401583,1
6690539068449723897,1
7864581247811850303,2
6863197214014546711,1
8018363608295033247,158
16950743888273357129,2
3671684181305192992,2
10206499672470233670,2
6971994163015698573,2
13311155724936520753,1
7715933898418677759,7
20376987908220365,2
12870048630768821690,2
7711314842258866429,2
5372582116470682195,1
8714924438560875579,2
4099884279206493971,2
14348327666593550851,1
4066739364583811158,1
8374312215431921225,2
1249648441645823317,2
5010483155446829759,2
7414356780158025266,2
4848308377767469719,1
6323150315901583498,2
805379727645810311,2
4147289230336497423,2
5328689486911397498,2
921050156473778300,2
11486118400737854105,1
14801860586171425269,2
13530941745208700748,2
9810021274878781525,1
3439839678391031906,1
6644893377710671052,1
18126650526513119636,2
13552097328013824256,1
153680184749319255,2
17013458109913321113,3
5297249072624203689,11
5718696012406769737,2
17815379125207268995,2
11057567564643190389,2
5401063642518207773,2
9880016808515543092,1
8243268950371999251,1
1048993273616563908,1
4042618714313069508,2
12928987929643514166,2
3318390862601984622,2
2720342183772204335,2
14337385710333292058,2
4143894393941139900,3
8013993498354702612,1
8181056888672616508,2
12718626753916201088,2
10256878313000879850,5
645843926087212974,1
1127890328498551699,1
11011548244709588875,2
3335827030216074084,2
10066644861256014785,1
7694069429434536461,2
5119366805037828046,1
11932404934133052303,1
5593119505195646821,2
17881344635551449118,2
4499227092843555329,2
11543566159024564677,1
9129241848378050614,2
17563185134718645579,5
17104321785850157792,2
18310959308105861621,5
11751149320903691035,1
17150330153213826980,1
11339602150195128451,5
4983797359214252125,2
1341189722272116696,1
3750969885857985913,2
10073358887050475160,1
14316967809271713852,1
14210053185615460170,1
2627614607463663968,6
13448634906446902697,2
15342369011814139781,2
11470136391900232087,2
13569745105305373538,1
13482551443902902337,2
7988823208570308856,2
11413233926409830571,1
11730823704468096336,1
2140729871326972793,1
12059259775830363383,2
9939369892815716445,1
10447480042059396052,1
1859629116692316364,2
2735419897571364685,6
3449467643402972837,1
14015765058830347032,2
13993998371288046431,2
13776266507683515877,2
7551881205218225312,1
9212622575343408047,1
16876734995518147175,2
616076165098037249,1
15086354798085493639,3
1041529000197259910,2
15664350493160384136,2
594667515109257813,2
4308953441988599320,1
12023902190565954670,2
12239117935440304490,1
17312842475001223890,2
13306641035941825457,1
15160201425095412681,2
3169572707245028899,1
1443149943680049380,1
4737258006523392688,1
3444661538599042877,10
18286260263508712992,2
8458642699953841802,2
9489495883210079815,2
7634790858634371317,2
5406951344741402365,2
10543280570138681648,2
261196837959637233,2
6988562485079168512,1
11710502610426354609,2
14023066072735926049,1
10542655895165103686,2
8877555953344978606,2
1077596257352203618,2
15559380437465089522,1
13039056543749840410,3
16805111229314383032,1
5317434380589783185,2
10861178128097719301,2
8023354801442959869,2
3429431707719219305,1
18011373163869645255,1
10777835246119478011,2
2424066705956266514,2
17626148739760931477,1
11687823607661973094,2
10136272549266674629,2
5707190993150370563,1
4226863685317273572,1
15541458613886766180,2
14106519907780294336,2
2289847642989193943,2
1936418037189229039,1
1741959842498289474,2
3445752623072759486,2
6483076229812003570,2
6047742426388259849,1
2708287620406556720,1
2090620179593898616,1
8266931056235069148,2
9374398101236327711,2
10929827651946802303,1
14960023388376833016,2
17683337616883808970,1
3121836215067532219,1
14717918287449852812,2
3936443263615063610,2
16831047833081867168,12
6453159847976961259,2
7294746570942086410,3
12925894023043632417,1
16367200123796350208,2
3719000146778354498,2
12321915458261953185,1
15297782849042235101,2
1565340280282090820,1
10973154729024765427,61
1028234545004421783,2
436028402154441455,2
8632886736892835124,1
14261851866240919064,1
8455953701497410979,2
1764344767001143378,2
12353000942668386534,1
15457753374850181460,1
226873758391901751,1
7137736184543420240,2
5103867205901625629,1
11460462603211516969,2
3668122101274544093,2
12541349824875945360,1
4735811820692630498,1
5823366520455358076,2
11149725397190388610,1
15283534254343074523,1
6073458962828220424,2
5588916397186770136,2
618690419348383898,2
12090531072164150850,2
588139141114463405,2
2790610849839762537,1
6931183575783309877,1
91123250773257915,1
4179480425215848620,2
6720964653340374818,1
14604964945550511035,2
4247982102530306200,2
4325757747299360787,2
13200902661272868357,2
2988230735003605355,2
13022229792752944461,1
3106891258149116233,1
6561525705724281972,2
15858978484750383161,1
12773017639732449425,2
88262259520836909,2
14427506066095955198,1
15047874715051579934,2
15411972772210631557,2
4592760627690136640,1
10140299312056735887,2
2731424675723628261,2
12611214536140177889,20
16800236364855968177,1
15466011539291927921,54
14686919353083004,2
16851841438862481316,2
6789503689120832797,2
8222727451692059668,2
7389419029275493432,5
14230350570828018060,2
17165120737650114564,2
9767646778757590486,4
3762244423097852763,2
5791933712142025524,2
14955406526230664699,3
2645744639758209803,2
10120525575192362484,1
15918938970092898602,2
6410450939810634186,1
12740191151733587906,1
4217616774828642067,2
9175609964853749660,1
5685369541084342913,2
9901807220695680965,2
13921008088641745275,2
1361418333255353508,1
9564570950686642712,2
1741663123938412157,4
8017160440971918052,1
16816121588336891192,1
13493945274764541530,6
9337500537255193520,2
13977380189570200642,1
4337808382273355815,1
8084320529539686781,1
3305151052839534035,2
7403545171096250243,1
4508453353295045714,1
18064717366901775956,1
5938620086416746893,2
15310991894370626648,7
6074127772499416628,5
13693298903740395237,1
4550313311858482356,2
15122104873107800601,1
1204994414873230013,2
1803648543315882739,2
5566694366291093352,1
3044889038175497587,8
13450753616341387722,1
18242647657297122780,2
6400223819227429484,1
10482663780224394987,1
4064087796818514850,4
15764975633847772827,2
10219279391493555500,3
16564933775847484566,2
2707318434335843616,2
17099607146044786239,2
12673046218766620106,2
16525074760908409244,1
15067345015114901418,1
11718725701571127963,2
17198103456958620069,2
1781461009029536896,2
2172794829381496822,2
8866611845794050904,1
12659628087313542960,1
15323894541706648592,2
14866128829123693405,2
7485901664248609950,4
11346478156800726577,2
13096193471174014472,2
3566058601119190728,5
15213275551220515586,5
13942199078385534326,2
5750519919864382642,1
10750258748251591534,2
12918214082217607790,1
13838772930179252384,2
2975480522288114615,1
7662806673946490056,2
6259616691991357684,13
15861413210195987239,2
6936352170707017599,2
14397532553530695909,2
12339548545061692852,1
12083973771885705266,2
2836251550305079361,1
7479504128623743522,1
9424601638252642633,2
11361966863692779052,6
8046726284068547014,2
12483124656239760077,2
10410032638315831124,1
3053753154232805955,2
9665302570214526290,2
4925567407967982649,2
7166604706550691757,2
8453201026900941250,2
13890142514911003873,2
17783600250811392336,2
18102135415571056814,1
1854322034070284480,2
16515397309602653540,1
14640694231319015610,2
5502849880615854420,1
2322781690343559757,2
29143603454284142,2
2375540359632646268,2
4424201055775077343,1
18350331551160539888,2
10646987773014970328,3
1767672937731742184,1
3838132721671721328,1
17246738510881171478,2
15995266970106390953,2
14506157951280927022,2
17542800464822834659,2
560382825084731755,2
12885985610111081822,3
90685387607745522,2
15177347050984304688,2
1638496849115456653,1
8751068961873365623,2
10745904006103034181,2
14017043391543887204,2
11346470547937039851,1
13465954714191328175,1
12920027465478457065,2
6747310310842913690,6
10542938958669181810,2
14159503995528504325,2
15563925782469682517,2
7892053496380744624,2
10743890271435091802,2
3412693825476331636,2
11687365897880365516,2
17468125612010129799,2
9341489001599514667,1
1301354508164669302,2
13077796054578661023,2
17706824441890846985,1
17893792867578833393,2
2616247696829639112,2
14005853298773230400,2
10687091785102689209,1
4391763358225067884,2
8511968781049391,2
17297417238059349437,2
13826005252697229253,2
10573974652246194987,2
9392741743248549537,2
12281826486167111712,2
14721775902545436235,4
699787598880262491,1
2631252176784983128,2
11971146848992513854,2
11675955298290450261,1
14185062978706773733,2
2955320279062557286,1
18318921605409660750,2
8877300861535667318,1
8814386024999423591,2
4398189425840381180,1
15594342980236396637,2
4443940773360266787,2
9941052372334031321,2
1204323002145420050,2
8922413022858126202,7
3814329435654989910,1
6138825978618713459,2
7767349295073760070,7
14597809260987450731,1
39250124452407520,2
12920677899554079336,1
12482777767733926494,17
9330326792880036263,2
16525882651435191723,2
14306268924170212400,4
2388926596797973105,2
549582282811422423,2
10938639365475554567,2
12233646892460051560,1
15330798628545750163,2
8374740877669357231,1
16361250237659284530,2
18140762470651551229,2
14332848397549160366,1
8119993430104524924,2
4717462661708893231,2
11430275385629814995,2
17362851831114381784,48
3659672118433666483,1
9910116398817041721,1
11514104249595293918,1
8883542850471540508,2
5131629041327962483,9
1892911786484323458,2
7084072906889328608,2
5755605564936527367,1
17744944578475668520,2
7879011054877415335,2
7598658052781082353,2
6001946248368013189,2
14811367752451771225,3
10838851742616982000,2
3034737959956561821,2
6856434769216444272,2
2313738775126159493,1
18246011137960039709,2
15758491904143776487,3
6366178744276759115,2
8296414861460093928,1
17519137055262167132,2
9791395788190040281,3
14085468679091517592,3
15318676539899614150,2
3458961707723519468,2
155210137657858311,2
13054141063777229608,1
17581526669692926361,3
3966419439028741364,1
8692853656076492305,1
17960655575969820849,1
2479670750005320251,2
11587417947463993465,2
6919383308271354255,1
2851976305470914381,1
11025881327080527885,2
4158475870866841527,2
8791826184235989104,2
7895068040384820626,1
10267134449555837610,1
8878769422582419109,2
4091155866784243661,2
17953287488464069347,1
5945772549545883111,2
16208194407485918433,2
5836724168776526653,3
7664105206311254195,6
416546796659212461,2
9162011218266508219,2
12717591636245744635,73
9585848268537876615,2
10792836330788873463,2
8262835235080577708,2
10745941425643827705,2
2043321907269151457,2
3052966716253648459,1
12687894948969464046,2
2297889842153652975,2
11839126509523004229,2
4648853941341697345,1
10826484924886000409,2
13266661421344043082,1
6412727482629548423,1
5441008285821551242,1
619520807569432346,2
760278010157023536,2
15932575266162795825,1
14674144718468953504,2
2250079722075149832,4
85403969255900751,2
4086426500877697336,2
13980004298180576893,2
9011318405015893239,2
1458143345331867053,2
3120645561551653456,2
4895297855506415745,2
12821947427910904071,1
501235635612435242,2
14559381331350542622,2
15347621809790934673,2
10921705321795061412,2
4199793275499474477,2
257021246258905305,3
3116205944714171674,1
13830066973523997254,2
177327715244059335,2
8714669176253033954,2
12437900569837122531,2
10385111921044747755,2
13549099048785585076,2
1592014121798308909,2
16983524716482311547,5
13002330504525798590,2
14167855172176814404,6
7167822861209706199,2
10153647115645597289,1
7100819660007984778,2
16751172681242829547,2
9030713758563178289,2
7783817013149371046,2
13171338909543600663,2
7596492666455135895,2
4115421058189426038,2
8620147198425619313,2
13729252113630988481,1
13235113097104233211,2
15905253865690224103,1
257186224504981905,2
9618973828364823405,2
3539909017453368038,1
9111712623090867466,2
16363971571562684406,1
6419265345009514523,2
16257331444936496415,1
18038515730736321385,2
8121006666218107630,1
18124532270470595905,2
2120845675622969112,2
12747681898498998920,1
13060489229472354329,2
11969207213664981744,2
7307703686536525895,2
282653533933731523,2
2854153076572016129,1
15854965570884178455,2
9352814205589480256,2
668428848329096700,2
18400386866654633474,1
2589508238553943454,1
10631593942434256274,2
11140933154674989131,1
11902221716533579327,2
5067588738503578646,2
14251113364617932410,1
14679710734805385987,2
4445983804955489396,2
7750403689136454937,2
2705701289939729397,2
697782664682624918,2
17275414781160332214,2
11822044308676048548,1
4706535260858033647,2
11335952564768408248,1
5521000912400124644,2
15191291034731565176,2
915966751292036856,2
14939511988570396898,2
5911204104473889841,2
8979565426293415327,2
1228487744059519823,7
6855614905597382900,2
13585745586919203924,2
15544096229365416176,2
11100490410729579684,1
14818161583137464113,6
7416159825775629578,2
4192337680394685603,1
12589380592849046026,11
7462575062398870125,4
3052082849174401236,1
8021318512945261964,2
14768725829783496498,2
7880357139248727222,2
10125459395742558220,1
109477683867029260,2
8192879828027073734,2
17310750392920270723,1
12275689763919102929,2
12779414846817036246,2
6440362695340822183,2
17442356590820028694,2
11091690294068903399,2
16587473201771208721,1
16486825837911941730,2
15916229504847410753,1
16068472242540080147,1
6966749608969934242,2
12700361864879579121,2
9516186364445707602,2
12451889358969135717,2
14402539664220686066,2
8825382078683205504,2
18180760113636256665,2
15535438610193494077,2
3365209159641504097,2
18257274574051261013,2
12226998680728583287,8
10608272396833932611,2
742830731832496739,2
10514697653431927114,2
10659629545577643749,2
1453265855425904542,2
1242560209319698544,2
4714062859179323768,1
8615911114531665338,2
8832196625607797092,2
8939647676085260952,2
1847171589794178134,2
13520157073341979815,2
12264757671406787543,2
18138812759224531920,1
10339302831504521909,2
4292449326519491922,2
13413381054714411543,779
6285464078953207528,2
14910953974725719556,2
12147052693527826277,2
14885734917397759,2
7663015286503000986,2
3768457454487194627,2
5638353187519120371,1
7633995117196618075,2
1741287378317027583,2
14056433530684835853,2
8900206898058583008,1
4727865710644304190,1
9304602684287558515,5
9595321414265383674,2
587669115021965278,2
4405699754292699744,2
18065878762308249427,7
7344949749263624632,2
5145822417930899776,2
16175390596178618165,12
1844169458788825800,2
14302272563368996812,2
15015391959581329111,2
14740638823571726445,2
13375040338989550896,2
6372834549016089532,2
15639726857956584143,2
9146476447665790304,2
15415818274505606180,1
16641883707270428564,2
12280151587648704821,2
13924398712798773928,2
8859884080118364719,2
6267489599460829476,1
7928525811184148655,1
529017161894599256,1
1050854724540864821,2
9410319430857004901,2
8672892217509949840,2
17986805266691519083,7
690070258530964828,2
4673401509124770897,2
8050165776987822967,2
12367051993586764762,2
14884134818725750416,2
13436301055586593523,2
9422819827723541073,2
13194575159572589522,1
6305791971022640902,21
66967039030907612,1
131838252881301265,2
4292261291775057478,1
8183224443612491982,1
8390063801704595256,2
14188298417507179090,2
2511713410625635630,1
13324002159111361658,2
14345262216087166794,1
5742303103657570473,2
5605659586323250545,2
1874319617272525160,2
17712242371564263377,1
1819623287414746999,2
928266678053691775,2
5955238826523000625,4
14432798462470535094,2
4724545022613495812,2
16072960634037710794,2
15939147619088700186,2
1538679921036205848,2
7119017094731915697,1
7179100637040945830,1
70705441528220554,2
7705662780560676862,2
4475951807149811868,2
13631347086504249005,2
1127325119981070419,2
6123126791752429674,2
12448243844898677589,2
10608437956076887420,2
14446039260764390600,2
8074999992961240421,1
11927589630779716039,2
10903497479017566615,2
4836827672370272093,1
15657066161424701939,2
17554080984694733551,2
3180113534509458743,3
15930058805776901504,2
10797647256726101608,2
13881351840895347437,1
4513956069147129202,2
6540833541990344037,2
7055086574846291194,2
12922422797168435088,2
7976025241280435863,2
10318805801049662310,1
16342120903198847753,2
9565978128674136835,2
12541611759124555741,2
1684956784347609748,2
11378754730599648722,1
3256206666745293510,2
7053695021514388817,2
14125755017553635508,2
17448502904284940408,2
150408406941262938,1
3385515348486321972,1
4075659268808644091,2
12911076283202675398,1
10968016376080156151,2
3769293110394794259,1
14841038340030124156,2
1576446670323739296,1
28972438378711910,2
9071667589711273033,3
4902822252251775633,1
14449091739914733038,2
12001925987018663008,2
10018654840583643973,2
15606381897858558227,2
15075841794123725902,1
4111080893307988074,2
2433033019296893994,2
4874678611739906511,2
5240896283559446235,2
17307793947821948865,2
3433152391382943291,1
11988652944460208244,2
11748575551982127979,2
7545033049771880931,2
5109114477604724790,2
12527965183529962209,1
2813096186282701186,2
18110831296267292538,3
9216537564385959627,2
18019777979889910419,2
13892342258789071878,1
10251159799747324995,2
3978944497924893752,2
17881527544267579675,2
2501063508456543205,2
740176135306913139,2
3716407058683139168,2
10089803915316633336,2
6823246672831375034,2
941439973531380510,1
18150898305433357288,2
10305095244495609879,17
391341373112080786,2
11294384883542818273,2
3505567953077343089,2
13683249642776711791,1
13822639564003143011,2
10984599232763225912,2
7364480504064001654,2
17139955580377114329,1
1911442007414942660,2
8170981268256069008,2
12984058836032652872,2
9577734894166984575,2
14592134332658261828,2
18216992975978346237,2
16781243630908815973,2
15853041093047695158,2
10566700224129884768,2
1753045341551364284,1
14125279161284397726,1
5247566394310881764,1
17092403911970945503,2
13871210544153929638,2
3619722599659253432,2
5268587931903712755,2
12737527906068426450,2
8310113795622086609,2
14535235535278316083,1
18215741699308149315,2
16443060222275604098,1
4267900891012274432,2
6283365381764969564,1
17369214935400736343,3
13941362714348994715,2
672917138798061371,3
9944047884194980149,5
11103866672363818851,2
8172812921243840316,2
8117157385926523940,2
14285858530066541939,1
1438942894957754600,1
11314325999197105077,2
12693537786826022146,2
18183849888850891460,2
15760469189130104777,6
10527981219678732459,2
13745770215066181688,1
10099488911123285930,6
1897760716878349169,2
12078471474432889642,2
8467569443114859477,16
980512533596487749,2
9385687373231044525,2
7618497921903012165,3
10745521907800610611,1
3764807838068743777,6
11647596508560914444,1
4392492516719814237,2
8580891221113062817,2
6852567260155886499,2
14172849082877358799,3
16642369352984622336,2
6883296803048263180,2
15740938320618843632,2
14618108599609216858,1
675882386626847611,2
17746312081572782216,2
2826793433744755767,1
17922055017217879828,2
15176431706316907628,2
3535764233797346503,1
6573003758526990012,2
16607879132613223687,2
13677545314089760657,2
8839601062702498665,2
17332635041714944033,2
4360362529003594525,2
13291076964797609923,2
11130754314200827789,1
11160843817614796565,2
1274848770312701850,6
8113480238705202354,1
7856194484031104628,1
1381661143424961951,1
16216476601592364376,2
18386381961676923027,2
8475516340426394395,1
15095679696649204168,2
2957578969845903165,1
10862305575302684248,1
17537228260490288079,1
13611949574145014668,2
8276931382244873336,1
18143328085201052986,1
16863447637729383488,2
7697056697750753198,12
1435652374161393135,2
1325317637782882945,2
6315764944506104320,1
10013535112441891006,2
1603973337392915840,1
1028349131079520043,2
8934673381822341306,2
16807826116896491909,2
11298975974994277719,2
13003080272475233095,2
6964297254991549078,2
9162906968871028036,2
2312248794123688152,2
3195552161611244832,2
5397637513766762980,2
7554639493049508934,2
867731562143580910,2
14786245094011548077,1
6280513540669015145,1
6902738825828822269,2
13649594219736178665,2
13163085120730296333,1
8691357683506694488,2
12618608365668952251,2
2487987603852118474,2
4243984250756124321,2
12435533247914048328,2
14246160724541224968,1
14266656421385045814,2
11454423676216219635,2
742165762317325728,1
11653188099419722348,1
3681178149176759791,1
408978157964787616,2
10933673451618481246,1
4971013347786047553,1
2007589697022832739,2
4230374527890852842,1
6087604648145336017,2
17245584308884984292,1
18170704737276846565,1
1887810837361215703,2
4618815184228642513,8
14905340446589670620,1
11683967715204648753,2
6147307597876524325,1
9080254654237819578,2
16315729150192805870,2
9742828588999905372,2
9842810880989754872,2
13826307776511426033,2
9586346535786996204,2
3125558238009479522,2
511316798377786242,2
5627750364262901895,2
15538566348100678639,2
11858328292197654151,2
6399518767162590423,1
5535851754726176025,2
14730060289716648416,2
10100727847675299453,2
3106546386075217910,2
12437861041888264403,1
9754103634199420925,1
11198217541900741360,1
1364158304620170596,2
109424778862299747,2
7993258160692519573,2
1762876305196514139,2
6292270568891784739,2
388268294858404240,2
4403975976297404726,2
3679208070300873637,2
12807260832690700496,2
15274787851544564621,1
2038406068318440011,2
3173061391791688791,1
