#distance	count	cdf
1	4250	0.00625904
2	2500	0.00994083
3	1562	0.0122412
4	1517	0.0144753
5	813	0.0156726
6	814	0.0168714
7	612	0.0177727
8	870	0.019054
9	543	0.0198537
10	598	0.0207344
11	330	0.0212204
12	411	0.0218256
13	317	0.0222925
14	450	0.0229552
15	394	0.0235355
16	321	0.0240082
17	216	0.0243263
18	191	0.0246076
19	181	0.0248742
20	265	0.0252644
21	203	0.0255634
22	200	0.0258579
23	159	0.0260921
24	155	0.0263204
25	163	0.0265604
26	129	0.0267504
27	153	0.0269757
28	183	0.0272452
29	156	0.027475
30	134	0.0276723
31	177	0.027933
32	122	0.0281127
33	136	0.0283129
34	182	0.028581
35	168	0.0288284
36	123	0.0290095
37	100	0.0291568
38	155	0.0293851
39	129	0.0295751
40	96	0.0297164
41	81	0.0298357
42	118	0.0300095
43	97	0.0301524
44	166	0.0303968
45	126	0.0305824
46	146	0.0307974
47	175	0.0310551
48	158	0.0312878
49	105	0.0314425
50	111	0.0316059
51	97	0.0317488
52	98	0.0318931
53	121	0.0320713
54	132	0.0322657
55	163	0.0325058
56	92	0.0326413
57	148	0.0328592
58	114	0.0330271
59	102	0.0331773
60	71	0.0332819
61	144	0.033494
62	109	0.0336545
63	67	0.0337532
64	67	0.0338518
65	128	0.0340403
66	89	0.0341714
67	82	0.0342922
68	72	0.0343982
69	53	0.0344763
70	50	0.0345499
71	61	0.0346397
72	47	0.0347089
73	51	0.0347841
74	57	0.034868
75	43	0.0349313
76	50	0.035005
77	46	0.0350727
78	47	0.0351419
79	40	0.0352008
80	46	0.0352686
81	49	0.0353407
82	43	0.0354041
83	50	0.0354777
84	46	0.0355454
85	62	0.0356368
86	47	0.035706
87	62	0.0357973
88	44	0.0358621
89	43	0.0359254
90	57	0.0360094
91	55	0.0360904
92	111	0.0362538
93	79	0.0363702
94	73	0.0364777
95	41	0.0365381
96	45	0.0366043
97	99	0.0367501
98	66	0.0368473
99	76	0.0369593
100	61	0.0370491
101	87	0.0371772
102	44	0.037242
103	73	0.0373495
104	78	0.0374644
105	75	0.0375749
106	53	0.0376529
107	48	0.0377236
108	64	0.0378178
109	53	0.0378959
110	46	0.0379636
111	71	0.0380682
112	68	0.0381684
113	63	0.0382611
114	54	0.0383407
115	56	0.0384231
116	63	0.0385159
117	38	0.0385719
118	33	0.0386205
119	43	0.0386838
120	62	0.0387751
121	55	0.0388561
122	29	0.0388988
123	31	0.0389445
124	28	0.0389857
125	27	0.0390255
126	41	0.0390859
127	30	0.03913
128	26	0.0391683
129	39	0.0392258
130	28	0.039267
131	25	0.0393038
132	36	0.0393568
133	25	0.0393937
134	39	0.0394511
135	29	0.0394938
136	21	0.0395247
137	23	0.0395586
138	26	0.0395969
139	33	0.0396455
140	42	0.0397073
141	33	0.0397559
142	46	0.0398237
143	66	0.0399209
144	53	0.0399989
145	36	0.040052
146	51	0.0401271
147	47	0.0401963
148	57	0.0402802
149	37	0.0403347
150	50	0.0404084
151	29	0.0404511
152	55	0.0405321
153	32	0.0405792
154	33	0.0406278
155	21	0.0406587
156	33	0.0407073
157	27	0.0407471
158	29	0.0407898
159	28	0.040831
160	23	0.0408649
161	30	0.0409091
162	21	0.04094
163	33	0.0409886
164	18	0.0410151
165	26	0.0410534
166	17	0.0410784
167	18	0.0411049
168	27	0.0411447
169	37	0.0411992
170	19	0.0412272
171	29	0.0412699
172	29	0.0413126
173	25	0.0413494
174	12	0.0413671
175	23	0.041401
176	17	0.041426
177	31	0.0414717
178	36	0.0415247
179	31	0.0415703
180	22	0.0416027
181	29	0.0416454
182	26	0.0416837
183	23	0.0417176
184	20	0.0417471
185	23	0.0417809
186	19	0.0418089
187	23	0.0418428
188	18	0.0418693
189	11	0.0418855
190	18	0.041912
191	16	0.0419356
192	27	0.0419753
193	14	0.0419959
194	15	0.042018
195	13	0.0420372
196	9	0.0420504
197	12	0.0420681
198	19	0.0420961
199	18	0.0421226
200	20	0.042152
201	20	0.0421815
202	13	0.0422006
203	23	0.0422345
204	14	0.0422551
205	15	0.0422772
206	17	0.0423023
207	18	0.0423288
208	22	0.0423612
209	11	0.0423774
210	21	0.0424083
211	7	0.0424186
212	12	0.0424363
213	10	0.042451
214	24	0.0424864
215	19	0.0425143
216	12	0.042532
217	17	0.042557
218	25	0.0425939
219	11	0.0426101
220	19	0.042638
221	16	0.0426616
222	20	0.0426911
223	10	0.0427058
224	17	0.0427308
225	11	0.042747
226	17	0.0427721
227	16	0.0427956
228	8	0.0428074
229	13	0.0428266
230	22	0.042859
231	20	0.0428884
232	11	0.0429046
233	12	0.0429223
234	14	0.0429429
235	11	0.0429591
236	12	0.0429768
237	12	0.0429944
238	22	0.0430268
239	11	0.043043
240	12	0.0430607
241	21	0.0430916
242	17	0.0431167
243	14	0.0431373
244	16	0.0431609
245	11	0.0431771
246	13	0.0431962
247	10	0.0432109
248	8	0.0432227
249	17	0.0432477
250	11	0.0432639
251	10	0.0432787
252	12	0.0432963
253	18	0.0433229
254	6	0.0433317
255	9	0.0433449
256	7	0.0433553
257	8	0.043367
258	10	0.0433818
259	13	0.0434009
260	16	0.0434245
261	7	0.0434348
262	12	0.0434525
263	12	0.0434701
264	5	0.0434775
265	14	0.0434981
266	6	0.0435069
267	11	0.0435231
268	10	0.0435379
269	17	0.0435629
270	11	0.0435791
271	4	0.043585
272	16	0.0436086
273	14	0.0436292
274	16	0.0436527
275	8	0.0436645
276	16	0.0436881
277	8	0.0436999
278	18	0.0437264
279	20	0.0437558
280	11	0.043772
281	18	0.0437985
282	17	0.0438236
283	16	0.0438471
284	6	0.043856
285	6	0.0438648
286	25	0.0439016
287	7	0.0439119
288	12	0.0439296
289	24	0.043965
290	5	0.0439723
291	10	0.0439871
292	27	0.0440268
293	28	0.0440681
294	19	0.044096
295	18	0.0441225
296	16	0.0441461
297	8	0.0441579
298	12	0.0441756
299	15	0.0441977
300	7	0.044208
301	17	0.044233
302	16	0.0442566
303	16	0.0442801
304	13	0.0442993
305	8	0.044311
306	12	0.0443287
307	17	0.0443538
308	20	0.0443832
309	14	0.0444038
310	13	0.044423
311	15	0.0444451
312	15	0.0444672
313	17	0.0444922
314	9	0.0445054
315	19	0.0445334
316	14	0.044554
317	13	0.0445732
318	15	0.0445953
319	19	0.0446233
320	8	0.044635
321	13	0.0446542
322	14	0.0446748
323	12	0.0446925
324	17	0.0447175
325	11	0.0447337
326	10	0.0447484
327	15	0.0447705
328	12	0.0447882
329	13	0.0448074
330	9	0.0448206
331	9	0.0448339
332	14	0.0448545
333	16	0.044878
334	8	0.0448898
335	10	0.0449046
336	15	0.0449266
337	11	0.0449428
338	11	0.044959
339	10	0.0449738
340	12	0.0449914
341	16	0.045015
342	10	0.0450297
343	3	0.0450342
344	7	0.0450445
345	9	0.0450577
346	6	0.0450666
347	5	0.0450739
348	6	0.0450828
349	14	0.0451034
350	12	0.045121
351	5	0.0451284
352	21	0.0451593
353	4	0.0451652
354	7	0.0451755
355	3	0.04518
356	10	0.0451947
357	8	0.0452065
358	10	0.0452212
359	2	0.0452241
360	4	0.04523
361	5	0.0452374
362	11	0.0452536
363	4	0.0452595
364	6	0.0452683
365	3	0.0452727
366	9	0.045286
367	3	0.0452904
368	9	0.0453037
369	14	0.0453243
370	9	0.0453375
371	7	0.0453478
372	8	0.0453596
373	5	0.045367
374	8	0.0453788
375	12	0.0453964
376	5	0.0454038
377	7	0.0454141
378	3	0.0454185
379	8	0.0454303
380	5	0.0454377
381	9	0.0454509
382	5	0.0454583
383	5	0.0454657
384	3	0.0454701
385	8	0.0454819
386	4	0.0454877
387	10	0.0455025
388	5	0.0455098
389	9	0.0455231
390	10	0.0455378
391	9	0.0455511
392	6	0.0455599
393	5	0.0455673
394	6	0.0455761
395	7	0.0455864
396	3	0.0455908
397	5	0.0455982
398	5	0.0456056
399	10	0.0456203
400	4	0.0456262
401	5	0.0456335
402	7	0.0456439
403	4	0.0456497
404	6	0.0456586
405	11	0.0456748
406	8	0.0456866
407	3	0.045691
408	11	0.0457072
409	8	0.045719
410	5	0.0457263
411	5	0.0457337
412	7	0.045744
413	11	0.0457602
414	9	0.0457735
415	7	0.0457838
416	12	0.0458014
417	3	0.0458059
418	9	0.0458191
419	6	0.0458279
420	3	0.0458324
421	7	0.0458427
422	10	0.0458574
423	12	0.0458751
424	12	0.0458927
425	16	0.0459163
426	12	0.045934
427	13	0.0459531
428	13	0.0459723
429	4	0.0459782
430	9	0.0459914
431	12	0.0460091
432	5	0.0460165
433	9	0.0460297
434	16	0.0460533
435	7	0.0460636
436	6	0.0460724
437	5	0.0460798
438	9	0.046093
439	8	0.0461048
440	7	0.0461151
441	6	0.046124
442	15	0.0461461
443	10	0.0461608
444	8	0.0461726
445	6	0.0461814
446	13	0.0462005
447	12	0.0462182
448	8	0.04623
449	10	0.0462447
450	9	0.046258
451	10	0.0462727
452	8	0.0462845
453	8	0.0462963
454	8	0.0463081
455	8	0.0463198
456	5	0.0463272
457	6	0.046336
458	5	0.0463434
459	6	0.0463522
460	7	0.0463625
461	17	0.0463876
462	14	0.0464082
463	9	0.0464214
464	7	0.0464318
465	9	0.046445
466	12	0.0464627
467	5	0.04647
468	9	0.0464833
469	4	0.0464892
470	9	0.0465024
471	6	0.0465113
472	7	0.0465216
473	3	0.046526
474	8	0.0465378
475	4	0.0465437
476	7	0.046554
477	8	0.0465658
478	3	0.0465702
479	6	0.046579
480	4	0.0465849
481	4	0.0465908
482	6	0.0465996
483	5	0.046607
484	4	0.0466129
485	4	0.0466188
486	7	0.0466291
487	5	0.0466365
488	9	0.0466497
489	2	0.0466527
490	12	0.0466703
491	8	0.0466821
492	10	0.0466968
493	6	0.0467057
494	3	0.0467101
495	6	0.0467189
496	6	0.0467278
497	7	0.0467381
498	10	0.0467528
499	10	0.0467675
500	6	0.0467764
501	1	0.0467778
502	4	0.0467837
503	2	0.0467867
504	6	0.0467955
505	8	0.0468073
506	4	0.0468132
507	6	0.046822
508	5	0.0468294
509	4	0.0468353
510	3	0.0468397
511	6	0.0468485
512	5	0.0468559
513	2	0.0468588
514	5	0.0468662
515	4	0.0468721
516	1	0.0468736
517	7	0.0468839
518	3	0.0468883
519	3	0.0468927
520	5	0.0469001
521	2	0.046903
522	3	0.0469074
523	6	0.0469163
524	7	0.0469266
525	4	0.0469325
526	7	0.0469428
527	7	0.0469531
528	5	0.0469605
529	6	0.0469693
530	5	0.0469767
531	2	0.0469796
532	4	0.0469855
533	2	0.0469884
534	5	0.0469958
535	5	0.0470032
536	7	0.0470135
537	7	0.0470238
538	5	0.0470312
539	4	0.047037
540	6	0.0470459
541	6	0.0470547
542	5	0.0470621
543	8	0.0470739
544	2	0.0470768
545	10	0.0470915
546	5	0.0470989
547	15	0.047121
548	5	0.0471284
549	2	0.0471313
550	6	0.0471401
551	4	0.047146
552	4	0.0471519
553	5	0.0471593
554	5	0.0471666
555	6	0.0471755
556	5	0.0471828
557	10	0.0471976
558	4	0.0472035
559	5	0.0472108
560	2	0.0472138
561	4	0.0472197
562	2	0.0472226
563	6	0.0472314
564	4	0.0472373
565	5	0.0472447
566	10	0.0472594
567	4	0.0472653
568	7	0.0472756
569	9	0.0472889
570	10	0.0473036
571	8	0.0473154
572	5	0.0473228
573	4	0.0473286
574	10	0.0473434
575	3	0.0473478
576	6	0.0473566
577	5	0.047364
578	6	0.0473728
579	5	0.0473802
580	4	0.0473861
581	4	0.047392
582	7	0.0474023
583	6	0.0474111
584	5	0.0474185
585	1	0.04742
586	6	0.0474288
587	6	0.0474376
588	6	0.0474465
589	5	0.0474538
590	8	0.0474656
591	6	0.0474744
592	1	0.0474759
593	6	0.0474848
594	6	0.0474936
595	2	0.0474965
596	4	0.0475024
597	5	0.0475098
598	9	0.047523
599	8	0.0475348
600	6	0.0475437
601	11	0.0475599
602	7	0.0475702
603	5	0.0475775
604	5	0.0475849
605	2	0.0475878
606	5	0.0475952
607	10	0.0476099
608	5	0.0476173
609	6	0.0476261
610	6	0.047635
611	3	0.0476394
612	4	0.0476453
613	2	0.0476482
614	3	0.0476526
615	4	0.0476585
616	7	0.0476688
617	4	0.0476747
618	6	0.0476836
619	4	0.0476895
620	2	0.0476924
621	6	0.0477012
622	6	0.0477101
623	5	0.0477174
624	3	0.0477219
625	3	0.0477263
626	5	0.0477336
628	3	0.0477381
629	5	0.0477454
630	8	0.0477572
631	6	0.047766
632	2	0.047769
633	8	0.0477808
634	3	0.0477852
635	10	0.0477999
636	5	0.0478073
637	2	0.0478102
638	3	0.0478146
639	1	0.0478161
640	6	0.0478249
641	6	0.0478338
642	4	0.0478397
643	4	0.0478456
644	4	0.0478515
645	3	0.0478559
646	9	0.0478691
647	3	0.0478735
648	2	0.0478765
649	9	0.0478897
650	4	0.0478956
651	4	0.0479015
652	4	0.0479074
653	7	0.0479177
654	2	0.0479207
655	5	0.047928
656	5	0.0479354
657	13	0.0479545
658	3	0.047959
659	4	0.0479649
660	4	0.0479707
661	5	0.0479781
662	4	0.047984
663	8	0.0479958
664	4	0.0480017
665	2	0.0480046
666	6	0.0480135
667	4	0.0480193
668	2	0.0480223
669	5	0.0480297
670	2	0.0480326
671	4	0.0480385
672	5	0.0480459
673	6	0.0480547
674	5	0.0480621
675	6	0.0480709
676	7	0.0480812
677	5	0.0480886
678	4	0.0480945
679	10	0.0481092
680	6	0.048118
681	1	0.0481195
682	4	0.0481254
683	2	0.0481283
684	6	0.0481372
685	6	0.048146
686	1	0.0481475
687	7	0.0481578
688	4	0.0481637
689	3	0.0481681
690	3	0.0481725
691	3	0.0481769
692	1	0.0481784
693	3	0.0481828
694	6	0.0481917
695	7	0.048202
696	4	0.0482079
697	3	0.0482123
698	5	0.0482196
699	2	0.0482226
700	3	0.048227
701	3	0.0482314
702	2	0.0482344
704	4	0.0482403
705	2	0.0482432
706	4	0.0482491
707	2	0.048252
708	4	0.0482579
709	2	0.0482609
710	5	0.0482682
711	2	0.0482712
712	4	0.0482771
713	3	0.0482815
714	2	0.0482844
715	3	0.0482889
716	4	0.0482947
717	7	0.0483051
718	3	0.0483095
719	2	0.0483124
720	4	0.0483183
721	4	0.0483242
722	5	0.0483316
723	4	0.0483375
724	5	0.0483448
725	1	0.0483463
726	1	0.0483478
727	7	0.0483581
729	1	0.0483595
730	4	0.0483654
731	2	0.0483684
732	2	0.0483713
733	6	0.0483802
734	3	0.0483846
735	3	0.048389
736	3	0.0483934
737	5	0.0484008
738	2	0.0484037
739	2	0.0484067
740	3	0.0484111
741	1	0.0484126
742	4	0.0484185
743	2	0.0484214
744	6	0.0484302
745	3	0.0484347
746	6	0.0484435
747	5	0.0484509
748	3	0.0484553
749	3	0.0484597
750	3	0.0484641
751	5	0.0484715
752	3	0.0484759
753	6	0.0484847
754	3	0.0484891
755	4	0.048495
756	3	0.0484995
757	2	0.0485024
758	1	0.0485039
759	5	0.0485112
760	5	0.0485186
761	5	0.048526
762	3	0.0485304
763	2	0.0485333
764	4	0.0485392
765	6	0.0485481
767	3	0.0485525
768	4	0.0485584
769	1	0.0485598
770	1	0.0485613
771	4	0.0485672
772	4	0.0485731
773	4	0.048579
774	7	0.0485893
775	1	0.0485908
776	2	0.0485937
777	1	0.0485952
778	3	0.0485996
779	3	0.048604
780	1	0.0486055
781	5	0.0486128
782	8	0.0486246
783	5	0.048632
784	5	0.0486394
785	5	0.0486467
786	2	0.0486497
787	3	0.0486541
788	4	0.04866
789	4	0.0486659
790	3	0.0486703
791	7	0.0486806
792	3	0.048685
793	3	0.0486894
794	1	0.0486909
795	4	0.0486968
796	6	0.0487056
797	3	0.04871
798	1	0.0487115
799	3	0.0487159
800	6	0.0487248
801	3	0.0487292
802	4	0.0487351
803	1	0.0487366
804	3	0.048741
805	2	0.0487439
806	6	0.0487528
807	4	0.0487586
808	2	0.0487616
809	3	0.048766
810	4	0.0487719
811	3	0.0487763
812	4	0.0487822
814	5	0.0487896
815	1	0.048791
816	6	0.0487999
817	4	0.0488058
818	4	0.0488117
819	2	0.0488146
820	2	0.0488176
821	3	0.048822
823	5	0.0488293
824	4	0.0488352
825	4	0.0488411
826	4	0.048847
827	5	0.0488544
828	3	0.0488588
829	1	0.0488603
830	1	0.0488617
831	2	0.0488647
832	3	0.0488691
833	8	0.0488809
834	6	0.0488897
835	2	0.0488927
836	3	0.0488971
837	4	0.048903
838	3	0.0489074
839	1	0.0489089
840	2	0.0489118
841	1	0.0489133
842	1	0.0489148
843	4	0.0489206
844	2	0.0489236
845	4	0.0489295
846	2	0.0489324
848	2	0.0489354
849	5	0.0489427
850	2	0.0489457
851	5	0.048953
852	1	0.0489545
853	8	0.0489663
854	1	0.0489678
855	1	0.0489692
856	1	0.0489707
857	1	0.0489722
859	2	0.0489751
860	2	0.0489781
861	4	0.048984
863	2	0.0489869
864	4	0.0489928
865	3	0.0489972
866	3	0.0490016
868	1	0.0490031
869	3	0.0490075
870	5	0.0490149
871	1	0.0490164
872	3	0.0490208
873	6	0.0490296
874	1	0.0490311
875	3	0.0490355
876	1	0.049037
877	4	0.0490429
878	4	0.0490488
879	6	0.0490576
880	1	0.0490591
881	5	0.0490664
882	2	0.0490694
883	1	0.0490709
884	4	0.0490768
886	3	0.0490812
887	6	0.04909
889	1	0.0490915
890	3	0.0490959
891	4	0.0491018
892	3	0.0491062
893	3	0.0491106
895	4	0.0491165
896	3	0.0491209
897	2	0.0491239
898	2	0.0491268
899	5	0.0491342
900	1	0.0491357
901	2	0.0491386
902	2	0.0491416
903	2	0.0491445
904	1	0.049146
905	4	0.0491519
907	3	0.0491563
908	2	0.0491592
909	1	0.0491607
910	2	0.0491636
911	5	0.049171
912	1	0.0491725
913	3	0.0491769
914	1	0.0491784
915	1	0.0491798
916	4	0.0491857
917	3	0.0491902
918	1	0.0491916
919	3	0.049196
920	3	0.0492005
921	2	0.0492034
923	4	0.0492093
924	1	0.0492108
926	4	0.0492167
927	3	0.0492211
928	7	0.0492314
929	1	0.0492329
930	2	0.0492358
931	2	0.0492388
932	3	0.0492432
933	1	0.0492446
934	2	0.0492476
935	2	0.0492505
936	4	0.0492564
937	4	0.0492623
938	1	0.0492638
939	8	0.0492756
940	1	0.049277
941	3	0.0492815
942	4	0.0492874
943	1	0.0492888
944	3	0.0492932
945	3	0.0492977
946	4	0.0493036
947	2	0.0493065
948	1	0.049308
949	2	0.0493109
950	3	0.0493153
951	1	0.0493168
952	1	0.0493183
953	3	0.0493227
954	1	0.0493242
955	3	0.0493286
956	2	0.0493315
957	3	0.049336
959	7	0.0493463
960	2	0.0493492
961	2	0.0493522
962	2	0.0493551
963	3	0.0493595
964	3	0.0493639
965	4	0.0493698
966	3	0.0493742
967	2	0.0493772
968	2	0.0493801
969	1	0.0493816
970	2	0.0493846
971	1	0.049386
972	2	0.049389
973	1	0.0493904
974	3	0.0493949
975	2	0.0493978
976	1	0.0493993
977	5	0.0494066
978	2	0.0494096
979	4	0.0494155
981	1	0.049417
982	2	0.0494199
984	1	0.0494214
985	5	0.0494287
986	1	0.0494302
987	2	0.0494332
988	3	0.0494376
989	2	0.0494405
990	1	0.049442
992	1	0.0494435
995	6	0.0494523
997	1	0.0494538
998	3	0.0494582
999	2	0.0494611
1000	3	0.0494656
1001	4	0.0494714
1002	6	0.0494803
1003	4	0.0494862
1004	2	0.0494891
1005	3	0.0494935
1006	2	0.0494965
1007	6	0.0495053
1008	4	0.0495112
1009	4	0.0495171
1010	2	0.04952
1011	3	0.0495245
1012	1	0.0495259
1013	4	0.0495318
1014	4	0.0495377
1015	2	0.0495407
1016	4	0.0495466
1018	3	0.049551
1019	4	0.0495569
1020	2	0.0495598
1021	3	0.0495642
1022	6	0.0495731
1023	4	0.049579
1025	2	0.0495819
1026	5	0.0495893
1027	4	0.0495952
1028	3	0.0495996
1029	5	0.0496069
1030	2	0.0496099
1031	3	0.0496143
1032	2	0.0496172
1034	2	0.0496202
1035	3	0.0496246
1036	5	0.049632
1037	3	0.0496364
1038	2	0.0496393
1039	3	0.0496438
1040	4	0.0496496
1041	1	0.0496511
1042	2	0.0496541
1043	2	0.049657
1044	2	0.04966
1045	2	0.0496629
1046	7	0.0496732
1047	1	0.0496747
1048	5	0.049682
1049	2	0.049685
1050	4	0.0496909
1051	1	0.0496923
1052	2	0.0496953
1053	3	0.0496997
1054	1	0.0497012
1055	4	0.0497071
1056	5	0.0497144
1057	5	0.0497218
1058	2	0.0497247
1059	2	0.0497277
1060	1	0.0497292
1062	4	0.0497351
1063	5	0.0497424
1064	6	0.0497513
1065	4	0.0497571
1066	3	0.0497616
1067	1	0.049763
1068	5	0.0497704
1070	2	0.0497733
1071	3	0.0497778
1072	2	0.0497807
1073	2	0.0497837
1074	4	0.0497895
1075	6	0.0497984
1076	1	0.0497999
1077	2	0.0498028
1078	4	0.0498087
1079	4	0.0498146
1080	3	0.049819
1081	1	0.0498205
1082	4	0.0498264
1083	1	0.0498278
1084	1	0.0498293
1086	4	0.0498352
1088	5	0.0498426
1089	2	0.0498455
1090	3	0.0498499
1091	2	0.0498529
1092	2	0.0498558
1093	1	0.0498573
1095	5	0.0498647
1096	6	0.0498735
1097	1	0.049875
1098	3	0.0498794
1099	3	0.0498838
1100	1	0.0498853
1101	2	0.0498882
1102	3	0.0498926
1103	1	0.0498941
1104	1	0.0498956
1105	4	0.0499015
1106	1	0.0499029
1107	1	0.0499044
1108	2	0.0499074
1109	1	0.0499088
1110	6	0.0499177
1111	3	0.0499221
1112	1	0.0499236
1113	4	0.0499295
1114	2	0.0499324
1115	1	0.0499339
1116	1	0.0499353
1117	1	0.0499368
1119	1	0.0499383
1120	1	0.0499398
1121	3	0.0499442
1122	2	0.0499471
1124	2	0.0499501
1125	1	0.0499515
1126	2	0.0499545
1128	2	0.0499574
1129	3	0.0499619
1130	3	0.0499663
1131	5	0.0499736
1132	2	0.0499766
1134	3	0.049981
1135	6	0.0499898
1136	2	0.0499928
1137	1	0.0499943
1138	1	0.0499957
1139	1	0.0499972
1140	4	0.0500031
1141	2	0.050006
1142	3	0.0500105
1143	1	0.0500119
1144	2	0.0500149
1145	3	0.0500193
1146	3	0.0500237
1147	1	0.0500252
1148	1	0.0500267
1149	2	0.0500296
1150	1	0.0500311
1151	2	0.050034
1152	1	0.0500355
1153	1	0.050037
1156	2	0.0500399
1157	2	0.0500429
1158	3	0.0500473
1159	4	0.0500532
1160	2	0.0500561
1161	2	0.0500591
1162	1	0.0500605
1164	1	0.050062
1167	2	0.0500649
1168	2	0.0500679
1169	2	0.0500708
1170	2	0.0500738
1171	1	0.0500753
1174	1	0.0500767
1176	1	0.0500782
1178	1	0.0500797
1179	4	0.0500856
1180	1	0.050087
1181	3	0.0500915
1182	3	0.0500959
1184	2	0.0500988
1185	3	0.0501032
1186	1	0.0501047
1187	1	0.0501062
1188	2	0.0501091
1189	2	0.0501121
1191	2	0.050115
1193	2	0.050118
1194	2	0.0501209
1195	1	0.0501224
1196	3	0.0501268
1198	4	0.0501327
1199	3	0.0501371
1200	2	0.0501401
1201	5	0.0501474
1202	6	0.0501563
1203	1	0.0501577
1204	2	0.0501607
1205	2	0.0501636
1206	4	0.0501695
1207	1	0.050171
1208	2	0.0501739
1210	3	0.0501783
1211	2	0.0501813
1212	3	0.0501857
1213	3	0.0501901
1214	2	0.0501931
1215	2	0.050196
1216	2	0.050199
1217	1	0.0502004
1218	4	0.0502063
1219	2	0.0502093
1220	4	0.0502152
1221	2	0.0502181
1222	3	0.0502225
1223	1	0.050224
1224	1	0.0502255
1225	1	0.0502269
1226	3	0.0502314
1227	2	0.0502343
1228	2	0.0502373
1229	2	0.0502402
1230	2	0.0502431
1231	1	0.0502446
1232	4	0.0502505
1233	2	0.0502535
1234	5	0.0502608
1235	2	0.0502638
1236	3	0.0502682
1237	2	0.0502711
1238	29	0.0503138
1239	3	0.0503183
1240	2	0.0503212
1241	1	0.0503227
1242	2	0.0503256
1243	4	0.0503315
1244	1	0.050333
1245	1	0.0503345
1246	2	0.0503374
1247	2	0.0503403
1249	2	0.0503433
1250	1	0.0503448
1251	3	0.0503492
1252	4	0.0503551
1253	1	0.0503565
1254	2	0.0503595
1255	4	0.0503654
1256	1	0.0503669
1257	1	0.0503683
1258	4	0.0503742
1259	4	0.0503801
1260	2	0.0503831
1261	1	0.0503845
1262	4	0.0503904
1263	3	0.0503948
1264	1	0.0503963
1265	3	0.0504007
1266	2	0.0504037
1267	2	0.0504066
1268	2	0.0504096
1269	3	0.050414
1271	2	0.0504169
1272	2	0.0504199
1273	1	0.0504213
1274	1	0.0504228
1275	2	0.0504258
1278	6	0.0504346
1279	1	0.0504361
1280	2	0.050439
1282	1	0.0504405
1283	1	0.050442
1284	6	0.0504508
1285	1	0.0504523
1286	2	0.0504552
1289	1	0.0504567
1290	3	0.0504611
1291	2	0.0504641
1292	4	0.0504699
1293	1	0.0504714
1294	2	0.0504744
1295	1	0.0504758
1296	1	0.0504773
1297	6	0.0504861
1299	3	0.0504906
1300	1	0.050492
1301	3	0.0504965
1302	1	0.0504979
1303	2	0.0505009
1304	2	0.0505038
1305	3	0.0505082
1306	3	0.0505127
1307	1	0.0505141
1309	5	0.0505215
1310	3	0.0505259
1311	1	0.0505274
1312	2	0.0505303
1314	1	0.0505318
1315	2	0.0505347
1316	3	0.0505392
1317	5	0.0505465
1318	2	0.0505495
1319	5	0.0505568
1321	1	0.0505583
1322	7	0.0505686
1323	5	0.050576
1324	1	0.0505775
1325	1	0.0505789
1326	1	0.0505804
1327	2	0.0505833
1328	3	0.0505878
1329	1	0.0505892
1331	2	0.0505922
1332	3	0.0505966
1333	3	0.050601
1334	2	0.050604
1335	2	0.0506069
1336	1	0.0506084
1337	3	0.0506128
1338	1	0.0506143
1339	1	0.0506157
1340	3	0.0506202
1341	3	0.0506246
1342	1	0.0506261
1344	1	0.0506275
1345	2	0.0506305
1346	1	0.0506319
1347	2	0.0506349
1349	1	0.0506364
1350	2	0.0506393
1351	2	0.0506423
1353	2	0.0506452
1354	1	0.0506467
1355	1	0.0506481
1356	3	0.0506526
1359	1	0.050654
1360	3	0.0506585
1361	3	0.0506629
1362	3	0.0506673
1363	1	0.0506688
1364	1	0.0506702
1365	2	0.0506732
1367	1	0.0506747
1368	3	0.0506791
1369	1	0.0506805
1370	2	0.0506835
1372	4	0.0506894
1374	3	0.0506938
1377	4	0.0506997
1379	1	0.0507012
1380	1	0.0507026
1381	1	0.0507041
1382	3	0.0507085
1384	3	0.0507129
1385	4	0.0507188
1386	3	0.0507233
1387	2	0.0507262
1388	1	0.0507277
1389	3	0.0507321
1390	4	0.050738
1391	3	0.0507424
1392	6	0.0507512
1393	1	0.0507527
1394	2	0.0507557
1395	2	0.0507586
1397	4	0.0507645
1398	1	0.050766
1399	1	0.0507674
1400	3	0.0507718
1402	3	0.0507763
1404	1	0.0507777
1405	1	0.0507792
1406	4	0.0507851
1407	4	0.050791
1408	3	0.0507954
1409	2	0.0507984
1410	1	0.0507998
1411	3	0.0508042
1412	1	0.0508057
1413	2	0.0508087
1414	6	0.0508175
1415	3	0.0508219
1416	3	0.0508263
1417	2	0.0508293
1418	4	0.0508352
1419	3	0.0508396
1420	1	0.0508411
1422	5	0.0508484
1423	1	0.0508499
1424	1	0.0508514
1425	1	0.0508528
1426	2	0.0508558
1427	1	0.0508573
1428	3	0.0508617
1429	1	0.0508632
1430	4	0.050869
1432	1	0.0508705
1433	4	0.0508764
1434	1	0.0508779
1435	1	0.0508794
1436	2	0.0508823
1437	2	0.0508852
1439	2	0.0508882
1441	2	0.0508911
1442	1	0.0508926
1443	4	0.0508985
1444	1	0.0509
1445	1	0.0509014
1446	3	0.0509059
1447	2	0.0509088
1448	1	0.0509103
1449	1	0.0509118
1450	2	0.0509147
1451	2	0.0509176
1454	2	0.0509206
1455	5	0.050928
1456	3	0.0509324
1457	6	0.0509412
1458	3	0.0509456
1460	2	0.0509486
1461	1	0.05095
1462	3	0.0509545
1463	2	0.0509574
1465	1	0.0509589
1466	4	0.0509648
1467	1	0.0509662
1469	3	0.0509707
1470	3	0.0509751
1473	1	0.0509766
1474	4	0.0509824
1475	2	0.0509854
1476	2	0.0509883
1477	1	0.0509898
1478	1	0.0509913
1481	1	0.0509928
1482	1	0.0509942
1483	1	0.0509957
1484	1	0.0509972
1485	2	0.0510001
1486	1	0.0510016
1487	3	0.051006
1488	1	0.0510075
1489	2	0.0510104
1490	3	0.0510148
1491	2	0.0510178
1492	1	0.0510193
1493	2	0.0510222
1494	2	0.0510252
1495	2	0.0510281
1496	2	0.051031
1497	1	0.0510325
1498	3	0.0510369
1499	3	0.0510414
1500	1	0.0510428
1501	5	0.0510502
1502	1	0.0510517
1503	6	0.0510605
1504	2	0.0510634
1505	3	0.0510679
1506	2	0.0510708
1507	2	0.0510738
1508	2	0.0510767
1509	3	0.0510811
1510	4	0.051087
1511	4	0.0510929
1512	2	0.0510958
1513	1	0.0510973
1515	3	0.0511017
1517	2	0.0511047
1518	2	0.0511076
1520	3	0.051112
1521	3	0.0511165
1522	1	0.0511179
1523	1	0.0511194
1524	3	0.0511238
1525	2	0.0511268
1526	5	0.0511341
1527	3	0.0511386
1529	2	0.0511415
1530	2	0.0511444
1531	2	0.0511474
1532	1	0.0511489
1533	2	0.0511518
1534	2	0.0511548
1535	1	0.0511562
1536	4	0.0511621
1537	2	0.0511651
1538	2	0.051168
1540	1	0.0511695
1541	2	0.0511724
1542	1	0.0511739
1543	2	0.0511768
1546	1	0.0511783
1547	1	0.0511798
1548	1	0.0511813
1549	2	0.0511842
1550	2	0.0511872
1551	2	0.0511901
1553	2	0.051193
1554	4	0.0511989
1555	2	0.0512019
1556	2	0.0512048
1557	4	0.0512107
1559	3	0.0512151
1560	2	0.0512181
1561	1	0.0512196
1562	6	0.0512284
1563	2	0.0512313
1564	2	0.0512343
1565	1	0.0512358
1568	2	0.0512387
1570	1	0.0512402
1571	2	0.0512431
1572	3	0.0512475
1573	2	0.0512505
1574	1	0.051252
1575	2	0.0512549
1576	1	0.0512564
1578	2	0.0512593
1579	1	0.0512608
1580	1	0.0512623
1581	3	0.0512667
1582	2	0.0512696
1583	3	0.051274
1585	1	0.0512755
1586	2	0.0512785
1587	1	0.0512799
1588	1	0.0512814
1589	2	0.0512844
1590	1	0.0512858
1593	2	0.0512888
1594	1	0.0512902
1596	3	0.0512947
1597	1	0.0512961
1598	1	0.0512976
1599	1	0.0512991
1600	3	0.0513035
1601	2	0.0513064
1602	2	0.0513094
1603	3	0.0513138
1605	2	0.0513168
1606	1	0.0513182
1607	4	0.0513241
1608	4	0.05133
1609	2	0.051333
1611	4	0.0513388
1612	2	0.0513418
1613	2	0.0513447
1614	3	0.0513492
1615	1	0.0513506
1616	1	0.0513521
1618	4	0.051358
1619	1	0.0513595
1620	1	0.0513609
1621	5	0.0513683
1622	2	0.0513712
1623	3	0.0513757
1624	3	0.0513801
1625	1	0.0513816
1626	3	0.051386
1627	5	0.0513933
1628	1	0.0513948
1629	1	0.0513963
1630	2	0.0513992
1631	1	0.0514007
1632	2	0.0514036
1633	2	0.0514066
1634	1	0.0514081
1635	2	0.051411
1636	1	0.0514125
1637	3	0.0514169
1640	2	0.0514198
1641	2	0.0514228
1642	1	0.0514243
1643	1	0.0514257
1644	2	0.0514287
1645	1	0.0514302
1646	1	0.0514316
1647	4	0.0514375
1648	1	0.051439
1649	2	0.0514419
1650	3	0.0514464
1651	2	0.0514493
1652	1	0.0514508
1653	4	0.0514567
1654	1	0.0514581
1655	1	0.0514596
1656	1	0.0514611
1659	2	0.051464
1660	1	0.0514655
1662	1	0.051467
1664	1	0.0514684
1665	2	0.0514714
1666	3	0.0514758
1667	2	0.0514788
1668	2	0.0514817
1670	1	0.0514832
1671	4	0.0514891
1672	1	0.0514905
1673	2	0.0514935
1674	3	0.0514979
1675	3	0.0515023
1676	3	0.0515067
1677	4	0.0515126
1678	1	0.0515141
1680	3	0.0515185
1681	1	0.05152
1682	3	0.0515244
1683	2	0.0515274
1685	3	0.0515318
1687	2	0.0515347
1688	2	0.0515377
1690	2	0.0515406
1691	2	0.0515436
1692	2	0.0515465
1693	3	0.0515509
1694	4	0.0515568
1696	3	0.0515612
1697	2	0.0515642
1698	1	0.0515656
1699	4	0.0515715
1700	1	0.051573
1701	3	0.0515774
1702	1	0.0515789
1703	3	0.0515833
1704	2	0.0515863
1705	2	0.0515892
1707	2	0.0515922
1708	1	0.0515936
1709	2	0.0515966
1710	2	0.0515995
1711	4	0.0516054
1712	1	0.0516069
1713	2	0.0516098
1714	2	0.0516128
1715	6	0.0516216
1716	1	0.0516231
1717	3	0.0516275
1718	1	0.051629
1719	3	0.0516334
1720	1	0.0516349
1722	1	0.0516363
1723	3	0.0516408
1725	1	0.0516422
1726	1	0.0516437
1727	2	0.0516466
1728	3	0.0516511
1729	4	0.051657
1730	4	0.0516628
1731	4	0.0516687
1732	1	0.0516702
1733	1	0.0516717
1734	1	0.0516732
1735	2	0.0516761
1736	1	0.0516776
1737	1	0.051679
1738	2	0.051682
1740	4	0.0516879
1741	1	0.0516894
1742	3	0.0516938
1743	2	0.0516967
1745	1	0.0516982
1747	1	0.0516997
1748	1	0.0517011
1749	1	0.0517026
1750	2	0.0517056
1751	1	0.051707
1752	2	0.05171
1754	1	0.0517114
1755	2	0.0517144
1756	2	0.0517173
1757	1	0.0517188
1758	1	0.0517203
1759	2	0.0517232
1760	2	0.0517262
1761	1	0.0517276
1762	2	0.0517306
1764	4	0.0517365
1765	3	0.0517409
1767	2	0.0517438
1768	1	0.0517453
1769	3	0.0517497
1770	4	0.0517556
1771	3	0.05176
1772	2	0.051763
1773	2	0.0517659
1774	2	0.0517689
1777	3	0.0517733
1778	4	0.0517792
1780	3	0.0517836
1781	2	0.0517866
1782	2	0.0517895
1783	2	0.0517924
1784	2	0.0517954
1785	2	0.0517983
1787	1	0.0517998
1789	3	0.0518042
1790	2	0.0518072
1791	3	0.0518116
1792	1	0.0518131
1793	1	0.0518145
1794	1	0.051816
1795	1	0.0518175
1796	2	0.0518204
1797	3	0.0518248
1798	2	0.0518278
1799	2	0.0518307
1800	2	0.0518337
1801	1	0.0518352
1802	2	0.0518381
1803	2	0.051841
1804	2	0.051844
1806	2	0.0518469
1808	1	0.0518484
1809	1	0.0518499
1810	2	0.0518528
1812	3	0.0518572
1814	1	0.0518587
1815	1	0.0518602
1817	5	0.0518675
1818	2	0.0518705
1819	2	0.0518734
1820	1	0.0518749
1821	2	0.0518779
1822	2	0.0518808
1823	1	0.0518823
1824	3	0.0518867
1826	3	0.0518911
1828	1	0.0518926
1829	2	0.0518955
1831	1	0.051897
1832	1	0.0518985
1833	2	0.0519014
1835	1	0.0519029
1836	3	0.0519073
1837	1	0.0519088
1838	2	0.0519117
1839	2	0.0519147
1840	1	0.0519161
1841	2	0.0519191
1842	1	0.0519206
1843	3	0.051925
1844	4	0.0519309
1845	12	0.0519485
1846	3	0.051953
1847	1	0.0519544
1848	2	0.0519574
1849	1	0.0519589
1851	2	0.0519618
1852	1	0.0519633
1853	2	0.0519662
1854	2	0.0519692
1856	2	0.0519721
1857	3	0.0519765
1858	1	0.051978
1859	1	0.0519795
1860	3	0.0519839
1861	2	0.0519868
1862	2	0.0519898
1864	1	0.0519913
1865	1	0.0519927
1866	1	0.0519942
1867	1	0.0519957
1868	1	0.0519971
1869	1	0.0519986
1870	1	0.0520001
1871	4	0.052006
1872	1	0.0520075
1873	2	0.0520104
1874	1	0.0520119
1875	2	0.0520148
1877	1	0.0520163
1880	1	0.0520178
1881	2	0.0520207
1882	2	0.0520237
1884	1	0.0520251
1885	1	0.0520266
1886	1	0.0520281
1887	1	0.0520295
1888	3	0.052034
1889	1	0.0520354
1890	1	0.0520369
1893	1	0.0520384
1896	3	0.0520428
1897	4	0.0520487
1898	2	0.0520516
1900	1	0.0520531
1902	3	0.0520575
1904	1	0.052059
1905	2	0.0520619
1906	1	0.0520634
1907	1	0.0520649
1909	1	0.0520664
1911	1	0.0520678
1914	1	0.0520693
1916	4	0.0520752
1917	2	0.0520781
1919	1	0.0520796
1921	2	0.0520826
1922	1	0.052084
1923	2	0.052087
1924	1	0.0520885
1925	1	0.0520899
1927	1	0.0520914
1929	2	0.0520943
1931	2	0.0520973
1935	1	0.0520988
1937	1	0.0521002
1938	3	0.0521047
1940	5	0.052112
1941	3	0.0521164
1943	1	0.0521179
1944	2	0.0521209
1945	2	0.0521238
1947	1	0.0521253
1948	1	0.0521267
1949	1	0.0521282
1951	1	0.0521297
1952	1	0.0521312
1953	2	0.0521341
1955	1	0.0521356
1957	1	0.0521371
1958	1	0.0521385
1959	1	0.05214
1963	1	0.0521415
1964	11	0.0521577
1965	1	0.0521591
1967	1	0.0521606
1968	2	0.0521636
1969	3	0.052168
1970	1	0.0521695
1973	1	0.0521709
1974	3	0.0521753
1975	1	0.0521768
1977	1	0.0521783
1979	2	0.0521812
1980	1	0.0521827
1981	2	0.0521857
1983	2	0.0521886
1984	1	0.0521901
1985	1	0.0521915
1986	2	0.0521945
1988	23	0.0522284
1989	1	0.0522298
1990	1	0.0522313
1991	1	0.0522328
1992	4	0.0522387
1993	1	0.0522401
1994	1	0.0522416
1995	2	0.0522446
1996	1	0.052246
1998	1	0.0522475
2000	30	0.0522917
2001	3	0.0522961
2004	2	0.0522991
2006	2	0.052302
2007	1	0.0523035
2008	2	0.0523064
2009	1	0.0523079
2011	1	0.0523094
2012	1	0.0523108
2013	2	0.0523138
2014	3	0.0523182
2016	1	0.0523197
2017	1	0.0523211
2019	1	0.0523226
2020	3	0.052327
2022	2	0.05233
2024	3	0.0523344
2026	3	0.0523388
2029	3	0.0523432
2030	1	0.0523447
2031	1	0.0523462
2032	2	0.0523491
2033	1	0.0523506
2035	2	0.0523535
2036	1	0.052355
2038	25	0.0523918
2039	1	0.0523933
2041	28	0.0524345
2043	1	0.052436
2044	1	0.0524375
2045	1	0.052439
2046	2	0.0524419
2049	1	0.0524434
2050	1	0.0524449
2052	1	0.0524463
2054	2	0.0524493
2055	1	0.0524507
2056	1	0.0524522
2058	3	0.0524566
2059	3	0.0524611
2060	2	0.052464
2061	1	0.0524655
2062	1	0.0524669
2063	1	0.0524684
2064	53	0.0525465
2066	2	0.0525494
2069	1	0.0525509
2070	3	0.0525553
2071	2	0.0525583
2072	1	0.0525597
2074	2	0.0525627
2075	2	0.0525656
2076	1	0.0525671
2077	3	0.0525715
2079	1	0.052573
2080	1	0.0525745
2082	2	0.0525774
2085	2	0.0525803
2087	2	0.0525833
2088	2	0.0525862
2089	2	0.0525892
2090	1	0.0525907
2091	1	0.0525921
2092	1	0.0525936
2094	1	0.0525951
2095	2	0.052598
2096	2	0.052601
2097	1	0.0526024
2098	31	0.0526481
2100	1	0.0526496
2101	2	0.0526525
2102	1	0.052654
2103	2	0.0526569
2104	2	0.0526599
2105	1	0.0526613
2106	25	0.0526982
2107	3	0.0527026
2110	1	0.0527041
2114	4	0.0527099
2115	1	0.0527114
2117	27	0.0527512
2120	1	0.0527527
2126	1	0.0527541
2128	2	0.0527571
2130	2	0.05276
2131	1	0.0527615
2132	1	0.052763
2133	22	0.0527954
2134	1	0.0527968
2135	1	0.0527983
2136	1	0.0527998
2137	1	0.0528013
2138	1	0.0528027
2140	20	0.0528322
2141	2	0.0528351
2143	2	0.0528381
2144	1	0.0528395
2146	1	0.052841
2147	1	0.0528425
2148	1	0.052844
2149	2	0.0528469
2150	1	0.0528484
2151	5	0.0528557
2153	2	0.0528587
2154	1	0.0528602
2155	3	0.0528646
2156	1	0.0528661
2157	4	0.0528719
2158	3	0.0528764
2159	1	0.0528778
2161	1	0.0528793
2162	3	0.0528837
2163	1	0.0528852
2165	3	0.0528896
2167	2	0.0528926
2169	2	0.0528955
2170	1	0.052897
2171	1	0.0528985
2173	1	0.0528999
2174	1	0.0529014
2175	2	0.0529043
2176	1	0.0529058
2177	3	0.0529102
2178	2	0.0529132
2179	1	0.0529147
2180	3	0.0529191
2181	1	0.0529205
2182	2	0.0529235
2184	1	0.052925
2185	2	0.0529279
2186	1	0.0529294
2187	1	0.0529309
2188	1	0.0529323
2189	2	0.0529353
2191	2	0.0529382
2193	1	0.0529397
2194	1	0.0529412
2196	1	0.0529426
2197	1	0.0529441
2199	3	0.0529485
2200	3	0.0529529
2203	5	0.0529603
2209	1	0.0529618
2210	1	0.0529632
2211	2	0.0529662
2212	1	0.0529677
2215	1	0.0529691
2216	2	0.0529721
2217	3	0.0529765
2218	2	0.0529794
2220	2	0.0529824
2222	1	0.0529839
2223	1	0.0529853
2224	3	0.0529898
2227	1	0.0529912
2228	1	0.0529927
2229	1	0.0529942
2230	2	0.0529971
2231	1	0.0529986
2232	1	0.0530001
2233	2	0.053003
2236	2	0.053006
2238	2	0.0530089
2241	1	0.0530104
2242	2	0.0530133
2243	2	0.0530163
2246	1	0.0530177
2252	1	0.0530192
2255	1	0.0530207
2256	1	0.0530222
2257	3	0.0530266
2258	1	0.053028
2259	1	0.0530295
2260	1	0.053031
2261	1	0.0530325
2262	1	0.0530339
2264	1	0.0530354
2267	3	0.0530398
2269	1	0.0530413
2270	5	0.0530487
2272	2	0.0530516
2276	1	0.0530531
2277	2	0.053056
2279	2	0.053059
2282	1	0.0530604
2283	2	0.0530634
2285	2	0.0530663
2286	1	0.0530678
2288	1	0.0530693
2289	2	0.0530722
2293	2	0.0530752
2295	1	0.0530766
2297	1	0.0530781
2298	1	0.0530796
2299	1	0.0530811
2302	2	0.053084
2303	2	0.053087
2307	30	0.0531311
2310	1	0.0531326
2311	1	0.0531341
2312	1	0.0531356
2313	2	0.0531385
2314	1	0.05314
2315	1	0.0531414
2318	1	0.0531429
2320	1	0.0531444
2322	4	0.0531503
2325	2	0.0531532
2326	23	0.0531871
2328	2	0.05319
2329	1	0.0531915
2330	1	0.053193
2331	2	0.0531959
2332	2	0.0531989
2333	2	0.0532018
2334	1	0.0532033
2337	3	0.0532077
2338	2	0.0532107
2339	1	0.0532121
2345	1	0.0532136
2346	1	0.0532151
2347	2	0.053218
2348	1	0.0532195
2349	3	0.0532239
2350	1	0.0532254
2351	1	0.0532269
2352	11	0.0532431
2353	13	0.0532622
2354	1	0.0532637
2356	4	0.0532696
2360	1	0.053271
2361	2	0.053274
2363	2	0.0532769
2364	3	0.0532814
2365	2	0.0532843
2368	2	0.0532872
2369	1	0.0532887
2372	1	0.0532902
2375	1	0.0532917
2376	1	0.0532931
2378	1	0.0532946
2379	2	0.0532976
2380	1	0.053299
2381	3	0.0533034
2384	1	0.0533049
2385	1	0.0533064
2386	1	0.0533079
2387	2	0.0533108
2388	1	0.0533123
2390	2	0.0533152
2392	29	0.0533579
2393	2	0.0533609
2395	4	0.0533668
2397	1	0.0533682
2400	3	0.0533727
2401	3	0.0533771
2402	1	0.0533786
2403	1	0.05338
2405	1	0.0533815
2406	1	0.053383
2407	1	0.0533844
2408	1	0.0533859
2411	1	0.0533874
2415	1	0.0533889
2416	1	0.0533903
2419	1	0.0533918
2422	4	0.0533977
2424	1	0.0533992
2425	4	0.0534051
2427	1	0.0534065
2428	1	0.053408
2431	1	0.0534095
2433	2	0.0534124
2434	2	0.0534154
2435	1	0.0534168
2436	3	0.0534213
2437	1	0.0534227
2438	1	0.0534242
2439	1	0.0534257
2441	3	0.0534301
2445	1	0.0534316
2450	1	0.053433
2451	3	0.0534375
2452	1	0.0534389
2455	2	0.0534419
2456	2	0.0534448
2459	1	0.0534463
2460	1	0.0534478
2462	2	0.0534507
2463	3	0.0534551
2468	2	0.0534581
2469	4	0.053464
2471	1	0.0534654
2473	28	0.0535067
2474	1	0.0535082
2475	2	0.0535111
2477	2	0.053514
2479	1	0.0535155
2480	2	0.0535185
2481	1	0.0535199
2482	1	0.0535214
2483	1	0.0535229
2484	1	0.0535244
2485	2	0.0535273
2486	1	0.0535288
2488	1	0.0535302
2489	1	0.0535317
2490	2	0.0535347
2491	1	0.0535361
2493	2	0.0535391
2494	4	0.053545
2495	2	0.0535479
2496	2	0.0535509
2499	1	0.0535523
2501	1	0.0535538
2502	1	0.0535553
2505	1	0.0535568
2506	2	0.0535597
2507	1	0.0535612
2509	1	0.0535626
2510	2	0.0535656
2512	2	0.0535685
2514	1	0.05357
2515	2	0.053573
2516	2	0.0535759
2518	2	0.0535788
2519	2	0.0535818
2521	1	0.0535833
2523	3	0.0535877
2524	1	0.0535892
2525	2	0.0535921
2526	1	0.0535936
2527	2	0.0535965
2528	1	0.053598
2531	2	0.0536009
2533	1	0.0536024
2534	1	0.0536039
2535	5	0.0536112
2538	3	0.0536157
2540	1	0.0536171
2541	1	0.0536186
2544	1	0.0536201
2546	2	0.053623
2547	4	0.0536289
2548	1	0.0536304
2549	1	0.0536319
2550	3	0.0536363
2551	2	0.0536392
2552	4	0.0536451
2553	1	0.0536466
2554	2	0.0536495
2555	2	0.0536525
2557	1	0.053654
2558	4	0.0536598
2560	1	0.0536613
2562	3	0.0536657
2563	2	0.0536687
2564	1	0.0536702
2565	1	0.0536716
2566	1	0.0536731
2568	1	0.0536746
2570	1	0.053676
2573	1	0.0536775
2574	1	0.053679
2575	1	0.0536805
2576	3	0.0536849
2578	3	0.0536893
2580	3	0.0536937
2581	1	0.0536952
2582	2	0.0536981
2583	1	0.0536996
2584	2	0.0537026
2586	2	0.0537055
2587	1	0.053707
2588	2	0.0537099
2589	2	0.0537129
2590	2	0.0537158
2591	1	0.0537173
2592	1	0.0537188
2593	1	0.0537202
2594	1	0.0537217
2595	1	0.0537232
2597	1	0.0537246
2598	2	0.0537276
2599	1	0.0537291
2600	4	0.053735
2601	1	0.0537364
2602	1	0.0537379
2603	1	0.0537394
2604	1	0.0537408
2605	1	0.0537423
2606	2	0.0537453
2611	2	0.0537482
2612	2	0.0537512
2613	1	0.0537526
2614	4	0.0537585
2615	2	0.0537615
2617	1	0.0537629
2618	2	0.0537659
2619	1	0.0537674
2621	1	0.0537688
2622	3	0.0537732
2623	1	0.0537747
2624	29	0.0538174
2626	3	0.0538218
2628	1	0.0538233
2629	1	0.0538248
2630	3	0.0538292
2631	2	0.0538322
2636	1	0.0538336
2638	2	0.0538366
2639	2	0.0538395
2640	3	0.0538439
2641	2	0.0538469
2642	2	0.0538498
2643	2	0.0538528
2644	1	0.0538542
2645	1	0.0538557
2646	1	0.0538572
2647	2	0.0538601
2648	2	0.0538631
2649	1	0.0538646
2650	3	0.053869
2651	2	0.0538719
2652	5	0.0538793
2654	3	0.0538837
2656	1	0.0538852
2657	3	0.0538896
2659	2	0.0538925
2660	3	0.053897
2661	1	0.0538984
2662	2	0.0539014
2663	4	0.0539073
2664	1	0.0539087
2665	3	0.0539132
2666	1	0.0539146
2667	1	0.0539161
2668	1	0.0539176
2670	10	0.0539323
2672	5	0.0539397
2673	3	0.0539441
2674	4	0.05395
2675	1	0.0539514
2676	1	0.0539529
2677	1	0.0539544
2678	2	0.0539573
2679	2	0.0539603
2680	1	0.0539618
2682	3	0.0539662
2684	3	0.0539706
2685	3	0.053975
2686	1	0.0539765
2687	1	0.053978
2688	1	0.0539794
2689	1	0.0539809
2690	1	0.0539824
2691	1	0.0539838
2692	3	0.0539883
2693	2	0.0539912
2694	3	0.0539956
2695	4	0.0540015
2696	2	0.0540045
2697	1	0.0540059
2698	3	0.0540104
2699	12	0.054028
2700	2	0.054031
2701	2	0.0540339
2702	5	0.0540413
2703	4	0.0540472
2704	1	0.0540486
2705	1	0.0540501
2706	2	0.0540531
2708	1	0.0540545
2709	1	0.054056
2710	2	0.0540589
2711	6	0.0540678
2712	1	0.0540693
2713	2	0.0540722
2715	2	0.0540751
2716	2	0.0540781
2717	1	0.0540796
2719	1	0.054081
2720	1	0.0540825
2721	1	0.054084
2722	3	0.0540884
2723	6	0.0540972
2724	2	0.0541002
2725	6	0.054109
2726	3	0.0541134
2727	3	0.0541179
2729	2	0.0541208
2730	1	0.0541223
2731	1	0.0541237
2732	1	0.0541252
2733	1	0.0541267
2739	1	0.0541282
2740	1	0.0541296
2742	1	0.0541311
2743	1	0.0541326
2746	1	0.0541341
2747	3	0.0541385
2748	1	0.0541399
2749	1	0.0541414
2750	2	0.0541444
2751	1	0.0541458
2753	3	0.0541503
2754	2	0.0541532
2755	1	0.0541547
2757	1	0.0541561
2759	1	0.0541576
2760	2	0.0541606
2761	13	0.0541797
2762	4	0.0541856
2764	1	0.0541871
2765	3	0.0541915
2766	3	0.0541959
2767	1	0.0541974
2768	1	0.0541989
2769	1	0.0542003
2770	3	0.0542047
2771	3	0.0542092
2772	10	0.0542239
2774	4	0.0542298
2775	3	0.0542342
2776	2	0.0542371
2777	4	0.054243
2779	1	0.0542445
2780	1	0.054246
2783	1	0.0542475
2784	7	0.0542578
2785	1	0.0542592
2786	2	0.0542622
2787	3	0.0542666
2790	1	0.0542681
2791	1	0.0542695
2792	2	0.0542725
2794	1	0.054274
2799	1	0.0542754
2800	2	0.0542784
2803	1	0.0542799
2805	2	0.0542828
2806	7	0.0542931
2807	3	0.0542975
2808	1	0.054299
2811	2	0.0543019
2812	3	0.0543064
2815	2	0.0543093
2818	1	0.0543108
2819	2	0.0543137
2824	3	0.0543181
2825	3	0.0543226
2826	3	0.054327
2829	1	0.0543285
2830	1	0.0543299
2831	1	0.0543314
2834	3	0.0543358
2835	1	0.0543373
2837	1	0.0543388
2838	2	0.0543417
2841	1	0.0543432
2843	3	0.0543476
2844	1	0.0543491
2845	1	0.0543505
2850	1	0.054352
2854	2	0.054355
2855	1	0.0543564
2857	4	0.0543623
2858	2	0.0543653
2859	6	0.0543741
2860	1	0.0543756
2862	1	0.0543771
2865	1	0.0543785
2867	1	0.05438
2868	2	0.0543829
2869	1	0.0543844
2870	1	0.0543859
2871	1	0.0543874
2872	3	0.0543918
2873	1	0.0543933
2874	29	0.054436
2875	1	0.0544374
2876	1	0.0544389
2879	1	0.0544404
2881	14	0.054461
2882	3	0.0544654
2884	2	0.0544684
2885	1	0.0544698
2887	2	0.0544728
2888	2	0.0544757
2889	1	0.0544772
2890	2	0.0544801
2891	3	0.0544846
2892	2	0.0544875
2897	2	0.0544905
2898	28	0.0545317
2899	2	0.0545346
2900	1	0.0545361
2902	1	0.0545376
2903	1	0.0545391
2904	2	0.054542
2906	2	0.0545449
2907	2	0.0545479
2908	6	0.0545567
2909	2	0.0545597
2910	4	0.0545656
2912	1	0.054567
2913	4	0.0545729
2915	1	0.0545744
2916	1	0.0545759
2917	1	0.0545773
2921	2	0.0545803
2922	1	0.0545818
2923	1	0.0545832
2924	1	0.0545847
2926	1	0.0545862
2928	2	0.0545891
2929	1	0.0545906
2931	27	0.0546304
2933	3	0.0546348
2935	1	0.0546363
2936	1	0.0546377
2937	2	0.0546407
2938	1	0.0546421
2939	1	0.0546436
2940	3	0.054648
2941	1	0.0546495
2942	1	0.054651
2944	1	0.0546525
2946	2	0.0546554
2947	1	0.0546569
2949	1	0.0546583
2951	1	0.0546598
2952	2	0.0546628
2953	25	0.0546996
2954	3	0.054704
2957	1	0.0547055
2959	1	0.0547069
2960	2	0.0547099
2961	3	0.0547143
2963	1	0.0547158
2964	2	0.0547187
2967	4	0.0547246
2968	2	0.0547276
2971	2	0.0547305
2975	4	0.0547364
2976	2	0.0547393
2977	1	0.0547408
2978	1	0.0547423
2979	1	0.0547438
2981	2	0.0547467
2982	4	0.0547526
2983	1	0.0547541
2984	2	0.054757
2985	2	0.05476
2987	1	0.0547614
2988	1	0.0547629
2989	3	0.0547673
2992	2	0.0547703
2995	2	0.0547732
2996	1	0.0547747
2998	1	0.0547762
3000	1	0.0547776
3002	2	0.0547806
3003	1	0.0547821
3004	1	0.0547835
3005	2	0.0547865
3006	1	0.0547879
3009	20	0.0548174
3011	2	0.0548203
3012	2	0.0548233
3014	2	0.0548262
3015	1	0.0548277
3019	2	0.0548307
3020	3	0.0548351
3023	1	0.0548365
3026	3	0.054841
3027	4	0.0548469
3028	1	0.0548483
3029	1	0.0548498
3030	2	0.0548527
3033	2	0.0548557
3034	1	0.0548572
3036	2	0.0548601
3037	1	0.0548616
3038	1	0.0548631
3040	3	0.0548675
3041	3	0.0548719
3042	3	0.0548763
3045	2	0.0548793
3046	2	0.0548822
3047	1	0.0548837
3048	2	0.0548866
3049	1	0.0548881
3050	2	0.054891
3053	1	0.0548925
3057	1	0.054894
3059	1	0.0548955
3066	1	0.0548969
3067	1	0.0548984
3070	1	0.0548999
3071	2	0.0549028
3072	2	0.0549058
3075	1	0.0549072
3076	1	0.0549087
3079	1	0.0549102
3080	2	0.0549131
3081	1	0.0549146
3083	1	0.0549161
3087	1	0.0549175
3089	1	0.054919
3091	1	0.0549205
3094	1	0.054922
3095	1	0.0549234
3096	1	0.0549249
3098	1	0.0549264
3099	1	0.0549279
3102	1	0.0549293
3104	1	0.0549308
3105	1	0.0549323
3106	1	0.0549337
3109	2	0.0549367
3110	4	0.0549426
3112	1	0.0549441
3113	3	0.0549485
3117	1	0.0549499
3118	1	0.0549514
3119	3	0.0549558
3120	3	0.0549603
3122	2	0.0549632
3123	1	0.0549647
3127	1	0.0549661
3129	1	0.0549676
3131	2	0.0549706
3133	1	0.054972
3137	1	0.0549735
3140	1	0.054975
3143	1	0.0549765
3147	1	0.0549779
3148	2	0.0549809
3150	2	0.0549838
3151	1	0.0549853
3152	1	0.0549868
3153	5	0.0549941
3154	1	0.0549956
3155	1	0.0549971
3156	2	0.055
3157	1	0.0550015
3161	2	0.0550044
3165	3	0.0550089
3168	1	0.0550103
3169	1	0.0550118
3170	1	0.0550133
3171	1	0.0550147
3172	1	0.0550162
3175	1	0.0550177
3176	1	0.0550192
3178	1	0.0550206
3179	2	0.0550236
3180	1	0.0550251
3182	1	0.0550265
3183	1	0.055028
3187	2	0.0550309
3188	2	0.0550339
3190	1	0.0550354
3194	1	0.0550368
3195	2	0.0550398
3196	1	0.0550413
3198	1	0.0550427
3203	2	0.0550457
3206	3	0.0550501
3208	1	0.0550516
3211	2	0.0550545
3212	1	0.055056
3214	1	0.0550575
3215	4	0.0550633
3218	1	0.0550648
3221	1	0.0550663
3224	1	0.0550678
3226	1	0.0550692
3228	1	0.0550707
3229	2	0.0550737
3233	2	0.0550766
3234	2	0.0550795
3236	1	0.055081
3237	1	0.0550825
3238	1	0.055084
3239	1	0.0550854
3240	2	0.0550884
3242	1	0.0550899
3243	1	0.0550913
3244	1	0.0550928
3246	1	0.0550943
3250	1	0.0550957
3252	1	0.0550972
3255	2	0.0551002
3257	1	0.0551016
3258	1	0.0551031
3259	1	0.0551046
3262	1	0.0551061
3263	2	0.055109
3264	2	0.0551119
3268	1	0.0551134
3270	1	0.0551149
3271	1	0.0551164
3274	1	0.0551178
3281	2	0.0551208
3282	1	0.0551223
3285	1	0.0551237
3286	3	0.0551281
3288	1	0.0551296
3290	2	0.0551326
3291	2	0.0551355
3293	2	0.0551384
3294	3	0.0551429
3296	1	0.0551443
3300	1	0.0551458
3302	3	0.0551502
3303	1	0.0551517
3305	1	0.0551532
3306	2	0.0551561
3307	2	0.0551591
3311	1	0.0551605
3313	1	0.055162
3315	2	0.055165
3316	2	0.0551679
3318	2	0.0551708
3319	1	0.0551723
3320	2	0.0551753
3321	2	0.0551782
3323	1	0.0551797
3324	1	0.0551812
3326	1	0.0551826
3328	1	0.0551841
3330	2	0.055187
3331	1	0.0551885
3333	1	0.05519
3334	1	0.0551915
3335	1	0.0551929
3337	1	0.0551944
3338	2	0.0551974
3339	1	0.0551988
3340	2	0.0552018
3341	1	0.0552032
3344	1	0.0552047
3347	1	0.0552062
3348	1	0.0552077
3350	2	0.0552106
3351	1	0.0552121
3352	3	0.0552165
3354	1	0.055218
3357	2	0.0552209
3360	1	0.0552224
3362	3	0.0552268
3365	2	0.0552298
3367	1	0.0552312
3369	1	0.0552327
3372	1	0.0552342
3373	1	0.0552356
3374	1	0.0552371
3376	1	0.0552386
3377	2	0.0552415
3382	1	0.055243
3384	1	0.0552445
3385	1	0.055246
3386	1	0.0552474
3387	2	0.0552504
3388	1	0.0552518
3391	2	0.0552548
3396	1	0.0552563
3401	2	0.0552592
3402	1	0.0552607
3404	1	0.0552622
3406	1	0.0552636
3407	1	0.0552651
3408	1	0.0552666
3409	1	0.055268
3412	1	0.0552695
3415	1	0.055271
3417	2	0.0552739
3421	1	0.0552754
3424	2	0.0552784
3427	1	0.0552798
3428	1	0.0552813
3429	2	0.0552842
3432	1	0.0552857
3435	1	0.0552872
3440	2	0.0552901
3441	1	0.0552916
3444	2	0.0552946
3448	1	0.055296
3450	2	0.055299
3451	2	0.0553019
3452	2	0.0553049
3454	1	0.0553063
3456	1	0.0553078
3458	1	0.0553093
3461	1	0.0553108
3463	1	0.0553122
3465	2	0.0553152
3467	3	0.0553196
3468	1	0.0553211
3470	9	0.0553343
3471	1	0.0553358
3475	2	0.0553387
3476	1	0.0553402
3477	1	0.0553417
3478	1	0.0553432
3483	1	0.0553446
3485	1	0.0553461
3486	1	0.0553476
3488	2	0.0553505
3489	1	0.055352
3491	1	0.0553535
3495	1	0.0553549
3497	1	0.0553564
3499	1	0.0553579
3500	1	0.0553594
3504	1	0.0553608
3505	1	0.0553623
3506	2	0.0553652
3508	1	0.0553667
3509	2	0.0553697
3510	1	0.0553711
3511	2	0.0553741
3513	2	0.055377
3515	3	0.0553814
3517	1	0.0553829
3518	1	0.0553844
3519	2	0.0553873
3520	2	0.0553903
3521	1	0.0553918
3522	1	0.0553932
3523	1	0.0553947
3525	1	0.0553962
3527	1	0.0553976
3528	1	0.0553991
3530	1	0.0554006
3533	2	0.0554035
3534	1	0.055405
3537	1	0.0554065
3539	3	0.0554109
3541	1	0.0554124
3542	1	0.0554138
3545	2	0.0554168
3552	2	0.0554197
3553	4	0.0554256
3554	1	0.0554271
3555	4	0.055433
3556	1	0.0554345
3559	2	0.0554374
3561	1	0.0554389
3562	1	0.0554404
3565	1	0.0554418
3566	3	0.0554462
3568	1	0.0554477
3569	1	0.0554492
3572	2	0.0554521
3574	1	0.0554536
3575	3	0.055458
3576	1	0.0554595
3577	1	0.055461
3578	2	0.0554639
3582	3	0.0554683
3585	1	0.0554698
3587	1	0.0554713
3589	2	0.0554742
3594	1	0.0554757
3595	1	0.0554772
3596	2	0.0554801
3598	1	0.0554816
3600	2	0.0554845
3601	1	0.055486
3602	3	0.0554904
3603	1	0.0554919
3604	6	0.0555007
3605	25	0.0555376
3606	1	0.055539
3607	1	0.0555405
3608	1	0.055542
3609	2	0.0555449
3610	2	0.0555479
3612	1	0.0555493
3614	1	0.0555508
3615	1	0.0555523
3616	1	0.0555538
3617	1	0.0555552
3618	2	0.0555582
3624	1	0.0555596
3625	1	0.0555611
3627	1	0.0555626
3628	1	0.0555641
3629	1	0.0555655
3631	2	0.0555685
3637	1	0.05557
3638	3	0.0555744
3640	3	0.0555788
3641	1	0.0555803
3643	2	0.0555832
3644	2	0.0555862
3646	2	0.0555891
3649	1	0.0555906
3651	1	0.055592
3652	2	0.055595
3653	1	0.0555965
3654	1	0.0555979
3655	1	0.0555994
3656	1	0.0556009
3657	1	0.0556024
3658	2	0.0556053
3660	1	0.0556068
3661	2	0.0556097
3662	1	0.0556112
3664	1	0.0556127
3666	3	0.0556171
3668	1	0.0556186
3669	1	0.05562
3671	1	0.0556215
3673	3	0.0556259
3677	1	0.0556274
3680	1	0.0556289
3681	1	0.0556303
3683	1	0.0556318
3686	2	0.0556348
3687	1	0.0556362
3690	1	0.0556377
3694	3	0.0556421
3695	1	0.0556436
3701	1	0.0556451
3702	2	0.055648
3705	1	0.0556495
3707	1	0.055651
3709	1	0.0556524
3711	2	0.0556554
3713	1	0.0556568
3714	4	0.0556627
3717	1	0.0556642
3718	1	0.0556657
3719	2	0.0556686
3722	1	0.0556701
3725	1	0.0556716
3727	1	0.055673
3729	1	0.0556745
3730	2	0.0556775
3731	2	0.0556804
3733	1	0.0556819
3735	2	0.0556848
3739	18	0.0557113
3740	10	0.0557261
3741	2	0.055729
3742	1	0.0557305
3743	3	0.0557349
3745	2	0.0557378
3746	2	0.0557408
3747	1	0.0557423
3748	3	0.0557467
3750	1	0.0557482
3754	1	0.0557496
3764	1	0.0557511
3765	2	0.055754
3768	2	0.055757
3770	1	0.0557585
3783	2	0.0557614
3786	6	0.0557702
3787	24	0.0558056
3791	2	0.0558085
3792	1	0.05581
3793	1	0.0558115
3795	5	0.0558188
3796	3	0.0558233
3800	1	0.0558247
3801	1	0.0558262
3802	1	0.0558277
3803	1	0.0558292
3804	1	0.0558306
3808	1	0.0558321
3811	1	0.0558336
3813	3	0.055838
3814	2	0.0558409
3815	1	0.0558424
3818	1	0.0558439
3820	2	0.0558468
3821	1	0.0558483
3822	2	0.0558512
3825	1	0.0558527
3826	2	0.0558557
3827	1	0.0558571
3829	1	0.0558586
3833	2	0.0558616
3837	1	0.055863
3838	2	0.055866
3839	2	0.0558689
3844	1	0.0558704
3845	1	0.0558719
3846	1	0.0558733
3847	1	0.0558748
3849	1	0.0558763
3850	2	0.0558792
3853	1	0.0558807
3860	1	0.0558822
3861	1	0.0558836
3862	2	0.0558866
3863	2	0.0558895
3866	2	0.0558925
3867	1	0.055894
3868	2	0.0558969
3869	2	0.0558998
3873	3	0.0559043
3874	2	0.0559072
3879	1	0.0559087
3880	1	0.0559102
3881	3	0.0559146
3882	1	0.055916
3883	1	0.0559175
3884	4	0.0559234
3886	2	0.0559264
3887	1	0.0559278
3891	1	0.0559293
3892	1	0.0559308
3893	1	0.0559322
3894	1	0.0559337
3895	1	0.0559352
3896	1	0.0559367
3897	1	0.0559381
3898	1	0.0559396
3901	1	0.0559411
3902	2	0.055944
3903	1	0.0559455
3904	2	0.0559484
3905	2	0.0559514
3907	1	0.0559529
3908	2	0.0559558
3909	1	0.0559573
3913	1	0.0559588
3914	1	0.0559602
3915	1	0.0559617
3916	1	0.0559632
3917	3	0.0559676
3918	1	0.0559691
3919	2	0.055972
3920	1	0.0559735
3921	1	0.055975
3922	1	0.0559764
3923	1	0.0559779
3924	1	0.0559794
3926	1	0.0559808
3928	1	0.0559823
3930	12	0.056
3931	18	0.0560265
3932	4	0.0560324
3940	2	0.0560353
3941	1	0.0560368
3946	1	0.0560383
3948	2	0.0560412
3953	1	0.0560427
3955	2	0.0560456
3958	1	0.0560471
3961	1	0.0560486
3962	1	0.0560501
3967	1	0.0560515
3969	1	0.056053
3971	1	0.0560545
3973	1	0.056056
3976	1	0.0560574
3980	1	0.0560589
3983	1	0.0560604
3985	1	0.0560618
3987	2	0.0560648
3988	1	0.0560663
3990	1	0.0560677
3992	1	0.0560692
3993	1	0.0560707
3994	1	0.0560722
3995	2	0.0560751
3997	1	0.0560766
3999	1	0.056078
4000	1	0.0560795
4002	1	0.056081
4003	2	0.0560839
4004	3	0.0560884
4007	2	0.0560913
4010	1	0.0560928
4011	1	0.0560942
4013	1	0.0560957
4014	2	0.0560987
4017	1	0.0561001
4019	1	0.0561016
4022	1	0.0561031
4025	1	0.0561046
4028	1	0.056106
4029	2	0.056109
4031	1	0.0561104
4032	2	0.0561134
4034	1	0.0561149
4035	4	0.0561208
4036	2	0.0561237
4039	1	0.0561252
4040	2	0.0561281
4043	1	0.0561296
4044	2	0.0561325
4045	1	0.056134
4047	2	0.056137
4048	2	0.0561399
4049	1	0.0561414
4052	1	0.0561428
4056	1	0.0561443
4059	3	0.0561487
4060	1	0.0561502
4062	1	0.0561517
4063	1	0.0561532
4064	2	0.0561561
4066	1	0.0561576
4067	1	0.056159
4068	1	0.0561605
4069	2	0.0561635
4070	1	0.0561649
4071	1	0.0561664
4072	1	0.0561679
4075	2	0.0561708
4078	5	0.0561782
4079	2	0.0561811
4080	1	0.0561826
4083	1	0.0561841
4085	1	0.0561856
4087	1	0.056187
4091	1	0.0561885
4093	1	0.05619
4101	2	0.0561929
4102	1	0.0561944
4104	1	0.0561959
4107	1	0.0561973
4108	2	0.0562003
4109	1	0.0562018
4110	1	0.0562032
4112	3	0.0562076
4114	2	0.0562106
4115	2	0.0562135
4116	1	0.056215
4119	1	0.0562165
4120	2	0.0562194
4123	4	0.0562253
4124	1	0.0562268
4125	3	0.0562312
4126	1	0.0562327
4129	1	0.0562341
4130	3	0.0562386
4131	1	0.05624
4133	1	0.0562415
4134	6	0.0562503
4135	1	0.0562518
4137	3	0.0562562
4138	3	0.0562607
4139	1	0.0562621
4140	2	0.0562651
4141	3	0.0562695
4142	2	0.0562724
4143	2	0.0562754
4144	3	0.0562798
4145	1	0.0562813
4147	15	0.0563034
4148	5	0.0563107
4149	1	0.0563122
4152	5	0.0563196
4153	1	0.056321
4155	1	0.0563225
4156	6	0.0563313
4157	1	0.0563328
4158	1	0.0563343
4159	63	0.0564271
4160	78	0.0565419
4161	76	0.0566539
4162	108	0.0568129
4163	10	0.0568277
4164	31	0.0568733
4165	7	0.0568836
4166	48	0.0569543
4167	1	0.0569558
4168	1	0.0569573
4169	71	0.0570618
4170	23	0.0570957
4171	228	0.0574315
4172	96	0.0575728
4173	135	0.0577717
4174	223	0.0581001
4175	98	0.0582444
4176	1	0.0582459
4177	7	0.0582562
4179	62	0.0583475
4180	15	0.0583696
4181	5	0.058377
4182	50	0.0584506
4183	15	0.0584727
4184	73	0.0585802
4185	64	0.0586744
4186	294	0.0591074
4187	45	0.0591737
4188	7	0.059184
4189	1	0.0591855
4190	5	0.0591928
4191	30	0.059237
4192	13	0.0592562
4193	7	0.0592665
4194	2	0.0592694
4195	10	0.0592841
4197	5	0.0592915
4198	64	0.0593858
4199	3	0.0593902
4200	7	0.0594005
4201	77	0.0595139
4202	3	0.0595183
4203	148	0.0597363
4204	2	0.0597392
4205	8	0.059751
4206	1	0.0597525
4207	1	0.0597539
4208	1	0.0597554
4211	91	0.0598894
4212	3	0.0598938
4213	15	0.0599159
4214	27	0.0599557
4215	44	0.0600205
4216	60	0.0601089
4217	13	0.060128
4218	2	0.060131
4219	3	0.0601354
4220	16	0.0601589
4221	5	0.0601663
4222	5	0.0601737
4223	10	0.0601884
4224	28	0.0602296
4225	2	0.0602326
4226	2	0.0602355
4227	1	0.060237
4228	2	0.0602399
4229	1	0.0602414
4231	1	0.0602429
4232	1	0.0602444
4233	1	0.0602458
4234	1	0.0602473
4236	1	0.0602488
4238	1	0.0602502
4240	27	0.06029
4241	3	0.0602944
4242	4	0.0603003
4243	4	0.0603062
4244	7	0.0603165
4245	7	0.0603268
4246	3	0.0603312
4247	16	0.0603548
4248	2	0.0603578
4249	1	0.0603592
4250	3	0.0603636
4251	7	0.060374
4252	3	0.0603784
4253	2	0.0603813
4255	1	0.0603828
4256	2	0.0603857
4257	5	0.0603931
4258	3	0.0603975
4259	5	0.0604049
4261	6	0.0604137
4262	9	0.060427
4263	4	0.0604329
4264	4	0.0604388
4265	1	0.0604402
4266	1	0.0604417
4267	2	0.0604446
4268	3	0.0604491
4270	1	0.0604505
4271	2	0.0604535
4272	3	0.0604579
4274	2	0.0604608
4275	2	0.0604638
4280	1	0.0604653
4281	1	0.0604667
4282	3	0.0604712
4283	3	0.0604756
4285	5	0.0604829
4288	1	0.0604844
4289	3	0.0604888
4290	3	0.0604932
4291	2	0.0604962
4292	1	0.0604977
4293	3	0.0605021
4294	7	0.0605124
4295	2	0.0605153
4296	4	0.0605212
4297	2	0.0605242
4298	2	0.0605271
4299	11	0.0605433
4300	11	0.0605595
4301	9	0.0605728
4302	9	0.060586
4303	33	0.0606346
4304	6	0.0606435
4305	9	0.0606567
4306	6	0.0606655
4307	3	0.06067
4309	5	0.0606773
4310	4	0.0606832
4312	3	0.0606876
4313	1	0.0606891
4315	3	0.0606935
4316	2	0.0606965
4317	4	0.0607024
4318	3	0.0607068
4319	2	0.0607097
4320	3	0.0607141
4321	5	0.0607215
4322	2	0.0607245
4323	3	0.0607289
4324	6	0.0607377
4325	12	0.0607554
4326	16	0.0607789
4327	7	0.0607893
4328	6	0.0607981
4329	20	0.0608275
4330	49	0.0608997
4331	26	0.060938
4332	142	0.0611471
4333	47	0.0612163
4334	31	0.061262
4335	59	0.0613489
4336	2	0.0613518
4337	5	0.0613592
4338	2	0.0613621
4339	3	0.0613666
4340	31	0.0614122
4341	75	0.0615227
4342	14	0.0615433
4343	44	0.0616081
4344	39	0.0616655
4345	122	0.0618452
4346	91	0.0619792
4347	24	0.0620146
4348	109	0.0621751
4349	82	0.0622958
4350	87	0.062424
4351	49	0.0624961
4352	134	0.0626935
4353	181	0.06296
4354	135	0.0631589
4355	75	0.0632693
4356	48	0.06334
4357	15	0.0633621
4358	7	0.0633724
4359	2	0.0633753
4360	63	0.0634681
4361	30	0.0635123
4362	128	0.0637008
4363	102	0.063851
4364	240	0.0642045
4365	176	0.0644637
4366	178	0.0647258
4367	78	0.0648407
4368	86	0.0649673
4369	224	0.0652972
4370	47	0.0653665
4371	87	0.0654946
4372	41	0.065555
4373	68	0.0656551
4374	25	0.0656919
4375	28	0.0657332
4376	71	0.0658377
4377	55	0.0659187
4378	105	0.0660734
4379	83	0.0661956
4380	176	0.0664548
4381	71	0.0665594
4382	167	0.0668053
4383	468	0.0674945
4384	142	0.0677037
4385	59	0.0677905
4386	5	0.0677979
4387	38	0.0678539
4388	98	0.0679982
4389	23	0.0680321
4390	86	0.0681587
4391	33	0.0682073
4392	81	0.0683266
4393	179	0.0685902
4394	139	0.0687949
4395	36	0.068848
4396	13	0.0688671
4397	11	0.0688833
4398	17	0.0689083
4399	11	0.0689245
4400	112	0.0690895
4401	68	0.0691896
4402	9	0.0692029
4403	65	0.0692986
4404	55	0.0693796
4405	14	0.0694002
4406	33	0.0694488
4407	4	0.0694547
4408	32	0.0695018
4409	91	0.0696359
4410	39	0.0696933
4411	20	0.0697227
4412	91	0.0698568
4413	13	0.0698759
4414	4	0.0698818
4415	33	0.0699304
4416	28	0.0699716
4417	36	0.0700247
4418	2	0.0700276
4419	2	0.0700305
4420	3	0.070035
4421	2	0.0700379
4422	2	0.0700409
4423	1	0.0700423
4425	2	0.0700453
4426	1	0.0700467
4427	1	0.0700482
4428	1	0.0700497
4429	1	0.0700512
4430	12	0.0700688
4431	7	0.0700791
4432	60	0.0701675
4433	29	0.0702102
4434	2	0.0702132
4435	3	0.0702176
4436	12	0.0702353
4437	15	0.0702573
4438	89	0.0703884
4439	46	0.0704562
4440	85	0.0705813
4441	31	0.070627
4442	30	0.0706712
4443	44	0.070736
4444	14	0.0707566
4445	7	0.0707669
4446	4	0.0707728
4447	3	0.0707772
4448	58	0.0708626
4449	175	0.0711204
4450	75	0.0712308
4451	39	0.0712882
4452	24	0.0713236
4453	104	0.0714768
4454	170	0.0717271
4455	219	0.0720496
4456	96	0.072191
4457	205	0.0724929
4458	20	0.0725224
4459	84	0.0726461
4460	111	0.0728096
4461	87	0.0729377
4462	79	0.073054
4463	66	0.0731512
4464	177	0.0734119
4465	73	0.0735194
4466	143	0.07373
4467	69	0.0738316
4468	15	0.0738537
4469	62	0.073945
4470	26	0.0739833
4471	31	0.074029
4472	149	0.0742484
4473	63	0.0743412
4474	28	0.0743824
4475	68	0.0744826
4476	39	0.07454
4477	29	0.0745827
4478	32	0.0746298
4479	6	0.0746387
4480	6	0.0746475
4481	22	0.0746799
4482	63	0.0747727
4483	4	0.0747786
4484	5	0.0747859
4485	27	0.0748257
4486	20	0.0748552
4487	58	0.0749406
4488	11	0.0749568
4489	84	0.0750805
4490	15	0.0751026
4491	8	0.0751144
4492	4	0.0751202
4493	7	0.0751306
4494	4	0.0751364
4495	8	0.0751482
4496	1	0.0751497
4498	4	0.0751556
4499	3	0.07516
4500	6	0.0751688
4501	5	0.0751762
4502	3	0.0751806
4503	2	0.0751836
4504	6	0.0751924
4505	3	0.0751968
4506	8	0.0752086
4507	5	0.075216
4508	5	0.0752233
4509	3	0.0752278
4510	2	0.0752307
4511	1	0.0752322
4512	4	0.0752381
4513	6	0.0752469
4514	32	0.075294
4515	25	0.0753308
4516	16	0.0753544
4517	35	0.075406
4518	32	0.0754531
4519	17	0.0754781
4520	6	0.075487
4521	31	0.0755326
4522	12	0.0755503
4523	17	0.0755753
4524	7	0.0755856
4525	3	0.07559
4526	3	0.0755945
4527	2	0.0755974
4528	6	0.0756062
4529	3	0.0756107
4530	4	0.0756166
4531	10	0.0756313
4532	3	0.0756357
4533	9	0.075649
4534	2	0.0756519
4535	19	0.0756799
4536	2	0.0756828
4537	15	0.0757049
4538	2	0.0757079
4539	4	0.0757138
4540	2	0.0757167
4541	49	0.0757889
4542	70	0.0758919
4543	25	0.0759288
4544	4	0.0759347
4545	26	0.0759729
4546	42	0.0760348
4547	16	0.0760584
4548	65	0.0761541
4549	41	0.0762145
4550	52	0.0762911
4551	2	0.076294
4552	4	0.0762999
4553	8	0.0763117
4554	5	0.076319
4555	6	0.0763279
4556	1	0.0763293
4557	1	0.0763308
4559	1	0.0763323
4561	2	0.0763352
4564	3	0.0763397
4565	16	0.0763632
4566	1	0.0763647
4568	2	0.0763676
4569	9	0.0763809
4570	5	0.0763883
4571	1	0.0763897
4572	1	0.0763912
4573	4	0.0763971
4574	2	0.0764
4576	2	0.076403
4577	1	0.0764045
4578	1	0.0764059
4580	1	0.0764074
4581	1	0.0764089
4582	2	0.0764118
4583	1	0.0764133
4585	3	0.0764177
4586	1	0.0764192
4587	3	0.0764236
4588	1	0.0764251
4590	2	0.076428
4592	1	0.0764295
4593	3	0.0764339
4595	1	0.0764354
4596	3	0.0764398
4599	2	0.0764427
4600	1	0.0764442
4603	1	0.0764457
4605	3	0.0764501
4606	1	0.0764516
4607	17	0.0764766
4608	2	0.0764796
4609	63	0.0765723
4610	27	0.0766121
4611	31	0.0766578
4612	44	0.0767226
4613	14	0.0767432
4614	62	0.0768345
4615	4	0.0768404
4616	1	0.0768419
4617	22	0.0768743
4618	3	0.0768787
4619	24	0.076914
4620	61	0.0770038
4621	27	0.0770436
4622	39	0.077101
4623	31	0.0771467
4624	24	0.077182
4625	28	0.0772233
4626	9	0.0772365
4627	2	0.0772395
4628	1	0.077241
4629	21	0.0772719
4630	5	0.0772792
4631	11	0.0772954
4632	3	0.0772999
4633	8	0.0773116
4634	17	0.0773367
4636	1	0.0773382
4637	1	0.0773396
4640	4	0.0773455
4641	1	0.077347
4642	2	0.0773499
4643	2	0.0773529
4645	2	0.0773558
4646	2	0.0773588
4647	2	0.0773617
4648	1	0.0773632
4649	1	0.0773647
4651	1	0.0773661
4652	1	0.0773676
4653	1	0.0773691
4655	1	0.0773706
4656	1	0.077372
4657	1	0.0773735
4658	1	0.077375
4659	1	0.0773764
4660	1	0.0773779
4661	2	0.0773809
4662	2	0.0773838
4663	5	0.0773912
4664	24	0.0774265
4665	4	0.0774324
4666	4	0.0774383
4667	1	0.0774398
4669	1	0.0774412
4670	1	0.0774427
4671	1	0.0774442
4675	1	0.0774457
4676	1	0.0774471
4677	3	0.0774516
4678	2	0.0774545
4679	1	0.077456
4680	3	0.0774604
4681	1	0.0774619
4682	2	0.0774648
4683	1	0.0774663
4684	6	0.0774751
4685	2	0.0774781
4686	4	0.077484
4687	10	0.0774987
4688	24	0.077534
4689	52	0.0776106
4690	33	0.0776592
4691	50	0.0777328
4692	46	0.0778006
4693	11	0.0778168
4694	16	0.0778404
4695	43	0.0779037
4696	26	0.077942
4697	40	0.0780009
4698	40	0.0780598
4699	87	0.0781879
4700	4	0.0781938
4701	22	0.0782262
4702	60	0.0783146
4703	52	0.0783911
4704	16	0.0784147
4705	57	0.0784987
4706	38	0.0785546
4707	46	0.0786224
4708	37	0.0786769
4709	4	0.0786827
4710	2	0.0786857
4711	11	0.0787019
4712	9	0.0787151
4713	37	0.0787696
4714	3	0.0787741
4715	11	0.0787903
4716	3	0.0787947
4717	3	0.0787991
4718	3	0.0788035
4719	1	0.078805
4720	1	0.0788065
4721	9	0.0788197
4722	15	0.0788418
4723	14	0.0788624
4724	355	0.0793852
4725	74	0.0794942
4726	133	0.0796901
4727	62	0.0797814
4728	31	0.079827
4729	11	0.0798432
4730	27	0.079883
4731	54	0.0799625
4732	10	0.0799773
4733	25	0.0800141
4734	77	0.0801275
4735	24	0.0801628
4736	191	0.0804441
4737	113	0.0806105
4738	205	0.0809124
4739	184	0.0811834
4740	304	0.0816311
4741	174	0.0818874
4742	44	0.0819522
4743	118	0.082126
4744	22	0.0821584
4745	33	0.082207
4746	14	0.0822276
4747	8	0.0822394
4748	7	0.0822497
4749	95	0.0823896
4750	48	0.0824603
4751	21	0.0824912
4752	114	0.0826591
4753	91	0.0827931
4754	55	0.0828741
4755	48	0.0829448
4756	8	0.0829566
4757	47	0.0830258
4758	11	0.083042
4759	10	0.0830567
4760	1	0.0830582
4761	22	0.0830906
4762	16	0.0831141
4763	19	0.0831421
4764	25	0.0831789
4765	54	0.0832585
4766	14	0.0832791
4767	58	0.0833645
4768	57	0.0834485
4769	63	0.0835412
4770	3	0.0835456
4771	58	0.0836311
4773	1	0.0836325
4774	1	0.083634
4775	9	0.0836473
4776	7	0.0836576
4780	1	0.083659
4781	3	0.0836635
4782	1	0.0836649
4784	1	0.0836664
4787	1	0.0836679
4790	2	0.0836708
4791	10	0.0836856
4792	1	0.083687
4793	1	0.0836885
4794	1	0.08369
4796	2	0.0836929
4797	2	0.0836959
4798	5	0.0837032
4799	1	0.0837047
4800	1	0.0837062
4802	3	0.0837106
4803	1	0.0837121
4804	1	0.0837135
4805	2	0.0837165
4807	3	0.0837209
4808	1	0.0837224
4809	7	0.0837327
4810	3	0.0837371
4811	5	0.0837445
4813	1	0.0837459
4814	2	0.0837489
4815	3	0.0837533
4816	2	0.0837562
4817	14	0.0837769
4818	5	0.0837842
4819	1	0.0837857
4820	3	0.0837901
4821	1	0.0837916
4822	26	0.0838299
4823	5	0.0838372
4826	1	0.0838387
4827	1	0.0838402
4828	2	0.0838431
4830	1	0.0838446
4831	1	0.0838461
4832	1	0.0838476
4834	1	0.083849
4836	3	0.0838534
4837	3	0.0838579
4838	6	0.0838667
4839	1	0.0838682
4840	1	0.0838696
4843	3	0.0838741
4845	6	0.0838829
4846	1	0.0838844
4847	1	0.0838858
4848	1	0.0838873
4851	2	0.0838903
4852	1	0.0838917
4853	1	0.0838932
4855	5	0.0839006
4856	2	0.0839035
4857	1	0.083905
4858	1	0.0839065
4859	1	0.0839079
4860	7	0.0839182
4861	2	0.0839212
4862	4	0.0839271
4863	2	0.08393
4864	3	0.0839344
4865	4	0.0839403
4866	1	0.0839418
4867	11	0.083958
4868	36	0.084011
4869	16	0.0840346
4870	2	0.0840375
4874	2	0.0840405
4875	3	0.0840449
4876	1	0.0840464
4877	7	0.0840567
4878	9	0.0840699
4879	2	0.0840729
4880	2	0.0840758
4881	15	0.0840979
4882	10	0.0841126
4883	25	0.0841495
4885	1	0.0841509
4886	2	0.0841539
4887	5	0.0841612
4889	3	0.0841657
4891	3	0.0841701
4892	4	0.084176
4893	8	0.0841878
4894	104	0.0843409
4895	86	0.0844676
4896	301	0.0849109
4897	195	0.085198
4898	91	0.0853321
4899	88	0.0854617
4900	3	0.0854661
4901	4	0.085472
4902	21	0.0855029
4903	18	0.0855294
4904	53	0.0856075
4905	19	0.0856354
4906	7	0.0856457
4907	14	0.0856664
4908	2	0.0856693
4909	4	0.0856752
4910	8	0.085687
4911	8	0.0856988
4912	18	0.0857253
4913	7	0.0857356
4914	1	0.085737
4915	72	0.0858431
4916	47	0.0859123
4917	29	0.085955
4918	88	0.0860846
4919	113	0.086251
4920	39	0.0863085
4921	57	0.0863924
4922	55	0.0864734
4923	45	0.0865397
4924	155	0.086768
4925	225	0.0870993
4926	168	0.0873467
4927	130	0.0875382
4928	146	0.0877532
4929	56	0.0878357
4930	56	0.0879181
4931	19	0.0879461
4932	98	0.0880904
4933	12	0.0881081
4934	6	0.088117
4935	58	0.0882024
4936	47	0.0882716
4937	70	0.0883747
4938	96	0.0885161
4939	120	0.0886928
4940	15	0.0887149
4941	240	0.0890683
4942	177	0.089329
4943	105	0.0894836
4944	58	0.0895691
4945	101	0.0897178
4946	86	0.0898445
4947	53	0.0899225
4948	180	0.0901876
4949	22	0.09022
4950	2	0.0902229
4951	24	0.0902583
4952	37	0.0903128
4953	5	0.0903201
4954	41	0.0903805
4955	47	0.0904497
4956	22	0.0904821
4958	21	0.0905131
4959	8	0.0905248
4960	4	0.0905307
4961	58	0.0906162
4962	40	0.0906751
4963	37	0.0907296
4964	13	0.0907487
4966	3	0.0907531
4967	36	0.0908061
4968	13	0.0908253
4969	47	0.0908945
4970	21	0.0909254
4971	56	0.0910079
4972	37	0.0910624
4973	4	0.0910683
4974	5	0.0910756
4975	5	0.091083
4976	21	0.0911139
4977	22	0.0911463
4978	8	0.0911581
4979	60	0.0912465
4980	2	0.0912494
4981	19	0.0912774
4982	3	0.0912818
4983	4	0.0912877
4984	8	0.0912995
4985	4	0.0913054
4986	12	0.0913231
4987	9	0.0913363
4988	1	0.0913378
4989	49	0.0914099
4990	44	0.0914747
4992	11	0.0914909
4993	47	0.0915602
4994	17	0.0915852
4995	17	0.0916102
4998	14	0.0916309
4999	16	0.0916544
5000	28	0.0916957
5001	11	0.0917119
5002	258	0.0920918
5003	256	0.0924688
5004	230	0.0928076
5005	107	0.0929651
5006	43	0.0930285
5007	93	0.0931654
5008	146	0.0933804
5009	141	0.0935881
5010	35	0.0936396
5011	111	0.0938031
5012	52	0.0938797
5013	15	0.0939018
5014	75	0.0940122
5015	52	0.0940888
5016	60	0.0941772
5017	88	0.0943068
5018	54	0.0943863
5019	22	0.0944187
5020	59	0.0945056
5021	61	0.0945954
5022	9	0.0946087
5023	12	0.0946264
5024	13	0.0946455
5025	46	0.0947132
5026	29	0.094756
5027	3	0.0947604
5028	1	0.0947618
5030	12	0.0947795
5031	1	0.094781
5032	1	0.0947825
5033	1	0.0947839
5034	2	0.0947869
5036	38	0.0948428
5037	1	0.0948443
5038	2	0.0948473
5040	1	0.0948487
5042	14	0.0948694
5043	2	0.0948723
5044	10	0.094887
5045	25	0.0949238
5047	7	0.0949342
5048	15	0.0949562
5049	11	0.0949724
5050	2	0.0949754
5051	10	0.0949901
5052	2	0.0949931
5054	1	0.0949945
5055	4	0.0950004
5056	6	0.0950093
5057	2	0.0950122
5058	14	0.0950328
5059	5	0.0950402
5060	4	0.0950461
5061	4	0.095052
5062	3	0.0950564
5063	1	0.0950579
5064	2	0.0950608
5065	3	0.0950652
5066	13	0.0950844
5067	9	0.0950976
5068	6	0.0951065
5069	10	0.0951212
5070	4	0.0951271
5071	2	0.09513
5072	3	0.0951344
5073	1	0.0951359
5074	5	0.0951433
5075	1	0.0951448
5076	3	0.0951492
5077	2	0.0951521
5078	1	0.0951536
5079	4	0.0951595
5080	5	0.0951668
5081	20	0.0951963
5082	6	0.0952051
5083	4	0.095211
5084	3	0.0952154
5085	17	0.0952405
5086	13	0.0952596
5087	23	0.0952935
5088	7	0.0953038
5089	7	0.0953141
5090	7	0.0953244
5091	28	0.0953657
5092	1	0.0953671
5093	3	0.0953716
5094	3	0.095376
5095	1	0.0953774
5096	25	0.0954143
5097	3	0.0954187
5098	1	0.0954202
5099	21	0.0954511
5100	28	0.0954923
5101	25	0.0955291
5102	8	0.0955409
5103	6	0.0955497
5104	26	0.095588
5105	8	0.0955998
5106	12	0.0956175
5107	3	0.0956219
5108	38	0.0956779
5109	27	0.0957176
5110	7	0.0957279
5111	4	0.0957338
5112	11	0.09575
5113	24	0.0957854
5114	3	0.0957898
5115	64	0.0958841
5116	31	0.0959297
5117	67	0.0960284
5118	24	0.0960637
5119	14	0.0960843
5120	27	0.0961241
5121	34	0.0961742
5122	12	0.0961919
5123	24	0.0962272
5125	33	0.0962758
5126	1	0.0962773
5127	33	0.0963259
5128	18	0.0963524
5129	17	0.0963774
5130	13	0.0963966
5131	6	0.0964054
5132	13	0.0964245
5133	22	0.0964569
5134	1	0.0964584
5135	14	0.096479
5136	31	0.0965247
5137	11	0.0965409
5138	13	0.09656
5139	19	0.096588
5140	29	0.0966307
5141	29	0.0966734
5142	23	0.0967073
5143	5	0.0967147
5144	4	0.0967206
5145	1	0.096722
5146	18	0.0967485
5147	14	0.0967692
5148	7	0.0967795
5149	27	0.0968192
5150	21	0.0968502
5151	19	0.0968781
5152	6	0.096887
5153	11	0.0969032
5154	22	0.0969356
5155	2	0.0969385
5156	28	0.0969798
5157	19	0.0970077
5158	10	0.0970225
5159	36	0.0970755
5160	100	0.0972228
5161	29	0.0972655
5162	24	0.0973008
5163	2	0.0973038
5164	8	0.0973155
5165	4	0.0973214
5166	3	0.0973258
5167	1	0.0973273
5168	3	0.0973317
5169	6	0.0973406
5170	6	0.0973494
5171	5	0.0973568
5172	3	0.0973612
5173	2	0.0973641
5174	3	0.0973686
5175	6	0.0973774
5176	3	0.0973818
5177	10	0.0973965
5178	1	0.097398
5179	6	0.0974068
5180	15	0.0974289
5181	8	0.0974407
5182	12	0.0974584
5183	30	0.0975026
5184	16	0.0975261
5185	8	0.0975379
5186	8	0.0975497
5187	4	0.0975556
5188	9	0.0975688
5189	7	0.0975792
5190	17	0.0976042
5191	84	0.0977279
5192	150	0.0979488
5193	123	0.0981299
5194	20	0.0981594
5195	25	0.0981962
5196	16	0.0982198
5197	25	0.0982566
5198	20	0.0982861
5199	6	0.0982949
5200	8	0.0983067
5201	16	0.0983302
5202	27	0.09837
5203	6	0.0983788
5204	8	0.0983906
5205	3	0.098395
5206	6	0.0984039
5207	6	0.0984127
5208	3	0.0984171
5210	4	0.098423
5211	3	0.0984274
5212	4	0.0984333
5213	1	0.0984348
5214	2	0.0984377
5215	1	0.0984392
5217	3	0.0984436
5218	1	0.0984451
5219	1	0.0984466
5220	1	0.0984481
5221	2	0.098451
5222	5	0.0984584
5223	1	0.0984598
5224	6	0.0984687
5225	3	0.0984731
5226	34	0.0985232
5227	1	0.0985246
5228	13	0.0985438
5229	38	0.0985997
5230	70	0.0987028
5231	5	0.0987102
5232	7	0.0987205
5233	4	0.0987264
5234	10	0.0987411
5235	7	0.0987514
5236	11	0.0987676
5237	22	0.0988
5238	7	0.0988103
5239	8	0.0988221
5240	4	0.098828
5241	6	0.0988368
5242	4	0.0988427
5243	60	0.0989311
5244	15	0.0989532
5245	23	0.0989871
5246	8	0.0989988
5247	17	0.0990239
5248	27	0.0990636
5249	10	0.0990784
5250	15	0.0991005
5251	7	0.0991108
5252	8	0.0991226
5253	16	0.0991461
5254	26	0.0991844
5255	11	0.0992006
5256	32	0.0992477
5257	16	0.0992713
5258	44	0.0993361
5259	71	0.0994407
5260	19	0.0994686
5261	18	0.0994952
5262	6	0.099504
5263	6	0.0995128
5264	13	0.099532
5265	20	0.0995614
5266	8	0.0995732
5267	18	0.0995997
5268	40	0.0996586
5269	5	0.099666
5270	5	0.0996734
5271	3	0.0996778
5272	15	0.0996999
5273	11	0.0997161
5274	24	0.0997514
5275	18	0.0997779
5276	14	0.0997985
5277	18	0.099825
5278	56	0.0999075
5279	30	0.0999517
5280	4	0.0999576
5281	41	0.100018
5282	10	0.100033
5283	8	0.100044
5284	22	0.100077
5285	9	0.10009
5286	17	0.100115
5287	10	0.10013
5288	13	0.100149
5289	6	0.100158
5290	13	0.100177
5291	7	0.100187
5292	10	0.100202
5293	19	0.10023
5294	9	0.100243
5295	10	0.100258
5296	2	0.100261
5297	8	0.100273
5298	5	0.10028
5299	11	0.100296
5300	4	0.100302
5301	4	0.100308
5302	10	0.100323
5303	4	0.100329
5304	7	0.100339
5305	8	0.100351
5306	11	0.100367
5307	13	0.100386
5308	2	0.100389
5309	12	0.100407
5310	28	0.100448
5311	7	0.100458
5312	12	0.100476
5313	16	0.1005
5314	54	0.100579
5315	48	0.10065
5316	9	0.100663
5317	10	0.100678
5318	19	0.100706
5319	1	0.100707
5320	12	0.100725
5321	11	0.100741
5322	27	0.100781
5323	16	0.100804
5324	12	0.100822
5325	25	0.100859
5326	6	0.100868
5327	8	0.10088
5328	6	0.100888
5329	16	0.100912
5330	23	0.100946
5331	9	0.100959
5332	15	0.100981
5333	7	0.100991
5334	26	0.10103
5335	9	0.101043
5336	6	0.101052
5337	13	0.101071
5338	1	0.101072
5340	1	0.101074
5341	2	0.101077
5342	10	0.101092
5343	7	0.101102
5344	15	0.101124
5345	17	0.101149
5346	20	0.101178
5347	2	0.101181
5348	14	0.101202
5349	11	0.101218
5350	5	0.101226
5351	32	0.101273
5352	11	0.101289
5353	3	0.101293
5354	6	0.101302
5355	13	0.101321
5356	1	0.101323
5357	1	0.101324
5358	11	0.10134
5359	6	0.101349
5360	1	0.101351
5361	7	0.101361
5362	1	0.101363
5363	1	0.101364
5364	1	0.101366
5365	15	0.101388
5366	3	0.101392
5367	5	0.101399
5368	1	0.101401
5369	5	0.101408
5370	2	0.101411
5371	3	0.101416
5372	25	0.101452
5373	7	0.101463
5374	35	0.101514
5375	14	0.101535
5376	3	0.101539
5377	2	0.101542
5378	1	0.101544
5379	2	0.101547
5381	2	0.10155
5382	3	0.101554
5383	2	0.101557
5384	1	0.101558
5385	3	0.101563
5387	1	0.101564
5390	1	0.101566
5391	1	0.101567
5393	18	0.101594
5394	28	0.101635
5395	2	0.101638
5396	6	0.101647
5397	8	0.101659
5398	18	0.101685
5399	18	0.101712
5400	37	0.101766
5401	15	0.101788
5402	14	0.101809
5403	5	0.101816
5404	3	0.101821
5405	21	0.101851
5406	26	0.10189
5407	3	0.101894
5408	8	0.101906
5409	44	0.101971
5410	24	0.102006
5411	123	0.102187
5412	189	0.102466
5413	169	0.102715
5414	96	0.102856
5415	154	0.103083
5416	128	0.103271
5417	196	0.10356
5418	117	0.103732
5419	128	0.103921
5420	89	0.104052
5421	135	0.104251
5422	76	0.104362
5423	27	0.104402
5424	84	0.104526
5425	120	0.104703
5426	132	0.104897
5427	62	0.104988
5428	103	0.10514
5429	11	0.105156
5430	25	0.105193
5431	24	0.105228
5432	15	0.105251
5433	13	0.10527
5434	17	0.105295
5435	30	0.105339
5436	21	0.10537
5437	2	0.105373
5438	4	0.105379
5439	4	0.105385
5440	3	0.105389
5441	3	0.105393
5442	5	0.105401
5443	5	0.105408
5445	3	0.105413
5446	2	0.105415
5449	3	0.10542
5450	1	0.105421
5451	2	0.105424
5452	10	0.105439
5453	12	0.105457
5454	4	0.105463
5455	4	0.105468
5456	6	0.105477
5457	10	0.105492
5458	13	0.105511
5459	1	0.105513
5460	11	0.105529
5461	5	0.105536
5462	1	0.105538
5463	5	0.105545
5464	12	0.105563
5465	8	0.105575
5466	9	0.105588
5467	23	0.105622
5468	26	0.10566
5469	8	0.105672
5470	15	0.105694
5471	33	0.105742
5472	15	0.105765
5473	28	0.105806
5474	16	0.105829
5475	6	0.105838
5476	15	0.10586
5477	4	0.105866
5478	40	0.105925
5479	8	0.105937
5480	15	0.105959
5481	6	0.105968
5482	1	0.105969
5483	1	0.105971
5484	5	0.105978
5485	13	0.105997
5486	5	0.106005
5487	17	0.10603
5488	28	0.106071
5489	6	0.10608
5490	33	0.106128
5491	17	0.106153
5492	34	0.106203
5493	7	0.106214
5494	4	0.10622
5495	10	0.106234
5496	17	0.106259
5497	40	0.106318
5498	4	0.106324
5499	2	0.106327
5500	3	0.106331
5501	1	0.106333
5503	3	0.106337
5504	1	0.106339
5505	10	0.106354
5506	9	0.106367
5510	2	0.10637
5511	1	0.106371
5513	1	0.106373
5514	1	0.106374
5515	4	0.10638
5516	2	0.106383
5517	2	0.106386
5518	3	0.10639
5519	2	0.106393
5520	1	0.106395
5521	4	0.106401
5522	21	0.106432
5523	5	0.106439
5524	15	0.106461
5525	6	0.10647
5526	6	0.106479
5527	2	0.106482
5528	2	0.106485
5529	2	0.106488
5531	2	0.106491
5532	2	0.106493
5533	3	0.106498
5534	5	0.106505
5535	4	0.106511
5536	1	0.106513
5537	1	0.106514
5538	2	0.106517
5539	3	0.106521
5540	6	0.10653
5543	9	0.106544
5544	6	0.106552
5545	5	0.10656
5546	11	0.106576
5547	9	0.106589
5548	1	0.106591
5549	5	0.106598
5550	1	0.1066
5551	2	0.106602
5552	1	0.106604
5553	2	0.106607
5554	2	0.10661
5556	1	0.106611
5557	2	0.106614
5558	2	0.106617
5559	1	0.106619
5560	2	0.106622
5561	3	0.106626
5562	2	0.106629
5563	5	0.106636
5564	46	0.106704
5565	95	0.106844
5566	5	0.106851
5567	2	0.106854
5568	5	0.106862
5569	10	0.106876
5570	2	0.106879
5571	16	0.106903
5572	2	0.106906
5573	6	0.106915
5574	4	0.106921
5577	1	0.106922
5578	1	0.106924
5580	1	0.106925
5581	2	0.106928
5582	1	0.106929
5583	2	0.106932
5584	10	0.106947
5585	4	0.106953
5586	18	0.106979
5587	9	0.106993
5588	1	0.106994
5590	1	0.106996
5592	6	0.107005
5593	55	0.107086
5594	8	0.107097
5595	8	0.107109
5598	1	0.107111
5599	3	0.107115
5600	1	0.107116
5605	1	0.107118
5606	1	0.107119
5607	1	0.107121
5610	1	0.107122
5613	1	0.107124
5614	2	0.107127
5617	2	0.10713
5618	2	0.107133
5619	1	0.107134
5620	1	0.107136
5621	3	0.10714
5622	2	0.107143
5623	3	0.107147
5624	3	0.107152
5625	1	0.107153
5626	1	0.107155
5627	3	0.107159
5628	5	0.107167
5629	1	0.107168
5630	2	0.107171
5632	1	0.107172
5633	2	0.107175
5635	17	0.1072
5636	51	0.107276
5637	9	0.107289
5638	3	0.107293
5639	12	0.107311
5640	4	0.107317
5641	1	0.107318
5642	1	0.10732
5644	1	0.107321
5645	3	0.107326
5646	1	0.107327
5647	1	0.107329
5648	6	0.107337
5650	3	0.107342
5651	1	0.107343
5652	5	0.107351
5653	1	0.107352
5654	5	0.107359
5655	4	0.107365
5656	2	0.107368
5657	2	0.107371
5658	2	0.107374
5659	1	0.107376
5661	3	0.10738
5662	1	0.107382
5664	1	0.107383
5665	4	0.107389
5666	1	0.10739
5667	2	0.107393
5668	2	0.107396
5669	4	0.107402
5671	4	0.107408
5672	1	0.10741
5673	3	0.107414
5674	2	0.107417
5675	1	0.107418
5676	3	0.107423
5677	1	0.107424
5679	2	0.107427
5680	4	0.107433
5681	1	0.107435
5683	1	0.107436
5686	3	0.10744
5687	1	0.107442
5688	2	0.107445
5689	2	0.107448
5690	1	0.107449
5691	1	0.107451
5694	4	0.107457
5695	5	0.107464
5696	13	0.107483
5697	26	0.107521
5698	2	0.107524
5699	2	0.107527
5700	5	0.107535
5701	10	0.107549
5702	18	0.107576
5703	4	0.107582
5704	3	0.107586
5705	3	0.107591
5706	4	0.107597
5707	9	0.10761
5708	8	0.107622
5709	6	0.10763
5710	7	0.107641
5711	7	0.107651
5712	8	0.107663
5714	3	0.107667
5715	1	0.107669
5716	3	0.107673
5717	4	0.107679
5718	1	0.107681
5719	15	0.107703
5720	7	0.107713
5721	5	0.10772
5722	10	0.107735
5723	3	0.107739
5725	1	0.107741
5727	9	0.107754
5728	2	0.107757
5729	2	0.10776
5730	9	0.107773
5731	4	0.107779
5732	2	0.107782
5733	11	0.107798
5734	18	0.107825
5735	4	0.107831
5736	8	0.107843
5737	28	0.107884
5738	15	0.107906
5739	7	0.107916
5740	16	0.10794
5741	3	0.107944
5743	3	0.107949
5744	4	0.107954
5746	3	0.107959
5747	1	0.10796
5748	6	0.107969
5749	5	0.107977
5750	4	0.107982
5751	9	0.107996
5752	5	0.108003
5753	9	0.108016
5754	10	0.108031
5755	12	0.108049
5756	13	0.108068
5757	33	0.108116
5758	21	0.108147
5759	1	0.108149
5760	13	0.108168
5761	5	0.108175
5762	10	0.10819
5763	15	0.108212
5764	28	0.108253
5765	14	0.108274
5766	28	0.108315
5767	73	0.108423
5768	57	0.108507
5769	36	0.10856
5770	25	0.108597
5771	25	0.108633
5772	13	0.108652
5773	48	0.108723
5774	23	0.108757
5775	18	0.108784
5776	3	0.108788
5777	3	0.108792
5778	22	0.108825
5779	28	0.108866
5780	9	0.108879
5781	7	0.10889
5782	32	0.108937
5783	5	0.108944
5784	3	0.108949
5785	12	0.108966
5786	7	0.108976
5787	22	0.109009
5788	3	0.109013
5789	47	0.109083
5790	16	0.109106
5791	7	0.109116
5792	7	0.109127
5793	13	0.109146
5794	2	0.109149
5795	8	0.109161
5796	12	0.109178
5797	12	0.109196
5798	7	0.109206
5799	2	0.109209
5800	9	0.109222
5801	4	0.109228
5802	4	0.109234
5803	3	0.109239
5804	5	0.109246
5805	1	0.109247
5807	1	0.109249
5808	1	0.10925
5809	3	0.109255
5810	2	0.109258
5811	11	0.109274
5812	8	0.109286
5813	3	0.10929
5814	3	0.109295
5815	2	0.109298
5816	2	0.1093
5817	3	0.109305
5818	7	0.109315
5819	2	0.109318
5820	2	0.109321
5821	6	0.10933
5822	2	0.109333
5823	13	0.109352
5824	3	0.109356
5825	3	0.109361
5826	2	0.109364
5827	1	0.109365
5828	3	0.10937
5829	5	0.109377
5830	4	0.109383
5831	4	0.109389
5832	3	0.109393
5833	3	0.109398
5834	7	0.109408
5835	28	0.109449
5836	1	0.109451
5837	2	0.109454
5838	2	0.109457
5839	8	0.109468
5840	6	0.109477
5841	9	0.10949
5842	4	0.109496
5843	5	0.109504
5844	11	0.10952
5845	46	0.109588
5846	51	0.109663
5847	24	0.109698
5848	11	0.109714
5849	25	0.109751
5850	13	0.10977
5851	3	0.109775
5852	3	0.109779
5853	10	0.109794
5854	16	0.109817
5855	22	0.10985
5856	1	0.109851
5857	3	0.109856
5858	1	0.109857
5859	2	0.10986
5860	3	0.109865
5861	5	0.109872
5862	4	0.109878
5863	10	0.109893
5865	5	0.1099
5866	1	0.109901
5867	3	0.109906
5868	7	0.109916
5869	4	0.109922
5870	3	0.109926
5871	1	0.109928
5873	4	0.109934
5874	7	0.109944
5875	1	0.109946
5876	1	0.109947
5877	4	0.109953
5878	1	0.109954
5879	1	0.109956
5880	9	0.109969
5881	18	0.109996
5882	3	0.11
5883	37	0.110055
5884	12	0.110072
5885	22	0.110105
5886	32	0.110152
5887	29	0.110194
5888	3	0.110199
5889	1	0.1102
5890	2	0.110203
5891	2	0.110206
5892	7	0.110217
5893	1	0.110218
5894	3	0.110222
5895	8	0.110234
5897	1	0.110236
5898	3	0.11024
5899	4	0.110246
5900	15	0.110268
5901	16	0.110292
5902	31	0.110337
5903	33	0.110386
5904	10	0.110401
5905	6	0.110409
5906	13	0.110429
5907	57	0.110513
5908	50	0.110586
5909	43	0.110649
5910	14	0.11067
5911	10	0.110685
5912	8	0.110697
5913	13	0.110716
5914	5	0.110723
5915	2	0.110726
5916	2	0.110729
5917	20	0.110758
5918	4	0.110764
5919	16	0.110788
5920	11	0.110804
5921	4	0.11081
5922	9	0.110823
5923	4	0.110829
5924	17	0.110854
5925	38	0.11091
5926	24	0.110946
5927	14	0.110966
5928	20	0.110996
5929	37	0.11105
5930	9	0.111063
5931	6	0.111072
5932	20	0.111102
5933	7	0.111112
5934	52	0.111189
5935	57	0.111272
5936	85	0.111398
5937	46	0.111465
5938	89	0.111596
5939	108	0.111756
5940	62	0.111847
5941	80	0.111965
5942	65	0.11206
5943	119	0.112236
5944	94	0.112374
5945	31	0.11242
5946	52	0.112496
5947	32	0.112543
5948	92	0.112679
5949	67	0.112778
5950	30	0.112822
5951	10	0.112836
5952	9	0.11285
5953	21	0.112881
5954	28	0.112922
5955	23	0.112956
5956	77	0.113069
5957	27	0.113109
5958	51	0.113184
5959	40	0.113243
5960	17	0.113268
5961	117	0.11344
5962	188	0.113717
5963	59	0.113804
5964	45	0.11387
5965	27	0.11391
5966	76	0.114022
5967	6	0.114031
5968	55	0.114112
5969	29	0.114155
5970	68	0.114255
5971	32	0.114302
5972	31	0.114347
5973	36	0.114401
5974	12	0.114418
5975	10	0.114433
5976	3	0.114437
5977	240	0.114791
5978	17	0.114816
5979	25	0.114853
5980	174	0.115109
5981	213	0.115423
5982	144	0.115635
5983	15	0.115657
5984	77	0.11577
5985	127	0.115957
5986	21	0.115988
5987	144	0.1162
5988	186	0.116474
5989	325	0.116953
5990	69	0.117054
5991	53	0.117132
5992	150	0.117353
5993	207	0.117658
5994	83	0.11778
5995	67	0.117879
5996	82	0.118
5997	41	0.11806
5998	11	0.118076
5999	52	0.118153
6000	73	0.11826
6001	77	0.118374
6002	17	0.118399
6003	15	0.118421
6004	21	0.118452
6005	48	0.118523
6006	112	0.118688
6007	23	0.118721
6008	94	0.11886
6009	145	0.119073
6010	142	0.119283
6011	26	0.119321
6012	85	0.119446
6013	35	0.119498
6014	266	0.119889
6015	299	0.12033
6016	28	0.120371
6017	76	0.120483
6018	34	0.120533
6019	7	0.120543
6020	133	0.120739
6021	30	0.120783
6022	127	0.12097
6023	151	0.121193
6024	23	0.121227
6025	84	0.12135
6026	88	0.12148
6027	55	0.121561
6028	273	0.121963
6029	636	0.1229
6030	548	0.123707
6031	902	0.125035
6032	21	0.125066
6033	72	0.125172
6034	84	0.125296
6035	98	0.12544
6036	920	0.126795
6037	435	0.127436
6038	914	0.128782
6039	312	0.129241
6040	825	0.130456
6041	738	0.131543
6042	449	0.132204
6043	636	0.133141
6044	431	0.133776
6045	223	0.134104
6046	306	0.134555
6047	133	0.13475
6048	64	0.134845
6049	264	0.135234
6050	524	0.136005
6051	539	0.136799
6052	430	0.137432
6053	430	0.138066
6054	1110	0.1397
6055	1164	0.141415
6056	282	0.14183
6057	192	0.142113
6058	112	0.142278
6059	23	0.142311
6060	140	0.142518
6061	56	0.1426
6062	131	0.142793
6063	185	0.143065
6064	316	0.143531
6065	377	0.144086
6066	87	0.144214
6067	358	0.144741
6068	304	0.145189
6069	619	0.146101
6070	102	0.146251
6071	411	0.146856
6072	306	0.147307
6073	218	0.147628
6074	192	0.147911
6075	85	0.148036
6076	79	0.148152
6077	150	0.148373
6078	161	0.14861
6079	200	0.148905
6080	112	0.14907
6081	49	0.149142
6082	89	0.149273
6083	128	0.149461
6084	112	0.149626
6085	98	0.149771
6086	111	0.149934
6087	351	0.150451
6088	173	0.150706
6089	359	0.151235
6090	441	0.151884
6091	447	0.152542
6092	513	0.153298
6093	1095	0.15491
6094	782	0.156062
6095	1128	0.157723
6096	648	0.158678
6097	714	0.159729
6098	609	0.160626
6099	446	0.161283
6100	996	0.16275
6101	778	0.163896
6102	174	0.164152
6103	238	0.164502
6104	196	0.164791
6105	474	0.165489
6106	303	0.165935
6107	302	0.16638
6108	670	0.167367
6109	856	0.168627
6110	422	0.169249
6111	760	0.170368
6112	590	0.171237
6113	474	0.171935
6114	77	0.172048
6115	221	0.172374
6116	137	0.172576
6117	217	0.172895
6118	101	0.173044
6119	87	0.173172
6120	402	0.173764
6121	179	0.174028
6122	39	0.174085
6123	275	0.17449
6124	75	0.174601
6125	88	0.17473
6126	121	0.174908
6127	195	0.175196
6128	142	0.175405
6129	42	0.175467
6130	184	0.175738
6131	76	0.17585
6132	72	0.175956
6133	129	0.176146
6134	173	0.1764
6135	460	0.177078
6136	524	0.177849
6137	95	0.177989
6138	190	0.178269
6139	413	0.178877
6140	479	0.179583
6141	219	0.179905
6142	175	0.180163
6143	64	0.180257
6144	59	0.180344
6145	46	0.180412
6146	53	0.18049
6147	144	0.180702
6148	652	0.181662
6149	365	0.1822
6150	145	0.182413
6151	38	0.182469
6152	96	0.182611
6153	70	0.182714
6154	193	0.182998
6155	225	0.183329
6156	197	0.18362
6157	84	0.183743
6158	160	0.183979
6159	289	0.184405
6160	388	0.184976
6161	542	0.185774
6162	424	0.186399
6163	353	0.186918
6164	280	0.187331
6165	446	0.187988
6166	287	0.18841
6167	248	0.188776
6168	131	0.188968
6169	268	0.189363
6170	233	0.189706
6171	292	0.190136
6172	191	0.190418
6173	135	0.190616
6174	171	0.190868
6175	890	0.192179
6176	361	0.192711
6177	204	0.193011
6178	120	0.193188
6179	381	0.193749
6180	932	0.195121
6181	344	0.195628
6182	76	0.19574
6183	175	0.195998
6184	519	0.196762
6185	342	0.197266
6186	433	0.197903
6187	527	0.19868
6188	406	0.199277
6189	674	0.20027
6190	225	0.200601
6191	86	0.200728
6192	84	0.200852
6193	288	0.201276
6194	128	0.201464
6195	174	0.201721
6196	114	0.201889
6197	56	0.201971
6198	125	0.202155
6199	124	0.202338
6200	80	0.202456
6201	141	0.202663
6202	70	0.202766
6203	56	0.202849
6204	15	0.202871
6205	117	0.203043
6206	159	0.203277
6207	206	0.203581
6208	78	0.203696
6209	102	0.203846
6210	205	0.204148
6211	40	0.204207
6212	23	0.204241
6213	40	0.204299
6214	150	0.20452
6215	33	0.204569
6216	71	0.204674
6217	73	0.204781
6218	34	0.204831
6219	18	0.204858
6220	15	0.20488
6221	71	0.204984
6222	98	0.205129
6223	110	0.205291
6224	256	0.205668
6225	79	0.205784
6226	307	0.206236
6227	106	0.206392
6228	15	0.206414
6229	40	0.206473
6230	201	0.206769
6231	15	0.206791
6232	212	0.207103
6233	181	0.20737
6234	50	0.207444
6235	14	0.207464
6236	12	0.207482
6237	131	0.207675
6238	79	0.207791
6239	173	0.208046
6240	10	0.208061
6241	53	0.208139
6242	41	0.208199
6243	46	0.208267
6244	65	0.208363
6245	25	0.208399
6246	243	0.208757
6247	71	0.208862
6248	116	0.209033
6249	162	0.209271
6250	76	0.209383
6251	58	0.209469
6252	76	0.209581
6253	121	0.209759
6254	218	0.21008
6255	339	0.210579
6256	479	0.211285
6257	84	0.211408
6258	104	0.211561
6259	160	0.211797
6260	154	0.212024
6261	197	0.212314
6262	46	0.212382
6263	151	0.212604
6264	159	0.212838
6265	38	0.212894
6266	57	0.212978
6267	88	0.213108
6268	215	0.213424
6269	142	0.213634
6270	107	0.213791
6271	206	0.214094
6272	31	0.21414
6273	35	0.214192
6274	243	0.21455
6275	132	0.214744
6276	116	0.214915
6277	125	0.215099
6278	52	0.215175
6279	70	0.215279
6280	20	0.215308
6281	46	0.215376
6282	80	0.215494
6283	53	0.215572
6284	20	0.215601
6285	107	0.215759
6286	42	0.21582
6287	91	0.215955
6288	215	0.216271
6289	57	0.216355
6290	124	0.216538
6291	83	0.21666
6292	147	0.216876
6293	144	0.217089
6294	189	0.217367
6295	234	0.217711
6296	84	0.217835
6297	40	0.217894
6298	30	0.217938
6299	341	0.21844
6300	259	0.218822
6301	175	0.21908
6302	212	0.219392
6303	238	0.219742
6304	297	0.22018
6305	157	0.220411
6306	227	0.220745
6307	158	0.220978
6308	359	0.221507
6309	74	0.221616
6310	139	0.22182
6311	144	0.222032
6312	412	0.222639
6313	91	0.222773
6314	414	0.223383
6315	345	0.223891
6316	233	0.224234
6317	148	0.224452
6318	68	0.224552
6319	158	0.224785
6320	97	0.224928
6321	113	0.225094
6322	86	0.225221
6323	85	0.225346
6324	60	0.225434
6325	175	0.225692
6326	134	0.225889
6327	96	0.226031
6328	164	0.226272
6329	76	0.226384
6330	57	0.226468
6331	89	0.226599
6332	91	0.226733
6333	25	0.22677
6334	130	0.226962
6335	210	0.227271
6336	200	0.227565
6337	107	0.227723
6338	156	0.227953
6339	117	0.228125
6340	237	0.228474
6341	197	0.228764
6342	262	0.22915
6343	118	0.229324
6344	329	0.229808
6345	48	0.229879
6346	60	0.229967
6347	189	0.230246
6348	379	0.230804
6349	37	0.230858
6350	96	0.231
6351	7	0.23101
6352	79	0.231126
6353	61	0.231216
6354	223	0.231545
6355	109	0.231705
6356	30	0.231749
6357	68	0.23185
6358	44	0.231914
6359	40	0.231973
6360	466	0.23266
6361	174	0.232916
6362	39	0.232973
6363	112	0.233138
6364	208	0.233444
6365	130	0.233636
6366	208	0.233942
6367	168	0.23419
6368	65	0.234285
6369	167	0.234531
6370	170	0.234782
6371	382	0.235344
6372	281	0.235758
6373	224	0.236088
6374	349	0.236602
6375	224	0.236932
6376	87	0.23706
6377	245	0.237421
6378	50	0.237494
6379	276	0.237901
6380	236	0.238248
6381	420	0.238867
6382	489	0.239587
6383	261	0.239972
6384	66	0.240069
6385	159	0.240303
6386	191	0.240584
6387	279	0.240995
6388	203	0.241294
6389	174	0.24155
6390	201	0.241846
6391	167	0.242092
6392	148	0.24231
6393	130	0.242502
6394	163	0.242742
6395	412	0.243348
6396	166	0.243593
6397	265	0.243983
6398	302	0.244428
6399	232	0.24477
6400	259	0.245151
6401	108	0.24531
6402	100	0.245457
6403	283	0.245874
6404	104	0.246027
6405	304	0.246475
6406	109	0.246636
6407	144	0.246848
6408	169	0.247097
6409	45	0.247163
6410	56	0.247245
6411	360	0.247775
6412	187	0.248051
6413	132	0.248245
6414	121	0.248423
6415	54	0.248503
6416	58	0.248588
6417	88	0.248718
6418	78	0.248833
6419	249	0.2492
6420	40	0.249258
6421	61	0.249348
6422	51	0.249423
6423	107	0.249581
6424	16	0.249605
6425	24	0.24964
6426	33	0.249689
6427	84	0.249812
6428	66	0.249909
6429	53	0.249987
6430	79	0.250104
6431	13	0.250123
6432	154	0.25035
6433	5	0.250357
6434	48	0.250428
6435	175	0.250686
6436	53	0.250764
6437	18	0.25079
6438	42	0.250852
6439	28	0.250893
6440	192	0.251176
6441	169	0.251425
6442	50	0.251498
6443	56	0.251581
6444	60	0.251669
6445	86	0.251796
6446	116	0.251967
6447	245	0.252328
6448	178	0.25259
6449	67	0.252688
6450	132	0.252883
6451	106	0.253039
6452	77	0.253152
6453	48	0.253223
6454	23	0.253257
6455	79	0.253373
6456	103	0.253525
6457	47	0.253594
6458	56	0.253677
6459	197	0.253967
6460	128	0.254155
6461	218	0.254476
6462	60	0.254565
6463	76	0.254677
6464	113	0.254843
6465	147	0.25506
6466	225	0.255391
6467	115	0.25556
6468	129	0.25575
6469	38	0.255806
6470	52	0.255883
6471	92	0.256018
6472	94	0.256157
6473	149	0.256376
6474	85	0.256501
6475	189	0.25678
6476	201	0.257076
6477	77	0.257189
6478	260	0.257572
6479	184	0.257843
6480	187	0.258118
6481	295	0.258553
6482	153	0.258778
6483	103	0.25893
6484	99	0.259076
6485	28	0.259117
6486	38	0.259173
6487	51	0.259248
6488	183	0.259517
6489	195	0.259805
6490	85	0.25993
6491	110	0.260092
6492	120	0.260269
6493	65	0.260364
6494	146	0.260579
6495	212	0.260891
6496	171	0.261143
6497	190	0.261423
6498	186	0.261697
6499	221	0.262023
6500	122	0.262202
6501	178	0.262464
6502	112	0.262629
6503	55	0.26271
6504	148	0.262928
6505	71	0.263033
6506	52	0.263109
6507	78	0.263224
6508	51	0.263299
6509	92	0.263435
6510	67	0.263534
6511	63	0.263626
6512	72	0.263732
6513	78	0.263847
6514	75	0.263958
6515	212	0.26427
6516	44	0.264335
6517	44	0.264399
6518	117	0.264572
6519	103	0.264723
6520	141	0.264931
6521	149	0.265151
6522	125	0.265335
6523	93	0.265472
6524	101	0.26562
6525	251	0.26599
6526	311	0.266448
6527	462	0.267128
6528	328	0.267611
6529	196	0.2679
6530	202	0.268198
6531	257	0.268576
6532	137	0.268778
6533	170	0.269028
6534	149	0.269248
6535	157	0.269479
6536	296	0.269915
6537	169	0.270164
6538	169	0.270413
6539	119	0.270588
6540	112	0.270753
6541	67	0.270851
6542	131	0.271044
6543	31	0.27109
6544	109	0.271251
6545	106	0.271407
6546	124	0.271589
6547	185	0.271862
6548	117	0.272034
6549	149	0.272253
6550	141	0.272461
6551	161	0.272698
6552	265	0.273088
6553	210	0.273398
6554	205	0.2737
6555	149	0.273919
6556	343	0.274424
6557	185	0.274697
6558	339	0.275196
6559	176	0.275455
6560	75	0.275566
6561	96	0.275707
6562	110	0.275869
6563	54	0.275949
6564	104	0.276102
6565	119	0.276277
6566	193	0.276561
6567	151	0.276784
6568	136	0.276984
6569	85	0.277109
6570	46	0.277177
6571	52	0.277253
6572	76	0.277365
6573	167	0.277611
6574	36	0.277664
6575	84	0.277788
6576	106	0.277944
6577	28	0.277985
6578	78	0.2781
6579	125	0.278284
6580	16	0.278308
6581	59	0.278395
6582	48	0.278465
6583	16	0.278489
6584	15	0.278511
6585	89	0.278642
6586	32	0.278689
6587	63	0.278782
6588	50	0.278856
6589	91	0.27899
6590	107	0.279147
6591	108	0.279306
6592	93	0.279443
6593	40	0.279502
6594	110	0.279664
6595	16	0.279688
6596	41	0.279748
6597	51	0.279823
6598	23	0.279857
6599	56	0.27994
6600	12	0.279957
6601	27	0.279997
6602	112	0.280162
6603	131	0.280355
6604	10	0.28037
6605	58	0.280455
6606	64	0.280549
6607	83	0.280671
6608	132	0.280866
6609	125	0.28105
6610	44	0.281115
6611	59	0.281202
6612	113	0.281368
6613	120	0.281545
6614	73	0.281652
6615	220	0.281976
6616	126	0.282162
6617	86	0.282289
6618	237	0.282638
6619	233	0.282981
6620	117	0.283153
6621	204	0.283453
6622	289	0.283879
6623	95	0.284019
6624	136	0.284219
6625	58	0.284305
6626	23	0.284339
6627	44	0.284403
6628	196	0.284692
6629	118	0.284866
6630	104	0.285019
6631	85	0.285144
6632	91	0.285278
6633	69	0.28538
6634	51	0.285455
6635	42	0.285517
6636	37	0.285571
6637	27	0.285611
6638	192	0.285894
6639	137	0.286096
6640	100	0.286243
6641	257	0.286621
6642	362	0.287154
6643	221	0.28748
6644	345	0.287988
6645	162	0.288227
6646	155	0.288455
6647	188	0.288732
6648	250	0.2891
6649	153	0.289325
6650	211	0.289636
6651	130	0.289827
6652	288	0.290252
6653	199	0.290545
6654	123	0.290726
6655	183	0.290995
6656	43	0.291059
6657	24	0.291094
6658	63	0.291187
6659	15	0.291209
6660	93	0.291346
6661	52	0.291422
6662	59	0.291509
6663	41	0.29157
6664	28	0.291611
6665	45	0.291677
6666	22	0.291709
6667	25	0.291746
6668	22	0.291779
6669	62	0.29187
6670	48	0.291941
6671	16	0.291964
6672	12	0.291982
6673	7	0.291992
6674	19	0.29202
6675	16	0.292044
6676	112	0.292209
6677	50	0.292282
6678	90	0.292415
6679	88	0.292545
6680	199	0.292838
6681	133	0.293033
6682	36	0.293086
6683	50	0.29316
6684	116	0.293331
6685	36	0.293384
6686	84	0.293508
6687	102	0.293658
6688	53	0.293736
6689	49	0.293808
6690	276	0.294215
6691	91	0.294349
6692	13	0.294368
6693	207	0.294673
6694	17	0.294698
6695	38	0.294754
6696	54	0.294833
6697	110	0.294995
6698	101	0.295144
6699	17	0.295169
6700	19	0.295197
6701	47	0.295266
6702	14	0.295287
6703	13	0.295306
6704	7	0.295316
6705	10	0.295331
6706	34	0.295381
6707	22	0.295413
6708	89	0.295544
6709	12	0.295562
6710	21	0.295593
6711	38	0.295649
6712	41	0.295709
6713	98	0.295854
6714	27	0.295893
6715	57	0.295977
6716	314	0.29644
6717	175	0.296698
6718	198	0.296989
6719	5	0.296997
6720	9	0.29701
6721	11	0.297026
6722	40	0.297085
6723	69	0.297187
6724	52	0.297263
6725	33	0.297312
6726	6	0.297321
6727	22	0.297353
6728	44	0.297418
6729	81	0.297537
6730	21	0.297568
6731	52	0.297645
6732	70	0.297748
6733	308	0.298201
6734	146	0.298416
6735	216	0.298734
6736	288	0.299158
6737	71	0.299263
6738	129	0.299453
6739	242	0.299809
6740	69	0.299911
6741	213	0.300225
6742	124	0.300407
6743	165	0.30065
6744	185	0.300923
6745	224	0.301253
6746	279	0.301664
6747	160	0.301899
6748	160	0.302135
6749	20	0.302164
6750	19	0.302192
6751	7	0.302203
6752	10	0.302217
6753	52	0.302294
6754	24	0.302329
6755	9	0.302343
6756	25	0.302379
6757	14	0.3024
6758	9	0.302413
6759	9	0.302426
6760	38	0.302482
6761	35	0.302534
6762	4	0.30254
6763	32	0.302587
6764	31	0.302633
6765	11	0.302649
6766	9	0.302662
6767	45	0.302728
6768	11	0.302745
6769	6	0.302753
6770	22	0.302786
6771	18	0.302812
6772	92	0.302948
6773	12	0.302965
6774	168	0.303213
6775	1	0.303214
6776	23	0.303248
6777	3	0.303253
6778	22	0.303285
6779	47	0.303354
6780	122	0.303534
6781	89	0.303665
6782	28	0.303706
6783	33	0.303755
6784	82	0.303876
6785	52	0.303952
6786	186	0.304226
6787	79	0.304342
6788	22	0.304375
6789	18	0.304401
6790	198	0.304693
6791	18	0.304719
6792	23	0.304753
6793	10	0.304768
6794	40	0.304827
6795	73	0.304934
6796	16	0.304958
6797	14	0.304979
6798	9	0.304992
6800	19	0.30502
6801	6	0.305029
6802	8	0.305041
6803	10	0.305055
6804	9	0.305068
6805	33	0.305117
6806	36	0.30517
6807	43	0.305233
6808	42	0.305295
6809	4	0.305301
6810	32	0.305348
6811	84	0.305472
6812	5	0.305479
6813	2	0.305482
6814	19	0.30551
6815	38	0.305566
6816	14	0.305587
6817	8	0.305599
6818	6	0.305608
6819	27	0.305647
6820	33	0.305696
6821	6	0.305705
6822	43	0.305768
6823	22	0.3058
6824	33	0.305849
6825	18	0.305876
6826	35	0.305927
6827	23	0.305961
6828	7	0.305971
6829	10	0.305986
6830	11	0.306002
6831	12	0.30602
6832	34	0.30607
6833	23	0.306104
6834	5	0.306111
6835	5	0.306119
6836	8	0.30613
6837	18	0.306157
6838	5	0.306164
6839	7	0.306175
6840	5	0.306182
6841	2	0.306185
6842	7	0.306195
6843	2	0.306198
6844	83	0.30632
6845	14	0.306341
6846	9	0.306354
6847	1	0.306356
6848	1	0.306357
6849	1	0.306359
6851	19	0.306387
6852	18	0.306413
6853	8	0.306425
6854	3	0.306429
6855	1	0.306431
6856	19	0.306459
6857	6	0.306468
6859	2	0.306471
6860	2	0.306473
6861	4	0.306479
6862	7	0.30649
6863	2	0.306493
6864	5	0.3065
6865	5	0.306507
6866	3	0.306512
6867	3	0.306516
6868	7	0.306526
6869	2	0.306529
6870	11	0.306546
6872	2	0.306549
6875	2	0.306552
6877	2	0.306554
6878	3	0.306559
6879	1	0.30656
6880	12	0.306578
6881	19	0.306606
6882	11	0.306622
6883	35	0.306674
6884	64	0.306768
6885	34	0.306818
6886	42	0.30688
6887	18	0.306906
6888	20	0.306936
6889	13	0.306955
6890	15	0.306977
6891	16	0.307001
6892	16	0.307024
6893	55	0.307105
6894	63	0.307198
6895	14	0.307219
6896	39	0.307276
6897	92	0.307412
6898	8	0.307423
6899	221	0.307749
6900	11	0.307765
6901	2	0.307768
6902	8	0.30778
6903	4	0.307786
6904	9	0.307799
6905	3	0.307803
6906	3	0.307808
6907	15	0.30783
6908	7	0.30784
6909	24	0.307875
6910	19	0.307903
6911	39	0.307961
6912	7	0.307971
6913	11	0.307987
6914	3	0.307992
6915	20	0.308021
6916	68	0.308121
6917	39	0.308179
6918	10	0.308194
6919	8	0.308205
6920	4	0.308211
6921	12	0.308229
6922	9	0.308242
6923	5	0.30825
6924	13	0.308269
6925	13	0.308288
6926	13	0.308307
6927	7	0.308317
6928	51	0.308392
6929	60	0.308481
6930	67	0.308579
6931	70	0.308683
6932	9	0.308696
6933	45	0.308762
6934	13	0.308781
6935	104	0.308934
6936	150	0.309155
6937	10	0.30917
6938	38	0.309226
6939	39	0.309283
6940	18	0.30931
6941	17	0.309335
6942	17	0.30936
6943	6	0.309369
6944	25	0.309406
6945	2	0.309409
6946	2	0.309412
6947	1	0.309413
6948	5	0.30942
6949	12	0.309438
6950	16	0.309462
6951	18	0.309488
6952	29	0.309531
6953	61	0.309621
6954	43	0.309684
6955	36	0.309737
6956	16	0.309761
6957	34	0.309811
6958	11	0.309827
6959	7	0.309837
6960	11	0.309853
6961	31	0.309899
6962	10	0.309914
6963	11	0.30993
6964	52	0.310007
6965	47	0.310076
6966	17	0.310101
6967	28	0.310142
6968	34	0.310192
6969	33	0.310241
6970	40	0.3103
6971	11	0.310316
6972	8	0.310328
6973	21	0.310358
6974	50	0.310432
6975	8	0.310444
6976	24	0.310479
6977	12	0.310497
6978	2	0.3105
6979	6	0.310509
6980	40	0.310568
6981	93	0.310705
6982	3	0.310709
6983	5	0.310716
6984	32	0.310763
6985	153	0.310989
6986	13	0.311008
6987	8	0.31102
6988	46	0.311087
6989	35	0.311139
6990	175	0.311397
6991	57	0.311481
6992	52	0.311557
6993	17	0.311582
6994	105	0.311737
6995	41	0.311797
6996	81	0.311917
6997	33	0.311965
6998	10	0.31198
6999	21	0.312011
7000	24	0.312046
7001	43	0.31211
7002	35	0.312161
7003	40	0.31222
7004	62	0.312311
7005	5	0.312319
7006	11	0.312335
7007	17	0.31236
7008	12	0.312378
7009	12	0.312395
7010	7	0.312406
7011	4	0.312411
7012	42	0.312473
7013	13	0.312492
7014	15	0.312515
7015	8	0.312526
7016	20	0.312556
7017	1	0.312557
7018	6	0.312566
7020	5	0.312573
7021	22	0.312606
7022	51	0.312681
7023	10	0.312696
7024	32	0.312743
7025	14	0.312763
7026	3	0.312768
7027	43	0.312831
7028	4	0.312837
7029	43	0.3129
7030	6	0.312909
7031	29	0.312952
7032	3	0.312956
7033	9	0.31297
7034	11	0.312986
7035	35	0.313037
7036	17	0.313062
7037	3	0.313067
7038	33	0.313115
7039	37	0.31317
7040	44	0.313235
7041	27	0.313274
7042	17	0.3133
7043	67	0.313398
7044	17	0.313423
7045	22	0.313456
7046	19	0.313484
7047	52	0.31356
7048	35	0.313612
7049	25	0.313649
7050	12	0.313666
7051	10	0.313681
7052	11	0.313697
7053	21	0.313728
7054	22	0.31376
7055	29	0.313803
7056	16	0.313827
7057	23	0.313861
7058	6	0.313869
7059	1	0.313871
7060	8	0.313883
7061	10	0.313897
7062	5	0.313905
7063	55	0.313986
7064	44	0.314051
7065	51	0.314126
7066	15	0.314148
7067	40	0.314207
7068	8	0.314218
7069	57	0.314302
7070	19	0.31433
7071	31	0.314376
7072	7	0.314386
7073	9	0.3144
7074	5	0.314407
7075	4	0.314413
7076	8	0.314425
7077	31	0.31447
7078	11	0.314487
7079	31	0.314532
7080	32	0.314579
7081	12	0.314597
7082	12	0.314615
7083	12	0.314632
7084	13	0.314651
7085	13	0.314671
7086	49	0.314743
7087	67	0.314841
7088	40	0.3149
7089	78	0.315015
7090	98	0.31516
7091	28	0.315201
7092	24	0.315236
7093	97	0.315379
7094	77	0.315492
7095	85	0.315618
7096	79	0.315734
7097	20	0.315763
7098	12	0.315781
7099	29	0.315824
7100	14	0.315844
7101	4	0.31585
7102	2	0.315853
7103	4	0.315859
7104	1	0.315861
7106	3	0.315865
7107	3	0.315869
7108	14	0.31589
7109	13	0.315909
7110	6	0.315918
7111	1	0.315919
7112	5	0.315927
7113	3	0.315931
7115	1	0.315933
7116	5	0.31594
7117	1	0.315942
7118	15	0.315964
7119	40	0.316023
7120	61	0.316112
7121	10	0.316127
7122	33	0.316176
7123	1	0.316177
7124	3	0.316182
7125	4	0.316187
7126	3	0.316192
7127	4	0.316198
7128	6	0.316207
7129	1	0.316208
7130	3	0.316213
7131	5	0.31622
7132	14	0.316241
7133	320	0.316712
7134	1283	0.318601
7135	275	0.319006
7136	144	0.319218
7137	262	0.319604
7138	234	0.319949
7139	795	0.32112
7140	806	0.322307
7141	359	0.322835
7142	7	0.322846
7143	2	0.322849
7144	37	0.322903
7145	73	0.323011
7146	18	0.323037
7147	31	0.323083
7148	5	0.32309
7151	1	0.323092
7152	4	0.323097
7153	4	0.323103
7154	1	0.323105
7155	2	0.323108
7158	3	0.323112
7161	2	0.323115
7162	1	0.323117
7163	4	0.323123
7164	4	0.323128
7165	11	0.323145
7166	3	0.323149
7167	14	0.32317
7168	2	0.323173
7169	1	0.323174
7171	2	0.323177
7172	7	0.323187
7173	2	0.32319
7174	7	0.323201
7175	4	0.323206
7176	5	0.323214
7177	6	0.323223
7178	2	0.323226
7179	2	0.323229
7180	3	0.323233
7181	3	0.323237
7182	1	0.323239
7183	2	0.323242
7184	1	0.323243
7185	1	0.323245
7187	3	0.323249
7188	2	0.323252
7190	1	0.323254
7191	8	0.323265
7193	5	0.323273
7194	3	0.323277
7195	17	0.323302
7196	1	0.323304
7197	9	0.323317
7198	4	0.323323
7200	15	0.323345
7201	23	0.323379
7202	9	0.323392
7203	10	0.323407
7204	9	0.32342
7205	5	0.323427
7206	1	0.323429
7207	1	0.32343
7211	1	0.323432
7214	2	0.323435
7215	24	0.32347
7216	1	0.323472
7223	1	0.323473
7225	1	0.323474
7226	3	0.323479
7227	6	0.323488
7228	4	0.323494
7229	3	0.323498
7230	1	0.3235
7231	3	0.323504
7232	3	0.323508
7233	9	0.323522
7234	12	0.323539
7235	3	0.323544
7237	11	0.32356
7238	6	0.323569
7239	3	0.323573
7240	10	0.323588
7241	2	0.323591
7242	7	0.323601
7243	7	0.323611
7244	6	0.32362
7245	7	0.323631
7246	3	0.323635
7247	3	0.323639
7248	1	0.323641
7249	1	0.323642
7251	2	0.323645
7252	14	0.323666
7255	1	0.323667
7257	4	0.323673
7258	1	0.323675
7259	3	0.323679
7260	7	0.32369
7261	1	0.323691
7262	11	0.323707
7263	1	0.323709
7264	12	0.323726
7266	2	0.323729
7267	1	0.323731
7268	6	0.32374
7269	2	0.323743
7270	5	0.32375
7271	2	0.323753
7272	7	0.323763
7273	2	0.323766
7274	3	0.323771
7275	2	0.323773
7276	3	0.323778
7277	4	0.323784
7278	6	0.323793
7279	4	0.323798
7280	4	0.323804
7281	5	0.323812
7282	4	0.323818
7283	8	0.323829
7284	3	0.323834
7285	5	0.323841
7286	4	0.323847
7287	4	0.323853
7289	3	0.323857
7291	1	0.323859
7292	2	0.323862
7294	1	0.323863
7296	1	0.323865
7300	7	0.323875
7301	53	0.323953
7302	3	0.323958
7303	4	0.323963
7305	1	0.323965
7306	2	0.323968
7307	7	0.323978
7308	3	0.323983
7309	1	0.323984
7310	27	0.324024
7311	45	0.32409
7312	25	0.324127
7313	16	0.32415
7314	8	0.324162
7315	17	0.324187
7316	16	0.324211
7317	3	0.324215
7318	19	0.324243
7320	2	0.324246
7321	4	0.324252
7322	1	0.324254
7323	1	0.324255
7326	9	0.324268
7327	10	0.324283
7329	7	0.324293
7330	8	0.324305
7331	2	0.324308
7332	2	0.324311
7333	24	0.324346
7334	16	0.32437
7335	10	0.324385
7336	45	0.324451
7337	16	0.324474
7338	34	0.324525
7339	38	0.32458
7340	1	0.324582
7341	10	0.324597
7342	39	0.324654
7343	2	0.324657
7344	5	0.324664
7345	3	0.324669
7346	1	0.32467
7347	55	0.324751
7348	10	0.324766
7349	2	0.324769
7350	55	0.32485
7351	25	0.324887
7352	6	0.324896
7353	11	0.324912
7354	12	0.32493
7355	20	0.324959
7356	96	0.3251
7357	7	0.325111
7358	51	0.325186
7359	15	0.325208
7360	39	0.325265
7361	13	0.325284
7362	18	0.325311
7364	8	0.325323
7365	1	0.325324
7366	4	0.32533
7367	46	0.325398
7368	26	0.325436
7369	55	0.325517
7370	29	0.32556
7371	3	0.325564
7373	1	0.325566
7374	4	0.325572
7375	2	0.325575
7376	2	0.325578
7377	2	0.32558
7378	2	0.325583
7379	1	0.325585
7380	5	0.325592
7381	36	0.325645
7382	6	0.325654
7383	26	0.325692
7387	1	0.325694
7389	62	0.325785
7390	82	0.325906
7391	8	0.325918
7392	43	0.325981
7393	57	0.326065
7394	6	0.326074
7395	3	0.326078
7396	3	0.326083
7397	22	0.326115
7398	13	0.326134
7399	10	0.326149
7400	59	0.326236
7401	61	0.326326
7402	78	0.326441
7403	41	0.326501
7404	24	0.326536
7405	22	0.326569
7406	8	0.32658
7407	34	0.326631
7408	10	0.326645
7409	17	0.32667
7410	2	0.326673
7411	1	0.326675
7412	2	0.326678
7414	2	0.326681
7416	2	0.326684
7417	11	0.3267
7418	5	0.326707
7419	90	0.32684
7420	11	0.326856
7421	25	0.326893
7422	4	0.326899
7423	29	0.326941
7424	6	0.32695
7425	30	0.326994
7426	22	0.327027
7427	26	0.327065
7428	26	0.327103
7429	8	0.327115
7430	6	0.327124
7431	29	0.327167
7432	2	0.32717
7433	2	0.327172
7434	10	0.327187
7435	35	0.327239
7436	14	0.327259
7437	30	0.327304
7438	11	0.32732
7439	39	0.327377
7440	9	0.32739
7441	2	0.327393
7442	1	0.327395
7443	1	0.327396
7444	2	0.327399
7445	2	0.327402
7446	4	0.327408
7448	2	0.327411
7450	1	0.327413
7451	2	0.327415
7452	1	0.327417
7455	2	0.32742
7456	2	0.327423
7457	2	0.327426
7458	2	0.327429
7461	1	0.32743
7462	3	0.327435
7463	3	0.327439
7465	2	0.327442
7466	1	0.327443
7468	1	0.327445
7469	1	0.327446
7471	1	0.327448
7472	10	0.327463
7473	2	0.327466
7474	12	0.327483
7475	5	0.327491
7476	22	0.327523
7477	49	0.327595
7478	36	0.327648
7479	18	0.327675
7480	13	0.327694
7481	19	0.327722
7482	27	0.327762
7483	36	0.327815
7484	9	0.327828
7485	14	0.327848
7486	56	0.327931
7487	6	0.32794
7488	21	0.327971
7489	31	0.328016
7490	15	0.328038
7491	20	0.328068
7492	13	0.328087
7493	6	0.328096
7494	7	0.328106
7495	3	0.328111
7497	1	0.328112
7498	2	0.328115
7499	23	0.328149
7500	33	0.328197
7502	12	0.328215
7503	32	0.328262
7504	2	0.328265
7505	33	0.328314
7507	60	0.328402
7508	18	0.328429
7509	3	0.328433
7510	3	0.328438
7511	6	0.328446
7512	3	0.328451
7513	63	0.328544
7514	8	0.328555
7515	6	0.328564
7516	5	0.328572
7517	16	0.328595
7518	32	0.328642
7519	12	0.32866
7520	39	0.328717
7521	55	0.328798
7522	11	0.328815
7523	52	0.328891
7524	11	0.328907
7525	2	0.32891
7526	18	0.328937
7527	20	0.328966
7528	45	0.329033
7529	18	0.329059
7530	25	0.329096
7531	41	0.329156
7532	19	0.329184
7533	5	0.329192
7534	21	0.329222
7535	10	0.329237
7536	5	0.329245
7537	2	0.329248
7538	53	0.329326
7539	15	0.329348
7540	25	0.329384
7541	21	0.329415
7542	42	0.329477
7543	9	0.329491
7544	26	0.329529
7545	12	0.329546
7547	52	0.329623
7548	23	0.329657
7549	25	0.329694
7550	42	0.329756
7551	31	0.329801
7552	34	0.329851
7553	34	0.329901
7554	74	0.33001
7555	20	0.33004
7556	40	0.330099
7557	17	0.330124
7558	31	0.330169
7559	30	0.330214
7560	14	0.330234
7561	16	0.330258
7562	53	0.330336
7563	19	0.330364
7564	38	0.33042
7565	22	0.330452
7566	16	0.330476
7567	80	0.330594
7568	55	0.330675
7569	7	0.330685
7570	1	0.330686
7571	11	0.330703
7572	3	0.330707
7573	2	0.33071
7574	2	0.330713
7575	2	0.330716
7576	3	0.33072
7577	25	0.330757
7578	27	0.330797
7579	15	0.330819
7580	28	0.33086
7581	26	0.330898
7582	3	0.330903
7583	13	0.330922
7584	16	0.330946
7585	3	0.33095
7586	42	0.331012
7587	5	0.331019
7588	4	0.331025
7589	7	0.331035
7590	6	0.331044
7591	3	0.331049
7592	17	0.331074
7593	2	0.331077
7594	17	0.331102
7595	21	0.331133
7596	145	0.331346
7597	91	0.33148
7598	73	0.331588
7599	19	0.331616
7600	58	0.331701
7601	7	0.331711
7602	8	0.331723
7603	13	0.331742
7604	10	0.331757
7605	3	0.331761
7606	45	0.331828
7607	58	0.331913
7608	34	0.331963
7611	4	0.331969
7612	1	0.331971
7613	2	0.331974
7614	19	0.332002
7615	9	0.332015
7616	2	0.332018
7617	47	0.332087
7618	7	0.332097
7619	6	0.332106
7620	9	0.332119
7621	42	0.332181
7622	32	0.332228
7623	6	0.332237
7624	6	0.332246
7625	30	0.33229
7626	67	0.332389
7627	21	0.33242
7628	29	0.332462
7629	14	0.332483
7630	35	0.332535
7631	18	0.332561
7632	20	0.332591
7633	24	0.332626
7634	9	0.332639
7635	20	0.332669
7636	6	0.332677
7637	46	0.332745
7638	48	0.332816
7639	5	0.332823
7640	16	0.332847
7641	54	0.332926
7642	56	0.333009
7643	52	0.333085
7644	7	0.333096
7645	32	0.333143
7646	19	0.333171
7647	61	0.333261
7648	12	0.333278
7649	8	0.33329
7650	14	0.333311
7651	10	0.333325
7652	14	0.333346
7653	5	0.333353
7654	19	0.333381
7655	14	0.333402
7656	65	0.333498
7657	47	0.333567
7658	11	0.333583
7659	33	0.333632
7660	11	0.333648
7661	10	0.333663
7662	53	0.333741
7663	43	0.333804
7664	15	0.333826
7665	14	0.333847
7666	34	0.333897
7667	16	0.33392
7668	9	0.333934
7669	31	0.333979
7670	65	0.334075
7671	45	0.334141
7672	62	0.334233
7673	17	0.334258
7674	27	0.334297
7675	46	0.334365
7676	74	0.334474
7677	31	0.33452
7678	15	0.334542
7679	16	0.334566
7680	26	0.334604
7681	10	0.334619
7682	36	0.334672
7683	45	0.334738
7684	31	0.334783
7685	89	0.334915
7686	43	0.334978
7687	80	0.335096
7688	78	0.335211
7689	44	0.335275
7690	71	0.33538
7691	19	0.335408
7692	13	0.335427
7693	28	0.335468
7694	72	0.335574
7695	20	0.335604
7696	98	0.335748
7697	15	0.33577
7698	12	0.335788
7699	56	0.33587
7700	27	0.33591
7701	99	0.336056
7702	26	0.336094
7703	17	0.336119
7704	99	0.336265
7705	44	0.33633
7706	18	0.336356
7707	43	0.33642
7708	33	0.336468
7709	61	0.336558
7710	35	0.33661
7711	46	0.336677
7712	41	0.336738
7713	56	0.33682
7714	30	0.336864
7715	37	0.336919
7716	35	0.33697
7717	150	0.337191
7718	61	0.337281
7719	57	0.337365
7720	54	0.337445
7721	39	0.337502
7722	71	0.337607
7723	43	0.33767
7724	34	0.33772
7725	64	0.337814
7726	13	0.337833
7727	12	0.337851
7728	24	0.337886
7729	72	0.337993
7730	56	0.338075
7731	59	0.338162
7732	34	0.338212
7733	45	0.338278
7734	43	0.338342
7735	33	0.33839
7736	66	0.338487
7737	27	0.338527
7738	56	0.33861
7739	69	0.338711
7740	14	0.338732
7741	42	0.338794
7742	67	0.338892
7743	77	0.339006
7744	92	0.339141
7745	149	0.339361
7746	53	0.339439
7747	49	0.339511
7748	39	0.339568
7749	45	0.339635
7750	44	0.339699
7751	17	0.339724
7752	38	0.33978
7753	39	0.339838
7754	74	0.339947
7755	119	0.340122
7756	40	0.340181
7757	52	0.340258
7758	151	0.34048
7759	32	0.340527
7760	155	0.340755
7761	249	0.341122
7762	89	0.341253
7763	133	0.341449
7764	117	0.341621
7765	29	0.341664
7766	194	0.34195
7767	53	0.342028
7768	71	0.342132
7769	40	0.342191
7770	151	0.342414
7771	65	0.342509
7772	69	0.342611
7773	104	0.342764
7774	14	0.342785
7775	158	0.343017
7776	34	0.343067
7777	40	0.343126
7778	82	0.343247
7779	87	0.343375
7780	219	0.343698
7781	129	0.343888
7782	75	0.343998
7783	58	0.344084
7784	98	0.344228
7785	33	0.344277
7786	37	0.344331
7787	57	0.344415
7788	39	0.344472
7789	40	0.344531
7790	53	0.344609
7791	33	0.344658
7792	29	0.344701
7793	47	0.34477
7794	39	0.344827
7795	101	0.344976
7796	41	0.345037
7797	26	0.345075
7798	57	0.345159
7799	28	0.3452
7800	19	0.345228
7801	51	0.345303
7802	38	0.345359
7803	39	0.345416
7804	61	0.345506
7805	105	0.345661
7806	34	0.345711
7807	60	0.345799
7808	84	0.345923
7809	21	0.345954
7810	188	0.346231
7811	24	0.346266
7812	112	0.346431
7813	30	0.346475
7814	121	0.346654
7815	23	0.346687
7816	57	0.346771
7817	63	0.346864
7818	27	0.346904
7819	35	0.346955
7820	54	0.347035
7821	49	0.347107
7822	49	0.347179
7823	95	0.347319
7824	36	0.347372
7825	19	0.3474
7826	130	0.347592
7827	100	0.347739
7828	1	0.34774
7829	19	0.347768
7830	23	0.347802
7831	125	0.347986
7832	74	0.348095
7833	116	0.348266
7834	52	0.348343
7835	28	0.348384
7836	11	0.3484
7837	86	0.348527
7838	84	0.348651
7839	58	0.348736
7840	24	0.348771
7841	47	0.348841
7842	24	0.348876
7843	59	0.348963
7844	48	0.349033
7845	38	0.349089
7846	72	0.349195
7847	41	0.349256
7848	3	0.34926
7849	10	0.349275
7850	7	0.349285
7851	42	0.349347
7852	22	0.34938
7853	57	0.349463
7854	35	0.349515
7855	4	0.349521
7856	44	0.349586
7857	44	0.349651
7858	50	0.349724
7859	153	0.349949
7860	39	0.350007
7861	26	0.350045
7862	23	0.350079
7863	88	0.350209
7864	43	0.350272
7865	123	0.350453
7866	96	0.350595
7867	140	0.350801
7868	19	0.350829
7869	51	0.350904
7870	7	0.350914
7871	29	0.350957
7872	46	0.351025
7873	43	0.351088
7874	99	0.351234
7875	93	0.351371
7876	147	0.351587
7877	60	0.351676
7878	20	0.351705
7879	42	0.351767
7880	17	0.351792
7881	34	0.351842
7882	42	0.351904
7883	17	0.351929
7884	160	0.352164
7885	107	0.352322
7886	108	0.352481
7887	56	0.352564
7888	139	0.352768
7889	85	0.352893
7890	130	0.353085
7891	46	0.353153
7892	40	0.353212
7893	18	0.353238
7894	227	0.353572
7895	46	0.35364
7896	39	0.353698
7897	26	0.353736
7898	91	0.35387
7899	70	0.353973
7900	58	0.354058
7901	49	0.354131
7902	63	0.354223
7903	162	0.354462
7904	16	0.354485
7905	44	0.35455
7906	39	0.354608
7907	62	0.354699
7908	16	0.354723
7909	4	0.354728
7910	26	0.354767
7911	20	0.354796
7912	55	0.354877
7913	31	0.354923
7914	40	0.354982
7915	15	0.355004
7916	23	0.355038
7917	9	0.355051
7918	59	0.355138
7919	45	0.355204
7920	11	0.35522
7921	76	0.355332
7922	30	0.355376
7923	96	0.355518
7924	83	0.35564
7925	73	0.355748
7926	88	0.355877
7927	40	0.355936
7928	4	0.355942
7929	3	0.355946
7930	15	0.355968
7931	9	0.355982
7932	54	0.356061
7933	58	0.356147
7934	20	0.356176
7935	14	0.356197
7936	24	0.356232
7937	8	0.356244
7938	11	0.35626
7939	6	0.356269
7940	49	0.356341
7941	30	0.356385
7942	11	0.356401
7943	31	0.356447
7944	52	0.356524
7945	9	0.356537
7946	16	0.356561
7947	10	0.356575
7948	38	0.356631
7949	45	0.356697
7950	90	0.35683
7951	76	0.356942
7952	50	0.357016
7953	30	0.35706
7954	157	0.357291
7955	28	0.357332
7956	102	0.357482
7957	77	0.357596
7958	74	0.357705
7959	66	0.357802
7960	54	0.357882
7961	79	0.357998
7962	109	0.358158
7963	23	0.358192
7964	208	0.358499
7965	54	0.358578
7966	49	0.35865
7967	133	0.358846
7968	63	0.358939
7969	272	0.35934
7970	146	0.359555
7971	79	0.359671
7972	59	0.359758
7973	79	0.359874
7974	172	0.360127
7975	52	0.360204
7976	12	0.360222
7977	25	0.360258
7978	42	0.36032
7979	4	0.360326
7980	6	0.360335
7981	32	0.360382
7982	19	0.36041
7983	94	0.360549
7984	39	0.360606
7985	54	0.360686
7986	137	0.360887
7987	33	0.360936
7988	57	0.36102
7989	57	0.361104
7990	76	0.361216
7991	51	0.361291
7992	97	0.361434
7993	84	0.361557
7994	34	0.361607
7995	31	0.361653
7996	20	0.361683
7997	42	0.361744
7998	28	0.361786
7999	131	0.361979
8000	59	0.362066
8001	32	0.362113
8002	33	0.362161
8003	15	0.362183
8004	21	0.362214
8005	63	0.362307
8006	12	0.362325
8007	128	0.362513
8008	6	0.362522
8009	17	0.362547
8010	17	0.362572
8011	24	0.362607
8012	71	0.362712
8013	53	0.36279
8014	52	0.362867
8015	48	0.362937
8016	25	0.362974
8017	36	0.363027
8018	41	0.363088
8019	98	0.363232
8020	71	0.363336
8021	23	0.36337
8022	46	0.363438
8023	83	0.36356
8024	32	0.363607
8025	107	0.363765
8026	55	0.363846
8027	49	0.363918
8028	40	0.363977
8029	39	0.364035
8030	22	0.364067
8031	9	0.36408
8032	37	0.364135
8033	39	0.364192
8034	15	0.364214
8035	34	0.364264
8036	109	0.364425
8037	21	0.364456
8038	107	0.364613
8039	34	0.364663
8040	24	0.364699
8041	116	0.36487
8042	32	0.364917
8043	9	0.36493
8044	39	0.364987
8045	98	0.365132
8046	51	0.365207
8047	46	0.365275
8048	55	0.365356
8049	6	0.365364
8050	135	0.365563
8051	41	0.365624
8052	40	0.365683
8053	39	0.36574
8054	47	0.365809
8055	52	0.365886
8056	69	0.365987
8057	39	0.366045
8058	10	0.36606
8059	49	0.366132
8060	21	0.366163
8061	35	0.366214
8062	57	0.366298
8063	14	0.366319
8064	220	0.366643
8065	100	0.36679
8066	221	0.367115
8067	25	0.367152
8068	59	0.367239
8069	107	0.367397
8070	76	0.367509
8071	85	0.367634
8072	37	0.367688
8073	20	0.367718
8074	55	0.367799
8075	27	0.367839
8076	58	0.367924
8077	59	0.368011
8078	29	0.368054
8079	54	0.368133
8080	27	0.368173
8081	197	0.368463
8082	116	0.368634
8083	29	0.368677
8084	18	0.368703
8085	48	0.368774
8086	123	0.368955
8087	75	0.369065
8088	29	0.369108
8089	95	0.369248
8090	262	0.369634
8091	90	0.369766
8092	96	0.369908
8093	114	0.370076
8094	75	0.370186
8095	52	0.370263
8096	40	0.370322
8097	65	0.370417
8098	29	0.37046
8099	370	0.371005
8100	143	0.371215
8101	69	0.371317
8102	105	0.371472
8103	187	0.371747
8104	16	0.371771
8105	71	0.371875
8106	33	0.371924
8107	54	0.372003
8108	30	0.372048
8109	75	0.372158
8110	30	0.372202
8111	30	0.372246
8112	40	0.372305
8113	37	0.37236
8114	20	0.372389
8115	15	0.372411
8116	26	0.37245
8117	47	0.372519
8118	115	0.372688
8119	21	0.372719
8120	38	0.372775
8121	32	0.372822
8122	88	0.372952
8123	62	0.373043
8124	58	0.373129
8125	35	0.37318
8126	33	0.373229
8127	4	0.373235
8128	14	0.373255
8129	72	0.373361
8130	27	0.373401
8131	21	0.373432
8132	58	0.373517
8133	30	0.373562
8134	33	0.37361
8135	33	0.373659
8136	11	0.373675
8137	22	0.373707
8138	2	0.37371
8139	12	0.373728
8140	4	0.373734
8141	44	0.373799
8142	50	0.373872
8143	64	0.373967
8144	17	0.373992
8145	35	0.374043
8146	37	0.374098
8147	30	0.374142
8148	89	0.374273
8149	35	0.374324
8150	31	0.37437
8151	12	0.374388
8152	6	0.374397
8153	27	0.374436
8154	42	0.374498
8155	30	0.374542
8156	98	0.374687
8157	23	0.374721
8158	149	0.37494
8159	43	0.375003
8160	27	0.375043
8161	52	0.37512
8162	39	0.375177
8163	58	0.375263
8164	58	0.375348
8165	35	0.375399
8166	71	0.375504
8167	14	0.375525
8168	66	0.375622
8169	65	0.375718
8170	6	0.375726
8171	39	0.375784
8172	40	0.375843
8173	91	0.375977
8174	131	0.37617
8175	107	0.376327
8176	66	0.376424
8177	41	0.376485
8178	96	0.376626
8179	120	0.376803
8180	69	0.376905
8181	66	0.377002
8182	50	0.377075
8183	38	0.377131
8184	36	0.377184
8185	100	0.377332
8186	78	0.377447
8187	68	0.377547
8188	65	0.377642
8189	175	0.3779
8190	83	0.378022
8191	35	0.378074
8192	77	0.378187
8193	221	0.378513
8194	151	0.378735
8195	50	0.378809
8196	26	0.378847
8197	99	0.378993
8198	62	0.379084
8199	32	0.379131
8200	58	0.379217
8201	21	0.379248
8202	23	0.379282
8203	82	0.379402
8204	12	0.37942
8205	99	0.379566
8206	73	0.379673
8207	180	0.379938
8208	39	0.379996
8209	54	0.380075
8210	41	0.380136
8211	24	0.380171
8212	10	0.380186
8213	29	0.380229
8214	21	0.380259
8215	38	0.380315
8216	59	0.380402
8217	117	0.380575
8218	21	0.380606
8219	9	0.380619
8220	26	0.380657
8221	16	0.380681
8222	65	0.380776
8223	6	0.380785
8224	4	0.380791
8225	11	0.380807
8226	82	0.380928
8227	47	0.380997
8228	40	0.381056
8229	9	0.381069
8230	14	0.38109
8231	24	0.381125
8232	47	0.381195
8233	40	0.381254
8234	42	0.381315
8235	10	0.38133
8236	10	0.381345
8237	18	0.381371
8238	54	0.381451
8239	164	0.381692
8240	154	0.381919
8241	85	0.382044
8242	130	0.382236
8243	54	0.382315
8244	26	0.382354
8245	13	0.382373
8246	22	0.382405
8247	56	0.382488
8248	28	0.382529
8249	12	0.382547
8250	5	0.382554
8251	46	0.382622
8252	28	0.382663
8253	5	0.38267
8254	7	0.382681
8255	3	0.382685
8256	3	0.382689
8257	42	0.382751
8258	19	0.382779
8259	7	0.38279
8260	5	0.382797
8261	23	0.382831
8262	79	0.382947
8263	48	0.383018
8264	106	0.383174
8265	21	0.383205
8266	150	0.383426
8267	62	0.383517
8268	82	0.383638
8269	19	0.383666
8270	27	0.383706
8271	7	0.383716
8272	6	0.383725
8273	28	0.383766
8274	34	0.383816
8275	28	0.383857
8276	94	0.383996
8277	12	0.384013
8278	14	0.384034
8279	56	0.384116
8280	37	0.384171
8281	34	0.384221
8282	8	0.384233
8283	69	0.384334
8284	19	0.384362
8285	17	0.384387
8286	16	0.384411
8287	9	0.384424
8288	3	0.384429
8289	6	0.384438
8290	9	0.384451
8291	38	0.384507
8292	2	0.38451
8293	15	0.384532
8294	18	0.384558
8295	17	0.384583
8296	16	0.384607
8297	110	0.384769
8298	50	0.384843
8299	31	0.384888
8300	7	0.384898
8301	25	0.384935
8302	18	0.384962
8303	51	0.385037
8304	64	0.385131
8305	51	0.385206
8306	22	0.385239
8307	18	0.385265
8308	42	0.385327
8309	31	0.385373
8310	93	0.38551
8311	24	0.385545
8312	38	0.385601
8313	61	0.385691
8314	14	0.385711
8315	113	0.385878
8316	25	0.385915
8317	56	0.385997
8318	49	0.386069
8319	28	0.386111
8320	57	0.386194
8321	47	0.386264
8322	53	0.386342
8323	67	0.38644
8324	99	0.386586
8325	41	0.386647
8326	23	0.38668
8327	82	0.386801
8328	30	0.386845
8329	173	0.3871
8330	47	0.387169
8331	68	0.38727
8332	224	0.387599
8333	12	0.387617
8334	47	0.387686
8335	26	0.387725
8336	47	0.387794
8337	170	0.388044
8338	166	0.388289
8339	37	0.388343
8340	59	0.38843
8341	43	0.388493
8342	84	0.388617
8343	38	0.388673
8344	144	0.388885
8345	76	0.388997
8346	37	0.389052
8347	68	0.389152
8348	62	0.389243
8349	36	0.389296
8350	53	0.389374
8351	53	0.389452
8352	94	0.389591
8353	19	0.389619
8354	48	0.389689
8355	36	0.389742
8356	50	0.389816
8357	5	0.389823
8358	10	0.389838
8359	29	0.389881
8360	139	0.390085
8361	32	0.390133
8362	66	0.39023
8363	21	0.390261
8364	18	0.390287
8365	8	0.390299
8366	24	0.390334
8367	20	0.390364
8368	116	0.390535
8369	32	0.390582
8370	28	0.390623
8371	47	0.390692
8372	19	0.39072
8373	80	0.390838
8374	42	0.3909
8375	101	0.391049
8376	94	0.391187
8377	14	0.391208
8378	58	0.391293
8379	24	0.391328
8380	48	0.391399
8381	50	0.391473
8382	61	0.391563
8383	41	0.391623
8384	140	0.391829
8385	18	0.391856
8386	4	0.391861
8387	27	0.391901
8388	114	0.392069
8389	69	0.392171
8390	36	0.392224
8391	72	0.39233
8392	28	0.392371
8393	44	0.392436
8394	31	0.392481
8395	45	0.392548
8396	11	0.392564
8397	13	0.392583
8398	6	0.392592
8399	9	0.392605
8400	30	0.392649
8401	31	0.392695
8402	56	0.392778
8403	73	0.392885
8404	28	0.392926
8405	37	0.392981
8406	45	0.393047
8407	119	0.393222
8408	51	0.393297
8409	31	0.393343
8410	39	0.3934
8411	58	0.393486
8412	42	0.393548
8413	104	0.393701
8414	70	0.393804
8415	117	0.393976
8416	170	0.394227
8417	108	0.394386
8418	42	0.394448
8419	43	0.394511
8420	51	0.394586
8421	16	0.39461
8422	20	0.394639
8423	19	0.394667
8424	66	0.394764
8425	48	0.394835
8426	114	0.395003
8427	92	0.395138
8428	32	0.395185
8429	32	0.395233
8430	130	0.395424
8431	53	0.395502
8432	17	0.395527
8433	38	0.395583
8434	24	0.395618
8435	25	0.395655
8436	30	0.395699
8437	12	0.395717
8438	67	0.395816
8439	7	0.395826
8440	32	0.395873
8441	102	0.396023
8442	75	0.396134
8443	99	0.39628
8444	99	0.396425
8445	188	0.396702
8446	54	0.396782
8447	31	0.396827
8448	31	0.396873
8449	41	0.396934
8450	12	0.396951
8451	14	0.396972
8452	48	0.397042
8453	4	0.397048
8454	31	0.397094
8455	19	0.397122
8456	153	0.397347
8457	31	0.397393
8458	10	0.397408
8459	29	0.39745
8460	73	0.397558
8461	16	0.397582
8462	43	0.397645
8463	27	0.397685
8464	55	0.397766
8465	41	0.397826
8466	47	0.397895
8467	63	0.397988
8468	76	0.3981
8469	22	0.398132
8470	31	0.398178
8471	149	0.398397
8472	60	0.398486
8473	96	0.398627
8474	55	0.398708
8475	34	0.398758
8476	70	0.398861
8477	47	0.398931
8478	49	0.399003
8479	18	0.399029
8480	32	0.399076
8481	23	0.39911
8482	46	0.399178
8483	35	0.399229
8484	20	0.399259
8485	98	0.399403
8486	36	0.399456
8487	28	0.399498
8488	34	0.399548
8489	30	0.399592
8490	25	0.399629
8491	6	0.399637
8492	44	0.399702
8493	179	0.399966
8494	37	0.40002
8495	45	0.400087
8496	49	0.400159
8497	16	0.400182
8498	10	0.400197
8499	35	0.400249
8500	5	0.400256
8501	32	0.400303
8502	8	0.400315
8503	28	0.400356
8504	30	0.4004
8505	21	0.400431
8506	24	0.400467
8507	21	0.400497
8508	31	0.400543
8509	88	0.400673
8510	29	0.400715
8511	104	0.400869
8512	95	0.401009
8513	11	0.401025
8514	29	0.401067
8515	24	0.401103
8516	41	0.401163
8517	33	0.401212
8518	72	0.401318
8519	32	0.401365
8520	52	0.401441
8521	16	0.401465
8522	9	0.401478
8523	55	0.401559
8524	89	0.40169
8525	14	0.401711
8526	22	0.401743
8527	20	0.401773
8528	45	0.401839
8529	13	0.401858
8530	47	0.401927
8531	2	0.40193
8532	18	0.401957
8533	20	0.401986
8534	46	0.402054
8535	15	0.402076
8536	8	0.402088
8537	85	0.402213
8538	9	0.402226
8539	8	0.402238
8540	26	0.402277
8541	9	0.40229
8542	9	0.402303
8543	16	0.402327
8544	27	0.402366
8545	72	0.402472
8546	12	0.40249
8547	78	0.402605
8548	26	0.402643
8549	8	0.402655
8550	40	0.402714
8551	29	0.402757
8552	42	0.402818
8553	11	0.402835
8554	60	0.402923
8555	57	0.403007
8556	35	0.403059
8557	23	0.403092
8558	4	0.403098
8559	3	0.403103
8560	11	0.403119
8561	51	0.403194
8562	54	0.403274
8563	17	0.403299
8564	15	0.403321
8565	36	0.403374
8566	32	0.403421
8567	4	0.403427
8568	16	0.40345
8569	4	0.403456
8570	14	0.403477
8571	30	0.403521
8572	42	0.403583
8573	34	0.403633
8574	15	0.403655
8575	24	0.40369
8576	11	0.403707
8577	33	0.403755
8578	32	0.403802
8579	14	0.403823
8580	6	0.403832
8581	14	0.403852
8582	41	0.403913
8583	7	0.403923
8584	31	0.403969
8585	42	0.404031
8586	28	0.404072
8587	33	0.40412
8588	29	0.404163
8589	15	0.404185
8590	18	0.404212
8591	45	0.404278
8592	22	0.40431
8593	41	0.404371
8594	13	0.40439
8595	33	0.404438
8596	5	0.404446
8597	18	0.404472
8598	17	0.404497
8599	36	0.40455
8600	29	0.404593
8601	42	0.404655
8602	30	0.404699
8603	134	0.404896
8604	29	0.404939
8605	63	0.405032
8606	134	0.405229
8607	40	0.405288
8608	111	0.405452
8609	79	0.405568
8610	35	0.40562
8611	61	0.405709
8612	101	0.405858
8613	18	0.405885
8614	55	0.405966
8615	16	0.405989
8616	39	0.406047
8617	52	0.406123
8618	56	0.406206
8619	5	0.406213
8620	66	0.40631
8621	60	0.406399
8622	57	0.406483
8623	39	0.40654
8624	99	0.406686
8625	49	0.406758
8626	34	0.406808
8627	120	0.406985
8628	86	0.407111
8629	69	0.407213
8630	28	0.407254
8631	10	0.407269
8632	22	0.407301
8633	70	0.407405
8634	58	0.40749
8635	24	0.407525
8636	15	0.407547
8637	38	0.407603
8638	65	0.407699
8639	7	0.407709
8640	24	0.407745
8641	18	0.407771
8642	32	0.407818
8643	14	0.407839
8644	41	0.407899
8645	60	0.407988
8646	37	0.408042
8647	41	0.408103
8648	33	0.408151
8649	22	0.408184
8650	50	0.408257
8651	35	0.408309
8652	42	0.408371
8653	48	0.408441
8654	152	0.408665
8655	16	0.408689
8656	58	0.408774
8657	81	0.408893
8658	72	0.408999
8659	8	0.409011
8660	7	0.409022
8661	19	0.40905
8662	8	0.409061
8663	12	0.409079
8664	41	0.409139
8665	44	0.409204
8666	37	0.409259
8667	10	0.409273
8668	13	0.409293
8669	52	0.409369
8670	28	0.40941
8671	26	0.409449
8672	59	0.409536
8673	83	0.409658
8674	17	0.409683
8675	52	0.409759
8676	42	0.409821
8677	1	0.409823
8678	30	0.409867
8679	23	0.409901
8680	2	0.409904
8681	11	0.40992
8682	1	0.409921
8683	5	0.409929
8684	5	0.409936
8685	2	0.409939
8686	2	0.409942
8687	8	0.409954
8688	1	0.409955
8689	12	0.409973
8690	122	0.410153
8691	24	0.410188
8692	8	0.4102
8694	4	0.410206
8695	2	0.410209
8696	3	0.410213
8697	7	0.410223
8698	15	0.410245
8699	5	0.410253
8700	9	0.410266
8701	2	0.410269
8702	12	0.410287
8703	2	0.41029
8704	4	0.410295
8705	7	0.410306
8706	7	0.410316
8707	5	0.410323
8708	17	0.410348
8709	5	0.410356
8710	4	0.410362
8711	22	0.410394
8712	35	0.410446
8713	13	0.410465
8714	7	0.410475
8715	30	0.410519
8716	135	0.410718
8717	12	0.410736
8718	11	0.410752
8719	70	0.410855
8720	27	0.410895
8721	6	0.410904
8722	14	0.410924
8723	8	0.410936
8724	26	0.410974
8725	42	0.411036
8726	20	0.411066
8727	4	0.411072
8728	9	0.411085
8729	8	0.411097
8730	4	0.411103
8731	14	0.411123
8732	3	0.411128
8733	10	0.411142
8734	41	0.411203
8735	31	0.411248
8736	32	0.411295
8737	76	0.411407
8738	29	0.41145
8739	29	0.411493
8740	8	0.411505
8741	32	0.411552
8742	66	0.411649
8743	32	0.411696
8744	35	0.411748
8745	49	0.41182
8746	4	0.411826
8747	11	0.411842
8748	42	0.411904
8749	8	0.411915
8750	7	0.411926
8751	4	0.411932
8752	132	0.412126
8753	167	0.412372
8754	92	0.412507
8755	92	0.412643
8756	121	0.412821
8757	70	0.412924
8758	12	0.412942
8759	3	0.412946
8760	22	0.412979
8761	33	0.413027
8762	16	0.413051
8763	80	0.413169
8764	94	0.413307
8765	94	0.413446
8766	25	0.413482
8767	65	0.413578
8768	37	0.413633
8769	58	0.413718
8770	55	0.413799
8771	80	0.413917
8772	60	0.414005
8773	61	0.414095
8774	128	0.414284
8775	121	0.414462
8776	29	0.414504
8777	90	0.414637
8778	64	0.414731
8779	58	0.414817
8780	11	0.414833
8781	16	0.414856
8782	7	0.414867
8783	146	0.415082
8784	49	0.415154
8785	52	0.415231
8786	77	0.415344
8787	36	0.415397
8788	78	0.415512
8789	27	0.415552
8790	144	0.415764
8791	71	0.415868
8792	69	0.41597
8793	93	0.416107
8794	53	0.416185
8795	85	0.41631
8796	37	0.416365
8797	128	0.416553
8798	73	0.416661
8799	35	0.416712
8800	31	0.416758
8801	196	0.417046
8802	117	0.417219
8803	22	0.417251
8804	30	0.417295
8805	24	0.417331
8806	50	0.417404
8807	128	0.417593
8808	32	0.41764
8809	49	0.417712
8810	167	0.417958
8811	17	0.417983
8812	29	0.418026
8813	43	0.418089
8814	40	0.418148
8815	26	0.418186
8816	20	0.418216
8817	42	0.418278
8818	32	0.418325
8819	32	0.418372
8820	40	0.418431
8821	93	0.418568
8822	100	0.418715
8823	99	0.418861
8824	94	0.418999
8825	199	0.419292
8826	179	0.419556
8827	83	0.419678
8828	46	0.419746
8829	44	0.419811
8830	60	0.419899
8831	30	0.419943
8832	43	0.420007
8833	30	0.420051
8834	6	0.42006
8835	5	0.420067
8836	72	0.420173
8837	175	0.420431
8838	40	0.42049
8839	32	0.420537
8840	21	0.420568
8841	8	0.420579
8842	22	0.420612
8843	86	0.420738
8844	60	0.420827
8845	39	0.420884
8846	77	0.420998
8847	39	0.421055
8848	62	0.421146
8849	65	0.421242
8850	69	0.421344
8851	37	0.421398
8852	19	0.421426
8853	39	0.421484
8854	44	0.421548
8855	53	0.421627
8856	91	0.421761
8857	184	0.422032
8858	164	0.422273
8859	246	0.422635
8860	111	0.422799
8861	85	0.422924
8862	49	0.422996
8863	60	0.423085
8864	63	0.423177
8865	76	0.423289
8866	40	0.423348
8867	63	0.423441
8868	21	0.423472
8869	43	0.423535
8870	63	0.423628
8871	32	0.423675
8872	19	0.423703
8873	71	0.423808
8874	16	0.423831
8875	21	0.423862
8876	24	0.423897
8877	27	0.423937
8878	27	0.423977
8879	96	0.424118
8880	34	0.424168
8881	9	0.424182
8882	25	0.424219
8883	22	0.424251
8884	16	0.424274
8885	48	0.424345
8886	31	0.424391
8887	45	0.424457
8888	38	0.424513
8889	101	0.424662
8890	58	0.424747
8891	62	0.424839
8892	92	0.424974
8893	22	0.425006
8894	37	0.425061
8895	21	0.425092
8896	71	0.425196
8897	84	0.42532
8898	41	0.42538
8899	43	0.425444
8900	201	0.42574
8901	248	0.426105
8902	53	0.426183
8903	76	0.426295
8904	133	0.426491
8905	72	0.426597
8906	46	0.426665
8907	126	0.42685
8908	120	0.427027
8909	140	0.427233
8910	269	0.427629
8911	120	0.427806
8912	190	0.428086
8913	101	0.428235
8914	82	0.428355
8915	53	0.428433
8916	38	0.428489
8917	50	0.428563
8918	141	0.428771
8919	65	0.428866
8920	49	0.428939
8921	166	0.429183
8922	87	0.429311
8923	64	0.429405
8924	59	0.429492
8925	100	0.42964
8926	51	0.429715
8927	96	0.429856
8928	61	0.429946
8929	17	0.429971
8930	56	0.430053
8931	102	0.430204
8932	175	0.430461
8933	72	0.430567
8934	118	0.430741
8935	94	0.43088
8936	93	0.431017
8937	65	0.431112
8938	73	0.43122
8939	140	0.431426
8940	16	0.43145
8941	48	0.43152
8942	43	0.431584
8943	61	0.431673
8944	76	0.431785
8945	48	0.431856
8946	24	0.431891
8947	76	0.432003
8948	78	0.432118
8949	54	0.432198
8950	8	0.432209
8951	6	0.432218
8952	94	0.432357
8953	18	0.432383
8954	70	0.432486
8955	17	0.432511
8956	44	0.432576
8957	35	0.432628
8958	35	0.432679
8959	19	0.432707
8960	40	0.432766
8961	33	0.432815
8962	7	0.432825
8963	15	0.432847
8964	34	0.432897
8965	105	0.433052
8966	13	0.433071
8967	25	0.433108
8968	38	0.433164
8969	110	0.433326
8970	32	0.433373
8971	44	0.433438
8972	34	0.433488
8973	152	0.433712
8974	38	0.433768
8975	107	0.433925
8976	27	0.433965
8977	10	0.43398
8978	54	0.434059
8979	11	0.434075
8980	25	0.434112
8981	140	0.434318
8982	127	0.434505
8983	28	0.434547
8984	52	0.434623
8985	21	0.434654
8986	67	0.434753
8987	84	0.434877
8988	29	0.434919
8989	34	0.434969
8990	79	0.435086
8991	50	0.435159
8992	77	0.435273
8993	84	0.435396
8994	105	0.435551
8995	60	0.435639
8996	33	0.435688
8997	29	0.435731
8998	85	0.435856
8999	15	0.435878
9000	24	0.435913
9001	42	0.435975
9002	60	0.436064
9003	49	0.436136
9004	81	0.436255
9005	50	0.436329
9006	44	0.436393
9007	65	0.436489
9008	72	0.436595
9009	49	0.436667
9010	61	0.436757
9011	34	0.436807
9012	77	0.436921
9013	110	0.437083
9014	83	0.437205
9015	78	0.43732
9016	206	0.437623
9017	88	0.437753
9018	90	0.437885
9019	53	0.437963
9020	180	0.438228
9021	227	0.438563
9022	227	0.438897
9023	175	0.439155
9024	24	0.43919
9025	72	0.439296
9026	63	0.439389
9027	53	0.439467
9028	147	0.439683
9029	78	0.439798
9030	55	0.439879
9031	41	0.43994
9032	139	0.440144
9033	57	0.440228
9034	36	0.440281
9035	57	0.440365
9036	145	0.440579
9037	97	0.440722
9038	30	0.440766
9039	42	0.440828
9040	23	0.440862
9041	37	0.440916
9042	13	0.440935
9043	70	0.441038
9044	44	0.441103
9045	45	0.441169
9046	96	0.441311
9047	58	0.441396
9048	149	0.441616
9049	122	0.441795
9050	139	0.442
9051	133	0.442196
9052	115	0.442365
9053	58	0.442451
9054	138	0.442654
9055	90	0.442786
9056	130	0.442978
9057	60	0.443066
9058	241	0.443421
9059	177	0.443682
9060	55	0.443763
9061	481	0.444471
9062	67	0.44457
9063	178	0.444832
9064	120	0.445009
9065	116	0.44518
9066	65	0.445275
9067	151	0.445498
9068	136	0.445698
9069	46	0.445766
9070	26	0.445804
9071	74	0.445913
9072	69	0.446015
9073	125	0.446199
9074	240	0.446552
9075	139	0.446757
9076	62	0.446848
9077	68	0.446948
9078	123	0.44713
9079	49	0.447202
9080	97	0.447345
9081	89	0.447476
9082	96	0.447617
9083	132	0.447811
9084	97	0.447954
9085	84	0.448078
9086	96	0.448219
9087	98	0.448364
9088	135	0.448562
9089	113	0.448729
9090	89	0.44886
9091	100	0.449007
9092	63	0.4491
9093	131	0.449293
9094	63	0.449386
9095	72	0.449492
9096	32	0.449539
9097	154	0.449766
9098	52	0.449842
9099	71	0.449947
9100	83	0.450069
9101	87	0.450197
9102	201	0.450493
9103	69	0.450595
9104	65	0.450691
9105	95	0.45083
9106	19	0.450858
9107	128	0.451047
9108	52	0.451124
9109	14	0.451144
9110	132	0.451339
9111	74	0.451448
9112	119	0.451623
9113	83	0.451745
9114	134	0.451942
9115	31	0.451988
9116	86	0.452115
9117	11	0.452131
9118	92	0.452266
9119	119	0.452442
9120	34	0.452492
9121	38	0.452548
9122	47	0.452617
9123	51	0.452692
9124	102	0.452842
9125	157	0.453073
9126	55	0.453154
9127	102	0.453305
9128	54	0.453384
9129	29	0.453427
9130	84	0.453551
9131	192	0.453833
9132	77	0.453947
9133	116	0.454118
9134	174	0.454374
9135	103	0.454526
9136	134	0.454723
9137	228	0.455059
9138	97	0.455201
9139	97	0.455344
9140	120	0.455521
9141	76	0.455633
9142	102	0.455783
9143	230	0.456122
9144	95	0.456262
9145	50	0.456335
9146	61	0.456425
9147	87	0.456553
9148	100	0.456701
9149	139	0.456905
9150	63	0.456998
9151	78	0.457113
9152	27	0.457153
9153	16	0.457176
9154	58	0.457262
9155	59	0.457349
9156	88	0.457478
9157	65	0.457574
9158	25	0.457611
9159	99	0.457757
9160	177	0.458017
9161	24	0.458053
9162	69	0.458154
9163	83	0.458277
9164	32	0.458324
9165	38	0.45838
9166	41	0.45844
9167	59	0.458527
9168	67	0.458626
9169	88	0.458755
9170	93	0.458892
9171	40	0.458951
9172	70	0.459054
9173	57	0.459138
9174	52	0.459215
9175	174	0.459471
9176	84	0.459595
9177	39	0.459652
9178	49	0.459724
9179	76	0.459836
9180	154	0.460063
9181	111	0.460226
9182	185	0.460499
9183	72	0.460605
9184	129	0.460795
9185	66	0.460892
9186	66	0.460989
9187	119	0.461165
9188	137	0.461366
9189	165	0.461609
9190	103	0.461761
9191	206	0.462064
9192	41	0.462125
9193	127	0.462312
9194	178	0.462574
9195	131	0.462767
9196	42	0.462829
9197	105	0.462983
9198	86	0.46311
9199	99	0.463256
9200	203	0.463555
9201	198	0.463846
9202	82	0.463967
9203	106	0.464123
9204	107	0.464281
9205	271	0.46468
9206	73	0.464787
9207	79	0.464904
9208	70	0.465007
9209	124	0.465189
9210	135	0.465388
9211	65	0.465484
9212	47	0.465553
9213	119	0.465728
9214	82	0.465849
9215	40	0.465908
9216	53	0.465986
9217	64	0.46608
9218	109	0.466241
9219	121	0.466419
9220	60	0.466508
9221	77	0.466621
9222	59	0.466708
9223	178	0.46697
9224	71	0.467075
9225	158	0.467307
9226	115	0.467477
9227	174	0.467733
9228	37	0.467787
9229	50	0.467861
9230	65	0.467957
9231	20	0.467986
9232	112	0.468151
9233	125	0.468335
9234	69	0.468437
9235	46	0.468505
9236	89	0.468636
9237	108	0.468795
9238	112	0.46896
9239	77	0.469073
9240	49	0.469145
9241	93	0.469282
9242	174	0.469538
9243	67	0.469637
9244	59	0.469724
9245	124	0.469907
9246	90	0.470039
9247	49	0.470111
9248	80	0.470229
9249	82	0.47035
9250	12	0.470368
9251	30	0.470412
9252	10	0.470426
9253	87	0.470555
9254	110	0.470717
9255	97	0.470859
9256	28	0.470901
9257	91	0.471035
9258	64	0.471129
9259	67	0.471228
9260	36	0.471281
9261	97	0.471423
9262	74	0.471532
9263	110	0.471694
9264	81	0.471814
9265	109	0.471974
9266	81	0.472094
9267	97	0.472236
9268	112	0.472401
9269	81	0.472521
9270	127	0.472708
9271	88	0.472837
9272	73	0.472945
9273	82	0.473066
9274	137	0.473267
9275	44	0.473332
9276	63	0.473425
9277	70	0.473528
9278	59	0.473615
9279	75	0.473725
9280	76	0.473837
9281	30	0.473881
9282	103	0.474033
9283	130	0.474225
9284	72	0.474331
9285	21	0.474362
9286	82	0.474482
9287	46	0.47455
9288	43	0.474613
9289	52	0.47469
9290	107	0.474848
9291	143	0.475058
9292	36	0.475111
9293	72	0.475217
9294	83	0.475339
9295	24	0.475375
9296	48	0.475445
9297	73	0.475553
9298	69	0.475655
9299	35	0.475706
9300	68	0.475806
9301	146	0.476021
9302	245	0.476382
9303	84	0.476506
9304	235	0.476852
9305	117	0.477024
9306	271	0.477423
9307	161	0.47766
9308	34	0.47771
9309	72	0.477816
9310	127	0.478004
9311	288	0.478428
9312	135	0.478626
9313	99	0.478772
9314	210	0.479082
9315	241	0.479436
9316	89	0.479568
9317	99	0.479713
9318	135	0.479912
9319	93	0.480049
9320	128	0.480238
9321	80	0.480355
9322	87	0.480484
9323	107	0.480641
9324	125	0.480825
9325	37	0.48088
9326	157	0.481111
9327	76	0.481223
9328	126	0.481408
9329	211	0.481719
9330	193	0.482003
9331	115	0.482173
9332	112	0.482338
9333	148	0.482556
9334	81	0.482675
9335	63	0.482768
9336	239	0.48312
9337	218	0.483441
9338	156	0.483671
9339	124	0.483853
9340	163	0.484093
9341	63	0.484186
9342	49	0.484258
9343	75	0.484369
9344	141	0.484576
9345	54	0.484656
9346	63	0.484749
9347	98	0.484893
9348	134	0.48509
9349	58	0.485176
9350	104	0.485329
9351	113	0.485495
9352	49	0.485567
9353	41	0.485628
9354	73	0.485735
9355	56	0.485818
9356	109	0.485978
9357	47	0.486047
9358	66	0.486145
9359	174	0.486401
9360	63	0.486494
9361	72	0.4866
9362	81	0.486719
9363	93	0.486856
9364	37	0.486911
9365	36	0.486964
9366	61	0.487053
9367	160	0.487289
9368	65	0.487385
9369	50	0.487458
9370	83	0.487581
9371	43	0.487644
9372	92	0.487779
9373	75	0.48789
9374	61	0.48798
9375	67	0.488078
9376	41	0.488139
9377	234	0.488483
9378	170	0.488734
9379	93	0.488871
9380	284	0.489289
9381	105	0.489444
9382	130	0.489635
9383	147	0.489852
9384	121	0.49003
9385	44	0.490095
9386	99	0.49024
9387	104	0.490393
9388	35	0.490445
9389	50	0.490519
9390	135	0.490717
9391	28	0.490759
9392	36	0.490812
9393	51	0.490887
9394	81	0.491006
9395	121	0.491184
9396	88	0.491314
9397	100	0.491461
9398	19	0.491489
9399	28	0.49153
9400	47	0.4916
9401	26	0.491638
9402	100	0.491785
9403	163	0.492025
9404	12	0.492043
9405	248	0.492408
9406	158	0.492641
9407	194	0.492927
9408	161	0.493164
9409	37	0.493218
9410	86	0.493345
9411	63	0.493438
9412	35	0.493489
9413	69	0.493591
9414	19	0.493619
9415	71	0.493723
9416	225	0.494055
9417	103	0.494206
9418	215	0.494523
9419	199	0.494816
9420	47	0.494885
9421	53	0.494963
9422	71	0.495068
9423	87	0.495196
9424	19	0.495224
9425	14	0.495245
9426	90	0.495377
9427	24	0.495412
9428	44	0.495477
9429	88	0.495607
9430	45	0.495673
9431	89	0.495804
9432	22	0.495837
9433	79	0.495953
9434	88	0.496083
9435	58	0.496168
9436	148	0.496386
9437	93	0.496523
9438	186	0.496797
9439	99	0.496943
9440	31	0.496988
9441	88	0.497118
9442	24	0.497153
9443	13	0.497172
9444	25	0.497209
9445	32	0.497256
9446	83	0.497379
9447	27	0.497418
9448	91	0.497552
9449	128	0.497741
9450	105	0.497895
9451	236	0.498243
9452	177	0.498504
9453	111	0.498667
9454	49	0.498739
9455	128	0.498928
9456	107	0.499085
9457	82	0.499206
9458	122	0.499386
9459	58	0.499471
9460	73	0.499579
9461	146	0.499794
9462	50	0.499867
9463	81	0.499987
9464	49	0.500059
9465	31	0.500105
9466	69	0.500206
9467	15	0.500228
9468	51	0.500303
9469	49	0.500376
9470	56	0.500458
9471	253	0.500831
9472	100	0.500978
9473	99	0.501124
9474	31	0.501169
9475	85	0.501295
9476	35	0.501346
9477	56	0.501429
9478	57	0.501512
9479	192	0.501795
9480	110	0.501957
9481	101	0.502106
9482	64	0.5022
9483	31	0.502246
9484	50	0.50232
9485	59	0.502406
9486	129	0.502596
9487	176	0.502856
9488	207	0.50316
9489	121	0.503339
9490	15	0.503361
9491	18	0.503387
9492	79	0.503504
9493	12	0.503521
9494	13	0.50354
9495	28	0.503582
9496	51	0.503657
9497	125	0.503841
9498	107	0.503998
9499	27	0.504038
9500	32	0.504085
9501	60	0.504174
9502	60	0.504262
9503	91	0.504396
9504	18	0.504423
9505	21	0.504453
9506	33	0.504502
9507	34	0.504552
9508	11	0.504568
9509	25	0.504605
9510	48	0.504676
9511	17	0.504701
9512	13	0.50472
9513	85	0.504845
9514	34	0.504895
9515	11	0.504912
9516	11	0.504928
9517	8	0.504939
9518	11	0.504956
9519	43	0.505019
9520	11	0.505035
9521	18	0.505062
9522	15	0.505084
9523	37	0.505138
9524	64	0.505233
9525	119	0.505408
9526	70	0.505511
9527	69	0.505613
9528	31	0.505658
9529	244	0.506018
9530	111	0.506181
9531	61	0.506271
9532	86	0.506397
9533	52	0.506474
9534	57	0.506558
9535	31	0.506604
9536	63	0.506696
9537	96	0.506838
9538	64	0.506932
9539	120	0.507109
9540	58	0.507194
9541	47	0.507263
9542	65	0.507359
9543	55	0.50744
9544	171	0.507692
9545	16	0.507716
9546	45	0.507782
9547	15	0.507804
9548	251	0.508174
9549	72	0.50828
9550	57	0.508364
9551	69	0.508465
9552	39	0.508523
9553	52	0.508599
9554	90	0.508732
9555	38	0.508788
9556	117	0.50896
9557	118	0.509134
9558	85	0.509259
9559	153	0.509484
9560	84	0.509608
9561	52	0.509685
9562	41	0.509745
9563	65	0.509841
9564	47	0.50991
9565	50	0.509984
9566	83	0.510106
9567	61	0.510196
9568	38	0.510252
9569	12	0.510269
9570	24	0.510305
9571	63	0.510397
9572	42	0.510459
9573	82	0.51058
9574	66	0.510677
9575	12	0.510695
9576	114	0.510863
9577	47	0.510932
9578	29	0.510975
9579	48	0.511045
9580	58	0.511131
9581	51	0.511206
9582	39	0.511263
9583	34	0.511313
9584	52	0.51139
9585	31	0.511436
9586	49	0.511508
9587	20	0.511537
9588	41	0.511598
9589	126	0.511783
9590	81	0.511902
9591	199	0.512196
9592	340	0.512696
9593	90	0.512829
9594	17	0.512854
9595	25	0.512891
9596	56	0.512973
9597	84	0.513097
9598	112	0.513262
9599	39	0.513319
9600	125	0.513503
9601	40	0.513562
9602	8	0.513574
9603	28	0.513615
9604	38	0.513671
9605	30	0.513715
9606	42	0.513777
9607	46	0.513845
9608	43	0.513908
9609	104	0.514061
9610	59	0.514148
9611	143	0.514359
9612	57	0.514443
9613	67	0.514542
9614	24	0.514577
9615	38	0.514633
9616	81	0.514752
9617	99	0.514898
9618	49	0.51497
9619	85	0.515095
9620	59	0.515182
9621	28	0.515223
9622	29	0.515266
9623	71	0.515371
9624	27	0.51541
9625	71	0.515515
9626	101	0.515664
9627	150	0.515885
9628	50	0.515958
9629	21	0.515989
9630	19	0.516017
9631	16	0.516041
9632	20	0.51607
9633	28	0.516112
9634	36	0.516165
9635	12	0.516182
9636	17	0.516207
9637	21	0.516238
9638	46	0.516306
9639	29	0.516349
9640	51	0.516424
9641	42	0.516486
9642	61	0.516575
9643	43	0.516639
9644	23	0.516673
9645	13	0.516692
9646	19	0.51672
9647	29	0.516762
9648	40	0.516821
9649	7	0.516832
9650	18	0.516858
9651	20	0.516888
9652	45	0.516954
9653	11	0.51697
9654	57	0.517054
9655	26	0.517092
9656	104	0.517245
9657	43	0.517309
9658	77	0.517422
9659	18	0.517449
9660	107	0.517606
9661	64	0.517701
9662	87	0.517829
9663	88	0.517958
9664	179	0.518222
9665	28	0.518263
9666	82	0.518384
9667	20	0.518413
9668	23	0.518447
9669	25	0.518484
9670	119	0.518659
9671	32	0.518706
9672	43	0.51877
9673	30	0.518814
9674	106	0.51897
9675	54	0.51905
9676	96	0.519191
9677	41	0.519251
9678	43	0.519315
9679	81	0.519434
9680	64	0.519528
9681	96	0.51967
9682	46	0.519737
9683	23	0.519771
9684	41	0.519832
9685	42	0.519893
9686	41	0.519954
9687	50	0.520027
9688	28	0.520069
9689	27	0.520108
9690	26	0.520147
9691	249	0.520513
9692	27	0.520553
9693	107	0.520711
9694	127	0.520898
9695	35	0.520949
9696	21	0.52098
9697	142	0.521189
9698	26	0.521228
9699	58	0.521313
9700	24	0.521348
9701	35	0.5214
9702	37	0.521455
9703	81	0.521574
9704	76	0.521686
9705	88	0.521815
9706	133	0.522011
9707	183	0.522281
9708	31	0.522326
9709	84	0.52245
9710	39	0.522508
9711	158	0.52274
9712	172	0.522993
9713	58	0.523079
9714	53	0.523157
9715	23	0.523191
9716	31	0.523236
9717	13	0.523256
9718	68	0.523356
9719	86	0.523482
9720	51	0.523558
9721	44	0.523622
9722	133	0.523818
9723	45	0.523884
9724	129	0.524074
9725	26	0.524113
9726	101	0.524262
9727	74	0.52437
9728	96	0.524512
9729	73	0.524619
9730	28	0.524661
9731	37	0.524715
9732	35	0.524767
9733	42	0.524829
9734	26	0.524867
9735	67	0.524965
9736	22	0.524998
9737	14	0.525018
9738	51	0.525094
9739	36	0.525147
9740	28	0.525188
9741	78	0.525303
9742	57	0.525387
9743	58	0.525472
9744	121	0.52565
9745	79	0.525767
9746	143	0.525977
9747	49	0.526049
9748	24	0.526085
9749	91	0.526219
9750	7	0.526229
9751	7	0.526239
9752	47	0.526309
9753	104	0.526462
9754	124	0.526644
9755	49	0.526717
9756	189	0.526995
9757	43	0.527058
9758	24	0.527094
9759	32	0.527141
9760	31	0.527186
9761	143	0.527397
9762	99	0.527543
9763	87	0.527671
9764	8	0.527683
9765	41	0.527743
9766	57	0.527827
9767	59	0.527914
9768	31	0.527959
9769	16	0.527983
9770	121	0.528161
9771	47	0.52823
9772	52	0.528307
9773	31	0.528353
9774	16	0.528376
9775	46	0.528444
9776	37	0.528499
9777	11	0.528515
9778	13	0.528534
9779	125	0.528718
9780	63	0.528811
9781	78	0.528926
9782	18	0.528952
9783	52	0.529029
9784	114	0.529197
9785	51	0.529272
9786	36	0.529325
9787	41	0.529385
9788	154	0.529612
9789	38	0.529668
9790	42	0.52973
9791	33	0.529778
9792	37	0.529833
9793	11	0.529849
9794	14	0.52987
9795	22	0.529902
9796	26	0.52994
9797	31	0.529986
9798	74	0.530095
9799	78	0.53021
9800	91	0.530344
9801	38	0.5304
9802	37	0.530454
9803	68	0.530554
9804	50	0.530628
9805	34	0.530678
9806	54	0.530758
9807	29	0.5308
9808	11	0.530817
9809	33	0.530865
9810	27	0.530905
9811	33	0.530954
9812	15	0.530976
9813	16	0.530999
9814	14	0.53102
9815	48	0.53109
9816	16	0.531114
9817	7	0.531124
9818	10	0.531139
9819	23	0.531173
9820	49	0.531245
9821	13	0.531264
9822	3	0.531269
9823	25	0.531306
9824	65	0.531401
9825	50	0.531475
9826	5	0.531482
9827	30	0.531526
9828	22	0.531559
9829	10	0.531574
9830	21	0.531604
9831	18	0.531631
9832	9	0.531644
9833	45	0.53171
9834	25	0.531747
9835	14	0.531768
9836	5	0.531775
9837	16	0.531799
9838	10	0.531814
9839	27	0.531853
9840	34	0.531903
9841	30	0.531948
9842	59	0.532034
9843	65	0.53213
9844	40	0.532189
9845	20	0.532219
9846	9	0.532232
9847	17	0.532257
9848	13	0.532276
9849	59	0.532363
9850	38	0.532419
9851	73	0.532526
9852	89	0.532657
9853	30	0.532702
9854	33	0.53275
9855	29	0.532793
9856	14	0.532814
9857	5	0.532821
9858	10	0.532836
9859	4	0.532842
9860	18	0.532868
9861	30	0.532912
9862	17	0.532937
9863	18	0.532964
9864	43	0.533027
9865	11	0.533043
9866	20	0.533073
9867	13	0.533092
9868	5	0.533099
9869	4	0.533105
9870	39	0.533163
9871	59	0.533249
9872	6	0.533258
9873	19	0.533286
9874	14	0.533307
9875	70	0.53341
9876	30	0.533454
9877	19	0.533482
9878	16	0.533506
9879	41	0.533566
9880	103	0.533718
9881	32	0.533765
9882	4	0.533771
9883	59	0.533858
9884	16	0.533881
9885	104	0.534034
9886	17	0.534059
9887	10	0.534074
9888	10	0.534089
9889	4	0.534095
9890	13	0.534114
9891	54	0.534193
9892	46	0.534261
9893	4	0.534267
9895	29	0.53431
9896	36	0.534363
9897	23	0.534397
9898	41	0.534457
9899	16	0.534481
9900	14	0.534501
9901	12	0.534519
9902	13	0.534538
9903	104	0.534691
9904	83	0.534814
9905	10	0.534828
9906	26	0.534867
9907	19	0.534895
9908	4	0.5349
9909	43	0.534964
9910	98	0.535108
9911	48	0.535179
9912	60	0.535267
9913	12	0.535285
9914	32	0.535332
9915	19	0.53536
9916	10	0.535375
9917	54	0.535454
9918	97	0.535597
9919	21	0.535628
9920	7	0.535638
9921	49	0.53571
9922	42	0.535772
9923	22	0.535805
9924	15	0.535827
9925	16	0.53585
9926	29	0.535893
9927	49	0.535965
9928	43	0.536028
9929	10	0.536043
9930	39	0.536101
9931	45	0.536167
9932	69	0.536269
9933	121	0.536447
9934	61	0.536537
9935	44	0.536601
9936	35	0.536653
9937	40	0.536712
9938	28	0.536753
9939	105	0.536908
9940	3	0.536912
9941	46	0.53698
9942	32	0.537027
9943	42	0.537089
9944	22	0.537121
9945	18	0.537148
9946	20	0.537177
9947	35	0.537229
9948	23	0.537263
9949	13	0.537282
9950	11	0.537298
9951	8	0.53731
9952	10	0.537324
9953	23	0.537358
9954	57	0.537442
9955	22	0.537475
9956	62	0.537566
9957	7	0.537576
9958	72	0.537682
9959	9	0.537696
9960	41	0.537756
9961	139	0.537961
9962	33	0.538009
9963	187	0.538285
9964	7	0.538295
9965	114	0.538463
9966	8	0.538475
9967	3	0.538479
9968	14	0.5385
9969	32	0.538547
9970	40	0.538606
9971	26	0.538644
9972	1	0.538646
9973	25	0.538682
9974	25	0.538719
9975	33	0.538768
9976	8	0.53878
9977	17	0.538805
9978	5	0.538812
9979	15	0.538834
9980	32	0.538881
9981	201	0.539177
9982	68	0.539277
9983	19	0.539305
9984	15	0.539327
9985	6	0.539336
9986	23	0.53937
9987	36	0.539423
9988	14	0.539444
9989	80	0.539562
9990	153	0.539787
9991	22	0.539819
9992	55	0.5399
9993	46	0.539968
9994	28	0.540009
9995	5	0.540017
9996	16	0.54004
9997	4	0.540046
9998	15	0.540068
9999	40	0.540127
10000	18	0.540154
10001	99	0.540299
10002	15	0.540321
10003	35	0.540373
10004	66	0.54047
10005	37	0.540525
10006	82	0.540645
10007	33	0.540694
10008	8	0.540706
10009	46	0.540774
10010	25	0.54081
10011	74	0.540919
10012	44	0.540984
10013	132	0.541179
10014	32	0.541226
10015	70	0.541329
10016	34	0.541379
10017	11	0.541395
10018	15	0.541417
10019	205	0.541719
10020	219	0.542042
10021	90	0.542174
10022	67	0.542273
10023	17	0.542298
10024	27	0.542338
10025	80	0.542455
10026	25	0.542492
10027	45	0.542559
10028	35	0.54261
10029	29	0.542653
10030	79	0.542769
10031	94	0.542908
10032	95	0.543047
10033	57	0.543131
10034	172	0.543385
10035	77	0.543498
10036	41	0.543558
10037	92	0.543694
10038	93	0.543831
10039	85	0.543956
10040	180	0.544221
10041	98	0.544366
10042	37	0.54442
10043	79	0.544536
10044	54	0.544616
10045	85	0.544741
10046	150	0.544962
10047	134	0.545159
10048	76	0.545271
10049	92	0.545407
10050	100	0.545554
10051	119	0.545729
10052	136	0.54593
10053	120	0.546106
10054	199	0.546399
10055	200	0.546694
10056	78	0.546809
10057	105	0.546963
10058	303	0.54741
10059	49	0.547482
10060	60	0.54757
10061	68	0.54767
10062	66	0.547768
10063	84	0.547891
10064	95	0.548031
10065	125	0.548215
10066	50	0.548289
10067	57	0.548373
10068	69	0.548474
10069	45	0.548541
10070	66	0.548638
10071	54	0.548717
10072	48	0.548788
10073	38	0.548844
10074	170	0.549094
10075	149	0.549314
10076	316	0.549779
10077	147	0.549996
10078	93	0.550133
10079	215	0.550449
10080	292	0.550879
10081	35	0.550931
10082	100	0.551078
10083	143	0.551289
10084	215	0.551605
10085	158	0.551838
10086	133	0.552034
10087	130	0.552225
10088	111	0.552389
10089	124	0.552572
10090	49	0.552644
10091	37	0.552698
10092	37	0.552753
10093	111	0.552916
10094	31	0.552962
10095	148	0.55318
10096	103	0.553331
10097	73	0.553439
10098	216	0.553757
10099	186	0.554031
10100	57	0.554115
10101	61	0.554205
10102	65	0.5543
10103	112	0.554465
10104	76	0.554577
10105	16	0.554601
10106	133	0.554797
10107	152	0.555021
10108	68	0.555121
10109	67	0.555219
10110	94	0.555358
10111	28	0.555399
10112	221	0.555725
10113	41	0.555785
10114	359	0.556314
10115	222	0.556641
10116	57	0.556725
10117	157	0.556956
10118	58	0.557041
10119	94	0.55718
10120	61	0.557269
10121	130	0.557461
10122	103	0.557613
10123	76	0.557725
10124	87	0.557853
10125	139	0.558057
10126	110	0.558219
10127	222	0.558546
10128	86	0.558673
10129	103	0.558825
10130	33	0.558873
10131	123	0.559054
10132	152	0.559278
10133	57	0.559362
10134	26	0.5594
10135	28	0.559442
10136	80	0.55956
10137	31	0.559605
10138	58	0.559691
10139	53	0.559769
10140	99	0.559914
10141	179	0.560178
10142	137	0.56038
10143	64	0.560474
10144	53	0.560552
10145	143	0.560763
10146	72	0.560869
10147	58	0.560954
10148	59	0.561041
10149	64	0.561135
10150	34	0.561185
10151	70	0.561289
10152	155	0.561517
10153	68	0.561617
10154	150	0.561838
10155	80	0.561956
10156	105	0.56211
10157	116	0.562281
10158	169	0.56253
10159	106	0.562686
10160	117	0.562858
10161	129	0.563048
10162	88	0.563178
10163	177	0.563439
10164	102	0.563589
10165	196	0.563878
10166	84	0.564001
10167	71	0.564106
10168	121	0.564284
10169	127	0.564471
10170	74	0.56458
10171	67	0.564679
10172	112	0.564844
10173	155	0.565072
10174	87	0.5652
10175	114	0.565368
10176	88	0.565498
10177	30	0.565542
10178	36	0.565595
10179	70	0.565698
10180	62	0.565789
10181	138	0.565992
10182	127	0.566179
10183	92	0.566315
10184	134	0.566512
10185	119	0.566687
10186	127	0.566875
10187	90	0.567007
10188	125	0.567191
10189	120	0.567368
10190	148	0.567586
10191	152	0.56781
10192	135	0.568009
10193	114	0.568176
10194	177	0.568437
10195	112	0.568602
10196	220	0.568926
10197	105	0.569081
10198	80	0.569198
10199	277	0.569606
10200	286	0.570028
10201	214	0.570343
10202	243	0.570701
10203	197	0.570991
10204	148	0.571209
10205	91	0.571343
10206	90	0.571475
10207	130	0.571667
10208	123	0.571848
10209	102	0.571998
10210	143	0.572209
10211	186	0.572483
10212	394	0.573063
10213	243	0.573421
10214	296	0.573857
10215	166	0.574101
10216	100	0.574248
10217	50	0.574322
10218	97	0.574465
10219	153	0.57469
10220	172	0.574944
10221	232	0.575285
10222	98	0.57543
10223	149	0.575649
10224	201	0.575945
10225	260	0.576328
10226	137	0.57653
10227	104	0.576683
10228	298	0.577122
10229	105	0.577276
10230	225	0.577608
10231	234	0.577952
10232	156	0.578182
10233	275	0.578587
10234	150	0.578808
10235	123	0.578989
10236	274	0.579393
10237	168	0.57964
10238	204	0.57994
10239	212	0.580253
10240	221	0.580578
10241	181	0.580845
10242	167	0.581091
10243	219	0.581413
10244	305	0.581862
10245	84	0.581986
10246	115	0.582155
10247	69	0.582257
10248	88	0.582387
10249	119	0.582562
10250	186	0.582836
10251	198	0.583127
10252	264	0.583516
10253	98	0.583661
10254	203	0.583959
10255	118	0.584133
10256	172	0.584387
10257	163	0.584627
10258	93	0.584764
10259	117	0.584936
10260	92	0.585071
10261	175	0.585329
10262	158	0.585562
10263	141	0.585769
10264	329	0.586254
10265	178	0.586516
10266	81	0.586635
10267	248	0.587001
10268	180	0.587266
10269	270	0.587663
10270	211	0.587974
10271	179	0.588238
10272	223	0.588566
10273	198	0.588858
10274	241	0.589213
10275	122	0.589392
10276	148	0.58961
10277	100	0.589758
10278	135	0.589956
10279	191	0.590238
10280	178	0.5905
10281	133	0.590696
10282	162	0.590934
10283	337	0.591431
10284	194	0.591716
10285	411	0.592322
10286	205	0.592623
10287	235	0.59297
10288	217	0.593289
10289	197	0.593579
10290	125	0.593763
10291	144	0.593975
10292	197	0.594266
10293	197	0.594556
10294	234	0.5949
10295	228	0.595236
10296	210	0.595545
10297	249	0.595912
10298	156	0.596142
10299	121	0.59632
10300	189	0.596598
10301	276	0.597005
10302	198	0.597296
10303	250	0.597665
10304	112	0.59783
10305	181	0.598096
10306	173	0.598351
10307	133	0.598547
10308	131	0.59874
10309	152	0.598964
10310	133	0.599159
10311	224	0.599489
10312	171	0.599741
10313	216	0.600059
10314	150	0.60028
10315	310	0.600737
10316	429	0.601368
10317	114	0.601536
10318	74	0.601645
10319	52	0.601722
10320	158	0.601955
10321	108	0.602114
10322	137	0.602315
10323	89	0.602446
10324	153	0.602672
10325	145	0.602885
10326	80	0.603003
10327	167	0.603249
10328	140	0.603455
10329	113	0.603622
10330	197	0.603912
10331	314	0.604374
10332	129	0.604564
10333	202	0.604862
10334	386	0.60543
10335	505	0.606174
10336	310	0.60663
10337	401	0.607221
10338	179	0.607485
10339	215	0.607801
10340	79	0.607918
10341	142	0.608127
10342	136	0.608327
10343	140	0.608533
10344	286	0.608954
10345	172	0.609208
10346	143	0.609418
10347	79	0.609535
10348	255	0.60991
10349	137	0.610112
10350	131	0.610305
10351	141	0.610513
10352	122	0.610692
10353	178	0.610954
10354	101	0.611103
10355	150	0.611324
10356	187	0.611599
10357	324	0.612077
10358	95	0.612216
10359	167	0.612462
10360	93	0.612599
10361	146	0.612814
10362	218	0.613135
10363	265	0.613526
10364	127	0.613713
10365	220	0.614037
10366	178	0.614299
10367	89	0.61443
10368	223	0.614758
10369	288	0.615183
10370	428	0.615813
10371	202	0.61611
10372	273	0.616512
10373	211	0.616823
10374	219	0.617146
10375	183	0.617415
10376	177	0.617676
10377	232	0.618017
10378	165	0.61826
10379	152	0.618484
10380	156	0.618714
10381	193	0.618998
10382	148	0.619216
10383	109	0.619377
10384	168	0.619624
10385	165	0.619867
10386	154	0.620094
10387	140	0.6203
10388	417	0.620914
10389	222	0.621241
10390	197	0.621531
10391	123	0.621713
10392	208	0.622019
10393	202	0.622316
10394	150	0.622537
10395	318	0.623006
10396	297	0.623443
10397	182	0.623711
10398	97	0.623854
10399	173	0.624109
10400	126	0.624294
10401	181	0.624561
10402	254	0.624935
10403	252	0.625306
10404	211	0.625617
10405	130	0.625808
10406	173	0.626063
10407	157	0.626294
10408	74	0.626403
10409	87	0.626531
10410	121	0.626709
10411	83	0.626832
10412	81	0.626951
10413	171	0.627203
10414	204	0.627503
10415	116	0.627674
10416	158	0.627907
10417	48	0.627977
10418	103	0.628129
10419	60	0.628218
10420	144	0.62843
10421	95	0.628569
10422	59	0.628656
10423	206	0.62896
10424	167	0.629206
10425	180	0.629471
10426	89	0.629602
10427	140	0.629808
10428	99	0.629954
10429	280	0.630366
10430	185	0.630639
10431	97	0.630782
10432	246	0.631144
10433	216	0.631462
10434	225	0.631793
10435	252	0.632164
10436	191	0.632446
10437	141	0.632653
10438	226	0.632986
10439	115	0.633156
10440	648	0.63411
10441	242	0.634466
10442	180	0.634731
10443	313	0.635192
10444	236	0.63554
10445	181	0.635806
10446	151	0.636029
10447	205	0.636331
10448	38	0.636387
10449	180	0.636652
10450	318	0.63712
10451	307	0.637572
10452	190	0.637852
10453	350	0.638367
10454	185	0.63864
10455	387	0.63921
10456	222	0.639537
10457	76	0.639649
10458	210	0.639958
10459	130	0.640149
10460	267	0.640543
10461	408	0.641144
10462	88	0.641273
10463	144	0.641485
10464	110	0.641647
10465	139	0.641852
10466	210	0.642161
10467	274	0.642565
10468	195	0.642852
10469	130	0.643043
10470	126	0.643229
10471	101	0.643378
10472	443	0.64403
10473	151	0.644252
10474	122	0.644432
10475	104	0.644585
10476	178	0.644847
10477	141	0.645055
10478	176	0.645314
10479	189	0.645593
10480	293	0.646024
10481	115	0.646193
10482	86	0.64632
10483	109	0.646481
10484	71	0.646585
10485	171	0.646837
10486	58	0.646922
10487	217	0.647242
10488	83	0.647364
10489	66	0.647461
10490	59	0.647548
10491	42	0.64761
10492	95	0.64775
10493	65	0.647846
10494	53	0.647924
10495	40	0.647983
10496	75	0.648093
10497	129	0.648283
10498	36	0.648336
10499	94	0.648475
10500	102	0.648625
10501	53	0.648703
10502	125	0.648887
10503	73	0.648995
10504	74	0.649104
10505	31	0.649149
10506	196	0.649438
10507	123	0.649619
10508	87	0.649747
10509	183	0.650017
10510	82	0.650137
10511	56	0.65022
10512	57	0.650304
10513	82	0.650425
10514	330	0.650911
10515	53	0.650989
10516	78	0.651104
10517	52	0.65118
10518	28	0.651221
10519	44	0.651286
10520	76	0.651398
10521	77	0.651511
10522	88	0.651641
10523	24	0.651676
10524	141	0.651884
10525	90	0.652017
10526	61	0.652106
10527	168	0.652354
10528	48	0.652425
10529	100	0.652572
10530	113	0.652738
10531	150	0.652959
10532	178	0.653221
10533	153	0.653447
10534	185	0.653719
10535	232	0.654061
10536	247	0.654424
10537	108	0.654584
10538	124	0.654766
10539	96	0.654908
10540	148	0.655125
10541	270	0.655523
10542	170	0.655773
10543	118	0.655947
10544	266	0.656339
10545	128	0.656528
10546	206	0.656831
10547	48	0.656902
10548	173	0.657156
10549	97	0.657299
10550	61	0.657389
10551	207	0.657694
10552	193	0.657978
10553	187	0.658254
10554	208	0.65856
10555	95	0.6587
10556	65	0.658795
10557	61	0.658885
10558	66	0.658983
10559	76	0.659094
10560	123	0.659276
10561	192	0.659558
10562	102	0.659709
10563	95	0.659848
10564	120	0.660025
10565	183	0.660295
10566	128	0.660483
10567	163	0.660723
10568	202	0.661021
10569	164	0.661262
10570	64	0.661357
10571	38	0.661413
10572	46	0.66148
10573	105	0.661635
10574	150	0.661856
10575	132	0.66205
10576	79	0.662167
10577	55	0.662248
10578	244	0.662607
10579	104	0.66276
10580	85	0.662885
10581	154	0.663112
10582	113	0.663278
10583	63	0.663371
10584	141	0.663579
10585	205	0.663881
10586	80	0.663999
10587	60	0.664087
10588	26	0.664125
10589	27	0.664165
10590	89	0.664296
10591	39	0.664354
10592	42	0.664415
10593	63	0.664508
10594	105	0.664663
10595	47	0.664732
10596	109	0.664893
10597	97	0.665035
10598	161	0.665272
10599	260	0.665655
10600	169	0.665904
10601	88	0.666034
10602	125	0.666218
10603	228	0.666554
10604	263	0.666941
10605	160	0.667177
10606	197	0.667467
10607	60	0.667555
10608	162	0.667794
10609	66	0.667891
10610	46	0.667959
10611	45	0.668025
10612	98	0.668169
10613	73	0.668277
10614	88	0.668406
10615	42	0.668468
10616	139	0.668673
10617	83	0.668795
10618	103	0.668947
10619	154	0.669174
10620	110	0.669336
10621	131	0.669529
10622	153	0.669754
10623	29	0.669797
10624	117	0.669969
10625	150	0.67019
10626	163	0.67043
10627	29	0.670473
10628	158	0.670705
10629	474	0.671403
10630	87	0.671532
10631	63	0.671624
10632	52	0.671701
10633	22	0.671733
10634	43	0.671797
10635	40	0.671856
10636	64	0.67195
10637	52	0.672026
10638	28	0.672068
10639	33	0.672116
10640	109	0.672277
10641	34	0.672327
10642	83	0.672449
10643	97	0.672592
10644	45	0.672658
10645	88	0.672788
10646	87	0.672916
10647	72	0.673022
10648	57	0.673106
10649	88	0.673235
10650	67	0.673334
10651	56	0.673417
10652	181	0.673683
10653	54	0.673763
10654	61	0.673853
10655	41	0.673913
10656	27	0.673953
10657	186	0.674227
10658	145	0.67444
10659	76	0.674552
10660	38	0.674608
10661	60	0.674696
10662	118	0.67487
10663	19	0.674898
10664	74	0.675007
10665	22	0.67504
10666	29	0.675082
10667	49	0.675154
10668	46	0.675222
10669	13	0.675241
10670	25	0.675278
10671	25	0.675315
10672	29	0.675358
10673	66	0.675455
10674	84	0.675579
10675	46	0.675646
10676	19	0.675674
10677	52	0.675751
10678	39	0.675808
10679	86	0.675935
10680	99	0.676081
10681	198	0.676372
10682	68	0.676472
10683	20	0.676502
10684	28	0.676543
10685	36	0.676596
10686	30	0.67664
10687	74	0.676749
10688	56	0.676832
10689	92	0.676967
10690	44	0.677032
10691	46	0.6771
10692	47	0.677169
10693	58	0.677255
10694	29	0.677297
10695	31	0.677343
10696	15	0.677365
10697	33	0.677414
10698	14	0.677434
10699	4	0.67744
10700	27	0.67748
10701	8	0.677492
10702	32	0.677539
10703	30	0.677583
10704	119	0.677758
10705	189	0.678037
10706	39	0.678094
10707	45	0.67816
10708	92	0.678296
10709	18	0.678322
10710	66	0.678419
10711	54	0.678499
10712	38	0.678555
10713	49	0.678627
10714	424	0.679252
10715	9	0.679265
10716	85	0.67939
10717	107	0.679548
10718	29	0.67959
10719	18	0.679617
10720	60	0.679705
10721	46	0.679773
10722	19	0.679801
10723	37	0.679855
10724	72	0.679961
10725	54	0.680041
10726	57	0.680125
10727	43	0.680188
10728	97	0.680331
10729	186	0.680605
10730	63	0.680698
10731	107	0.680855
10732	57	0.680939
10733	303	0.681385
10734	83	0.681508
10735	193	0.681792
10736	69	0.681894
10737	179	0.682157
10738	53	0.682235
10739	69	0.682337
10740	57	0.682421
10741	158	0.682653
10742	54	0.682733
10743	20	0.682762
10744	28	0.682804
10745	44	0.682868
10746	23	0.682902
10747	35	0.682954
10748	74	0.683063
10749	30	0.683107
10750	80	0.683225
10751	157	0.683456
10752	29	0.683499
10753	34	0.683549
10754	50	0.683623
10755	119	0.683798
10756	126	0.683983
10757	172	0.684237
10758	108	0.684396
10759	104	0.684549
10760	64	0.684643
10761	222	0.68497
10762	78	0.685085
10763	22	0.685117
10764	65	0.685213
10765	20	0.685243
10766	123	0.685424
10767	75	0.685534
10768	99	0.68568
10769	156	0.68591
10770	130	0.686101
10771	62	0.686192
10772	120	0.686369
10773	168	0.686617
10774	111	0.68678
10775	96	0.686921
10776	19	0.686949
10777	103	0.687101
10778	82	0.687222
10779	72	0.687328
10780	50	0.687402
10781	68	0.687502
10782	20	0.687531
10783	35	0.687583
10784	63	0.687675
10785	84	0.687799
10786	104	0.687952
10787	32	0.687999
10788	64	0.688094
10789	115	0.688263
10790	92	0.688399
10791	46	0.688466
10792	144	0.688678
10793	132	0.688873
10794	84	0.688996
10795	94	0.689135
10796	42	0.689197
10797	83	0.689319
10798	106	0.689475
10799	31	0.689521
10800	69	0.689622
10801	61	0.689712
10802	39	0.68977
10803	19	0.689798
10804	108	0.689957
10805	17	0.689982
10806	39	0.690039
10807	71	0.690144
10808	23	0.690178
10809	41	0.690238
10810	51	0.690313
10811	54	0.690393
10812	45	0.690459
10813	128	0.690647
10814	8	0.690659
10815	10	0.690674
10816	61	0.690764
10817	49	0.690836
10818	49	0.690908
10819	46	0.690976
10820	285	0.691396
10821	21	0.691426
10822	20	0.691456
10823	6	0.691465
10824	23	0.691499
10825	38	0.691555
10826	22	0.691587
10827	36	0.69164
10828	28	0.691681
10829	27	0.691721
10830	55	0.691802
10831	30	0.691846
10832	26	0.691884
10833	64	0.691979
10834	8	0.69199
10835	24	0.692026
10836	25	0.692063
10837	10	0.692077
10838	17	0.692102
10839	20	0.692132
10840	14	0.692152
10841	55	0.692233
10842	45	0.6923
10843	30	0.692344
10844	70	0.692447
10845	107	0.692605
10846	133	0.6928
10847	4	0.692806
10848	19	0.692834
10849	48	0.692905
10850	17	0.69293
10851	26	0.692968
10852	44	0.693033
10853	9	0.693046
10854	19	0.693074
10855	14	0.693095
10856	10	0.69311
10857	32	0.693157
10858	11	0.693173
10859	40	0.693232
10860	1	0.693233
10861	51	0.693309
10862	8	0.69332
10863	22	0.693353
10864	91	0.693487
10865	131	0.69368
10866	13	0.693699
10867	119	0.693874
10868	5	0.693881
10869	11	0.693898
10870	4	0.693904
10871	73	0.694011
10872	1	0.694013
10873	17	0.694038
10874	36	0.694091
10875	10	0.694105
10876	63	0.694198
10877	127	0.694385
10878	58	0.694471
10879	9	0.694484
10880	72	0.69459
10881	20	0.694619
10882	9	0.694633
10883	17	0.694658
10884	5	0.694665
10885	25	0.694702
10886	11	0.694718
10887	25	0.694755
10888	3	0.694759
10889	3	0.694764
10890	46	0.694831
10891	93	0.694968
10892	3	0.694973
10893	9	0.694986
10894	5	0.694993
10895	18	0.69502
10896	19	0.695048
10897	6	0.695057
10898	36	0.69511
10899	49	0.695182
10900	3	0.695186
10901	5	0.695194
10902	33	0.695242
10903	7	0.695253
10904	13	0.695272
10905	12	0.695289
10906	3	0.695294
10907	14	0.695314
10908	12	0.695332
10909	4	0.695338
10910	17	0.695363
10911	4	0.695369
10912	31	0.695415
10913	13	0.695434
10914	21	0.695465
10915	56	0.695547
10916	7	0.695557
10917	20	0.695587
10918	24	0.695622
10919	13	0.695641
10920	22	0.695674
10921	37	0.695728
10922	83	0.69585
10923	2	0.695853
10924	33	0.695902
10925	8	0.695914
10926	18	0.69594
10927	9	0.695954
10928	11	0.69597
10929	16	0.695993
10930	20	0.696023
10931	11	0.696039
10933	32	0.696086
10934	37	0.696141
10935	44	0.696205
10936	5	0.696213
10937	6	0.696222
10938	37	0.696276
10939	76	0.696388
10940	17	0.696413
10941	3	0.696417
10942	25	0.696454
10943	34	0.696504
10944	8	0.696516
10945	11	0.696532
10946	29	0.696575
10947	6	0.696584
10948	16	0.696607
10949	53	0.696686
10950	69	0.696787
10951	34	0.696837
10952	10	0.696852
10953	5	0.696859
10954	6	0.696868
10955	9	0.696881
10956	10	0.696896
10957	27	0.696936
10958	21	0.696967
10959	15	0.696989
10960	28	0.69703
10961	25	0.697067
10962	19	0.697095
10963	17	0.69712
10964	65	0.697216
10965	38	0.697272
10966	11	0.697288
10967	71	0.697392
10968	19	0.69742
10969	14	0.697441
10970	15	0.697463
10971	74	0.697572
10972	28	0.697613
10973	18	0.69764
10974	51	0.697715
10975	106	0.697871
10976	34	0.697921
10977	15	0.697943
10978	55	0.698024
10979	29	0.698067
10980	19	0.698095
10981	10	0.69811
10982	12	0.698127
10983	107	0.698285
10984	160	0.698521
10985	77	0.698634
10986	153	0.698859
10987	73	0.698967
10988	59	0.699054
10989	151	0.699276
10990	79	0.699392
10991	31	0.699438
10992	4	0.699444
10993	85	0.699569
10994	58	0.699655
10995	89	0.699786
10996	51	0.699861
10997	178	0.700123
10998	122	0.700302
10999	417	0.700917
11000	430	0.70155
11001	27	0.70159
11002	7	0.7016
11003	32	0.701647
11004	58	0.701733
11005	98	0.701877
11006	28	0.701918
11007	29	0.701961
11008	60	0.702049
11009	44	0.702114
11010	43	0.702177
11011	126	0.702363
11012	74	0.702472
11013	23	0.702506
11014	63	0.702598
11015	47	0.702668
11016	65	0.702763
11017	24	0.702799
11018	17	0.702824
11019	50	0.702897
11020	40	0.702956
11021	48	0.703027
11022	13	0.703046
11023	23	0.70308
11024	54	0.70316
11025	137	0.703361
11026	73	0.703469
11027	133	0.703665
11028	88	0.703794
11029	76	0.703906
11030	48	0.703977
11031	207	0.704282
11032	46	0.70435
11033	14	0.70437
11034	67	0.704469
11035	34	0.704519
11036	40	0.704578
11037	24	0.704613
11038	123	0.704794
11039	23	0.704828
11040	63	0.704921
11041	94	0.705059
11042	102	0.70521
11043	19	0.705238
11044	67	0.705336
11045	103	0.705488
11046	65	0.705584
11047	100	0.705731
11048	80	0.705849
11049	39	0.705906
11050	47	0.705975
11051	30	0.70602
11052	104	0.706173
11053	58	0.706258
11054	5	0.706266
11055	18	0.706292
11056	18	0.706319
11057	20	0.706348
11058	38	0.706404
11059	123	0.706585
11060	78	0.7067
11061	33	0.706749
11062	104	0.706902
11063	162	0.70714
11064	50	0.707214
11065	158	0.707447
11066	102	0.707597
11067	136	0.707797
11068	23	0.707831
11069	74	0.70794
11070	65	0.708036
11071	20	0.708065
11072	64	0.708159
11073	28	0.708201
11074	30	0.708245
11075	53	0.708323
11076	107	0.70848
11077	59	0.708567
11078	61	0.708657
11079	35	0.708709
11080	35	0.70876
11081	55	0.708841
11082	29	0.708884
11083	39	0.708941
11084	32	0.708989
11085	7	0.708999
11086	18	0.709025
11087	13	0.709045
11088	36	0.709098
11089	192	0.70938
11090	53	0.709458
11091	14	0.709479
11092	42	0.709541
11093	29	0.709584
11094	64	0.709678
11095	54	0.709757
11096	25	0.709794
11097	36	0.709847
11098	22	0.70988
11099	11	0.709896
11100	9	0.709909
11101	5	0.709916
11102	16	0.70994
11103	21	0.709971
11104	22	0.710003
11105	32	0.71005
11106	10	0.710065
11107	11	0.710081
11108	14	0.710102
11109	4	0.710108
11110	31	0.710153
11111	4	0.710159
11112	3	0.710164
11113	2	0.710167
11114	6	0.710176
11115	24	0.710211
11116	37	0.710265
11117	84	0.710389
11118	14	0.71041
11119	47	0.710479
11120	103	0.710631
11121	92	0.710766
11122	280	0.711178
11123	213	0.711492
11124	95	0.711632
11125	107	0.71179
11126	103	0.711941
11127	299	0.712382
11128	42	0.712444
11129	16	0.712467
11130	45	0.712533
11131	60	0.712622
11132	77	0.712735
11133	19	0.712763
11134	22	0.712796
11135	118	0.712969
11136	89	0.7131
11137	27	0.71314
11138	15	0.713162
11139	10	0.713177
11140	3	0.713181
11141	47	0.713251
11142	3	0.713255
11143	16	0.713279
11144	20	0.713308
11145	35	0.71336
11146	122	0.713539
11147	90	0.713672
11148	6	0.713681
11149	29	0.713723
11150	139	0.713928
11151	45	0.713994
11152	50	0.714068
11153	66	0.714165
11154	96	0.714307
11155	198	0.714598
11156	71	0.714703
11157	125	0.714887
11158	61	0.714977
11159	96	0.715118
11160	98	0.715262
11161	29	0.715305
11162	36	0.715358
11163	5	0.715365
11164	31	0.715411
11165	52	0.715488
11166	38	0.715544
11167	75	0.715654
11168	19	0.715682
11169	80	0.7158
11170	110	0.715962
11171	36	0.716015
11172	23	0.716049
11173	90	0.716181
11174	20	0.716211
11175	17	0.716236
11176	39	0.716293
11177	33	0.716342
11178	26	0.71638
11179	55	0.716461
11180	89	0.716592
11181	61	0.716682
11182	36	0.716735
11183	23	0.716769
11184	12	0.716787
11185	36	0.71684
11186	23	0.716873
11187	17	0.716899
11188	48	0.716969
11189	18	0.716996
11190	58	0.717081
11191	62	0.717172
11192	57	0.717256
11193	149	0.717476
11194	24	0.717511
11195	57	0.717595
11196	24	0.71763
11197	9	0.717644
11198	80	0.717762
11199	33	0.71781
11200	99	0.717956
11201	16	0.717979
11202	20	0.718009
11203	56	0.718091
11204	67	0.71819
11205	52	0.718267
11206	30	0.718311
11207	6	0.71832
11208	60	0.718408
11209	37	0.718463
11210	18	0.718489
11211	14	0.71851
11212	37	0.718564
11213	161	0.718801
11214	58	0.718887
11215	46	0.718954
11216	25	0.718991
11217	42	0.719053
11218	50	0.719127
11219	80	0.719245
11220	97	0.719387
11221	84	0.719511
11222	71	0.719616
11223	124	0.719798
11224	55	0.719879
11225	39	0.719937
11226	25	0.719974
11227	37	0.720028
11228	74	0.720137
11229	94	0.720275
11230	44	0.72034
11231	88	0.72047
11232	103	0.720622
11233	26	0.72066
11234	99	0.720806
11235	61	0.720895
11236	110	0.721057
11237	51	0.721133
11238	71	0.721237
11239	110	0.721399
11240	56	0.721482
11241	72	0.721588
11242	134	0.721785
11243	97	0.721928
11244	50	0.722001
11245	49	0.722074
11246	46	0.722141
11247	84	0.722265
11248	94	0.722404
11249	55	0.722485
11250	28	0.722526
11251	108	0.722685
11252	141	0.722892
11253	40	0.722951
11254	47	0.723021
11255	50	0.723094
11256	100	0.723242
11257	192	0.723524
11258	61	0.723614
11259	77	0.723728
11260	16	0.723751
11261	29	0.723794
11262	91	0.723928
11263	67	0.724026
11264	123	0.724208
11265	53	0.724286
11266	18	0.724312
11267	85	0.724437
11268	41	0.724498
11269	58	0.724583
11270	50	0.724657
11271	19	0.724685
11272	59	0.724772
11273	112	0.724937
11274	85	0.725062
11275	53	0.72514
11276	122	0.72532
11277	47	0.725389
11278	55	0.72547
11279	99	0.725616
11280	26	0.725654
11281	40	0.725713
11282	41	0.725773
11283	94	0.725912
11284	83	0.726034
11285	233	0.726377
11286	67	0.726476
11287	85	0.726601
11288	48	0.726671
11289	92	0.726807
11290	153	0.727032
11291	75	0.727143
11292	54	0.727222
11293	114	0.72739
11294	67	0.727489
11295	116	0.72766
11296	48	0.72773
11297	34	0.72778
11298	127	0.727967
11299	109	0.728128
11300	74	0.728237
11301	81	0.728356
11302	97	0.728499
11303	74	0.728608
11304	31	0.728654
11305	85	0.728779
11306	110	0.728941
11307	94	0.729079
11308	79	0.729196
11309	34	0.729246
11310	67	0.729344
11311	158	0.729577
11312	120	0.729754
11313	30	0.729798
11314	135	0.729997
11315	85	0.730122
11316	100	0.730269
11317	82	0.73039
11318	16	0.730414
11319	48	0.730484
11320	101	0.730633
11321	104	0.730786
11322	130	0.730978
11323	67	0.731076
11324	125	0.73126
11325	46	0.731328
11326	64	0.731422
11327	65	0.731518
11328	76	0.73163
11329	36	0.731683
11330	40	0.731742
11331	77	0.731855
11332	113	0.732022
11333	50	0.732095
11334	89	0.732227
11335	34	0.732277
11336	33	0.732325
11337	19	0.732353
11338	59	0.73244
11339	20	0.73247
11340	60	0.732558
11341	88	0.732687
11342	94	0.732826
11343	53	0.732904
11344	39	0.732961
11345	70	0.733065
11346	20	0.733094
11347	11	0.73311
11348	16	0.733134
11349	29	0.733176
11350	18	0.733203
11351	12	0.733221
11352	31	0.733266
11353	14	0.733287
11354	12	0.733305
11355	43	0.733368
11356	35	0.733419
11357	39	0.733477
11358	132	0.733671
11359	132	0.733866
11360	142	0.734075
11361	38	0.734131
11362	66	0.734228
11363	84	0.734352
11364	131	0.734545
11365	48	0.734615
11366	90	0.734748
11367	19	0.734776
11368	101	0.734925
11369	73	0.735032
11370	50	0.735106
11371	40	0.735165
11372	7	0.735175
11373	67	0.735274
11374	37	0.735328
11375	128	0.735517
11376	35	0.735568
11377	17	0.735593
11378	71	0.735698
11379	63	0.735791
11380	127	0.735978
11381	112	0.736142
11382	18	0.736169
11383	26	0.736207
11384	21	0.736238
11385	22	0.736271
11386	49	0.736343
11387	25	0.73638
11388	11	0.736396
11389	15	0.736418
11390	13	0.736437
11391	58	0.736522
11392	17	0.736547
11393	24	0.736583
11394	31	0.736628
11395	14	0.736649
11396	9	0.736662
11397	21	0.736693
11398	21	0.736724
11399	29	0.736767
11400	5	0.736774
11401	5	0.736782
11402	2	0.736785
11403	58	0.73687
11404	3	0.736874
11405	27	0.736914
11406	1	0.736916
11407	11	0.736932
11408	1	0.736933
11409	4	0.736939
11410	3	0.736944
11411	6	0.736952
11412	14	0.736973
11413	10	0.736988
11414	35	0.737039
11415	25	0.737076
11416	3	0.737081
11417	8	0.737092
11418	2	0.737095
11419	6	0.737104
11420	1	0.737106
11421	7	0.737116
11422	6	0.737125
11423	5	0.737132
11424	1	0.737134
11425	3	0.737138
11426	1	0.73714
11428	4	0.737145
11429	3	0.73715
11430	5	0.737157
11431	13	0.737176
11432	16	0.7372
11433	10	0.737215
11434	13	0.737234
11435	30	0.737278
11436	49	0.73735
11437	10	0.737365
11438	2	0.737368
11439	15	0.73739
11440	1	0.737391
11441	3	0.737396
11442	5	0.737403
11443	14	0.737424
11444	3	0.737428
11445	9	0.737441
11446	16	0.737465
11447	12	0.737483
11448	7	0.737493
11449	19	0.737521
11450	15	0.737543
11451	9	0.737556
11452	9	0.73757
11453	4	0.737575
11455	6	0.737584
11456	1	0.737586
11457	20	0.737615
11458	2	0.737618
11460	7	0.737628
11461	1	0.73763
11462	1	0.737631
11463	1	0.737633
11464	1	0.737634
11465	2	0.737637
11466	5	0.737645
11467	1	0.737646
11468	1	0.737648
11469	2	0.737651
11470	7	0.737661
11471	4	0.737667
11472	36	0.73772
11473	3	0.737724
11474	15	0.737746
11475	8	0.737758
11476	61	0.737848
11477	1	0.737849
11478	19	0.737877
11479	1	0.737879
11480	5	0.737886
11481	4	0.737892
11482	1	0.737894
11483	13	0.737913
11484	2	0.737916
11485	56	0.737998
11487	3	0.738003
11488	1	0.738004
11489	11	0.73802
11490	5	0.738028
11491	19	0.738056
11492	6	0.738064
11495	3	0.738069
11496	2	0.738072
11497	13	0.738091
11498	6	0.7381
11499	1	0.738101
11500	11	0.738117
11501	4	0.738123
11502	3	0.738128
11503	1	0.738129
11504	3	0.738134
11505	4	0.738139
11506	4	0.738145
11507	10	0.73816
11508	10	0.738175
11509	17	0.7382
11510	8	0.738212
11511	3	0.738216
11512	1	0.738218
11513	12	0.738235
11514	21	0.738266
11515	3	0.738271
11516	17	0.738296
11517	8	0.738307
11518	5	0.738315
11519	4	0.738321
11520	1	0.738322
11522	11	0.738338
11523	7	0.738349
11524	29	0.738391
11525	18	0.738418
11526	21	0.738449
11527	29	0.738491
11528	6	0.7385
11529	1	0.738502
11530	5	0.738509
11532	46	0.738577
11533	15	0.738599
11534	6	0.738608
11535	19	0.738636
11536	19	0.738664
11537	10	0.738679
11538	32	0.738726
11539	11	0.738742
11540	6	0.738751
11541	3	0.738755
11542	22	0.738787
11543	8	0.738799
11544	11	0.738815
11545	30	0.73886
11546	15	0.738882
11547	30	0.738926
11548	37	0.73898
11549	11	0.738997
11550	39	0.739054
11551	29	0.739097
11552	34	0.739147
11553	16	0.73917
11555	16	0.739194
11556	1	0.739195
11557	5	0.739203
11558	32	0.73925
11559	17	0.739275
11560	5	0.739282
11561	1	0.739284
11562	4	0.73929
11564	3	0.739294
11565	2	0.739297
11566	4	0.739303
11567	19	0.739331
11568	5	0.739338
11569	10	0.739353
11570	14	0.739374
11571	29	0.739416
11572	23	0.73945
11573	9	0.739463
11574	3	0.739468
11575	22	0.7395
11576	29	0.739543
11577	10	0.739558
11578	7	0.739568
11579	7	0.739578
11580	12	0.739596
11581	12	0.739614
11582	21	0.739645
11583	19	0.739673
11584	13	0.739692
11585	18	0.739718
11586	8	0.73973
11587	15	0.739752
11588	3	0.739757
11589	4	0.739762
11590	1	0.739764
11591	20	0.739793
11592	15	0.739815
11593	21	0.739846
11594	9	0.73986
11595	21	0.739891
11596	14	0.739911
11597	4	0.739917
11598	16	0.739941
11599	21	0.739972
11600	6	0.73998
11601	4	0.739986
11602	37	0.740041
11603	15	0.740063
11604	20	0.740092
11605	14	0.740113
11606	23	0.740147
11607	39	0.740204
11608	33	0.740253
11609	5	0.74026
11610	15	0.740282
11611	8	0.740294
11612	58	0.740379
11613	53	0.740458
11614	3	0.740462
11615	3	0.740466
11616	5	0.740474
11617	21	0.740505
11618	10	0.740519
11619	44	0.740584
11620	40	0.740643
11621	21	0.740674
11622	6	0.740683
11623	14	0.740703
11624	86	0.74083
11625	42	0.740892
11626	45	0.740958
11627	3	0.740963
11628	13	0.740982
11629	9	0.740995
11630	25	0.741032
11631	36	0.741085
11632	46	0.741153
11633	10	0.741167
11634	35	0.741219
11635	21	0.74125
11636	6	0.741259
11637	14	0.741279
11638	11	0.741296
11639	36	0.741349
11640	70	0.741452
11641	86	0.741578
11642	19	0.741606
11643	16	0.74163
11644	11	0.741646
11645	2	0.741649
11646	1	0.74165
11647	3	0.741655
11648	3	0.741659
11649	8	0.741671
11650	5	0.741678
11651	2	0.741681
11652	20	0.741711
11653	4	0.741717
11654	11	0.741733
11655	13	0.741752
11656	10	0.741767
11657	14	0.741787
11658	23	0.741821
11659	15	0.741843
11660	4	0.741849
11661	8	0.741861
11662	12	0.741879
11663	17	0.741904
11664	15	0.741926
11665	28	0.741967
11666	5	0.741974
11667	19	0.742002
11668	86	0.742129
11669	41	0.742189
11670	45	0.742256
11671	12	0.742273
11672	46	0.742341
11673	32	0.742388
11674	10	0.742403
11675	58	0.742488
11676	65	0.742584
11677	36	0.742637
11678	28	0.742678
11679	7	0.742689
11680	16	0.742712
11681	29	0.742755
11682	19	0.742783
11683	21	0.742814
11684	29	0.742857
11685	21	0.742888
11686	10	0.742902
11687	2	0.742905
11688	2	0.742908
11689	5	0.742916
11690	18	0.742942
11691	7	0.742952
11692	11	0.742969
11693	6	0.742977
11694	5	0.742985
11695	11	0.743001
11696	12	0.743019
11697	13	0.743038
11698	4	0.743044
11699	6	0.743052
11700	3	0.743057
11701	4	0.743063
11702	12	0.74308
11703	3	0.743085
11704	3	0.743089
11705	8	0.743101
11706	7	0.743111
11707	4	0.743117
11708	5	0.743125
11709	3	0.743129
11710	4	0.743135
11711	11	0.743151
11712	21	0.743182
11713	15	0.743204
11714	16	0.743228
11715	4	0.743234
11716	4	0.74324
11717	3	0.743244
11718	16	0.743267
11719	8	0.743279
11720	3	0.743284
11721	25	0.743321
11722	4	0.743326
11723	9	0.74334
11724	2	0.743343
11725	20	0.743372
11726	3	0.743376
11727	11	0.743393
11728	5	0.7434
11729	2	0.743403
11730	8	0.743415
11731	3	0.743419
11732	2	0.743422
11733	11	0.743438
11734	18	0.743465
11735	2	0.743468
11736	1	0.743469
11737	3	0.743474
11738	17	0.743499
11739	35	0.74355
11740	22	0.743583
11741	20	0.743612
11742	10	0.743627
11743	8	0.743639
11744	1	0.74364
11745	15	0.743662
11746	7	0.743672
11747	30	0.743717
11748	6	0.743725
11749	17	0.743751
11750	7	0.743761
11751	13	0.74378
11752	15	0.743802
11753	4	0.743808
11754	3	0.743812
11755	13	0.743832
11756	1	0.743833
11757	1	0.743834
11758	1	0.743836
11759	1	0.743837
11760	2	0.74384
11761	4	0.743846
11762	11	0.743862
11763	19	0.74389
11764	42	0.743952
11765	9	0.743966
11766	8	0.743977
11767	7	0.743988
11768	4	0.743994
11769	38	0.744049
11770	12	0.744067
11771	27	0.744107
11772	98	0.744251
11773	16	0.744275
11774	20	0.744304
11775	34	0.744354
11776	6	0.744363
11777	6	0.744372
11778	3	0.744376
11779	3	0.744381
11780	21	0.744412
11781	2	0.744415
11782	9	0.744428
11783	5	0.744435
11784	21	0.744466
11785	6	0.744475
11786	16	0.744499
11787	19	0.744527
11788	12	0.744544
11789	1	0.744546
11790	1	0.744547
11791	1	0.744549
11792	5	0.744556
11793	2	0.744559
11794	1	0.744561
11795	3	0.744565
11796	5	0.744572
11797	3	0.744577
11798	10	0.744591
11799	4	0.744597
11800	32	0.744644
11801	6	0.744653
11802	4	0.744659
11803	9	0.744672
11804	3	0.744677
11805	2	0.74468
11806	10	0.744695
11807	5	0.744702
11808	21	0.744733
11809	23	0.744767
11810	34	0.744817
11811	32	0.744864
11812	10	0.744879
11813	20	0.744908
11814	10	0.744923
11815	21	0.744954
11816	21	0.744985
11817	5	0.744992
11818	15	0.745014
11819	2	0.745017
11820	8	0.745029
11821	25	0.745066
11822	71	0.74517
11823	24	0.745206
11824	42	0.745267
11825	17	0.745292
11826	30	0.745337
11827	74	0.745446
11828	30	0.74549
11829	7	0.7455
11830	13	0.745519
11831	45	0.745586
11832	4	0.745591
11833	15	0.745614
11834	73	0.745721
11835	16	0.745745
11836	38	0.745801
11837	26	0.745839
11838	36	0.745892
11839	12	0.74591
11840	20	0.745939
11841	7	0.745949
11842	20	0.745979
11843	15	0.746001
11844	122	0.746181
11845	45	0.746247
11846	59	0.746334
11847	11	0.74635
11848	21	0.746381
11849	25	0.746418
11850	58	0.746503
11851	15	0.746525
11852	18	0.746552
11853	28	0.746593
11854	10	0.746608
11855	5	0.746615
11856	17	0.74664
11857	48	0.746711
11858	48	0.746781
11859	11	0.746798
11860	11	0.746814
11861	9	0.746827
11862	4	0.746833
11863	3	0.746837
11864	7	0.746848
11865	29	0.74689
11866	9	0.746904
11867	7	0.746914
11868	40	0.746973
11869	31	0.747018
11870	9	0.747032
11871	7	0.747042
11872	5	0.747049
11873	6	0.747058
11874	1	0.74706
11875	4	0.747066
11876	4	0.747072
11877	4	0.747077
11878	8	0.747089
11879	6	0.747098
11880	6	0.747107
11881	13	0.747126
11882	4	0.747132
11883	5	0.747139
11884	3	0.747144
11885	10	0.747158
11886	14	0.747179
11887	3	0.747183
11888	1	0.747185
11889	11	0.747201
11890	12	0.747219
11891	7	0.747229
11892	3	0.747234
11893	8	0.747245
11894	7	0.747256
11895	10	0.74727
11896	14	0.747291
11897	25	0.747328
11898	20	0.747357
11899	32	0.747404
11900	71	0.747509
11901	83	0.747631
11902	166	0.747876
11903	64	0.74797
11904	38	0.748026
11905	57	0.74811
11906	152	0.748334
11907	42	0.748395
11908	16	0.748419
11909	5	0.748426
11910	51	0.748502
11911	225	0.748833
11912	19	0.748861
11913	86	0.748988
11914	33	0.749036
11915	80	0.749154
11916	43	0.749217
11917	43	0.749281
11918	35	0.749332
11919	34	0.749382
11920	42	0.749444
11921	32	0.749491
11922	55	0.749572
11923	30	0.749616
11924	224	0.749946
11925	23	0.74998
11926	30	0.750024
11927	24	0.75006
11928	23	0.750094
11929	143	0.750304
11930	15	0.750326
11931	39	0.750384
11932	22	0.750416
11933	10	0.750431
11934	28	0.750472
11935	4	0.750478
11936	16	0.750501
11937	63	0.750594
11938	36	0.750647
11939	47	0.750716
11940	4	0.750722
11941	17	0.750747
11942	27	0.750787
11943	64	0.750881
11944	287	0.751304
11945	15	0.751326
11946	148	0.751544
11947	54	0.751624
11948	17	0.751649
11949	16	0.751672
11950	14	0.751693
11951	59	0.75178
11952	140	0.751986
11953	110	0.752148
11954	91	0.752282
11955	44	0.752347
11956	52	0.752423
11957	33	0.752472
11958	165	0.752715
11959	123	0.752896
11960	17	0.752921
11961	24	0.752956
11962	44	0.753021
11963	34	0.753071
11964	46	0.753139
11965	110	0.753301
11966	29	0.753344
11967	56	0.753426
11968	80	0.753544
11969	48	0.753615
11970	11	0.753631
11971	77	0.753744
11972	55	0.753825
11973	21	0.753856
11974	69	0.753958
11975	34	0.754008
11976	27	0.754048
11977	2	0.754051
11978	29	0.754093
11979	17	0.754118
11980	34	0.754169
11981	61	0.754258
11982	33	0.754307
11983	45	0.754373
11984	28	0.754414
11985	14	0.754435
11986	30	0.754479
11987	9	0.754493
11988	4	0.754498
11989	10	0.754513
11990	22	0.754546
11991	31	0.754591
11992	16	0.754615
11993	13	0.754634
11994	24	0.754669
11995	14	0.75469
11996	14	0.75471
11997	13	0.75473
11998	2	0.754733
11999	25	0.754769
12000	14	0.75479
12001	7	0.7548
12002	5	0.754808
12003	6	0.754817
12004	7	0.754827
12005	24	0.754862
12006	25	0.754899
12007	25	0.754936
12008	9	0.754949
12009	53	0.755027
12010	8	0.755039
12011	18	0.755065
12012	12	0.755083
12013	11	0.755099
12014	16	0.755123
12015	15	0.755145
12016	49	0.755217
12017	10	0.755232
12018	1	0.755233
12019	4	0.755239
12020	3	0.755244
12021	4	0.755249
12022	1	0.755251
12023	1	0.755252
12024	40	0.755311
12025	61	0.755401
12026	55	0.755482
12027	7	0.755492
12028	4	0.755498
12029	4	0.755504
12030	11	0.75552
12031	4	0.755526
12032	17	0.755551
12033	33	0.7556
12034	1	0.755601
12035	1	0.755603
12036	3	0.755607
12037	1	0.755609
12038	18	0.755635
12039	34	0.755685
12040	10	0.7557
12041	27	0.75574
12042	25	0.755777
12043	10	0.755791
12044	7	0.755802
12045	10	0.755816
12046	34	0.755867
12047	21	0.755897
12048	9	0.755911
12049	37	0.755965
12050	2	0.755968
12051	2	0.755971
12052	7	0.755981
12053	1	0.755983
12054	6	0.755992
12055	13	0.756011
12056	13	0.75603
12057	7	0.75604
12059	1	0.756042
12060	55	0.756123
12061	62	0.756214
12062	18	0.756241
12063	1	0.756242
12064	6	0.756251
12065	1	0.756252
12066	6	0.756261
12068	17	0.756286
12069	45	0.756353
12070	17	0.756378
12071	18	0.756404
12073	5	0.756411
12074	5	0.756419
12075	2	0.756422
12076	2	0.756425
12077	3	0.756429
12078	9	0.756442
12079	21	0.756473
12080	2	0.756476
12081	13	0.756495
12082	36	0.756548
12083	10	0.756563
12084	17	0.756588
12085	2	0.756591
12086	2	0.756594
12087	12	0.756612
12088	18	0.756638
12089	33	0.756687
12090	11	0.756703
12091	25	0.75674
12092	2	0.756743
12093	2	0.756746
12094	4	0.756752
12095	4	0.756758
12096	5	0.756765
12097	5	0.756772
12098	2	0.756775
12100	4	0.756781
12101	9	0.756794
12102	6	0.756803
12103	1	0.756805
12104	16	0.756828
12105	3	0.756833
12107	1	0.756834
12108	6	0.756843
12109	3	0.756847
12110	3	0.756852
12111	8	0.756864
12112	4	0.756869
12113	4	0.756875
12114	13	0.756895
12115	16	0.756918
12116	12	0.756936
12117	3	0.75694
12118	2	0.756943
12119	18	0.75697
12120	6	0.756978
12121	3	0.756983
12122	6	0.756992
12123	13	0.757011
12124	7	0.757021
12125	3	0.757026
12126	2	0.757029
12127	15	0.757051
12128	9	0.757064
12129	58	0.757149
12130	10	0.757164
12131	13	0.757183
12132	84	0.757307
12133	16	0.75733
12134	1	0.757332
12135	1	0.757333
12136	2	0.757336
12137	13	0.757355
12138	8	0.757367
12139	20	0.757397
12140	10	0.757411
12141	17	0.757436
12142	109	0.757597
12143	5	0.757604
12144	25	0.757641
12145	55	0.757722
12146	153	0.757948
12147	149	0.758167
12148	118	0.758341
12149	39	0.758398
12150	12	0.758416
12151	1	0.758417
12152	11	0.758434
12153	10	0.758448
12154	10	0.758463
12155	8	0.758475
12156	2	0.758478
12157	8	0.758489
12158	14	0.75851
12159	18	0.758537
12160	24	0.758572
12161	12	0.75859
12162	169	0.758838
12163	49	0.758911
12164	11	0.758927
12165	102	0.759077
12166	13	0.759096
12167	11	0.759112
12168	19	0.75914
12169	12	0.759158
12170	15	0.75918
12171	29	0.759223
12172	99	0.759369
12173	51	0.759444
12174	63	0.759537
12175	120	0.759713
12176	50	0.759787
12177	9	0.7598
12178	42	0.759862
12179	22	0.759894
12180	37	0.759949
12181	21	0.75998
12182	21	0.760011
12183	20	0.76004
12184	13	0.760059
12185	16	0.760083
12186	74	0.760192
12187	31	0.760238
12188	13	0.760257
12189	16	0.76028
12190	12	0.760298
12191	56	0.76038
12192	57	0.760464
12193	18	0.760491
12194	22	0.760523
12195	23	0.760557
12196	48	0.760628
12197	17	0.760653
12198	26	0.760691
12199	19	0.760719
12200	33	0.760768
12201	27	0.760808
12202	37	0.760862
12203	30	0.760906
12204	73	0.761014
12205	64	0.761108
12206	44	0.761173
12207	10	0.761187
12208	37	0.761242
12209	101	0.761391
12210	97	0.761534
12211	93	0.761671
12212	45	0.761737
12213	93	0.761874
12214	177	0.762134
12215	73	0.762242
12216	10	0.762257
12217	39	0.762314
12218	45	0.76238
12219	38	0.762436
12220	68	0.762536
12221	147	0.762753
12222	85	0.762878
12223	38	0.762934
12224	38	0.76299
12225	11	0.763006
12226	33	0.763055
12227	14	0.763076
12228	9	0.763089
12229	26	0.763127
12230	117	0.763299
12231	5	0.763307
12232	6	0.763316
12233	13	0.763335
12234	41	0.763395
12235	40	0.763454
12236	27	0.763494
12237	14	0.763514
12238	55	0.763595
12239	31	0.763641
12240	32	0.763688
12241	61	0.763778
12242	65	0.763874
12243	114	0.764042
12244	45	0.764108
12245	49	0.76418
12246	133	0.764376
12247	57	0.76446
12248	73	0.764567
12249	57	0.764651
12250	40	0.76471
12251	47	0.764779
12252	16	0.764803
12253	28	0.764844
12254	67	0.764943
12255	53	0.765021
12256	42	0.765083
12257	29	0.765126
12258	30	0.76517
12259	40	0.765229
12260	28	0.76527
12261	28	0.765311
12262	33	0.76536
12263	160	0.765595
12264	111	0.765759
12265	70	0.765862
12266	66	0.765959
12267	29	0.766002
12268	56	0.766084
12269	29	0.766127
12270	36	0.76618
12271	75	0.76629
12272	103	0.766442
12273	25	0.766479
12274	70	0.766582
12275	55	0.766663
12276	175	0.766921
12277	49	0.766993
12278	51	0.767068
12279	80	0.767186
12280	46	0.767254
12281	25	0.76729
12282	65	0.767386
12283	94	0.767525
12284	101	0.767673
12285	59	0.76776
12286	29	0.767803
12287	124	0.767986
12288	24	0.768021
12289	13	0.76804
12290	58	0.768125
12291	42	0.768187
12292	50	0.768261
12293	39	0.768318
12294	28	0.76836
12295	49	0.768432
12296	102	0.768582
12297	154	0.768809
12298	88	0.768938
12299	19	0.768966
12300	85	0.769092
12301	79	0.769208
12302	80	0.769326
12303	37	0.76938
12304	24	0.769416
12305	13	0.769435
12306	28	0.769476
12307	50	0.76955
12308	19	0.769578
12309	26	0.769616
12310	50	0.769689
12311	51	0.769765
12312	37	0.769819
12313	26	0.769857
12314	45	0.769924
12315	32	0.769971
12316	64	0.770065
12317	62	0.770156
12318	82	0.770277
12319	45	0.770343
12320	50	0.770417
12321	25	0.770454
12322	36	0.770507
12323	38	0.770563
12324	51	0.770638
12325	17	0.770663
12326	47	0.770732
12327	33	0.770781
12328	27	0.770821
12329	33	0.770869
12330	51	0.770944
12331	36	0.770997
12332	137	0.771199
12333	104	0.771352
12334	57	0.771436
12335	93	0.771573
12336	112	0.771738
12337	86	0.771865
12338	167	0.772111
12339	137	0.772312
12340	141	0.77252
12341	204	0.77282
12342	100	0.772968
12343	55	0.773049
12344	55	0.77313
12345	42	0.773192
12346	39	0.773249
12347	52	0.773326
12348	42	0.773387
12349	73	0.773495
12350	45	0.773561
12351	36	0.773614
12352	39	0.773672
12353	22	0.773704
12354	94	0.773843
12355	56	0.773925
12356	113	0.774091
12357	92	0.774227
12358	63	0.77432
12359	94	0.774458
12360	56	0.774541
12361	82	0.774661
12362	83	0.774784
12363	43	0.774847
12364	63	0.77494
12365	206	0.775243
12366	54	0.775323
12367	46	0.77539
12368	76	0.775502
12369	111	0.775666
12370	98	0.77581
12371	70	0.775913
12372	108	0.776072
12373	62	0.776164
12374	113	0.77633
12375	129	0.77652
12376	64	0.776614
12377	68	0.776714
12378	87	0.776842
12379	16	0.776866
12380	70	0.776969
12381	33	0.777018
12382	49	0.77709
12383	30	0.777134
12384	37	0.777189
12385	68	0.777289
12386	35	0.77734
12387	38	0.777396
12388	80	0.777514
12389	46	0.777582
12390	68	0.777682
12391	58	0.777767
12392	32	0.777814
12393	187	0.77809
12394	140	0.778296
12395	91	0.77843
12396	78	0.778545
12397	29	0.778588
12398	104	0.778741
12399	82	0.778862
12400	76	0.778973
12401	53	0.779052
12402	47	0.779121
12403	71	0.779225
12404	91	0.779359
12405	130	0.779551
12406	60	0.779639
12407	92	0.779775
12408	117	0.779947
12409	96	0.780088
12410	46	0.780156
12411	39	0.780213
12412	37	0.780268
12413	18	0.780294
12414	36	0.780348
12415	60	0.780436
12416	31	0.780482
12417	22	0.780514
12418	51	0.780589
12419	70	0.780692
12420	180	0.780957
12421	40	0.781016
12422	40	0.781075
12423	73	0.781183
12424	48	0.781253
12425	24	0.781289
12426	43	0.781352
12427	9	0.781365
12428	86	0.781492
12429	70	0.781595
12430	11	0.781611
12431	31	0.781657
12432	61	0.781747
12433	79	0.781863
12434	27	0.781903
12435	52	0.781979
12436	39	0.782037
12437	51	0.782112
12438	33	0.78216
12439	37	0.782215
12440	35	0.782266
12441	61	0.782356
12442	45	0.782423
12443	53	0.782501
12444	43	0.782564
12445	45	0.78263
12446	40	0.782689
12447	29	0.782732
12448	66	0.782829
12449	48	0.7829
12450	42	0.782962
12451	54	0.783041
12452	70	0.783144
12453	46	0.783212
12454	80	0.78333
12455	30	0.783374
12456	54	0.783453
12457	64	0.783548
12458	50	0.783621
12459	48	0.783692
12460	54	0.783772
12461	50	0.783845
12462	65	0.783941
12463	128	0.784129
12464	69	0.784231
12465	45	0.784297
12466	20	0.784327
12467	21	0.784358
12468	27	0.784397
12469	21	0.784428
12470	22	0.784461
12471	52	0.784537
12472	33	0.784586
12473	25	0.784623
12474	24	0.784658
12475	26	0.784696
12476	20	0.784726
12477	21	0.784757
12478	37	0.784811
12479	37	0.784866
12480	21	0.784897
12481	15	0.784919
12482	20	0.784948
12483	50	0.785022
12484	19	0.78505
12485	6	0.785059
12486	11	0.785075
12487	35	0.785126
12488	9	0.78514
12489	5	0.785147
12490	9	0.78516
12491	10	0.785175
12492	23	0.785209
12493	18	0.785235
12494	60	0.785324
12495	35	0.785375
12496	29	0.785418
12497	51	0.785493
12498	10	0.785508
12499	26	0.785546
12500	49	0.785618
12501	8	0.78563
12502	13	0.785649
12503	49	0.785721
12504	11	0.785738
12505	15	0.78576
12506	46	0.785827
12507	14	0.785848
12508	26	0.785886
12509	70	0.785989
12510	28	0.786031
12511	21	0.786062
12512	25	0.786098
12513	17	0.786123
12514	23	0.786157
12515	18	0.786184
12516	60	0.786272
12517	18	0.786299
12518	16	0.786322
12519	27	0.786362
12520	26	0.7864
12521	62	0.786492
12522	12	0.786509
12523	15	0.786531
12524	8	0.786543
12525	57	0.786627
12526	43	0.78669
12527	36	0.786744
12528	48	0.786814
12529	84	0.786938
12530	15	0.78696
12531	47	0.787029
12532	23	0.787063
12533	9	0.787076
12534	10	0.787091
12535	15	0.787113
12536	27	0.787153
12537	53	0.787231
12538	10	0.787246
12539	20	0.787275
12540	29	0.787318
12541	13	0.787337
12542	14	0.787358
12543	23	0.787391
12544	31	0.787437
12545	3	0.787442
12546	8	0.787453
12547	16	0.787477
12548	1	0.787478
12549	68	0.787579
12550	49	0.787651
12551	10	0.787665
12552	18	0.787692
12553	38	0.787748
12554	11	0.787764
12555	15	0.787786
12556	6	0.787795
12557	23	0.787829
12558	12	0.787847
12559	44	0.787911
12560	21	0.787942
12561	16	0.787966
12562	24	0.788001
12563	8	0.788013
12564	27	0.788053
12565	6	0.788062
12566	6	0.78807
12567	64	0.788165
12568	3	0.788169
12569	67	0.788268
12570	104	0.788421
12571	14	0.788442
12572	30	0.788486
12573	4	0.788492
12574	11	0.788508
12575	5	0.788515
12576	29	0.788558
12577	13	0.788577
12578	39	0.788634
12579	10	0.788649
12580	19	0.788677
12581	10	0.788692
12582	16	0.788715
12583	25	0.788752
12584	12	0.78877
12585	26	0.788808
12586	5	0.788816
12587	12	0.788833
12588	17	0.788858
12589	21	0.788889
12590	6	0.788898
12591	20	0.788928
12592	15	0.78895
12593	4	0.788956
12594	4	0.788961
12596	1	0.788963
12597	4	0.788969
12598	2	0.788972
12599	21	0.789003
12600	25	0.789039
12601	5	0.789047
12602	10	0.789062
12603	42	0.789123
12604	19	0.789151
12605	8	0.789163
12606	18	0.78919
12607	13	0.789209
12608	24	0.789244
12609	14	0.789265
12610	2	0.789268
12611	25	0.789305
12612	13	0.789324
12613	16	0.789347
12614	3	0.789352
12615	7	0.789362
12616	8	0.789374
12617	5	0.789381
12618	18	0.789408
12619	24	0.789443
12620	25	0.78948
12621	21	0.789511
12622	22	0.789543
12623	3	0.789548
12624	4	0.789553
12625	5	0.789561
12626	6	0.78957
12627	2	0.789573
12628	5	0.78958
12629	9	0.789593
12630	22	0.789626
12631	1	0.789627
12632	6	0.789636
12633	11	0.789652
12634	3	0.789657
12635	13	0.789676
12636	9	0.789689
12637	21	0.78972
12638	14	0.78974
12639	2	0.789743
12640	24	0.789779
12641	7	0.789789
12642	6	0.789798
12643	1	0.789799
12644	12	0.789817
12645	1	0.789819
12646	46	0.789886
12647	76	0.789998
12648	11	0.790014
12649	17	0.790039
12650	26	0.790078
12651	3	0.790082
12652	14	0.790103
12653	5	0.79011
12654	7	0.79012
12655	4	0.790126
12656	6	0.790135
12657	3	0.79014
12658	4	0.790145
12659	16	0.790169
12660	1	0.790171
12661	3	0.790175
12662	1	0.790176
12663	2	0.790179
12664	1	0.790181
12665	1	0.790182
12666	4	0.790188
12667	1	0.79019
12668	1	0.790191
12670	8	0.790203
12671	6	0.790212
12672	9	0.790225
12674	8	0.790237
12676	1	0.790238
12677	3	0.790243
12678	10	0.790257
12679	1	0.790259
12680	2	0.790262
12681	6	0.790271
12682	5	0.790278
12683	1	0.790279
12684	5	0.790287
12685	4	0.790293
12686	8	0.790305
12687	2	0.790307
12688	6	0.790316
12689	8	0.790328
12690	8	0.79034
12691	2	0.790343
12692	8	0.790355
12693	16	0.790378
12694	2	0.790381
12695	7	0.790391
12697	1	0.790393
12699	1	0.790394
12700	1	0.790396
12701	3	0.7904
12702	1	0.790402
12706	2	0.790405
12707	2	0.790408
12708	26	0.790446
12709	12	0.790464
12710	10	0.790478
12711	7	0.790489
12712	3	0.790493
12714	2	0.790496
12715	4	0.790502
12716	17	0.790527
12717	3	0.790531
12718	20	0.790561
12719	2	0.790564
12720	4	0.79057
12721	2	0.790573
12723	4	0.790578
12724	1	0.79058
12725	2	0.790583
12726	5	0.79059
12728	9	0.790603
12731	2	0.790606
12732	1	0.790608
12733	1	0.790609
12734	3	0.790614
12735	11	0.79063
12736	3	0.790634
12737	3	0.790639
12738	1	0.79064
12741	1	0.790642
12742	3	0.790646
12744	5	0.790654
12747	7	0.790664
12748	1	0.790665
12751	3	0.79067
12753	3	0.790674
12756	2	0.790677
12757	1	0.790679
12760	18	0.790705
12761	13	0.790724
12762	2	0.790727
12763	15	0.790749
12764	19	0.790777
12765	3	0.790782
12766	7	0.790792
12767	32	0.790839
12768	17	0.790864
12769	11	0.79088
12771	1	0.790882
12772	1	0.790883
12773	4	0.790889
12774	14	0.79091
12775	22	0.790942
12776	8	0.790954
12777	3	0.790958
12778	6	0.790967
12779	9	0.790981
12780	27	0.79102
12781	8	0.791032
12782	33	0.791081
12783	3	0.791085
12784	11	0.791101
12785	34	0.791151
12786	31	0.791197
12787	6	0.791206
12788	3	0.79121
12789	14	0.791231
12790	3	0.791235
12791	5	0.791243
12792	1	0.791244
12794	3	0.791249
12795	6	0.791257
12796	1	0.791259
12797	4	0.791265
12798	11	0.791281
12799	12	0.791299
12800	8	0.79131
12801	1	0.791312
12802	1	0.791313
12803	1	0.791315
12804	4	0.791321
12805	2	0.791324
12807	5	0.791331
12808	20	0.79136
12809	10	0.791375
12810	15	0.791397
12811	27	0.791437
12812	27	0.791477
12813	8	0.791489
12814	5	0.791496
12815	5	0.791503
12816	3	0.791508
12817	2	0.791511
12818	11	0.791527
12819	9	0.79154
12820	4	0.791546
12821	1	0.791547
12822	2	0.79155
12823	18	0.791577
12824	3	0.791581
12825	4	0.791587
12826	6	0.791596
12828	1	0.791598
12829	2	0.791601
12830	36	0.791654
12831	9	0.791667
12832	5	0.791674
12833	18	0.791701
12834	16	0.791724
12835	3	0.791729
12836	2	0.791732
12837	17	0.791757
12838	3	0.791761
12839	8	0.791773
12840	7	0.791783
12841	1	0.791785
12842	10	0.791799
12845	12	0.791817
12847	13	0.791836
12848	2	0.791839
12849	8	0.791851
12851	2	0.791854
12852	4	0.79186
12853	1	0.791861
12854	1	0.791863
12855	3	0.791867
12856	5	0.791874
12857	3	0.791879
12858	2	0.791882
12859	6	0.791891
12860	3	0.791895
12861	3	0.791899
12862	2	0.791902
12863	2	0.791905
12864	1	0.791907
12865	2	0.79191
12866	1	0.791911
12867	2	0.791914
12868	3	0.791919
12869	1	0.79192
12870	1	0.791922
12873	2	0.791925
12874	2	0.791927
12875	4	0.791933
12876	15	0.791955
12877	8	0.791967
12878	11	0.791983
12879	15	0.792006
12880	15	0.792028
12881	5	0.792035
12882	10	0.79205
12883	5	0.792057
12885	2	0.79206
12886	1	0.792061
12887	1	0.792063
12888	2	0.792066
12890	5	0.792073
12891	13	0.792092
12893	2	0.792095
12894	5	0.792103
12895	7	0.792113
12899	2	0.792116
12901	6	0.792125
12903	11	0.792141
12904	3	0.792145
12905	2	0.792148
12906	2	0.792151
12907	7	0.792162
12908	6	0.79217
12909	8	0.792182
12910	5	0.79219
12912	1	0.792191
12916	9	0.792204
12917	47	0.792274
12918	46	0.792341
12919	1	0.792343
12920	4	0.792349
12921	17	0.792374
12922	8	0.792385
12923	28	0.792427
12924	23	0.792461
12925	63	0.792553
12926	3	0.792558
12928	2	0.792561
12929	2	0.792564
12930	2	0.792567
12931	34	0.792617
12932	11	0.792633
12934	64	0.792727
12935	6	0.792736
12936	13	0.792755
12937	23	0.792789
12938	5	0.792796
12939	5	0.792804
12940	1	0.792805
12941	6	0.792814
12942	5	0.792821
12943	3	0.792826
12944	43	0.792889
12945	18	0.792916
12946	17	0.792941
12947	39	0.792998
12948	56	0.793081
12949	7	0.793091
12950	29	0.793134
12951	41	0.793194
12952	81	0.793313
12953	54	0.793393
12954	82	0.793514
12955	49	0.793586
12956	14	0.793606
12957	13	0.793626
12958	45	0.793692
12959	13	0.793711
12960	42	0.793773
12961	8	0.793785
12962	3	0.793789
12963	17	0.793814
12964	3	0.793818
12965	9	0.793832
12966	8	0.793843
12967	86	0.79397
12968	22	0.794003
12969	58	0.794088
12970	49	0.79416
12971	46	0.794228
12972	78	0.794343
12973	51	0.794418
12974	47	0.794487
12975	4	0.794493
12976	20	0.794522
12977	13	0.794542
12978	5	0.794549
12979	13	0.794568
12980	4	0.794574
12981	12	0.794592
12982	29	0.794634
12983	24	0.79467
12984	47	0.794739
12985	30	0.794783
12986	29	0.794826
12987	19	0.794854
12988	10	0.794868
12989	16	0.794892
12990	10	0.794907
12991	16	0.79493
12992	4	0.794936
12993	6	0.794945
12994	19	0.794973
12995	29	0.795016
12996	45	0.795082
12997	3	0.795086
12998	7	0.795097
12999	26	0.795135
13000	38	0.795191
13001	26	0.795229
13002	73	0.795337
13003	17	0.795362
13004	25	0.795399
13005	49	0.795471
13006	52	0.795547
13007	25	0.795584
13009	14	0.795605
13010	45	0.795671
13011	73	0.795779
13012	34	0.795829
13013	20	0.795858
13014	33	0.795907
13015	28	0.795948
13016	92	0.796083
13017	28	0.796125
13018	29	0.796167
13019	13	0.796187
13020	61	0.796276
13021	22	0.796309
13022	14	0.796329
13023	13	0.796349
13024	15	0.796371
13025	11	0.796387
13026	39	0.796444
13027	56	0.796527
13028	24	0.796562
13029	33	0.796611
13030	51	0.796686
13031	14	0.796706
13032	13	0.796726
13033	9	0.796739
13034	15	0.796761
13035	44	0.796826
13036	3	0.79683
13037	4	0.796836
13038	51	0.796911
13039	92	0.797047
13040	109	0.797207
13041	19	0.797235
13042	78	0.79735
13043	35	0.797402
13044	82	0.797522
13045	104	0.797675
13046	166	0.79792
13047	54	0.797999
13048	17	0.798025
13049	16	0.798048
13050	13	0.798067
13051	25	0.798104
13052	19	0.798132
13053	25	0.798169
13054	45	0.798235
13055	17	0.79826
13056	27	0.7983
13057	49	0.798372
13058	19	0.7984
13059	29	0.798443
13060	16	0.798466
13061	52	0.798543
13062	30	0.798587
13063	20	0.798617
13064	118	0.79879
13065	28	0.798832
13066	8	0.798843
13067	15	0.798865
13068	22	0.798898
13069	50	0.798971
13070	23	0.799005
13071	29	0.799048
13072	42	0.79911
13073	106	0.799266
13074	220	0.79959
13075	126	0.799776
13076	117	0.799948
13077	125	0.800132
13078	33	0.800181
13079	40	0.800239
13080	47	0.800309
13081	139	0.800513
13082	131	0.800706
13083	110	0.800868
13084	159	0.801102
13085	152	0.801326
13086	30	0.801371
13087	46	0.801438
13088	45	0.801505
13089	83	0.801627
13090	39	0.801684
13091	56	0.801767
13092	2	0.80177
13093	12	0.801787
13094	5	0.801795
13095	13	0.801814
13096	41	0.801874
13097	1	0.801876
13098	22	0.801908
13099	11	0.801924
13100	58	0.80201
13101	64	0.802104
13102	76	0.802216
13103	112	0.802381
13104	72	0.802487
13105	52	0.802563
13106	71	0.802668
13107	59	0.802755
13108	13	0.802774
13109	85	0.802899
13110	30	0.802943
13111	26	0.802982
13112	33	0.80303
13113	47	0.803099
13114	26	0.803138
13115	22	0.80317
13116	21	0.803201
13117	13	0.80322
13118	27	0.80326
13119	34	0.80331
13120	44	0.803375
13121	12	0.803393
13122	9	0.803406
13123	36	0.803459
13124	8	0.803471
13125	33	0.803519
13126	4	0.803525
13127	7	0.803535
13128	24	0.803571
13129	97	0.803714
13130	20	0.803743
13131	19	0.803771
13132	10	0.803786
13133	8	0.803798
13134	8	0.803809
13135	3	0.803814
13136	11	0.80383
13137	2	0.803833
13138	2	0.803836
13139	60	0.803924
13140	29	0.803967
13141	13	0.803986
13142	6	0.803995
13143	5	0.804002
13144	7	0.804013
13145	16	0.804036
13146	8	0.804048
13147	3	0.804052
13148	1	0.804054
13149	59	0.804141
13150	21	0.804172
13151	30	0.804216
13152	18	0.804242
13153	14	0.804263
13154	33	0.804312
13155	18	0.804338
13156	21	0.804369
13157	18	0.804395
13158	8	0.804407
13159	9	0.804421
13160	14	0.804441
13162	7	0.804451
13163	6	0.80446
13164	7	0.804471
13165	10	0.804485
13166	4	0.804491
13167	6	0.8045
13168	7	0.80451
13169	201	0.804806
13170	237	0.805155
13171	82	0.805276
13172	6	0.805285
13173	3	0.805289
13174	35	0.805341
13175	67	0.80544
13176	86	0.805566
13177	115	0.805736
13178	62	0.805827
13179	19	0.805855
13180	1	0.805856
13181	86	0.805983
13182	72	0.806089
13183	51	0.806164
13184	3	0.806169
13186	6	0.806177
13187	9	0.806191
13188	3	0.806195
13189	6	0.806204
13190	5	0.806211
13191	2	0.806214
13192	22	0.806247
13193	10	0.806261
13194	8	0.806273
13195	6	0.806282
13196	27	0.806322
13197	17	0.806347
13198	16	0.80637
13199	11	0.806387
13200	1	0.806388
13201	1	0.80639
13203	14	0.80641
13204	8	0.806422
13205	4	0.806428
13207	1	0.806429
13208	4	0.806435
13209	2	0.806438
13210	7	0.806448
13211	5	0.806456
13212	5	0.806463
13213	10	0.806478
13214	7	0.806488
13215	2	0.806491
13216	3	0.806496
13217	9	0.806509
13219	11	0.806525
13220	15	0.806547
13221	2	0.80655
13222	3	0.806554
13223	1	0.806556
13225	1	0.806557
13227	1	0.806559
13228	2	0.806562
13231	1	0.806563
13232	2	0.806566
13233	3	0.806571
13236	4	0.806577
13237	3	0.806581
13238	7	0.806591
13239	9	0.806605
13240	4	0.80661
13241	1	0.806612
13242	1	0.806613
13243	1	0.806615
13245	2	0.806618
13246	13	0.806637
13247	4	0.806643
13248	3	0.806647
13249	4	0.806653
13250	1	0.806655
13251	4	0.806661
13252	5	0.806668
13253	5	0.806675
13255	20	0.806705
13256	5	0.806712
13257	2	0.806715
13258	1	0.806716
13259	5	0.806724
13260	6	0.806733
13261	2	0.806736
13265	5	0.806743
13266	1	0.806744
13267	2	0.806747
13268	7	0.806758
13270	2	0.806761
13271	2	0.806764
13272	2	0.806767
13273	1	0.806768
13274	8	0.80678
13275	6	0.806789
13276	13	0.806808
13277	6	0.806817
13278	6	0.806825
13280	8	0.806837
13281	4	0.806843
13283	4	0.806849
13284	2	0.806852
13285	8	0.806864
13286	8	0.806876
13287	5	0.806883
13288	8	0.806895
13289	4	0.806901
13290	1	0.806902
13291	7	0.806912
13292	7	0.806923
13293	6	0.806931
13294	13	0.806951
13295	9	0.806964
13296	10	0.806979
13297	17	0.807004
13298	11	0.80702
13299	37	0.807074
13300	12	0.807092
13301	4	0.807098
13302	8	0.80711
13303	16	0.807133
13304	10	0.807148
13305	3	0.807152
13306	14	0.807173
13307	5	0.80718
13308	11	0.807197
13309	3	0.807201
13310	2	0.807204
13311	7	0.807214
13312	8	0.807226
13313	11	0.807242
13314	15	0.807264
13315	12	0.807282
13316	5	0.807289
13317	21	0.80732
13318	4	0.807326
13319	4	0.807332
13320	7	0.807342
13321	6	0.807351
13322	8	0.807363
13323	10	0.807378
13324	8	0.807389
13325	9	0.807403
13326	2	0.807406
13327	5	0.807413
13328	16	0.807437
13329	2	0.80744
13330	16	0.807463
13331	7	0.807473
13332	11	0.80749
13333	14	0.80751
13334	3	0.807515
13335	8	0.807526
13336	5	0.807534
13338	8	0.807546
13339	15	0.807568
13340	9	0.807581
13341	4	0.807587
13342	3	0.807591
13344	21	0.807622
13345	2	0.807625
13348	5	0.807632
13351	2	0.807635
13352	3	0.80764
13353	2	0.807643
13354	1	0.807644
13355	1	0.807646
13356	1	0.807647
13357	3	0.807652
13358	7	0.807662
13359	1	0.807663
13360	3	0.807668
13361	2	0.807671
13362	3	0.807675
13364	3	0.80768
13365	14	0.8077
13366	8	0.807712
13367	23	0.807746
13368	2	0.807749
13370	5	0.807756
13371	17	0.807781
13372	10	0.807796
13373	8	0.807808
13374	3	0.807812
13375	4	0.807818
13376	2	0.807821
13378	1	0.807822
13380	2	0.807825
13381	4	0.807831
13382	6	0.80784
13384	10	0.807855
13385	3	0.807859
13386	8	0.807871
13387	4	0.807877
13388	2	0.80788
13389	8	0.807892
13390	11	0.807908
13391	2	0.807911
13392	15	0.807933
13393	10	0.807948
13394	7	0.807958
13396	1	0.807959
13398	4	0.807965
13402	1	0.807967
13404	2	0.80797
13405	1	0.807971
13406	6	0.80798
13407	6	0.807989
13409	5	0.807996
13410	6	0.808005
13411	9	0.808018
13412	2	0.808021
13413	1	0.808023
13414	7	0.808033
13415	3	0.808037
13416	3	0.808042
13418	1	0.808043
13419	1	0.808045
13420	1	0.808046
13422	3	0.808051
13423	1	0.808052
13424	6	0.808061
13425	1	0.808063
13426	3	0.808067
13427	14	0.808088
13428	7	0.808098
13429	7	0.808108
13430	3	0.808113
13431	2	0.808116
13432	4	0.808121
13433	4	0.808127
13434	4	0.808133
13435	3	0.808138
13436	4	0.808144
13437	7	0.808154
13438	5	0.808161
13439	2	0.808164
13440	1	0.808166
13441	8	0.808177
13443	3	0.808182
13444	2	0.808185
13445	4	0.808191
13446	6	0.808199
13447	2	0.808202
13448	11	0.808219
13449	5	0.808226
13450	4	0.808232
13451	7	0.808242
13452	1	0.808244
13453	7	0.808254
13454	7	0.808264
13455	1	0.808266
13456	5	0.808273
13457	2	0.808276
13458	3	0.80828
13459	5	0.808288
13460	10	0.808303
13461	1	0.808304
13462	2	0.808307
13464	2	0.80831
13466	5	0.808317
13467	2	0.80832
13468	6	0.808329
13469	1	0.808331
13470	2	0.808334
13471	2	0.808336
13472	1	0.808338
13476	8	0.80835
13477	7	0.80836
13479	2	0.808363
13485	2	0.808366
13486	2	0.808369
13488	1	0.80837
13489	5	0.808378
13490	1	0.808379
13491	8	0.808391
13492	6	0.8084
13493	21	0.808431
13494	1	0.808432
13495	5	0.80844
13496	6	0.808448
13498	3	0.808453
13499	3	0.808457
13500	6	0.808466
13502	3	0.80847
13503	1	0.808472
13504	3	0.808476
13505	2	0.808479
13507	5	0.808487
13508	1	0.808488
13509	2	0.808491
13510	2	0.808494
13513	1	0.808496
13514	2	0.808498
13515	6	0.808507
13516	3	0.808512
13517	9	0.808525
13518	1	0.808526
13519	2	0.808529
13520	11	0.808546
13521	4	0.808551
13522	5	0.808559
13523	1	0.80856
13524	1	0.808562
13525	5	0.808569
13526	15	0.808591
13527	6	0.8086
13528	2	0.808603
13529	5	0.80861
13530	1	0.808612
13531	3	0.808616
13532	2	0.808619
13535	3	0.808624
13536	3	0.808628
13538	2	0.808631
13539	13	0.80865
13540	18	0.808677
13541	1	0.808678
13542	4	0.808684
13544	2	0.808687
13545	1	0.808688
13546	2	0.808691
13547	4	0.808697
13549	11	0.808713
13550	14	0.808734
13551	13	0.808753
13552	6	0.808762
13553	1	0.808764
13554	4	0.808769
13555	2	0.808772
13556	1	0.808774
13558	2	0.808777
13560	8	0.808789
13561	2	0.808792
13563	4	0.808797
13564	56	0.80888
13565	5	0.808887
13566	1	0.808889
13569	2	0.808892
13570	2	0.808895
13571	2	0.808898
13572	2	0.808901
13573	1	0.808902
13574	1	0.808903
13576	1	0.808905
13578	1	0.808906
13580	3	0.808911
13581	1	0.808912
13582	2	0.808915
13583	2	0.808918
13585	5	0.808926
13586	2	0.808928
13587	1	0.80893
13588	1	0.808931
13590	1	0.808933
13591	1	0.808934
13594	3	0.808939
13596	1	0.80894
13597	1	0.808942
13599	4	0.808948
13602	1	0.808949
13603	1	0.808951
13605	2	0.808954
13607	1	0.808955
13608	2	0.808958
13611	2	0.808961
13614	1	0.808962
13615	2	0.808965
13616	2	0.808968
13619	1	0.80897
13620	4	0.808976
13621	3	0.80898
13622	6	0.808989
13623	4	0.808995
13624	5	0.809002
13625	3	0.809007
13626	6	0.809015
13628	3	0.80902
13629	6	0.809029
13630	6	0.809037
13631	7	0.809048
13632	1	0.809049
13633	2	0.809052
13634	8	0.809064
13635	1	0.809065
13636	1	0.809067
13637	2	0.80907
13638	1	0.809071
13640	2	0.809074
13643	3	0.809079
13644	4	0.809085
13645	7	0.809095
13646	3	0.809099
13647	2	0.809102
13648	2	0.809105
13650	1	0.809107
13651	1	0.809108
13657	3	0.809113
13658	9	0.809126
13659	1	0.809127
13660	3	0.809132
13661	1	0.809133
13662	5	0.809141
13663	2	0.809143
13665	2	0.809146
13666	1	0.809148
13667	8	0.80916
13669	1	0.809161
13670	1	0.809163
13671	2	0.809166
13674	1	0.809167
13679	2	0.80917
13681	4	0.809176
13682	4	0.809182
13683	1	0.809183
13688	1	0.809185
13690	1	0.809186
13691	1	0.809188
13692	1	0.809189
13693	1	0.809191
13697	5	0.809198
13698	2	0.809201
13699	7	0.809211
13700	12	0.809229
13701	8	0.809241
13702	6	0.80925
13703	7	0.80926
13704	3	0.809264
13705	4	0.80927
13706	3	0.809275
13707	1	0.809276
13708	4	0.809282
13709	1	0.809283
13710	3	0.809288
13711	3	0.809292
13712	3	0.809297
13713	3	0.809301
13714	8	0.809313
13715	9	0.809326
13716	5	0.809333
13717	3	0.809338
13719	2	0.809341
13724	1	0.809342
13725	2	0.809345
13726	3	0.80935
13728	2	0.809353
13729	5	0.80936
13730	4	0.809366
13731	1	0.809367
13733	2	0.80937
13734	1	0.809372
13735	3	0.809376
13736	5	0.809384
13737	3	0.809388
13740	2	0.809391
13741	2	0.809394
13742	1	0.809395
13743	2	0.809398
13744	3	0.809403
13745	6	0.809412
13746	1	0.809413
13749	1	0.809414
13750	5	0.809422
13751	3	0.809426
13752	1	0.809428
13753	13	0.809447
13754	3	0.809451
13755	4	0.809457
13756	2	0.80946
13757	5	0.809467
13758	3	0.809472
13759	4	0.809478
13760	4	0.809484
13761	1	0.809485
13762	2	0.809488
13765	14	0.809509
13766	6	0.809518
13767	1	0.809519
13770	2	0.809522
13771	3	0.809526
13773	4	0.809532
13774	4	0.809538
13776	3	0.809543
13777	16	0.809566
13778	2	0.809569
13779	5	0.809576
13781	1	0.809578
13782	3	0.809582
13783	2	0.809585
13784	2	0.809588
13786	1	0.80959
13787	2	0.809593
13788	7	0.809603
13791	2	0.809606
13793	2	0.809609
13794	12	0.809627
13795	6	0.809635
13796	3	0.80964
13797	5	0.809647
13798	15	0.809669
13799	3	0.809674
13800	6	0.809683
13801	6	0.809691
13802	4	0.809697
13803	3	0.809702
13804	1	0.809703
13806	3	0.809708
13807	4	0.809713
13808	15	0.809736
13809	10	0.80975
13810	15	0.809772
13811	9	0.809786
13812	12	0.809803
13813	6	0.809812
13814	5	0.809819
13815	7	0.80983
13816	2	0.809833
13817	13	0.809852
13818	1	0.809853
13819	1	0.809855
13820	2	0.809858
13821	4	0.809864
13822	7	0.809874
13823	1	0.809875
13824	3	0.80988
13825	1	0.809881
13826	2	0.809884
13827	4	0.80989
13828	3	0.809895
13829	3	0.809899
13830	1	0.8099
13832	3	0.809905
13833	1	0.809906
13835	1	0.809908
13837	3	0.809912
13839	1	0.809914
13840	2	0.809917
13841	20	0.809946
13842	22	0.809979
13843	3	0.809983
13844	2	0.809986
13845	1	0.809987
13851	30	0.810032
13852	3	0.810036
13853	19	0.810064
13854	8	0.810076
13855	9	0.810089
13856	8	0.810101
13857	6	0.81011
13859	2	0.810113
13860	16	0.810136
13862	19	0.810164
13864	6	0.810173
13865	3	0.810177
13866	26	0.810216
13867	67	0.810314
13868	103	0.810466
13870	6	0.810475
13871	13	0.810494
13874	1	0.810495
13875	2	0.810498
13878	22	0.810531
13879	11	0.810547
13880	10	0.810562
13881	4	0.810568
13883	2	0.810571
13885	14	0.810591
13886	10	0.810606
13887	2	0.810609
13888	1	0.81061
13889	1	0.810612
13890	3	0.810616
13891	3	0.810621
13892	1	0.810622
13893	1	0.810624
13894	3	0.810628
13895	6	0.810637
13897	4	0.810643
13898	3	0.810647
13901	4	0.810653
13902	3	0.810657
13904	10	0.810672
13905	8	0.810684
13907	1	0.810685
13908	2	0.810688
13912	1	0.81069
13914	1	0.810691
13923	2	0.810694
13924	1	0.810696
13925	2	0.810699
13927	1	0.8107
13928	2	0.810703
13929	1	0.810705
13931	1	0.810706
13932	5	0.810713
13933	3	0.810718
13934	2	0.810721
13935	4	0.810727
13939	1	0.810728
13941	16	0.810752
13942	5	0.810759
13944	4	0.810765
13945	22	0.810797
13946	6	0.810806
13947	6	0.810815
13948	56	0.810898
13949	26	0.810936
13951	19	0.810964
13952	8	0.810976
13955	5	0.810983
13956	4	0.810989
13957	12	0.811006
13958	12	0.811024
13959	6	0.811033
13960	1	0.811034
13962	1	0.811036
13963	5	0.811043
13964	1	0.811045
13965	1	0.811046
13966	3	0.811051
13967	13	0.81107
13968	1	0.811071
13969	1	0.811073
13970	4	0.811079
13971	4	0.811085
13972	2	0.811087
13973	12	0.811105
13974	1	0.811107
13975	2	0.81111
13976	3	0.811114
13977	3	0.811118
13978	8	0.81113
13979	4	0.811136
13980	6	0.811145
13982	2	0.811148
13983	1	0.811149
13984	1	0.811151
13985	1	0.811152
13986	2	0.811155
13987	14	0.811176
13989	2	0.811179
13991	2	0.811182
13992	1	0.811183
13995	1	0.811185
13997	1	0.811186
13998	6	0.811195
13999	7	0.811205
14000	13	0.811224
14002	7	0.811235
14004	1	0.811236
14008	3	0.811241
14011	2	0.811244
14012	1	0.811245
14013	1	0.811247
14017	2	0.811249
14018	5	0.811257
14020	2	0.81126
14022	2	0.811263
14026	1	0.811264
14027	6	0.811273
14029	1	0.811275
14032	5	0.811282
14033	2	0.811285
14036	3	0.811289
14037	2	0.811292
14043	1	0.811294
14045	1	0.811295
14047	1	0.811297
14048	5	0.811304
14049	1	0.811305
14050	2	0.811308
14051	3	0.811313
14053	1	0.811314
14054	1	0.811316
14055	8	0.811328
14056	9	0.811341
14057	1	0.811342
14058	5	0.81135
14060	1	0.811351
14063	1	0.811353
14064	5	0.81136
14065	3	0.811364
14066	7	0.811375
14068	5	0.811382
14069	4	0.811388
14071	1	0.811389
14074	4	0.811395
14075	16	0.811419
14076	8	0.811431
14080	1	0.811432
14081	1	0.811434
14082	1	0.811435
14085	1	0.811437
14093	3	0.811441
14094	5	0.811448
14095	2	0.811451
14096	2	0.811454
14097	2	0.811457
14098	6	0.811466
14099	4	0.811472
14101	1	0.811473
14103	4	0.811479
14107	2	0.811482
14109	1	0.811484
14110	2	0.811487
14111	3	0.811491
14114	2	0.811494
14115	1	0.811495
14116	1	0.811497
14117	3	0.811501
14118	7	0.811512
14119	2	0.811515
14120	4	0.81152
14121	2	0.811523
14123	1	0.811525
14124	2	0.811528
14125	11	0.811544
14126	2	0.811547
14128	1	0.811548
14129	2	0.811551
14131	4	0.811557
14132	7	0.811568
14133	19	0.811596
14134	12	0.811613
14135	7	0.811624
14136	3	0.811628
14137	6	0.811637
14138	5	0.811644
14139	4	0.81165
14140	4	0.811656
14141	3	0.81166
14142	5	0.811668
14144	2	0.811671
14146	3	0.811675
14147	6	0.811684
14148	5	0.811691
14149	2	0.811694
14150	14	0.811715
14151	10	0.81173
14155	1	0.811731
14156	1	0.811733
14157	1	0.811734
14158	1	0.811735
14160	5	0.811743
14161	2	0.811746
14162	1	0.811747
14164	1	0.811749
14166	1	0.81175
14167	1	0.811752
14170	4	0.811758
14171	3	0.811762
14172	12	0.81178
14173	3	0.811784
14174	8	0.811796
14175	3	0.8118
14176	11	0.811816
14177	7	0.811827
14179	2	0.81183
14182	12	0.811847
14183	5	0.811855
14185	3	0.811859
14186	4	0.811865
14187	15	0.811887
14188	10	0.811902
14189	6	0.811911
14190	15	0.811933
14191	3	0.811937
14192	6	0.811946
14193	5	0.811953
14196	2	0.811956
14197	19	0.811984
14198	1	0.811986
14199	1	0.811987
14200	1	0.811989
14202	13	0.812008
14203	10	0.812023
14204	9	0.812036
14205	24	0.812071
14206	12	0.812089
14207	3	0.812093
14208	1	0.812095
14209	1	0.812096
14210	2	0.812099
14211	2	0.812102
14212	4	0.812108
14213	4	0.812114
14215	9	0.812127
14216	18	0.812154
14217	20	0.812183
14218	8	0.812195
14219	16	0.812219
14222	9	0.812232
14223	1	0.812233
14228	2	0.812236
14231	3	0.812241
14232	1	0.812242
14233	6	0.812251
14234	7	0.812261
14235	2	0.812264
14236	7	0.812274
14237	2	0.812277
14238	1	0.812279
14239	4	0.812285
14240	1	0.812286
14243	1	0.812288
14246	2	0.812291
14247	2	0.812294
14248	5	0.812301
14250	4	0.812307
14252	3	0.812311
14253	2	0.812314
14255	1	0.812316
14257	8	0.812328
14259	6	0.812336
14260	2	0.812339
14261	6	0.812348
14262	7	0.812358
14263	10	0.812373
14264	34	0.812423
14265	35	0.812475
14266	12	0.812492
14267	4	0.812498
14268	2	0.812501
14271	3	0.812506
14272	2	0.812509
14273	2	0.812512
14274	14	0.812532
14275	5	0.81254
14276	1	0.812541
14277	2	0.812544
14278	18	0.812571
14279	30	0.812615
14280	5	0.812622
14281	13	0.812641
14282	16	0.812665
14283	8	0.812677
14284	7	0.812687
14294	1	0.812688
14295	1	0.81269
14301	1	0.812691
14302	2	0.812694
14303	4	0.8127
14304	5	0.812707
14305	1	0.812709
14308	1	0.81271
14312	1	0.812712
14314	1	0.812713
14315	1	0.812715
14319	1	0.812716
14323	1	0.812718
14324	1	0.812719
14325	7	0.81273
14329	1	0.812731
14330	1	0.812733
14332	1	0.812734
14335	1	0.812735
14336	1	0.812737
14347	2	0.81274
14348	1	0.812741
14355	1	0.812743
14356	1	0.812744
14361	1	0.812746
14362	4	0.812752
14366	1	0.812753
14368	1	0.812755
14371	2	0.812758
14372	2	0.81276
14373	1	0.812762
14374	2	0.812765
14375	1	0.812766
14380	1	0.812768
14384	3	0.812772
14386	1	0.812774
14387	1	0.812775
14388	3	0.81278
14389	5	0.812787
14395	2	0.81279
14397	3	0.812794
14398	15	0.812816
14400	1	0.812818
14401	2	0.812821
14402	1	0.812822
14403	1	0.812824
14406	4	0.81283
14409	1	0.812831
14413	1	0.812833
14424	8	0.812844
14425	5	0.812852
14427	1	0.812853
14431	4	0.812859
14432	3	0.812864
14434	2	0.812867
14437	1	0.812868
14455	1	0.812869
14457	1	0.812871
14460	1	0.812872
14466	1	0.812874
14480	1	0.812875
14489	1	0.812877
14502	1	0.812878
14511	1	0.81288
14514	1	0.812881
14515	1	0.812883
14519	3	0.812887
14520	3	0.812892
14521	2	0.812895
14522	2	0.812897
14524	3	0.812902
14525	4	0.812908
14529	1	0.812909
14531	1	0.812911
14537	4	0.812917
14542	1	0.812918
14543	6	0.812927
14544	7	0.812937
14545	3	0.812942
14548	1	0.812943
14550	2	0.812946
14551	1	0.812948
14555	1	0.812949
14559	1	0.81295
14560	1	0.812952
14561	3	0.812956
14563	2	0.812959
14565	1	0.812961
14566	1	0.812962
14567	4	0.812968
14569	1	0.81297
14570	2	0.812973
14572	1	0.812974
14573	1	0.812976
14574	1	0.812977
14582	1	0.812978
14584	1	0.81298
14587	2	0.812983
14588	7	0.812993
14592	6	0.813002
14596	1	0.813003
14598	1	0.813005
14599	1	0.813006
14600	5	0.813014
14601	1	0.813015
14603	1	0.813017
14606	1	0.813018
14608	1	0.81302
14612	1	0.813021
14613	1	0.813023
14614	1	0.813024
14616	1	0.813026
14618	5	0.813033
14619	1	0.813034
14626	1	0.813036
14628	1	0.813037
14630	2	0.81304
14631	2	0.813043
14632	1	0.813045
14647	1	0.813046
14652	1	0.813048
14658	1	0.813049
14660	1	0.813051
14666	1	0.813052
14674	2	0.813055
14675	1	0.813057
14676	1	0.813058
14677	1	0.813059
14679	4	0.813065
14681	4	0.813071
14695	1	0.813073
14696	1	0.813074
14697	1	0.813076
14698	4	0.813082
14701	1	0.813083
14709	2	0.813086
14712	1	0.813087
14715	1	0.813089
14716	5	0.813096
14717	1	0.813098
14719	4	0.813104
14721	1	0.813105
14723	1	0.813107
14726	2	0.81311
14730	1	0.813111
14732	1	0.813112
14734	2	0.813115
14738	6	0.813124
14741	4	0.81313
14742	1	0.813132
14745	1	0.813133
14751	2	0.813136
14758	1	0.813138
14760	1	0.813139
14761	2	0.813142
14762	3	0.813146
14763	1	0.813148
14765	3	0.813152
14767	1	0.813154
14768	1	0.813155
14769	1	0.813157
14781	1	0.813158
14782	1	0.81316
14783	1	0.813161
14785	1	0.813163
14787	3	0.813167
14789	1	0.813168
14792	2	0.813171
14797	1	0.813173
14801	1	0.813174
14802	1	0.813176
14803	1	0.813177
14808	1	0.813179
14833	1	0.81318
14866	1	0.813182
14869	2	0.813185
14871	1	0.813186
14872	1	0.813188
14873	3	0.813192
14874	3	0.813196
14884	6	0.813205
14885	4	0.813211
14888	1	0.813213
14895	1	0.813214
14897	1	0.813216
14902	9	0.813229
14903	1	0.81323
14904	4	0.813236
14907	1	0.813238
14912	2	0.813241
14915	2	0.813244
14917	1	0.813245
14919	1	0.813246
14925	3	0.813251
14927	1	0.813252
14928	1	0.813254
14930	2	0.813257
14935	3	0.813261
14940	1	0.813263
14944	1	0.813264
14946	1	0.813266
14954	3	0.81327
14964	1	0.813272
14985	3	0.813276
15019	1	0.813277
15024	1	0.813279
15027	1	0.81328
15033	1	0.813282
15050	1	0.813283
15053	1	0.813285
15081	1	0.813286
15084	2	0.813289
15088	3	0.813294
15092	1	0.813295
15096	1	0.813297
15108	1	0.813298
15116	1	0.8133
15117	1	0.813301
15118	1	0.813302
15119	2	0.813305
15121	3	0.81331
15122	3	0.813314
15123	1	0.813316
15127	1	0.813317
15130	1	0.813319
15131	4	0.813325
15134	3	0.813329
15135	1	0.81333
15138	1	0.813332
15141	1	0.813333
15142	2	0.813336
15143	1	0.813338
15148	1	0.813339
15150	1	0.813341
15151	4	0.813347
15152	5	0.813354
15153	1	0.813355
15154	1	0.813357
15155	2	0.81336
15156	2	0.813363
15158	2	0.813366
15162	5	0.813373
15163	1	0.813375
15166	1	0.813376
15167	1	0.813378
15169	1	0.813379
15171	2	0.813382
15172	1	0.813383
15173	10	0.813398
15175	1	0.8134
15177	1	0.813401
15179	2	0.813404
15182	3	0.813408
15183	4	0.813414
15184	2	0.813417
15185	1	0.813419
15186	3	0.813423
15188	2	0.813426
15189	2	0.813429
15192	1	0.813431
15193	1	0.813432
15194	1	0.813434
15196	1	0.813435
15200	2	0.813438
15202	2	0.813441
15203	1	0.813442
15204	3	0.813447
15205	3	0.813451
15208	2	0.813454
15213	1	0.813456
15214	1	0.813457
15217	1	0.813459
15221	1	0.81346
15225	1	0.813461
15228	1	0.813463
15229	1	0.813464
15230	1	0.813466
15234	1	0.813467
15236	1	0.813469
15237	1	0.81347
15243	1	0.813472
15244	1	0.813473
15245	2	0.813476
15251	1	0.813478
15259	1	0.813479
15262	1	0.813481
15265	2	0.813484
15266	1	0.813485
15272	1	0.813487
15277	1	0.813488
15291	1	0.813489
15293	1	0.813491
15307	1	0.813492
15309	1	0.813494
15314	1	0.813495
15327	1	0.813497
15330	1	0.813498
15342	1	0.8135
15345	1	0.813501
15347	2	0.813504
15374	1	0.813506
15382	1	0.813507
15385	2	0.81351
15406	1	0.813512
15408	1	0.813513
15409	1	0.813515
15413	2	0.813517
15417	6	0.813526
15419	1	0.813528
15425	1	0.813529
15446	1	0.813531
15447	3	0.813535
15452	1	0.813537
15453	1	0.813538
15456	1	0.81354
15457	1	0.813541
15461	1	0.813542
15468	1	0.813544
15472	1	0.813545
15476	6	0.813554
15477	12	0.813572
15478	5	0.813579
15479	7	0.81359
15480	1	0.813591
15481	3	0.813596
15483	2	0.813598
15484	2	0.813601
15486	1	0.813603
15488	1	0.813604
15489	1	0.813606
15490	1	0.813607
15494	1	0.813609
15496	1	0.81361
15497	1	0.813612
15498	1	0.813613
15499	9	0.813626
15500	2	0.813629
15501	5	0.813637
15502	10	0.813651
15503	2	0.813654
15504	17	0.813679
15505	5	0.813687
15506	2	0.81369
15509	8	0.813702
15510	7	0.813712
15511	21	0.813743
15512	31	0.813788
15513	28	0.81383
15515	12	0.813847
15516	3	0.813852
15518	4	0.813858
15519	2	0.813861
15520	1	0.813862
15521	14	0.813883
15522	35	0.813934
15523	43	0.813998
15524	54	0.814077
15526	1	0.814079
15527	13	0.814098
15529	2	0.814101
15531	8	0.814112
15532	6	0.814121
15533	2	0.814124
15536	1	0.814126
15543	1	0.814127
15548	2	0.81413
15550	1	0.814132
15552	2	0.814135
15571	5	0.814142
15572	2	0.814145
15573	7	0.814155
15574	1	0.814157
15575	5	0.814164
15576	2	0.814167
15578	5	0.814174
15579	9	0.814188
15580	11	0.814204
15581	11	0.81422
15582	1	0.814221
15583	2	0.814224
15584	1	0.814226
15585	1	0.814227
15586	13	0.814246
15587	3	0.814251
15588	2	0.814254
15599	1	0.814255
15609	1	0.814257
15619	1	0.814258
15636	3	0.814263
15673	1	0.814264
15678	1	0.814266
15686	1	0.814267
15716	2	0.81427
15727	1	0.814271
15729	1	0.814273
15730	1	0.814274
15731	1	0.814276
15732	2	0.814279
15734	2	0.814282
15737	1	0.814283
15738	2	0.814286
15745	4	0.814292
15746	1	0.814294
15747	1	0.814295
15750	1	0.814297
15751	1	0.814298
15752	4	0.814304
15755	1	0.814305
15762	5	0.814313
15763	5	0.81432
15764	11	0.814336
15765	13	0.814355
15766	9	0.814369
15767	5	0.814376
15771	3	0.81438
15772	2	0.814383
15773	3	0.814388
15774	3	0.814392
15775	3	0.814397
15779	1	0.814398
15787	5	0.814406
15788	6	0.814414
15789	4	0.81442
15790	10	0.814435
15794	2	0.814438
15796	1	0.814439
15797	1	0.814441
15804	1	0.814442
15808	1	0.814444
15809	1	0.814445
15811	2	0.814448
15821	1	0.81445
15823	1	0.814451
15826	5	0.814459
15827	3	0.814463
15829	5	0.81447
15830	2	0.814473
15831	1	0.814475
15832	2	0.814478
15833	1	0.814479
15834	3	0.814484
15835	1	0.814485
15839	2	0.814488
15840	1	0.814489
15842	9	0.814503
15843	4	0.814509
15844	3	0.814513
15845	2	0.814516
15846	4	0.814522
15847	1	0.814523
15848	2	0.814526
15849	2	0.814529
15850	4	0.814535
15852	1	0.814537
15859	2	0.81454
15862	1	0.814541
15869	1	0.814542
15874	1	0.814544
15875	1	0.814545
15877	1	0.814547
15881	1	0.814548
15885	1	0.81455
15916	1	0.814551
15920	1	0.814553
15929	1	0.814554
15939	1	0.814556
15946	1	0.814557
15951	6	0.814566
15963	2	0.814569
15965	1	0.81457
15970	1	0.814572
15977	1	0.814573
15979	1	0.814575
15981	1	0.814576
15982	1	0.814578
15994	1	0.814579
15995	1	0.814581
15998	3	0.814585
16006	1	0.814587
16008	2	0.81459
16009	1	0.814591
16010	2	0.814594
16011	6	0.814603
16012	1	0.814604
16013	3	0.814609
16014	3	0.814613
16015	1	0.814615
16020	1	0.814616
16028	1	0.814618
16029	2	0.814621
16030	2	0.814623
16031	4	0.814629
16032	1	0.814631
16034	2	0.814634
16036	5	0.814641
16038	1	0.814643
16039	1	0.814644
16040	3	0.814649
16041	7	0.814659
16042	20	0.814688
16043	3	0.814693
16044	5	0.8147
16045	3	0.814704
16046	22	0.814737
16047	6	0.814746
16049	19	0.814774
16050	10	0.814788
16052	4	0.814794
16055	9	0.814808
16056	2	0.814811
16057	1	0.814812
16058	5	0.814819
16059	3	0.814824
16061	3	0.814828
16062	4	0.814834
16063	1	0.814836
16065	9	0.814849
16068	2	0.814852
16070	4	0.814858
16072	4	0.814864
16073	15	0.814886
16075	1	0.814887
16077	2	0.81489
16078	3	0.814894
16079	2	0.814897
16080	3	0.814902
16082	2	0.814905
16083	1	0.814906
16084	7	0.814917
16090	1	0.814918
16091	1	0.814919
16092	1	0.814921
16093	5	0.814928
16094	6	0.814937
16095	4	0.814943
16096	2	0.814946
16097	2	0.814949
16099	7	0.814959
16100	7	0.81497
16101	6	0.814978
16102	3	0.814983
16103	2	0.814986
16104	1	0.814987
16105	2	0.81499
16108	6	0.814999
16109	1	0.815
16110	4	0.815006
16111	4	0.815012
16112	1	0.815014
16113	1	0.815015
16114	7	0.815026
16115	1	0.815027
16116	3	0.815031
16117	5	0.815039
16118	1	0.81504
16119	9	0.815054
16120	4	0.815059
16121	3	0.815064
16123	2	0.815067
16125	8	0.815079
16126	4	0.815084
16127	2	0.815087
16128	1	0.815089
16130	1	0.81509
16131	1	0.815092
16132	9	0.815105
16133	1	0.815107
16135	3	0.815111
16136	4	0.815117
16138	1	0.815118
16139	2	0.815121
16140	1	0.815123
16142	1	0.815124
16143	3	0.815129
16144	11	0.815145
16145	19	0.815173
16146	2	0.815176
16147	2	0.815179
16148	8	0.81519
16151	1	0.815192
16161	1	0.815193
16163	2	0.815196
16164	7	0.815207
16165	11	0.815223
16166	18	0.815249
16167	10	0.815264
16168	24	0.815299
16169	4	0.815305
16170	5	0.815313
16171	9	0.815326
16172	6	0.815335
16173	4	0.815341
16174	6	0.81535
16175	22	0.815382
16176	40	0.815441
16177	7	0.815451
16178	1	0.815453
16180	1	0.815454
16181	14	0.815475
16187	1	0.815476
16188	2	0.815479
16189	2	0.815482
16190	13	0.815501
16192	5	0.815509
16193	4	0.815514
16194	2	0.815517
16195	10	0.815532
16196	3	0.815537
16198	5	0.815544
16199	10	0.815559
16200	3	0.815563
16201	1	0.815565
16205	1	0.815566
16206	1	0.815567
16207	4	0.815573
16208	3	0.815578
16209	1	0.815579
16210	2	0.815582
16213	3	0.815587
16214	4	0.815593
16215	16	0.815616
16216	13	0.815635
16217	2	0.815638
16218	1	0.81564
16219	1	0.815641
16221	9	0.815654
16223	8	0.815666
16224	15	0.815688
16225	16	0.815712
16226	13	0.815731
16227	1	0.815732
16228	12	0.81575
16229	2	0.815753
16230	6	0.815762
16231	2	0.815765
16232	4	0.815771
16233	5	0.815778
16234	10	0.815793
16235	5	0.8158
16237	11	0.815816
16238	2	0.815819
16239	2	0.815822
16240	3	0.815827
16241	17	0.815852
16242	13	0.815871
16243	8	0.815883
16244	1	0.815884
16245	6	0.815893
16246	3	0.815897
16247	3	0.815902
16248	1	0.815903
16251	12	0.815921
16253	11	0.815937
16255	16	0.815961
16256	1	0.815962
16257	52	0.816039
16258	4	0.816045
16259	16	0.816068
16261	14	0.816089
16262	1	0.81609
16264	6	0.816099
16265	4	0.816105
16266	14	0.816126
16267	2	0.816129
16268	7	0.816139
16271	9	0.816152
16272	8	0.816164
16273	22	0.816196
16274	28	0.816238
16275	34	0.816288
16276	8	0.816299
16277	2	0.816302
16278	10	0.816317
16280	3	0.816322
16281	3	0.816326
16287	2	0.816329
16290	1	0.81633
16292	17	0.816355
16294	8	0.816367
16295	2	0.81637
16297	9	0.816383
16298	1	0.816385
16299	20	0.816414
16300	2	0.816417
16301	11	0.816433
16302	17	0.816458
16303	9	0.816472
16304	36	0.816525
16305	23	0.816559
16306	31	0.816604
16307	3	0.816609
16308	24	0.816644
16309	1	0.816646
16311	7	0.816656
16312	3	0.81666
16313	3	0.816665
16314	13	0.816684
16315	6	0.816693
16316	1	0.816694
16317	2	0.816697
16318	1	0.816699
16320	2	0.816701
16321	2	0.816704
16322	8	0.816716
16323	1	0.816718
16324	3	0.816722
16326	5	0.816729
16327	13	0.816749
16328	1	0.81675
16330	2	0.816753
16331	1	0.816754
16332	1	0.816756
16333	1	0.816757
16335	1	0.816759
16337	7	0.816769
16339	2	0.816772
16340	4	0.816778
16343	1	0.81678
16344	2	0.816782
16345	18	0.816809
16346	10	0.816824
16347	1	0.816825
16351	4	0.816831
16352	1	0.816833
16353	4	0.816838
16354	1	0.81684
16355	3	0.816844
16356	5	0.816852
16357	5	0.816859
16358	7	0.816869
16359	2	0.816872
16360	6	0.816881
16361	1	0.816883
16362	1	0.816884
16363	1	0.816886
16366	1	0.816887
16373	2	0.81689
16374	1	0.816891
16378	1	0.816893
16380	1	0.816894
16381	1	0.816896
16382	1	0.816897
16383	3	0.816902
16384	4	0.816908
16386	1	0.816909
16394	6	0.816918
16395	1	0.816919
16400	3	0.816924
16401	2	0.816927
16402	4	0.816933
16403	1	0.816934
16404	19	0.816962
16405	1	0.816964
16406	2	0.816967
16407	1	0.816968
16408	2	0.816971
16409	2	0.816974
16410	2	0.816977
16411	5	0.816984
16412	9	0.816997
16413	3	0.817002
16416	10	0.817017
16418	8	0.817028
16419	1	0.81703
16420	6	0.817039
16421	3	0.817043
16423	5	0.817051
16424	1	0.817052
16425	1	0.817053
16427	4	0.817059
16428	1	0.817061
16429	2	0.817064
16430	1	0.817065
16431	4	0.817071
16432	2	0.817074
16433	2	0.817077
16434	1	0.817078
16435	2	0.817081
16436	1	0.817083
16437	1	0.817084
16438	1	0.817086
16440	2	0.817089
16441	2	0.817092
16442	3	0.817096
16443	5	0.817104
16444	4	0.817109
16445	2	0.817112
16446	8	0.817124
16447	2	0.817127
16448	4	0.817133
16450	2	0.817136
16454	1	0.817137
16455	2	0.81714
16456	1	0.817142
16458	2	0.817145
16459	4	0.817151
16460	4	0.817157
16461	2	0.817159
16462	2	0.817162
16463	2	0.817165
16464	9	0.817179
16465	1	0.81718
16466	2	0.817183
16468	1	0.817185
16470	11	0.817201
16471	25	0.817238
16472	45	0.817304
16473	27	0.817344
16474	8	0.817355
16475	17	0.81738
16476	6	0.817389
16477	4	0.817395
16478	16	0.817419
16479	8	0.81743
16480	6	0.817439
16481	3	0.817444
16482	6	0.817453
16483	6	0.817461
16484	1	0.817463
16485	3	0.817467
16486	2	0.81747
16487	1	0.817472
16488	4	0.817478
16489	2	0.817481
16490	3	0.817485
16491	18	0.817511
16492	1	0.817513
16495	3	0.817517
16497	5	0.817525
16500	1	0.817526
16501	1	0.817528
16502	2	0.817531
16504	3	0.817535
16505	1	0.817537
16506	2	0.817539
16507	4	0.817545
16509	2	0.817548
16511	2	0.817551
16512	1	0.817553
16524	1	0.817554
16526	1	0.817556
16529	8	0.817567
16530	3	0.817572
16531	52	0.817648
16532	33	0.817697
16533	19	0.817725
16534	11	0.817741
16535	31	0.817787
16536	8	0.817799
16537	26	0.817837
16538	1	0.817838
16539	1	0.81784
16541	2	0.817843
16542	6	0.817852
16543	5	0.817859
16544	14	0.81788
16545	6	0.817888
16546	5	0.817896
16547	48	0.817967
16548	19	0.817995
16551	3	0.817999
16553	29	0.818042
16554	13	0.818061
16555	20	0.81809
16556	34	0.81814
16557	34	0.81819
16558	3	0.818195
16559	8	0.818207
16563	2	0.81821
16565	6	0.818218
16566	1	0.81822
16567	2	0.818223
16568	4	0.818229
16569	14	0.818249
16570	7	0.81826
16571	3	0.818264
16572	9	0.818277
16573	5	0.818285
16574	3	0.818289
16575	5	0.818296
16576	1	0.818298
16577	1	0.818299
16579	1	0.818301
16580	6	0.81831
16581	13	0.818329
16582	21	0.81836
16583	20	0.818389
16584	3	0.818394
16585	5	0.818401
16586	2	0.818404
16591	1	0.818405
16599	5	0.818413
16600	3	0.818417
16601	3	0.818422
16602	2	0.818425
16603	10	0.818439
16604	2	0.818442
16605	3	0.818447
16606	4	0.818453
16608	3	0.818457
16609	22	0.818489
16610	3	0.818494
16611	13	0.818513
16612	50	0.818587
16613	13	0.818606
16615	2	0.818609
16616	2	0.818612
16620	1	0.818613
16621	2	0.818616
16624	2	0.818619
16625	1	0.81862
16626	3	0.818625
16627	1	0.818626
16628	1	0.818628
16630	2	0.818631
16631	6	0.81864
16632	4	0.818645
16633	6	0.818654
16635	10	0.818669
16636	3	0.818673
16637	14	0.818694
16638	26	0.818732
16639	2	0.818735
16640	6	0.818744
16641	3	0.818749
16642	4	0.818754
16643	25	0.818791
16644	20	0.818821
16645	23	0.818855
16646	17	0.81888
16647	77	0.818993
16648	3	0.818997
16649	24	0.819033
16650	6	0.819042
16651	2	0.819045
16652	2	0.819048
16653	11	0.819064
16654	8	0.819075
16655	20	0.819105
16656	5	0.819112
16657	15	0.819134
16658	20	0.819164
16659	28	0.819205
16660	15	0.819227
16661	13	0.819246
16662	42	0.819308
16663	21	0.819339
16664	6	0.819348
16665	8	0.81936
16666	20	0.819389
16667	5	0.819397
16668	8	0.819408
16669	11	0.819425
16670	3	0.819429
16671	5	0.819436
16672	6	0.819445
16673	5	0.819453
16674	17	0.819478
16675	3	0.819482
16676	6	0.819491
16677	2	0.819494
16678	10	0.819508
16680	2	0.819511
16681	4	0.819517
16682	2	0.81952
16683	2	0.819523
16686	5	0.819531
16687	4	0.819536
16689	1	0.819538
16690	7	0.819548
16691	9	0.819561
16692	2	0.819564
16693	17	0.819589
16694	21	0.81962
16695	23	0.819654
16696	18	0.819681
16697	29	0.819723
16698	7	0.819734
16699	11	0.81975
16700	7	0.81976
16701	18	0.819787
16702	6	0.819796
16703	4	0.819802
16704	36	0.819855
16705	17	0.81988
16706	34	0.81993
16707	15	0.819952
16708	9	0.819965
16709	7	0.819975
16710	3	0.81998
16711	1	0.819981
16712	3	0.819986
16713	9	0.819999
16714	1	0.82
16715	4	0.820006
16718	6	0.820015
16719	6	0.820024
16720	1	0.820025
16721	3	0.82003
16722	9	0.820043
16724	6	0.820052
16725	7	0.820062
16726	6	0.820071
16727	1	0.820073
16728	2	0.820075
16729	2	0.820078
16732	8	0.82009
16733	8	0.820102
16734	2	0.820105
16736	1	0.820106
16737	4	0.820112
16738	9	0.820126
16739	4	0.820131
16740	20	0.820161
16741	57	0.820245
16742	38	0.820301
16743	19	0.820329
16744	24	0.820364
16745	9	0.820377
16746	7	0.820388
16747	9	0.820401
16748	18	0.820427
16749	42	0.820489
16750	16	0.820513
16751	47	0.820582
16752	30	0.820626
16753	21	0.820657
16754	23	0.820691
16755	44	0.820756
16756	12	0.820774
16757	38	0.820829
16758	53	0.820908
16759	22	0.82094
16760	15	0.820962
16761	44	0.821027
16762	3	0.821031
16763	10	0.821046
16764	3	0.82105
16765	2	0.821053
16766	14	0.821074
16767	32	0.821121
16768	44	0.821186
16769	88	0.821315
16770	43	0.821379
16771	26	0.821417
16772	14	0.821438
16773	7	0.821448
16774	19	0.821476
16775	21	0.821507
16776	48	0.821578
16777	11	0.821594
16778	10	0.821609
16779	8	0.82162
16780	5	0.821628
16782	1	0.821629
16783	51	0.821704
16784	2	0.821707
16785	6	0.821716
16786	20	0.821746
16787	15	0.821768
16788	3	0.821772
16790	1	0.821774
16791	1	0.821775
16792	7	0.821785
16793	6	0.821794
16794	4	0.8218
16795	5	0.821807
16796	10	0.821822
16797	56	0.821905
16798	14	0.821925
16799	15	0.821947
16800	89	0.822078
16801	41	0.822139
16802	15	0.822161
16803	9	0.822174
16804	12	0.822192
16805	21	0.822223
16806	27	0.822262
16807	1	0.822264
16808	2	0.822267
16809	2	0.82227
16810	10	0.822285
16811	6	0.822293
16812	21	0.822324
16813	25	0.822361
16814	27	0.822401
16815	4	0.822407
16816	3	0.822411
16817	16	0.822435
16818	7	0.822445
16819	56	0.822528
16820	9	0.822541
16821	29	0.822583
16822	12	0.822601
16823	2	0.822604
16824	20	0.822634
16825	14	0.822654
16826	4	0.82266
16827	4	0.822666
16828	8	0.822678
16829	14	0.822698
16830	5	0.822706
16831	22	0.822738
16832	7	0.822748
16833	6	0.822757
16834	5	0.822765
16835	3	0.822769
16836	8	0.822781
16837	7	0.822791
16838	22	0.822824
16839	18	0.82285
16840	3	0.822854
16841	1	0.822856
16842	7	0.822866
16843	6	0.822875
16844	20	0.822905
16845	11	0.822921
16846	7	0.822931
16847	2	0.822934
16848	1	0.822935
16849	1	0.822937
16850	15	0.822959
16851	6	0.822968
16852	14	0.822988
16853	19	0.823016
16854	5	0.823024
16855	10	0.823039
16856	2	0.823042
16857	2	0.823044
16858	3	0.823049
16860	3	0.823053
16861	2	0.823056
16862	7	0.823067
16863	4	0.823072
16864	11	0.823089
16865	39	0.823146
16866	39	0.823204
16867	6	0.823212
16868	4	0.823218
16870	3	0.823223
16872	2	0.823226
16873	6	0.823234
16874	8	0.823246
16875	2	0.823249
16876	4	0.823255
16877	6	0.823264
16878	3	0.823268
16879	6	0.823277
16880	10	0.823292
16881	2	0.823295
16882	7	0.823305
16883	2	0.823308
16884	2	0.823311
16885	7	0.823321
16886	1	0.823323
16888	3	0.823327
16891	6	0.823336
16892	1	0.823338
16894	6	0.823346
16895	2	0.823349
16896	9	0.823363
16897	1	0.823364
16898	2	0.823367
16901	1	0.823368
16903	8	0.82338
16904	11	0.823396
16905	2	0.823399
16906	18	0.823426
16907	5	0.823433
16908	7	0.823444
16909	15	0.823466
16910	15	0.823488
16911	8	0.8235
16912	9	0.823513
16913	8	0.823525
16914	6	0.823533
16915	9	0.823547
16916	2	0.82355
16917	10	0.823564
16918	8	0.823576
16919	1	0.823578
16920	6	0.823586
16921	1	0.823588
16922	1	0.823589
16923	2	0.823592
16925	3	0.823597
16926	2	0.8236
16927	5	0.823607
16928	2	0.82361
16929	4	0.823616
16930	2	0.823619
16931	2	0.823622
16932	2	0.823625
16933	4	0.823631
16934	6	0.823639
16936	1	0.823641
16937	3	0.823645
16938	1	0.823647
16939	3	0.823651
16940	1	0.823653
16942	5	0.82366
16943	4	0.823666
16944	6	0.823675
16945	6	0.823684
16946	66	0.823781
16947	16	0.823804
16948	31	0.82385
16949	5	0.823857
16950	7	0.823868
16951	1	0.823869
16952	2	0.823872
16953	3	0.823877
16955	2	0.823879
16957	5	0.823887
16958	2	0.82389
16959	3	0.823894
16960	3	0.823899
16961	8	0.82391
16962	13	0.82393
16963	15	0.823952
16964	1	0.823953
16968	1	0.823955
16969	2	0.823958
16970	1	0.823959
16974	3	0.823963
16975	4	0.823969
16976	7	0.82398
16977	3	0.823984
16978	5	0.823991
16979	1	0.823993
16980	3	0.823997
16981	1	0.823999
16987	6	0.824008
16990	4	0.824014
16991	3	0.824018
16995	7	0.824028
16996	1	0.82403
16997	2	0.824033
16998	4	0.824039
16999	12	0.824056
17000	22	0.824089
17001	8	0.8241
17002	2	0.824103
17003	8	0.824115
17004	10	0.82413
17006	4	0.824136
17009	1	0.824137
17011	1	0.824139
17013	1	0.82414
17015	1	0.824142
17018	6	0.82415
17019	4	0.824156
17021	1	0.824158
17023	1	0.824159
17024	4	0.824165
17025	2	0.824168
17026	2	0.824171
17027	5	0.824178
17028	2	0.824181
17029	7	0.824192
17030	1	0.824193
17031	4	0.824199
17032	2	0.824202
17033	3	0.824206
17034	1	0.824208
17036	1	0.824209
17037	2	0.824212
17038	2	0.824215
17039	11	0.824231
17040	3	0.824236
17042	4	0.824242
17043	4	0.824248
17044	3	0.824252
17045	12	0.82427
17046	4	0.824276
17047	4	0.824282
17048	3	0.824286
17049	8	0.824298
17050	19	0.824326
17051	1	0.824327
17052	2	0.82433
17054	5	0.824337
17055	10	0.824352
17056	19	0.82438
17057	6	0.824389
17058	3	0.824393
17059	4	0.824399
17062	24	0.824435
17063	12	0.824452
17064	42	0.824514
17065	57	0.824598
17066	23	0.824632
17067	21	0.824663
17068	34	0.824713
17069	23	0.824747
17070	31	0.824793
17071	39	0.82485
17072	44	0.824915
17073	22	0.824947
17074	24	0.824983
17075	53	0.825061
17076	34	0.825111
17077	9	0.825124
17078	10	0.825139
17079	19	0.825167
17080	7	0.825177
17081	1	0.825178
17082	11	0.825195
17083	4	0.825201
17084	16	0.825224
17085	32	0.825271
17086	19	0.825299
17087	7	0.825309
17088	42	0.825371
17089	62	0.825463
17090	17	0.825488
17091	14	0.825508
17092	5	0.825516
17093	75	0.825626
17094	15	0.825648
17095	9	0.825661
17096	22	0.825694
17097	18	0.82572
17098	10	0.825735
17099	8	0.825747
17100	8	0.825759
17101	1	0.82576
17102	1	0.825762
17103	1	0.825763
17104	8	0.825775
17105	11	0.825791
17107	3	0.825795
17108	3	0.8258
17109	4	0.825806
17110	8	0.825818
17111	20	0.825847
17112	2	0.82585
17113	6	0.825859
17114	1	0.82586
17115	3	0.825865
17116	4	0.825871
17117	11	0.825887
17118	8	0.825899
17119	11	0.825915
17120	11	0.825931
17121	4	0.825937
17122	5	0.825944
17124	2	0.825947
17125	4	0.825953
17130	5	0.82596
17131	1	0.825962
17134	1	0.825963
17136	2	0.825966
17137	2	0.825969
17140	5	0.825977
17141	14	0.825997
17142	4	0.826003
17143	27	0.826043
17144	2	0.826046
17145	2	0.826049
17146	6	0.826058
17147	4	0.826064
17148	3	0.826068
17149	1	0.826069
17151	2	0.826072
17153	2	0.826075
17154	4	0.826081
17155	12	0.826099
17157	8	0.826111
17159	1	0.826112
17167	15	0.826134
17171	1	0.826136
17175	4	0.826142
17179	4	0.826147
17181	1	0.826149
17182	7	0.826159
17183	1	0.826161
17184	1	0.826162
17185	1	0.826164
17186	1	0.826165
17188	16	0.826189
17189	15	0.826211
17190	2	0.826214
17195	1	0.826215
17196	1	0.826217
17199	1	0.826218
17201	1	0.82622
17202	19	0.826248
17203	3	0.826252
17204	6	0.826261
17205	2	0.826264
17206	2	0.826267
17208	4	0.826273
17209	6	0.826281
17210	2	0.826284
17212	1	0.826286
17213	2	0.826289
17214	1	0.82629
17215	5	0.826298
17216	1	0.826299
17217	2	0.826302
17219	1	0.826304
17220	10	0.826318
17222	3	0.826323
17223	1	0.826324
17224	1	0.826326
17225	2	0.826329
17229	1	0.82633
17232	3	0.826335
17233	9	0.826348
17235	14	0.826368
17236	2	0.826371
17237	14	0.826392
17238	7	0.826402
17239	1	0.826404
17240	15	0.826426
17241	7	0.826436
17242	25	0.826473
17243	31	0.826519
17244	34	0.826569
17245	1	0.82657
17246	4	0.826576
17247	3	0.82658
17249	6	0.826589
17250	2	0.826592
17251	9	0.826605
17252	15	0.826628
17253	3	0.826632
17255	1	0.826633
17256	1	0.826635
17257	1	0.826636
17260	2	0.826639
17261	24	0.826675
17262	4	0.826681
17263	8	0.826692
17264	3	0.826697
17265	5	0.826704
17266	28	0.826745
17267	11	0.826762
17269	8	0.826773
17270	10	0.826788
17271	8	0.8268
17273	3	0.826804
17274	7	0.826815
17276	2	0.826818
17277	1	0.826819
17281	11	0.826835
17282	1	0.826837
17285	7	0.826847
17287	1	0.826848
17288	2	0.826851
17289	1	0.826853
17291	9	0.826866
17292	52	0.826943
17293	7	0.826953
17294	17	0.826978
17295	18	0.827005
17296	10	0.827019
17297	4	0.827025
17299	2	0.827028
17300	6	0.827037
17301	9	0.82705
17302	1	0.827052
17303	2	0.827055
17305	4	0.827061
17306	5	0.827068
17307	1	0.827069
17308	1	0.827071
17313	2	0.827074
17316	1	0.827075
17317	4	0.827081
17318	1	0.827083
17320	10	0.827097
17321	5	0.827105
17322	3	0.827109
17323	4	0.827115
17324	1	0.827117
17325	12	0.827134
17326	21	0.827165
17327	6	0.827174
17328	9	0.827187
17329	30	0.827231
17330	16	0.827255
17331	6	0.827264
17332	6	0.827273
17333	3	0.827277
17334	1	0.827279
17335	1	0.82728
17336	9	0.827293
17337	12	0.827311
17338	19	0.827339
17339	38	0.827395
17340	63	0.827488
17341	9	0.827501
17342	6	0.82751
17343	3	0.827514
17344	3	0.827519
17345	6	0.827527
17346	25	0.827564
17347	3	0.827569
17348	25	0.827605
17349	3	0.82761
17350	28	0.827651
17351	45	0.827717
17352	24	0.827753
17356	1	0.827754
17358	2	0.827757
17360	1	0.827759
17362	1	0.82776
17363	5	0.827767
17366	1	0.827769
17368	2	0.827772
17369	3	0.827776
17370	3	0.827781
17371	3	0.827785
17374	4	0.827791
17375	5	0.827798
17377	3	0.827803
17378	4	0.827809
17381	2	0.827812
17382	1	0.827813
17383	6	0.827822
17384	2	0.827825
17385	3	0.827829
17386	24	0.827865
17387	24	0.8279
17388	11	0.827916
17389	5	0.827924
17390	23	0.827957
17391	20	0.827987
17392	17	0.828012
17393	51	0.828087
17394	28	0.828128
17395	6	0.828137
17396	11	0.828153
17397	6	0.828162
17398	1	0.828164
17399	9	0.828177
17400	1	0.828178
17403	1	0.82818
17404	2	0.828183
17405	3	0.828187
17406	3	0.828192
17407	1	0.828193
17408	2	0.828196
17409	1	0.828197
17410	5	0.828205
17411	2	0.828208
17412	1	0.828209
17413	4	0.828215
17414	6	0.828224
17415	11	0.82824
17416	23	0.828274
17417	6	0.828283
17418	8	0.828295
17419	8	0.828306
17420	4	0.828312
17421	2	0.828315
17422	21	0.828346
17423	1	0.828348
17424	1	0.828349
17425	6	0.828358
17426	3	0.828362
17427	5	0.82837
17428	1	0.828371
17429	24	0.828407
17430	2	0.82841
17431	2	0.828413
17432	5	0.82842
17433	5	0.828427
17435	5	0.828435
17436	11	0.828451
17437	3	0.828455
17438	7	0.828466
17439	11	0.828482
17440	2	0.828485
17441	6	0.828494
17443	3	0.828498
17444	1	0.828499
17446	2	0.828502
17447	3	0.828507
17448	1	0.828508
17449	2	0.828511
17450	1	0.828513
17451	1	0.828514
17452	4	0.82852
17455	3	0.828524
17456	4	0.82853
17457	4	0.828536
17458	1	0.828538
17459	1	0.828539
17460	1	0.828541
17463	1	0.828542
17464	2	0.828545
17465	2	0.828548
17467	5	0.828555
17468	19	0.828583
17469	4	0.828589
17470	23	0.828623
17471	4	0.828629
17472	19	0.828657
17473	7	0.828667
17474	9	0.828681
17476	4	0.828686
17477	3	0.828691
17478	2	0.828694
17479	8	0.828706
17480	6	0.828714
17481	2	0.828717
17482	14	0.828738
17483	13	0.828757
17484	3	0.828762
17485	1	0.828763
17486	5	0.82877
17487	8	0.828782
17488	8	0.828794
17489	9	0.828807
17490	8	0.828819
17491	18	0.828845
17492	2	0.828848
17493	7	0.828859
17494	5	0.828866
17496	15	0.828888
17497	13	0.828907
17498	17	0.828932
17499	58	0.829018
17500	59	0.829105
17501	25	0.829141
17502	3	0.829146
17503	3	0.82915
17504	4	0.829156
17505	4	0.829162
17506	7	0.829172
17508	10	0.829187
17509	14	0.829208
17510	2	0.829211
17511	4	0.829217
17512	4	0.829222
17513	2	0.829225
17515	2	0.829228
17518	1	0.82923
17519	6	0.829239
17520	2	0.829242
17521	5	0.829249
17522	3	0.829253
17523	1	0.829255
17525	4	0.829261
17526	2	0.829264
17527	4	0.82927
17529	2	0.829273
17530	16	0.829296
17531	2	0.829299
17534	1	0.829301
17535	1	0.829302
17538	1	0.829303
17544	1	0.829305
17552	1	0.829306
17553	1	0.829308
17557	2	0.829311
17558	1	0.829312
17574	3	0.829317
17575	1	0.829318
17577	2	0.829321
17578	1	0.829323
17611	2	0.829326
17612	1	0.829327
17617	1	0.829329
17621	2	0.829331
17623	2	0.829334
17625	1	0.829336
17628	1	0.829337
17630	1	0.829339
17642	1	0.82934
17646	2	0.829343
17650	1	0.829345
17652	5	0.829352
17655	1	0.829354
17656	3	0.829358
17657	1	0.829359
17664	1	0.829361
17668	2	0.829364
17674	1	0.829365
17680	1	0.829367
17681	1	0.829368
17686	1	0.82937
17687	1	0.829371
17688	5	0.829379
17689	1	0.82938
17691	4	0.829386
17692	7	0.829396
17693	7	0.829407
17695	2	0.82941
17696	7	0.82942
17697	3	0.829424
17698	1	0.829426
17700	3	0.82943
17702	3	0.829435
17703	4	0.82944
17704	2	0.829443
17705	1	0.829445
17706	1	0.829446
17707	10	0.829461
17708	2	0.829464
17709	8	0.829476
17710	25	0.829513
17711	24	0.829548
17712	11	0.829564
17713	56	0.829647
17714	5	0.829654
17715	18	0.829681
17717	1	0.829682
17718	4	0.829688
17719	2	0.829691
17720	5	0.829698
17721	3	0.829703
17722	4	0.829708
17723	68	0.829809
17724	10	0.829823
17725	16	0.829847
17726	9	0.82986
17728	2	0.829863
17729	5	0.82987
17730	5	0.829878
17731	15	0.8299
17732	2	0.829903
17734	5	0.82991
17735	2	0.829913
17736	4	0.829919
17738	2	0.829922
17739	1	0.829924
17740	9	0.829937
17742	2	0.82994
17751	1	0.829941
17757	4	0.829947
17759	2	0.82995
17765	3	0.829954
17767	1	0.829956
17768	2	0.829959
17770	1	0.82996
17772	2	0.829963
17775	1	0.829965
17782	2	0.829968
17785	1	0.829969
17788	1	0.829971
17790	4	0.829977
17791	3	0.829981
17796	1	0.829982
17799	1	0.829984
17804	3	0.829988
17806	1	0.82999
17808	2	0.829993
17814	1	0.829994
17815	1	0.829996
17816	1	0.829997
17817	2	0.83
17818	2	0.830003
17819	1	0.830005
17820	1	0.830006
17822	1	0.830007
17823	2	0.83001
17824	1	0.830012
17825	9	0.830025
17826	3	0.83003
17829	1	0.830031
17830	3	0.830035
17834	1	0.830037
17836	1	0.830038
17837	1	0.83004
17840	1	0.830041
17842	1	0.830043
17847	3	0.830047
17848	2	0.83005
17849	1	0.830052
17850	2	0.830055
17857	4	0.83006
17858	1	0.830062
17860	1	0.830063
17861	1	0.830065
17862	4	0.830071
17863	5	0.830078
17864	5	0.830086
17865	6	0.830094
17866	7	0.830105
17867	2	0.830108
17868	4	0.830113
17869	3	0.830118
17871	3	0.830122
17872	7	0.830133
17873	4	0.830139
17874	9	0.830152
17875	10	0.830167
17876	4	0.830172
17877	2	0.830175
17878	16	0.830199
17879	9	0.830212
17880	5	0.83022
17881	3	0.830224
17882	10	0.830239
17883	2	0.830242
17885	1	0.830243
17886	3	0.830248
17887	2	0.83025
17889	1	0.830252
17892	3	0.830256
17893	4	0.830262
17895	8	0.830274
17896	9	0.830287
17897	3	0.830292
17898	3	0.830296
17899	2	0.830299
17900	3	0.830303
17901	5	0.830311
17902	5	0.830318
17903	3	0.830323
17904	7	0.830333
17908	4	0.830339
17909	1	0.83034
17910	4	0.830346
17911	2	0.830349
17912	2	0.830352
17913	11	0.830368
17914	5	0.830376
17915	9	0.830389
17916	15	0.830411
17917	5	0.830418
17918	7	0.830429
17919	9	0.830442
17920	6	0.830451
17921	23	0.830485
17922	6	0.830493
17923	15	0.830516
17924	11	0.830532
17925	3	0.830536
17926	1	0.830538
17927	2	0.830541
17928	3	0.830545
17929	1	0.830546
17930	1	0.830548
17931	2	0.830551
17933	4	0.830557
17934	1	0.830558
17935	2	0.830561
17936	5	0.830569
17937	16	0.830592
17938	10	0.830607
17939	2	0.83061
17940	6	0.830619
17941	23	0.830653
17942	2	0.830655
17943	4	0.830661
17944	8	0.830673
17945	11	0.830689
17946	8	0.830701
17947	9	0.830714
17948	1	0.830716
17949	7	0.830726
17950	3	0.830731
17951	2	0.830734
17952	10	0.830748
17954	18	0.830775
17957	42	0.830837
17958	5	0.830844
17959	21	0.830875
17960	4	0.830881
17961	20	0.83091
17962	5	0.830918
17963	6	0.830926
17964	2	0.830929
17965	2	0.830932
17966	3	0.830937
17967	1	0.830938
17968	1	0.83094
17970	1	0.830941
17971	1	0.830943
17973	1	0.830944
17980	4	0.83095
17981	16	0.830974
17982	14	0.830994
17983	22	0.831027
17984	7	0.831037
17985	24	0.831072
17986	11	0.831088
17987	15	0.831111
17988	32	0.831158
17989	9	0.831171
17990	3	0.831175
17991	1	0.831177
17992	2	0.83118
17993	3	0.831184
17994	3	0.831189
17995	1	0.83119
17997	1	0.831192
18001	1	0.831193
18002	3	0.831197
18004	1	0.831199
18005	2	0.831202
18006	3	0.831206
18007	1	0.831208
18008	6	0.831217
18009	4	0.831222
18010	10	0.831237
18011	2	0.83124
18012	2	0.831243
18015	6	0.831252
18016	21	0.831283
18019	5	0.83129
18020	3	0.831295
18021	1	0.831296
18022	3	0.8313
18023	3	0.831305
18024	11	0.831321
18025	2	0.831324
18026	1	0.831326
18027	4	0.831331
18028	1	0.831333
18029	4	0.831339
18030	7	0.831349
18031	7	0.831359
18032	7	0.83137
18033	17	0.831395
18035	1	0.831396
18036	2	0.831399
18037	12	0.831417
18038	6	0.831426
18039	8	0.831437
18040	3	0.831442
18041	8	0.831454
18042	33	0.831502
18043	6	0.831511
18044	13	0.83153
18045	16	0.831554
18046	13	0.831573
18047	5	0.83158
18048	18	0.831607
18050	3	0.831611
18051	5	0.831619
18052	6	0.831627
18054	7	0.831638
18055	17	0.831663
18056	8	0.831675
18057	2	0.831678
18058	23	0.831711
18059	3	0.831716
18060	13	0.831735
18061	18	0.831761
18062	7	0.831772
18063	6	0.831781
18064	14	0.831801
18065	29	0.831844
18066	4	0.83185
18067	2	0.831853
18068	4	0.831859
18069	13	0.831878
18070	10	0.831893
18073	12	0.83191
18074	16	0.831934
18075	21	0.831965
18076	5	0.831972
18077	12	0.83199
18078	22	0.832022
18079	63	0.832115
18080	15	0.832137
18081	13	0.832156
18082	12	0.832174
18083	5	0.832181
18084	11	0.832197
18085	12	0.832215
18086	4	0.832221
18087	3	0.832225
18088	1	0.832227
18089	13	0.832246
18091	4	0.832252
18092	6	0.832261
18093	4	0.832267
18094	10	0.832281
18095	4	0.832287
18096	1	0.832289
18097	3	0.832293
18098	11	0.832309
18099	9	0.832323
18100	4	0.832328
18101	16	0.832352
18102	7	0.832362
18103	3	0.832367
18104	3	0.832371
18106	2	0.832374
18107	4	0.83238
18108	20	0.832409
18109	7	0.83242
18110	10	0.832434
18112	8	0.832446
18113	24	0.832482
18114	10	0.832496
18115	13	0.832515
18116	24	0.832551
18117	25	0.832588
18118	5	0.832595
18119	32	0.832642
18120	20	0.832672
18121	30	0.832716
18122	19	0.832744
18123	5	0.832751
18124	24	0.832786
18125	6	0.832795
18126	3	0.8328
18127	5	0.832807
18128	1	0.832809
18129	12	0.832826
18130	17	0.832851
18131	6	0.83286
18132	17	0.832885
18133	1	0.832887
18134	30	0.832931
18135	22	0.832963
18136	5	0.832971
18137	17	0.832996
18138	5	0.833003
18139	4	0.833009
18141	1	0.83301
18142	8	0.833022
18143	3	0.833027
18144	1	0.833028
18145	1	0.833029
18146	6	0.833038
18147	10	0.833053
18148	3	0.833057
18149	2	0.83306
18150	4	0.833066
18151	7	0.833077
18152	13	0.833096
18153	4	0.833102
18154	2	0.833105
18155	4	0.83311
18156	7	0.833121
18157	8	0.833133
18158	12	0.83315
18159	7	0.833161
18160	8	0.833172
18161	9	0.833186
18162	13	0.833205
18163	8	0.833216
18164	6	0.833225
18165	5	0.833233
18166	9	0.833246
18167	7	0.833256
18168	10	0.833271
18169	1	0.833272
18170	18	0.833299
18171	18	0.833325
18172	24	0.833361
18173	11	0.833377
18174	2	0.83338
18175	8	0.833392
18176	1	0.833393
18177	1	0.833395
18178	1	0.833396
18179	10	0.833411
18180	5	0.833418
18181	15	0.83344
18182	6	0.833449
18183	3	0.833454
18184	23	0.833487
18186	16	0.833511
18187	13	0.83353
18188	5	0.833538
18189	4	0.833543
18190	7	0.833554
18191	5	0.833561
18192	15	0.833583
18193	3	0.833588
18194	10	0.833602
18195	8	0.833614
18196	14	0.833635
18197	17	0.83366
18198	15	0.833682
18199	10	0.833697
18200	4	0.833702
18201	5	0.83371
18202	7	0.83372
18203	27	0.83376
18204	6	0.833769
18206	4	0.833775
18207	27	0.833814
18208	15	0.833837
18209	23	0.83387
18210	7	0.833881
18211	14	0.833901
18212	35	0.833953
18213	38	0.834009
18214	34	0.834059
18215	15	0.834081
18216	58	0.834166
18217	12	0.834184
18218	4	0.83419
18219	3	0.834194
18220	2	0.834197
18221	5	0.834205
18222	1	0.834206
18223	2	0.834209
18224	4	0.834215
18225	16	0.834239
18226	3	0.834243
18227	11	0.834259
18228	14	0.83428
18229	17	0.834305
18230	22	0.834337
18231	11	0.834353
18232	19	0.834381
18233	17	0.834406
18234	19	0.834434
18235	14	0.834455
18236	18	0.834482
18237	10	0.834496
18238	1	0.834498
18239	8	0.83451
18240	4	0.834515
18241	16	0.834539
18242	3	0.834543
18243	4	0.834549
18244	4	0.834555
18245	13	0.834574
18246	21	0.834605
18247	34	0.834655
18248	19	0.834683
18249	68	0.834783
18250	43	0.834847
18251	18	0.834873
18252	20	0.834903
18253	9	0.834916
18254	17	0.834941
18255	17	0.834966
18256	17	0.834991
18257	21	0.835022
18258	51	0.835097
18259	22	0.83513
18260	47	0.835199
18261	11	0.835215
18262	11	0.835231
18263	126	0.835417
18264	43	0.83548
18265	51	0.835555
18266	21	0.835586
18267	1	0.835588
18268	19	0.835616
18269	12	0.835633
18270	113	0.8358
18271	137	0.836001
18272	21	0.836032
18273	23	0.836066
18274	9	0.836079
18275	11	0.836096
18276	4	0.836102
18277	3	0.836106
18278	21	0.836137
18279	2	0.83614
18280	1	0.836141
18282	2	0.836144
18283	11	0.83616
18284	6	0.836169
18286	12	0.836187
18287	26	0.836225
18288	27	0.836265
18289	3	0.836269
18290	3	0.836274
18291	3	0.836278
18292	1	0.83628
18294	2	0.836283
18295	7	0.836293
18296	1	0.836294
18297	11	0.836311
18298	14	0.836331
18299	4	0.836337
18300	7	0.836347
18301	1	0.836349
18302	2	0.836352
18303	1	0.836353
18305	2	0.836356
18306	6	0.836365
18307	3	0.83637
18308	3	0.836374
18309	2	0.836377
18310	5	0.836384
18311	4	0.83639
18312	5	0.836398
18313	9	0.836411
18314	1	0.836412
18315	15	0.836434
18316	11	0.836451
18317	3	0.836455
18318	5	0.836462
18319	4	0.836468
18320	9	0.836482
18321	3	0.836486
18322	4	0.836492
18324	5	0.836499
18325	3	0.836504
18326	5	0.836511
18327	4	0.836517
18328	2	0.83652
18329	13	0.836539
18330	3	0.836543
18331	11	0.83656
18332	12	0.836577
18333	8	0.836589
18334	12	0.836607
18335	8	0.836618
18336	11	0.836635
18337	29	0.836677
18338	33	0.836726
18339	23	0.83676
18340	52	0.836836
18341	68	0.836937
18342	23	0.83697
18343	7	0.836981
18344	1	0.836982
18345	10	0.836997
18346	7	0.837007
18347	4	0.837013
18348	1	0.837015
18349	1	0.837016
18350	2	0.837019
18351	1	0.837021
18352	13	0.83704
18353	12	0.837057
18354	11	0.837074
18355	18	0.8371
18356	4	0.837106
18357	5	0.837113
18358	4	0.837119
18359	4	0.837125
18360	6	0.837134
18361	5	0.837141
18362	11	0.837157
18363	25	0.837194
18364	13	0.837213
18365	4	0.837219
18366	8	0.837231
18368	9	0.837244
18370	8	0.837256
18371	10	0.837271
18372	3	0.837275
18373	5	0.837283
18374	2	0.837286
18375	2	0.837289
18376	3	0.837293
18377	3	0.837297
18378	1	0.837299
18379	3	0.837303
18380	9	0.837317
18381	3	0.837321
18382	1	0.837322
18384	4	0.837328
18386	7	0.837339
18387	2	0.837342
18388	1	0.837343
18389	6	0.837352
18390	6	0.837361
18391	8	0.837372
18392	5	0.83738
18393	17	0.837405
18394	4	0.837411
18395	3	0.837415
18396	5	0.837423
18397	2	0.837426
18398	1	0.837427
18401	3	0.837431
18402	3	0.837436
18403	6	0.837445
18404	12	0.837462
18405	10	0.837477
18406	2	0.83748
18407	11	0.837496
18408	26	0.837534
18409	13	0.837554
18410	8	0.837565
18411	8	0.837577
18412	5	0.837585
18413	6	0.837593
18414	3	0.837598
18415	14	0.837618
18416	10	0.837633
18417	2	0.837636
18418	11	0.837652
18419	6	0.837661
18420	1	0.837663
18421	40	0.837722
18422	15	0.837744
18423	11	0.83776
18424	9	0.837773
18425	1	0.837775
18426	4	0.83778
18427	14	0.837801
18428	2	0.837804
18429	19	0.837832
18430	10	0.837847
18431	13	0.837866
18432	14	0.837886
18433	23	0.83792
18434	35	0.837972
18435	29	0.838015
18436	4	0.83802
18437	53	0.838099
18438	4	0.838104
18439	15	0.838127
18440	10	0.838141
18442	8	0.838153
18443	2	0.838156
18444	1	0.838157
18445	1	0.838159
18446	3	0.838163
18447	3	0.838168
18448	6	0.838177
18449	6	0.838185
18450	6	0.838194
18451	2	0.838197
18452	4	0.838203
18453	1	0.838205
18454	13	0.838224
18455	6	0.838233
18456	3	0.838237
18457	1	0.838238
18458	8	0.83825
18459	8	0.838262
18460	26	0.8383
18461	14	0.838321
18462	6	0.83833
18463	2	0.838333
18464	8	0.838344
18465	5	0.838352
18466	6	0.838361
18467	1	0.838362
18468	5	0.83837
18469	3	0.838374
18470	7	0.838384
18471	10	0.838399
18472	6	0.838408
18473	15	0.83843
18474	5	0.838437
18475	17	0.838462
18476	6	0.838471
18477	11	0.838487
18478	13	0.838506
18479	16	0.83853
18480	27	0.83857
18481	7	0.83858
18482	7	0.83859
18483	17	0.838615
18484	14	0.838636
18485	11	0.838652
18486	26	0.838691
18487	20	0.83872
18488	21	0.838751
18489	4	0.838757
18490	5	0.838764
18491	20	0.838794
18492	21	0.838825
18493	5	0.838832
18494	20	0.838861
18495	11	0.838878
18496	20	0.838907
18497	24	0.838942
18498	31	0.838988
18499	27	0.839028
18500	19	0.839056
18501	52	0.839132
18502	16	0.839156
18503	16	0.83918
18504	14	0.8392
18505	34	0.83925
18506	23	0.839284
18507	10	0.839299
18508	4	0.839305
18509	1	0.839306
18510	2	0.839309
18511	2	0.839312
18512	18	0.839339
18513	11	0.839355
18514	2	0.839358
18515	2	0.839361
18517	24	0.839396
18518	20	0.839425
18522	2	0.839428
18523	3	0.839433
18524	3	0.839437
18525	6	0.839446
18526	5	0.839453
18527	4	0.839459
18528	2	0.839462
18529	19	0.83949
18530	43	0.839554
18531	3	0.839558
18532	5	0.839565
18535	2	0.839568
18536	2	0.839571
18537	5	0.839579
18538	3	0.839583
18539	9	0.839596
18540	32	0.839643
18541	55	0.839724
18542	17	0.839749
18543	5	0.839757
18544	9	0.83977
18545	7	0.83978
18546	19	0.839808
18547	3	0.839813
18548	3	0.839817
18549	1	0.839819
18550	2	0.839822
18551	3	0.839826
18552	1	0.839828
18553	3	0.839832
18554	3	0.839836
18555	3	0.839841
18556	5	0.839848
18557	2	0.839851
18558	26	0.839889
18559	8	0.839901
18561	4	0.839907
18562	5	0.839914
18563	9	0.839928
18564	8	0.839939
18565	1	0.839941
18566	2	0.839944
18567	10	0.839959
18568	19	0.839987
18569	9	0.84
18570	6	0.840009
18571	4	0.840015
18572	4	0.84002
18573	1	0.840022
18574	4	0.840028
18575	5	0.840035
18576	8	0.840047
18577	2	0.84005
18578	3	0.840054
18579	3	0.840059
18580	5	0.840066
18582	8	0.840078
18583	17	0.840103
18584	10	0.840118
18585	20	0.840147
18586	11	0.840163
18587	4	0.840169
18588	41	0.84023
18589	68	0.84033
18590	2	0.840333
18591	9	0.840346
18592	2	0.840349
18593	4	0.840355
18594	1	0.840356
18595	2	0.840359
18596	5	0.840367
18597	4	0.840372
18599	5	0.84038
18600	3	0.840384
18601	3	0.840389
18602	3	0.840393
18604	4	0.840399
18605	1	0.8404
18617	1	0.840402
18618	2	0.840405
18620	1	0.840406
18621	2	0.840409
18622	2	0.840412
18623	2	0.840415
18624	1	0.840417
18625	1	0.840418
18626	2	0.840421
18627	22	0.840453
18628	6	0.840462
18630	2	0.840465
18631	4	0.840471
18632	2	0.840474
18633	3	0.840478
18635	2	0.840481
18636	3	0.840486
18637	1	0.840487
18639	1	0.840489
18640	2	0.840492
18642	2	0.840495
18643	3	0.840499
18644	1	0.840501
18646	3	0.840505
18647	4	0.840511
18649	1	0.840512
18650	4	0.840518
18654	4	0.840524
18655	1	0.840526
18660	1	0.840527
18661	3	0.840531
18662	10	0.840546
18663	1	0.840548
18664	4	0.840554
18665	5	0.840561
18666	1	0.840562
18668	4	0.840568
18669	1	0.84057
18670	1	0.840571
18671	12	0.840589
18672	3	0.840593
18673	4	0.840599
18674	2	0.840602
18675	2	0.840605
18677	9	0.840618
18678	3	0.840623
18679	6	0.840632
18680	6	0.84064
18681	4	0.840646
18682	7	0.840657
18683	68	0.840757
18684	27	0.840797
18685	58	0.840882
18686	6	0.840891
18687	1	0.840892
18688	3	0.840897
18689	3	0.840901
18690	1	0.840903
18693	5	0.84091
18694	2	0.840913
18695	1	0.840914
18697	5	0.840922
18698	3	0.840926
18699	2	0.840929
18700	1	0.840931
18702	1	0.840932
18703	2	0.840935
18704	5	0.840942
18705	2	0.840945
18706	2	0.840948
18708	4	0.840954
18709	4	0.84096
18710	5	0.840967
18711	3	0.840972
18712	1	0.840973
18713	5	0.840981
18714	1	0.840982
18715	6	0.840991
18716	6	0.841
18717	3	0.841004
18718	1	0.841006
18719	5	0.841013
18720	2	0.841016
18721	1	0.841017
18722	1	0.841019
18723	3	0.841023
18724	1	0.841025
18725	7	0.841035
18726	3	0.84104
18727	5	0.841047
18728	3	0.841051
18729	6	0.84106
18730	14	0.841081
18731	7	0.841091
18732	5	0.841098
18735	1	0.8411
18736	5	0.841107
18737	8	0.841119
18738	4	0.841125
18739	3	0.841129
18740	3	0.841134
18741	8	0.841146
18742	6	0.841154
18743	3	0.841159
18744	1	0.84116
18745	1	0.841162
18746	6	0.841171
18747	10	0.841185
18748	10	0.8412
18749	6	0.841209
18750	2	0.841212
18751	1	0.841213
18752	2	0.841216
18753	3	0.841221
18754	6	0.84123
18755	5	0.841237
18756	2	0.84124
18757	3	0.841244
18758	1	0.841246
18759	7	0.841256
18760	2	0.841259
18761	4	0.841265
18763	2	0.841268
18764	3	0.841272
18765	6	0.841281
18766	1	0.841283
18767	1	0.841284
18769	1	0.841286
18770	2	0.841288
18771	3	0.841293
18772	9	0.841306
18773	6	0.841315
18774	5	0.841322
18775	13	0.841341
18776	3	0.841346
18777	3	0.84135
18778	3	0.841355
18779	10	0.841369
18780	2	0.841372
18781	4	0.841378
18782	4	0.841384
18783	4	0.84139
18784	7	0.8414
18785	11	0.841417
18786	3	0.841421
18787	3	0.841425
18788	5	0.841433
18789	2	0.841436
18790	4	0.841442
18791	1	0.841443
18793	3	0.841448
18794	6	0.841456
18795	1	0.841458
18796	3	0.841462
18797	6	0.841471
18801	2	0.841474
18802	3	0.841478
18803	5	0.841486
18804	2	0.841489
18805	5	0.841496
18806	2	0.841499
18807	5	0.841506
18809	6	0.841515
18810	3	0.84152
18811	4	0.841526
18812	2	0.841529
18813	31	0.841574
18814	4	0.84158
18815	7	0.84159
18816	1	0.841592
18819	2	0.841595
18820	3	0.841599
18821	9	0.841612
18822	5	0.84162
18825	1	0.841621
18828	1	0.841623
18829	1	0.841624
18830	1	0.841626
18831	1	0.841627
18832	1	0.841629
18833	7	0.841639
18834	4	0.841645
18835	2	0.841648
18836	1	0.841649
18837	3	0.841654
18838	1	0.841655
18839	1	0.841657
18840	1	0.841658
18842	1	0.84166
18844	1	0.841661
18846	3	0.841665
18847	2	0.841668
18849	1	0.84167
18850	5	0.841677
18851	1	0.841679
18852	7	0.841689
18853	8	0.841701
18854	8	0.841713
18855	5	0.84172
18856	2	0.841723
18857	10	0.841738
18858	8	0.841749
18859	3	0.841754
18860	3	0.841758
18861	5	0.841766
18862	5	0.841773
18863	1	0.841774
18864	4	0.84178
18865	8	0.841792
18866	9	0.841805
18867	9	0.841819
18868	7	0.841829
18869	9	0.841842
18870	11	0.841858
18871	2	0.841861
18872	12	0.841879
18873	11	0.841895
18874	1	0.841897
18875	8	0.841908
18876	1	0.84191
18877	3	0.841914
18878	3	0.841919
18879	9	0.841932
18880	1	0.841933
18881	2	0.841936
18882	3	0.841941
18883	9	0.841954
18884	1	0.841956
18885	27	0.841995
18886	5	0.842003
18887	6	0.842012
18888	4	0.842017
18889	4	0.842023
18890	5	0.842031
18891	9	0.842044
18892	4	0.84205
18893	7	0.84206
18894	8	0.842072
18895	3	0.842076
18896	2	0.842079
18897	7	0.84209
18898	5	0.842097
18899	6	0.842106
18900	4	0.842112
18901	7	0.842122
18903	2	0.842125
18904	3	0.842129
18905	3	0.842134
18906	10	0.842149
18907	7	0.842159
18908	17	0.842184
18909	1	0.842185
18910	3	0.84219
18911	5	0.842197
18912	5	0.842204
18913	3	0.842209
18914	2	0.842212
18915	1	0.842213
18916	1	0.842215
18917	2	0.842218
18918	5	0.842225
18919	4	0.842231
18920	4	0.842237
18921	9	0.84225
18922	9	0.842263
18923	6	0.842272
18924	8	0.842284
18925	7	0.842294
18926	4	0.8423
18927	3	0.842305
18928	2	0.842308
18929	6	0.842316
18930	5	0.842324
18931	13	0.842343
18932	11	0.842359
18933	6	0.842368
18934	3	0.842372
18935	2	0.842375
18936	1	0.842377
18937	5	0.842384
18938	2	0.842387
18939	5	0.842394
18940	4	0.8424
18941	5	0.842408
18942	1	0.842409
18943	7	0.842419
18944	6	0.842428
18945	4	0.842434
18946	3	0.842439
18947	9	0.842452
18948	19	0.84248
18949	12	0.842498
18950	3	0.842502
18951	26	0.84254
18952	22	0.842573
18953	9	0.842586
18954	15	0.842608
18955	10	0.842623
18956	2	0.842626
18957	2	0.842629
18958	3	0.842633
18959	10	0.842648
18960	16	0.842671
18961	6	0.84268
18962	13	0.842699
18963	6	0.842708
18964	5	0.842716
18965	6	0.842724
18966	7	0.842735
18967	8	0.842746
18968	4	0.842752
18969	3	0.842757
18971	1	0.842758
18972	1	0.84276
18973	1	0.842761
18974	10	0.842776
18975	3	0.84278
18976	4	0.842786
18977	7	0.842797
18978	5	0.842804
18979	4	0.84281
18980	4	0.842816
18981	3	0.84282
18982	6	0.842829
18983	10	0.842844
18984	6	0.842852
18985	12	0.84287
18986	7	0.84288
18987	12	0.842898
18988	12	0.842916
18989	10	0.842931
18990	4	0.842936
18991	10	0.842951
18992	6	0.84296
18993	12	0.842978
18994	4	0.842984
18995	14	0.843004
18996	22	0.843037
18997	6	0.843045
18998	9	0.843059
18999	7	0.843069
19000	6	0.843078
19001	16	0.843101
19002	13	0.843121
19003	5	0.843128
19004	6	0.843137
19005	16	0.84316
19006	33	0.843209
19007	32	0.843256
19008	39	0.843313
19009	43	0.843377
19010	28	0.843418
19011	21	0.843449
19012	21	0.84348
19013	7	0.84349
19014	16	0.843514
19015	12	0.843531
19016	11	0.843548
19017	5	0.843555
19018	1	0.843556
19019	9	0.84357
19020	8	0.843581
19021	6	0.84359
19022	5	0.843598
19023	1	0.843599
19024	10	0.843614
19025	8	0.843626
19026	20	0.843655
19027	40	0.843714
19028	9	0.843727
19029	11	0.843743
19030	2	0.843746
19031	2	0.843749
19033	8	0.843761
19034	4	0.843767
19035	11	0.843783
19036	3	0.843788
19037	1	0.843789
19038	13	0.843808
19039	34	0.843858
19040	5	0.843866
19041	23	0.8439
19042	13	0.843919
19043	14	0.843939
19044	15	0.843961
19045	14	0.843982
19046	5	0.843989
19047	18	0.844016
19048	11	0.844032
19049	1	0.844034
19050	1	0.844035
19051	1	0.844037
19052	1	0.844038
19054	12	0.844056
19055	6	0.844065
19056	2	0.844067
19057	1	0.844069
19058	25	0.844106
19059	22	0.844138
19060	43	0.844201
19061	34	0.844252
19062	33	0.8443
19063	35	0.844352
19064	19	0.84438
19065	59	0.844467
19066	89	0.844598
19067	47	0.844667
19068	56	0.844749
19069	8	0.844761
19070	26	0.844799
19071	9	0.844813
19072	1	0.844814
19073	5	0.844821
19074	3	0.844826
19075	1	0.844827
19076	2	0.84483
19078	2	0.844833
19080	2	0.844836
19081	3	0.844841
19082	1	0.844842
19083	1	0.844844
19084	1	0.844845
19086	2	0.844848
19088	3	0.844852
19089	2	0.844855
19090	33	0.844904
19091	3	0.844908
19092	4	0.844914
19093	8	0.844926
19094	1	0.844928
19095	5	0.844935
19096	6	0.844944
19097	4	0.84495
19098	12	0.844967
19099	9	0.844981
19100	5	0.844988
19102	4	0.844994
19103	5	0.845001
19104	7	0.845011
19105	6	0.84502
19106	6	0.845029
19107	8	0.845041
19108	1	0.845042
19109	7	0.845053
19110	5	0.84506
19111	2	0.845063
19113	5	0.84507
19114	5	0.845078
19115	2	0.845081
19116	1	0.845082
19117	9	0.845095
19118	14	0.845116
19119	45	0.845182
19120	11	0.845199
19121	12	0.845216
19122	26	0.845254
19123	22	0.845287
19124	30	0.845331
19125	29	0.845374
19126	46	0.845442
19127	13	0.845461
19128	28	0.845502
19129	9	0.845515
19130	33	0.845564
19131	19	0.845592
19132	10	0.845606
19133	20	0.845636
19134	16	0.845659
19135	17	0.845685
19136	8	0.845696
19137	11	0.845712
19138	4	0.845718
19139	6	0.845727
19140	12	0.845745
19141	9	0.845758
19142	10	0.845773
19143	14	0.845793
19144	16	0.845817
19145	14	0.845838
19146	28	0.845879
19147	36	0.845932
19148	19	0.84596
19149	27	0.846
19150	25	0.846036
19151	25	0.846073
19152	13	0.846092
19153	15	0.846115
19154	62	0.846206
19155	17	0.846231
19156	47	0.8463
19157	100	0.846447
19158	113	0.846614
19159	63	0.846707
19160	27	0.846746
19161	36	0.846799
19162	38	0.846855
19163	53	0.846933
19164	79	0.84705
19165	29	0.847092
19166	31	0.847138
19167	32	0.847185
19168	30	0.847229
19169	56	0.847312
19170	91	0.847446
19171	127	0.847633
19172	200	0.847927
19173	59	0.848014
19174	74	0.848123
19175	81	0.848243
19176	52	0.848319
19177	33	0.848368
19178	83	0.84849
19179	56	0.848572
19180	25	0.848609
19181	11	0.848626
19182	10	0.84864
19183	16	0.848664
19184	15	0.848686
19185	24	0.848721
19186	30	0.848765
19187	14	0.848786
19188	13	0.848805
19189	24	0.848841
19190	27	0.84888
19191	20	0.84891
19192	15	0.848932
19193	29	0.848975
19194	23	0.849008
19195	33	0.849057
19196	20	0.849086
19197	28	0.849128
19198	27	0.849167
19199	15	0.84919
19200	20	0.849219
19201	23	0.849253
19202	32	0.8493
19203	7	0.84931
19204	33	0.849359
19205	7	0.849369
19206	6	0.849378
19207	15	0.8494
19208	44	0.849465
19209	25	0.849502
19210	21	0.849533
19211	29	0.849575
19212	22	0.849608
19213	23	0.849642
19214	21	0.849673
19215	16	0.849696
19216	43	0.84976
19217	12	0.849777
19218	23	0.849811
19219	28	0.849852
19220	53	0.84993
19221	21	0.849961
19222	20	0.849991
19223	2	0.849994
19224	17	0.850019
19225	19	0.850047
19226	27	0.850086
19227	11	0.850103
19228	21	0.850134
19229	8	0.850145
19230	10	0.85016
19231	9	0.850173
19232	8	0.850185
19233	24	0.85022
19234	3	0.850225
19235	19	0.850253
19236	30	0.850297
19237	8	0.850309
19238	3	0.850313
19239	12	0.850331
19240	20	0.85036
19241	35	0.850412
19242	13	0.850431
19243	8	0.850443
19244	27	0.850483
19245	7	0.850493
19246	11	0.850509
19247	12	0.850527
19248	12	0.850544
19249	19	0.850572
19250	18	0.850599
19251	12	0.850617
19252	18	0.850643
19253	29	0.850686
19254	38	0.850742
19255	30	0.850786
19256	44	0.850851
19257	37	0.850905
19258	21	0.850936
19259	5	0.850944
19260	79	0.85106
19261	49	0.851132
19262	40	0.851191
19263	13	0.85121
19264	15	0.851232
19265	22	0.851265
19266	12	0.851282
19267	4	0.851288
19268	64	0.851382
19269	24	0.851418
19270	28	0.851459
19271	28	0.8515
19272	104	0.851653
19273	20	0.851683
19274	69	0.851784
19275	47	0.851854
19276	14	0.851874
19277	47	0.851944
19278	24	0.851979
19279	28	0.85202
19280	35	0.852072
19281	7	0.852082
19282	8	0.852094
19283	7	0.852104
19284	20	0.852134
19285	16	0.852157
19286	8	0.852169
19287	9	0.852182
19288	12	0.8522
19289	1	0.852201
19290	11	0.852217
19291	8	0.852229
19292	22	0.852262
19293	12	0.852279
19294	14	0.8523
19295	25	0.852337
19296	45	0.852403
19297	36	0.852456
19298	58	0.852541
19299	27	0.852581
19300	29	0.852624
19301	25	0.852661
19302	20	0.85269
19303	17	0.852715
19304	21	0.852746
19305	51	0.852821
19306	16	0.852845
19307	42	0.852907
19308	11	0.852923
19309	7	0.852933
19310	17	0.852958
19311	57	0.853042
19312	37	0.853097
19313	34	0.853147
19314	36	0.8532
19315	9	0.853213
19316	21	0.853244
19317	14	0.853265
19318	19	0.853293
19319	11	0.853309
19320	11	0.853325
19321	10	0.85334
19322	23	0.853374
19323	27	0.853413
19324	20	0.853443
19325	11	0.853459
19326	22	0.853491
19327	56	0.853574
19328	23	0.853608
19329	22	0.85364
19330	39	0.853698
19331	32	0.853745
19332	12	0.853762
19333	2	0.853765
19334	16	0.853789
19335	4	0.853795
19336	14	0.853815
19337	12	0.853833
19338	16	0.853857
19339	9	0.85387
19340	24	0.853905
19341	13	0.853924
19342	8	0.853936
19343	6	0.853945
19344	7	0.853955
19345	8	0.853967
19346	39	0.854024
19347	48	0.854095
19348	29	0.854138
19349	24	0.854173
19350	24	0.854209
19351	14	0.854229
19352	12	0.854247
19353	5	0.854254
19354	24	0.85429
19355	18	0.854316
19356	33	0.854365
19357	19	0.854393
19358	32	0.85444
19359	52	0.854516
19360	61	0.854606
19361	59	0.854693
19362	10	0.854708
19363	10	0.854723
19364	9	0.854736
19365	34	0.854786
19366	19	0.854814
19367	66	0.854911
19368	34	0.854961
19369	12	0.854979
19370	12	0.854996
19371	2	0.854999
19372	7	0.85501
19373	12	0.855027
19374	21	0.855058
19375	37	0.855113
19376	12	0.85513
19377	16	0.855154
19378	22	0.855186
19379	50	0.85526
19380	33	0.855309
19381	13	0.855328
19382	11	0.855344
19383	18	0.855371
19384	16	0.855394
19385	27	0.855434
19386	41	0.855494
19387	18	0.855521
19388	6	0.85553
19389	9	0.855543
19390	16	0.855566
19391	8	0.855578
19392	5	0.855586
19393	19	0.855614
19394	11	0.85563
19395	13	0.855649
19396	2	0.855652
19397	4	0.855658
19398	47	0.855727
19399	57	0.855811
19400	8	0.855823
19401	20	0.855852
19402	10	0.855867
19403	10	0.855882
19404	2	0.855885
19405	6	0.855893
19406	11	0.85591
19407	23	0.855943
19408	23	0.855977
19409	2	0.85598
19410	1	0.855982
19411	11	0.855998
19412	4	0.856004
19413	12	0.856021
19414	4	0.856027
19415	7	0.856038
19416	3	0.856042
19417	13	0.856061
19418	15	0.856083
19419	5	0.856091
19420	13	0.85611
19421	14	0.85613
19422	11	0.856147
19423	9	0.85616
19424	7	0.85617
19425	2	0.856173
19426	4	0.856179
19427	29	0.856222
19428	20	0.856251
19429	24	0.856287
19430	6	0.856295
19431	28	0.856337
19432	14	0.856357
19433	21	0.856388
19434	11	0.856404
19435	17	0.856429
19436	17	0.856454
19437	11	0.856471
19438	27	0.85651
19439	10	0.856525
19440	11	0.856541
19441	12	0.856559
19442	23	0.856593
19443	22	0.856625
19444	26	0.856664
19445	9	0.856677
19446	8	0.856689
19447	5	0.856696
19448	31	0.856742
19449	33	0.85679
19450	21	0.856821
19451	32	0.856868
19452	47	0.856938
19453	122	0.857117
19454	49	0.857189
19455	157	0.857421
19456	61	0.85751
19457	36	0.857563
19458	47	0.857633
19459	14	0.857653
19460	19	0.857681
19461	5	0.857689
19462	27	0.857728
19463	14	0.857749
19464	11	0.857765
19465	1	0.857767
19466	5	0.857774
19467	13	0.857793
19468	13	0.857812
19469	69	0.857914
19470	27	0.857954
19471	8	0.857965
19472	13	0.857985
19473	10	0.857999
19474	4	0.858005
19475	5	0.858013
19476	2	0.858016
19477	4	0.858021
19478	11	0.858038
19479	11	0.858054
19480	19	0.858082
19481	35	0.858133
19482	70	0.858236
19483	60	0.858325
19484	83	0.858447
19485	54	0.858527
19486	40	0.858585
19487	23	0.858619
19488	17	0.858644
19489	22	0.858677
19490	9	0.85869
19491	4	0.858696
19492	19	0.858724
19493	15	0.858746
19494	8	0.858758
19495	4	0.858764
19496	13	0.858783
19497	3	0.858787
19498	3	0.858792
19499	17	0.858817
19500	13	0.858836
19501	19	0.858864
19502	8	0.858876
19503	9	0.858889
19504	36	0.858942
19505	24	0.858977
19506	17	0.859002
19507	11	0.859018
19508	15	0.859041
19509	25	0.859077
19510	26	0.859116
19511	29	0.859158
19512	17	0.859183
19513	13	0.859203
19514	13	0.859222
19515	11	0.859238
19516	14	0.859259
19517	22	0.859291
19518	16	0.859314
19519	14	0.859335
19520	23	0.859369
19521	30	0.859413
19522	11	0.859429
19523	9	0.859443
19524	3	0.859447
19525	11	0.859463
19526	4	0.859469
19527	7	0.859479
19528	6	0.859488
19529	5	0.859496
19530	3	0.8595
19531	15	0.859522
19532	2	0.859525
19534	3	0.859529
19535	2	0.859532
19536	13	0.859552
19537	7	0.859562
19538	2	0.859565
19539	25	0.859602
19540	18	0.859628
19541	20	0.859658
19542	8	0.859669
19543	18	0.859696
19544	7	0.859706
19545	9	0.859719
19546	7	0.85973
19547	3	0.859734
19548	11	0.85975
19549	10	0.859765
19550	7	0.859775
19551	21	0.859806
19552	6	0.859815
19553	8	0.859827
19554	7	0.859837
19555	8	0.859849
19556	5	0.859856
19557	24	0.859892
19558	19	0.85992
19559	17	0.859945
19560	6	0.859954
19562	11	0.85997
19563	16	0.859993
19564	5	0.860001
19565	8	0.860013
19566	4	0.860018
19567	6	0.860027
19568	2	0.86003
19569	5	0.860038
19570	7	0.860048
19571	6	0.860057
19572	3	0.860061
19573	14	0.860082
19574	11	0.860098
19575	3	0.860102
19576	1	0.860104
19577	1	0.860105
19578	12	0.860123
19579	7	0.860133
19580	7	0.860144
19581	6	0.860152
19582	11	0.860169
19583	4	0.860175
19584	11	0.860191
19585	15	0.860213
19586	13	0.860232
19587	7	0.860242
19588	10	0.860257
19589	8	0.860269
19590	15	0.860291
19591	7	0.860301
19592	19	0.860329
19593	14	0.86035
19594	44	0.860415
19595	23	0.860448
19596	23	0.860482
19597	36	0.860535
19598	24	0.860571
19599	14	0.860591
19600	16	0.860615
19601	25	0.860652
19602	30	0.860696
19603	56	0.860778
19604	46	0.860846
19605	78	0.860961
19606	91	0.861095
19607	37	0.861149
19608	29	0.861192
19609	17	0.861217
19610	24	0.861253
19611	66	0.86135
19612	15	0.861372
19613	12	0.86139
19614	12	0.861407
19615	6	0.861416
19616	7	0.861426
19617	21	0.861457
19618	24	0.861493
19619	36	0.861546
19620	19	0.861574
19621	15	0.861596
19622	21	0.861627
19623	22	0.861659
19624	9	0.861672
19625	3	0.861677
19626	7	0.861687
19627	5	0.861694
19628	22	0.861727
19629	8	0.861739
19630	20	0.861768
19631	7	0.861778
19632	11	0.861795
19633	27	0.861834
19634	9	0.861848
19635	19	0.861876
19636	28	0.861917
19637	30	0.861961
19638	16	0.861985
19639	24	0.86202
19640	11	0.862036
19641	13	0.862055
19642	31	0.862101
19643	20	0.86213
19644	13	0.862149
19645	32	0.862197
19646	23	0.86223
19647	34	0.862281
19648	48	0.862351
19649	18	0.862378
19650	50	0.862451
19651	23	0.862485
19652	35	0.862537
19653	51	0.862612
19654	21	0.862643
19655	33	0.862691
19656	34	0.862741
19657	26	0.86278
19658	16	0.862803
19659	13	0.862822
19660	11	0.862839
19661	17	0.862864
19662	7	0.862874
19663	21	0.862905
19664	17	0.86293
19665	45	0.862996
19666	28	0.863038
19667	12	0.863055
19668	3	0.86306
19669	15	0.863082
19670	11	0.863098
19671	8	0.86311
19672	20	0.863139
19673	13	0.863158
19674	17	0.863183
19675	5	0.863191
19676	22	0.863223
19677	7	0.863233
19678	13	0.863253
19679	16	0.863276
19680	8	0.863288
19681	17	0.863313
19682	9	0.863326
19683	18	0.863353
19684	1	0.863354
19685	31	0.8634
19686	14	0.86342
19687	6	0.863429
19688	14	0.86345
19689	6	0.863459
19690	5	0.863466
19691	22	0.863498
19692	8	0.86351
19693	13	0.863529
19694	25	0.863566
19695	12	0.863584
19696	16	0.863607
19697	11	0.863624
19698	2	0.863627
19699	2	0.86363
19700	8	0.863641
19701	6	0.86365
19702	2	0.863653
19703	4	0.863659
19704	8	0.863671
19705	32	0.863718
19706	35	0.863769
19707	283	0.864186
19708	330	0.864672
19709	52	0.864749
19710	13	0.864768
19711	31	0.864814
19712	52	0.86489
19713	27	0.86493
19714	97	0.865073
19715	24	0.865108
19716	67	0.865207
19717	69	0.865308
19718	40	0.865367
19719	36	0.86542
19720	27	0.86546
19721	12	0.865478
19722	17	0.865503
19723	10	0.865518
19724	21	0.865548
19725	29	0.865591
19726	11	0.865607
19727	4	0.865613
19728	11	0.865629
19729	3	0.865634
19730	16	0.865657
19731	12	0.865675
19732	11	0.865691
19733	21	0.865722
19734	19	0.86575
19735	7	0.865761
19736	16	0.865784
19737	26	0.865822
19738	38	0.865878
19739	24	0.865914
19740	40	0.865973
19741	12	0.86599
19742	28	0.866032
19743	27	0.866071
19744	11	0.866087
19745	20	0.866117
19746	48	0.866188
19747	51	0.866263
19748	68	0.866363
19749	75	0.866473
19750	49	0.866546
19751	19	0.866573
19752	35	0.866625
19753	35	0.866677
19754	12	0.866694
19755	49	0.866766
19756	33	0.866815
19757	29	0.866858
19758	19	0.866886
19759	15	0.866908
19760	26	0.866946
19761	60	0.867034
19762	74	0.867143
19763	20	0.867173
19764	17	0.867198
19765	25	0.867235
19766	19	0.867263
19767	24	0.867298
19768	32	0.867345
19769	21	0.867376
19770	28	0.867417
19771	64	0.867512
19772	36	0.867565
19773	23	0.867599
19774	28	0.86764
19775	36	0.867693
19776	46	0.867761
19777	27	0.8678
19778	21	0.867831
19779	10	0.867846
19780	13	0.867865
19781	9	0.867878
19782	14	0.867899
19783	47	0.867968
19784	73	0.868076
19785	12	0.868093
19786	91	0.868227
19787	48	0.868298
19788	20	0.868327
19789	42	0.868389
19790	47	0.868459
19791	12	0.868476
19792	2	0.868479
19793	3	0.868484
19794	10	0.868498
19795	8	0.86851
19796	5	0.868517
19797	2	0.86852
19798	17	0.868545
19799	3	0.86855
19800	6	0.868559
19801	41	0.868619
19802	9	0.868632
19803	38	0.868688
19804	13	0.868707
19805	19	0.868735
19806	3	0.86874
19807	2	0.868743
19808	3	0.868747
19809	12	0.868765
19810	4	0.868771
19811	21	0.868802
19812	9	0.868815
19813	4	0.868821
19814	7	0.868831
19815	11	0.868847
19816	34	0.868897
19817	19	0.868925
19818	21	0.868956
19819	19	0.868984
19820	29	0.869027
19821	62	0.869118
19822	49	0.869191
19823	32	0.869238
19824	49	0.86931
19825	9	0.869323
19826	12	0.869341
19827	6	0.86935
19828	17	0.869375
19829	30	0.869419
19830	59	0.869506
19831	40	0.869565
19832	25	0.869601
19833	20	0.869631
19834	17	0.869656
19835	59	0.869743
19836	28	0.869784
19837	23	0.869818
19838	20	0.869847
19839	31	0.869893
19840	45	0.869959
19841	53	0.870037
19842	125	0.870221
19843	57	0.870305
19844	33	0.870354
19845	52	0.870431
19846	65	0.870526
19847	27	0.870566
19848	23	0.8706
19849	20	0.870629
19850	39	0.870687
19851	37	0.870741
19852	23	0.870775
19853	89	0.870906
19854	23	0.87094
19855	5	0.870947
19856	18	0.870974
19857	3	0.870978
19858	40	0.871037
19859	15	0.871059
19860	13	0.871079
19861	15	0.871101
19862	23	0.871134
19863	11	0.871151
19864	9	0.871164
19865	7	0.871174
19866	18	0.871201
19867	23	0.871235
19868	27	0.871274
19869	39	0.871332
19870	21	0.871363
19871	27	0.871403
19872	12	0.87142
19873	16	0.871444
19874	14	0.871464
19875	11	0.871481
19876	47	0.87155
19877	25	0.871587
19878	11	0.871603
19879	12	0.87162
19880	5	0.871628
19881	10	0.871643
19882	5	0.87165
19883	6	0.871659
19884	4	0.871665
19885	3	0.871669
19886	2	0.871672
19887	5	0.871679
19888	16	0.871703
19889	16	0.871727
19890	2	0.871729
19891	5	0.871737
19892	6	0.871746
19893	8	0.871757
19894	12	0.871775
19895	13	0.871794
19896	16	0.871818
19897	8	0.87183
19898	10	0.871844
19899	8	0.871856
19900	7	0.871866
19901	7	0.871877
19902	5	0.871884
19903	7	0.871894
19904	8	0.871906
19905	4	0.871912
19906	4	0.871918
19907	6	0.871927
19908	3	0.871931
19909	5	0.871939
19910	6	0.871947
19912	1	0.871949
19914	3	0.871953
19915	6	0.871962
19916	21	0.871993
19917	6	0.872002
19918	13	0.872021
19919	8	0.872033
19920	9	0.872046
19921	12	0.872064
19922	14	0.872084
19923	6	0.872093
19924	6	0.872102
19925	7	0.872112
19926	17	0.872137
19927	23	0.872171
19928	8	0.872183
19929	16	0.872207
19930	1	0.872208
19931	6	0.872217
19932	10	0.872232
19933	14	0.872252
19934	33	0.872301
19935	12	0.872319
19936	13	0.872338
19937	9	0.872351
19938	3	0.872355
19939	4	0.872361
19940	4	0.872367
19941	7	0.872377
19942	7	0.872388
19943	3	0.872392
19944	1	0.872394
19945	1	0.872395
19948	8	0.872407
19949	4	0.872413
19950	8	0.872425
19951	1	0.872426
19952	5	0.872433
19953	1	0.872435
19954	8	0.872447
19955	14	0.872467
19956	28	0.872509
19957	12	0.872526
19958	14	0.872547
19959	17	0.872572
19960	30	0.872616
19961	9	0.872629
19962	6	0.872638
19963	10	0.872653
19964	5	0.87266
19965	13	0.872679
19966	16	0.872703
19967	8	0.872715
19968	9	0.872728
19969	10	0.872743
19970	6	0.872752
19971	3	0.872756
19972	8	0.872768
19973	9	0.872781
19974	7	0.872791
19975	11	0.872807
19976	15	0.87283
19977	50	0.872903
19978	23	0.872937
19979	2	0.87294
19980	7	0.87295
19981	5	0.872958
19982	3	0.872962
19983	22	0.872995
19984	11	0.873011
19985	6	0.87302
19986	7	0.87303
19987	5	0.873037
19988	6	0.873046
19989	2	0.873049
19990	1	0.87305
19992	3	0.873055
19993	4	0.873061
19995	9	0.873074
19996	4	0.87308
19997	10	0.873095
19998	1	0.873096
19999	2	0.873099
20000	6	0.873108
20001	17	0.873133
20002	13	0.873152
20003	1	0.873154
20004	2	0.873157
20005	1	0.873158
20006	1	0.873159
20007	15	0.873182
20008	3	0.873186
20009	1	0.873187
20011	20	0.873217
20012	12	0.873235
20013	6	0.873243
20014	6	0.873252
20015	6	0.873261
20016	3	0.873266
20017	10	0.87328
20018	24	0.873316
20019	29	0.873358
20020	27	0.873398
20021	9	0.873411
20022	5	0.873419
20023	10	0.873433
20024	12	0.873451
20025	2	0.873454
20026	1	0.873455
20028	4	0.873461
20029	7	0.873472
20030	5	0.873479
20031	14	0.8735
20032	10	0.873514
20033	14	0.873535
20034	2	0.873538
20035	5	0.873545
20036	2	0.873548
20037	4	0.873554
20039	1	0.873556
20040	2	0.873559
20041	23	0.873592
20042	19	0.87362
20043	7	0.873631
20046	5	0.873638
20047	1	0.87364
20048	1	0.873641
20049	2	0.873644
20051	4	0.87365
20052	16	0.873673
20053	6	0.873682
20054	6	0.873691
20055	7	0.873701
20056	2	0.873704
20058	7	0.873715
20061	2	0.873718
20063	1	0.873719
20068	2	0.873722
20069	1	0.873724
20070	1	0.873725
20071	1	0.873726
20072	1	0.873728
20073	1	0.873729
20075	1	0.873731
20077	4	0.873737
20079	6	0.873746
20080	1	0.873747
20081	5	0.873754
20082	2	0.873757
20083	9	0.873771
20084	11	0.873787
20085	7	0.873797
20086	4	0.873803
20087	13	0.873822
20088	16	0.873846
20089	16	0.873869
20090	27	0.873909
20091	6	0.873918
20092	17	0.873943
20093	3	0.873947
20094	8	0.873959
20095	23	0.873993
20096	24	0.874028
20097	24	0.874064
20098	36	0.874117
20099	130	0.874308
20100	34	0.874358
20101	85	0.874483
20102	81	0.874603
20103	36	0.874656
20104	12	0.874673
20105	10	0.874688
20106	5	0.874696
20107	4	0.874701
20108	3	0.874706
20109	9	0.874719
20110	26	0.874757
20111	15	0.874779
20112	16	0.874803
20113	20	0.874832
20114	50	0.874906
20115	13	0.874925
20116	3	0.87493
20117	11	0.874946
20118	4	0.874952
20119	6	0.874961
20120	6	0.874969
20121	2	0.874972
20122	2	0.874975
20124	2	0.874978
20126	2	0.874981
20127	3	0.874986
20128	2	0.874989
20129	12	0.875006
20130	3	0.875011
20131	25	0.875047
20132	31	0.875093
20133	43	0.875156
20134	3	0.875161
20135	8	0.875173
20136	16	0.875196
20137	61	0.875286
20138	13	0.875305
20139	25	0.875342
20140	6	0.875351
20141	6	0.87536
20142	3	0.875364
20143	1	0.875366
20144	9	0.875379
20145	2	0.875382
20146	4	0.875388
20147	5	0.875395
20148	4	0.875401
20149	7	0.875411
20150	8	0.875423
20151	9	0.875436
20152	5	0.875444
20153	2	0.875447
20154	6	0.875455
20155	5	0.875463
20156	4	0.875469
20157	2	0.875472
20158	19	0.8755
20159	18	0.875526
20160	28	0.875567
20161	7	0.875578
20162	8	0.875589
20163	9	0.875603
20164	94	0.875741
20165	75	0.875852
20166	138	0.876055
20167	15	0.876077
20168	72	0.876183
20169	66	0.87628
20170	114	0.876448
20171	124	0.876631
20172	10	0.876645
20173	17	0.87667
20174	12	0.876688
20175	61	0.876778
20176	49	0.87685
20177	255	0.877226
20178	140	0.877432
20179	76	0.877544
20180	193	0.877828
20181	309	0.878283
20182	108	0.878442
20183	243	0.8788
20184	41	0.87886
20185	7	0.878871
20186	36	0.878924
20187	4	0.87893
20189	38	0.878986
20190	5	0.878993
20191	14	0.879014
20192	41	0.879074
20193	8	0.879086
20194	8	0.879097
20195	15	0.87912
20196	8	0.879131
20197	9	0.879145
20198	36	0.879198
20199	16	0.879221
20200	68	0.879321
20201	3	0.879326
20202	16	0.879349
20203	16	0.879373
20204	7	0.879383
20205	6	0.879392
20206	10	0.879407
20208	9	0.87942
20209	2	0.879423
20210	4	0.879429
20211	2	0.879432
20212	5	0.879439
20213	2	0.879442
20214	4	0.879448
20216	2	0.879451
20218	3	0.879455
20219	1	0.879457
20220	3	0.879461
20221	14	0.879482
20222	11	0.879498
20223	1	0.8795
20224	4	0.879505
20225	17	0.87953
20226	10	0.879545
20227	4	0.879551
20228	1	0.879553
20229	6	0.879561
20230	2	0.879564
20231	5	0.879572
20232	5	0.879579
20235	16	0.879603
20236	7	0.879613
20237	8	0.879625
20238	3	0.879629
20239	2	0.879632
20240	6	0.879641
20241	20	0.87967
20242	4	0.879676
20243	2	0.879679
20245	13	0.879698
20246	1	0.8797
20247	1	0.879701
20248	1	0.879703
20249	3	0.879707
20250	25	0.879744
20251	4	0.87975
20252	1	0.879751
20253	3	0.879756
20254	2	0.879759
20255	6	0.879768
20256	28	0.879809
20257	2	0.879812
20258	2	0.879815
20259	4	0.879821
20260	3	0.879825
20261	4	0.879831
20262	5	0.879838
20263	3	0.879843
20264	3	0.879847
20265	9	0.87986
20266	4	0.879866
20267	7	0.879877
20268	6	0.879885
20269	4	0.879891
20270	2	0.879894
20271	35	0.879946
20272	20	0.879975
20273	20	0.880005
20274	12	0.880022
20275	4	0.880028
20276	3	0.880033
20277	4	0.880039
20278	12	0.880056
20279	14	0.880077
20280	6	0.880086
20281	12	0.880103
20282	7	0.880114
20283	6	0.880122
20284	7	0.880133
20285	1	0.880134
20286	6	0.880143
20287	3	0.880148
20288	1	0.880149
20289	7	0.880159
20290	2	0.880162
20291	10	0.880177
20292	20	0.880206
20293	1	0.880208
20294	8	0.88022
20295	7	0.88023
20296	11	0.880246
20297	10	0.880261
20298	4	0.880267
20299	3	0.880271
20301	4	0.880277
20302	2	0.88028
20303	5	0.880287
20304	16	0.880311
20306	1	0.880312
20307	4	0.880318
20308	4	0.880324
20309	1	0.880326
20310	2	0.880329
20312	9	0.880342
20313	1	0.880343
20314	4	0.880349
20315	1	0.880351
20317	4	0.880357
20318	16	0.88038
20319	3	0.880385
20320	18	0.880411
20321	5	0.880418
20322	13	0.880438
20323	13	0.880457
20324	12	0.880474
20325	8	0.880486
20326	22	0.880519
20327	9	0.880532
20328	5	0.880539
20329	4	0.880545
20330	3	0.88055
20333	1	0.880551
20334	2	0.880554
20335	1	0.880555
20336	2	0.880558
20337	8	0.88057
20338	15	0.880592
20339	3	0.880597
20342	5	0.880604
20343	4	0.88061
20346	4	0.880616
20347	5	0.880623
20348	2	0.880626
20349	3	0.880631
20351	8	0.880642
20352	1	0.880644
20353	2	0.880647
20354	4	0.880653
20355	7	0.880663
20356	1	0.880664
20357	9	0.880678
20358	6	0.880687
20359	9	0.8807
20360	2	0.880703
20361	6	0.880712
20362	4	0.880717
20363	5	0.880725
20364	6	0.880734
20366	3	0.880738
20368	5	0.880745
20369	2	0.880748
20370	3	0.880753
20371	5	0.88076
20373	6	0.880769
20374	11	0.880785
20375	5	0.880793
20376	2	0.880796
20377	1	0.880797
20378	9	0.88081
20379	2	0.880813
20381	15	0.880835
20383	6	0.880844
20384	4	0.88085
20385	1	0.880851
20386	2	0.880854
20387	3	0.880859
20388	4	0.880865
20389	3	0.880869
20390	4	0.880875
20391	7	0.880885
20392	2	0.880888
20393	2	0.880891
20394	3	0.880896
20395	4	0.880902
20396	3	0.880906
20397	1	0.880907
20398	4	0.880913
20399	2	0.880916
20400	2	0.880919
20402	2	0.880922
20403	3	0.880927
20404	3	0.880931
20405	4	0.880937
20406	3	0.880941
20407	6	0.88095
20408	1	0.880952
20409	6	0.88096
20410	1	0.880962
20411	3	0.880966
20412	2	0.880969
20413	4	0.880975
20414	2	0.880978
20416	1	0.88098
20420	1	0.880981
20421	1	0.880983
20422	1	0.880984
20423	5	0.880991
20424	3	0.880996
20427	4	0.881002
20428	2	0.881005
20429	7	0.881015
20431	1	0.881016
20434	2	0.881019
20435	2	0.881022
20436	1	0.881024
20438	13	0.881043
20439	2	0.881046
20440	1	0.881047
20442	2	0.88105
20443	4	0.881056
20447	2	0.881059
20450	3	0.881064
20451	1	0.881065
20452	1	0.881066
20454	1	0.881068
20456	1	0.881069
20457	11	0.881086
20458	4	0.881092
20460	1	0.881093
20464	1	0.881094
20465	1	0.881096
20467	1	0.881097
20468	2	0.8811
20469	2	0.881103
20471	1	0.881105
20473	1	0.881106
20474	3	0.881111
20475	1	0.881112
20476	1	0.881114
20481	5	0.881121
20482	3	0.881125
20483	1	0.881127
20484	2	0.88113
20485	2	0.881133
20486	5	0.88114
20487	3	0.881145
20488	4	0.88115
20489	1	0.881152
20490	1	0.881153
20491	5	0.881161
20494	4	0.881167
20495	2	0.88117
20496	3	0.881174
20497	4	0.88118
20504	1	0.881181
20514	1	0.881183
20541	4	0.881189
20546	3	0.881193
20547	6	0.881202
20549	3	0.881206
20551	10	0.881221
20552	12	0.881239
20553	15	0.881261
20554	4	0.881267
20555	23	0.881301
20556	55	0.881382
20557	24	0.881417
20558	11	0.881433
20559	5	0.881441
20560	18	0.881467
20561	31	0.881513
20562	49	0.881585
20563	44	0.88165
20564	35	0.881701
20565	24	0.881737
20566	9	0.88175
20567	15	0.881772
20568	9	0.881785
20569	13	0.881804
20570	4	0.88181
20571	21	0.881841
20572	11	0.881857
20573	32	0.881904
20574	21	0.881935
20575	13	0.881955
20576	19	0.881983
20577	30	0.882027
20578	14	0.882047
20579	26	0.882086
20580	12	0.882103
20581	1	0.882105
20582	20	0.882134
20583	10	0.882149
20584	12	0.882167
20585	41	0.882227
20586	2	0.88223
20587	38	0.882286
20588	4	0.882292
20589	28	0.882333
20590	1	0.882334
20591	20	0.882364
20592	5	0.882371
20593	7	0.882382
20594	6	0.88239
20595	9	0.882404
20596	2	0.882407
20597	6	0.882415
20598	3	0.88242
20599	4	0.882426
20600	5	0.882433
20601	9	0.882446
20602	3	0.882451
20603	13	0.88247
20604	5	0.882477
20605	16	0.882501
20606	10	0.882516
20607	11	0.882532
20608	3	0.882536
20610	5	0.882544
20611	12	0.882561
20612	18	0.882588
20616	2	0.882591
20620	1	0.882592
20622	2	0.882595
20623	1	0.882597
20624	2	0.8826
20625	1	0.882601
20626	3	0.882605
20627	5	0.882613
20628	1	0.882614
20630	4	0.88262
20634	1	0.882622
20636	2	0.882625
20638	1	0.882626
20645	2	0.882629
20647	1	0.882631
20648	1	0.882632
20652	1	0.882633
20653	2	0.882636
20655	2	0.882639
20656	1	0.882641
20657	1	0.882642
20659	8	0.882654
20660	9	0.882667
20661	3	0.882672
20662	13	0.882691
20663	6	0.8827
20664	1	0.882701
20665	1	0.882703
20666	7	0.882713
20667	1	0.882714
20668	1	0.882716
20669	18	0.882742
20670	2	0.882745
20671	1	0.882747
20672	2	0.88275
20673	18	0.882776
20674	3	0.882781
20675	14	0.882801
20677	3	0.882806
20678	1	0.882807
20679	3	0.882812
20680	1	0.882813
20681	9	0.882826
20682	5	0.882834
20683	3	0.882838
20684	5	0.882846
20685	7	0.882856
20686	1	0.882857
20687	3	0.882862
20688	8	0.882874
20689	6	0.882882
20690	4	0.882888
20691	5	0.882896
20692	2	0.882899
20693	6	0.882907
20694	5	0.882915
20695	6	0.882924
20696	3	0.882928
20698	10	0.882943
20699	1	0.882944
20700	5	0.882952
20701	3	0.882956
20702	2	0.882959
20703	1	0.88296
20706	1	0.882962
20707	4	0.882968
20708	8	0.88298
20710	2	0.882982
20718	3	0.882987
20720	1	0.882988
20721	1	0.88299
20722	2	0.882993
20723	1	0.882994
20724	2	0.882997
20727	1	0.882999
20728	5	0.883006
20729	2	0.883009
20730	4	0.883015
20731	3	0.883019
20739	1	0.883021
20743	1	0.883022
20746	1	0.883024
20752	1	0.883025
20754	1	0.883027
20759	1	0.883028
20760	2	0.883031
20761	1	0.883033
20762	59	0.883119
20764	2	0.883122
20766	3	0.883127
20767	3	0.883131
20769	2	0.883134
20772	1	0.883136
20773	7	0.883146
20775	3	0.88315
20776	2	0.883153
20777	4	0.883159
20778	9	0.883172
20779	7	0.883183
20783	7	0.883193
20784	2	0.883196
20785	6	0.883205
20786	4	0.883211
20787	5	0.883218
20788	5	0.883225
20789	1	0.883227
20791	3	0.883231
20792	3	0.883236
20794	28	0.883277
20795	28	0.883318
20796	11	0.883334
20797	3	0.883339
20798	1	0.88334
20799	4	0.883346
20800	2	0.883349
20801	4	0.883355
20802	11	0.883371
20803	2	0.883374
20804	1	0.883376
20807	1	0.883377
20809	7	0.883387
20810	12	0.883405
20811	17	0.88343
20812	110	0.883592
20813	70	0.883695
20814	9	0.883709
20815	67	0.883807
20816	69	0.883909
20817	4	0.883915
20818	10	0.883929
20819	2	0.883932
20820	5	0.88394
20821	5	0.883947
20822	19	0.883975
20823	7	0.883985
20824	19	0.884013
20825	33	0.884062
20826	9	0.884075
20827	5	0.884083
20828	13	0.884102
20829	33	0.88415
20830	1	0.884152
20839	1	0.884153
20840	39	0.884211
20841	24	0.884246
20842	16	0.88427
20843	36	0.884323
20844	83	0.884445
20845	56	0.884527
20846	64	0.884622
20847	49	0.884694
20848	26	0.884732
20849	3	0.884736
20854	1	0.884738
20860	1	0.884739
20866	2	0.884742
20867	1	0.884744
20868	2	0.884747
20869	10	0.884762
20870	130	0.884953
20871	41	0.885013
20873	10	0.885028
20874	3	0.885033
20875	1	0.885034
20876	26	0.885072
20877	13	0.885091
20878	4	0.885097
20879	5	0.885105
20880	2	0.885108
20882	1	0.885109
20891	1	0.885111
20892	1	0.885112
20899	1	0.885114
20904	3	0.885118
20908	3	0.885122
20909	5	0.88513
20910	1	0.885131
20912	2	0.885134
20914	1	0.885136
20915	1	0.885137
20917	1	0.885139
20918	1	0.88514
20919	6	0.885149
20920	18	0.885175
20921	4	0.885181
20922	21	0.885212
20923	16	0.885236
20924	6	0.885245
20925	61	0.885334
20926	21	0.885365
20927	5	0.885373
20928	2	0.885376
20929	3	0.88538
20930	8	0.885392
20931	2	0.885395
20932	1	0.885396
20933	3	0.885401
20934	1	0.885402
20935	5	0.88541
20936	5	0.885417
20938	1	0.885418
20939	15	0.88544
20940	13	0.88546
20941	2	0.885463
20942	1	0.885464
20944	6	0.885473
20945	20	0.885502
20946	9	0.885516
20947	15	0.885538
20948	26	0.885576
20949	22	0.885608
20950	7	0.885619
20951	13	0.885638
20952	18	0.885664
20953	15	0.885686
20955	3	0.885691
20956	2	0.885694
20957	4	0.8857
20958	5	0.885707
20959	5	0.885714
20960	2	0.885717
20961	1	0.885719
20963	1	0.88572
20964	6	0.885729
20965	10	0.885744
20968	2	0.885747
20969	2	0.88575
20970	1	0.885751
20971	4	0.885757
20976	2	0.88576
20977	2	0.885763
20978	1	0.885764
20979	1	0.885766
20994	1	0.885767
20999	9	0.885781
21002	1	0.885782
21005	5	0.885789
21006	4	0.885795
21008	1	0.885797
21009	1	0.885798
21016	31	0.885844
21017	7	0.885854
21025	2	0.885857
21029	1	0.885859
21030	2	0.885862
21031	2	0.885865
21032	1	0.885866
21033	1	0.885868
21034	4	0.885873
21037	2	0.885876
21038	1	0.885878
21042	3	0.885882
21043	5	0.88589
21044	2	0.885893
21048	1	0.885894
21049	1	0.885896
21050	6	0.885904
21051	15	0.885926
21052	8	0.885938
21053	17	0.885963
21054	3	0.885968
21056	3	0.885972
21058	1	0.885974
21059	1	0.885975
21060	5	0.885982
21061	9	0.885996
21062	9	0.886009
21063	2	0.886012
21064	1	0.886013
21066	1	0.886015
21069	2	0.886018
21071	1	0.886019
21074	3	0.886024
21076	1	0.886025
21083	1	0.886027
21084	3	0.886031
21085	4	0.886037
21086	2	0.88604
21087	9	0.886053
21088	15	0.886075
21089	50	0.886149
21090	11	0.886165
21091	19	0.886193
21092	2	0.886196
21093	5	0.886203
21094	2	0.886206
21095	8	0.886218
21096	5	0.886225
21097	8	0.886237
21098	2	0.88624
21099	2	0.886243
21100	1	0.886245
21101	2	0.886247
21102	4	0.886253
21103	2	0.886256
21104	5	0.886264
21105	1	0.886265
21106	7	0.886275
21107	14	0.886296
21108	4	0.886302
21109	6	0.886311
21110	10	0.886326
21111	5	0.886333
21112	3	0.886337
21113	9	0.886351
21114	39	0.886408
21115	31	0.886454
21116	12	0.886471
21117	8	0.886483
21118	7	0.886493
21119	9	0.886507
21120	8	0.886518
21121	5	0.886526
21122	3	0.88653
21123	3	0.886535
21125	1	0.886536
21126	6	0.886545
21127	8	0.886557
21128	4	0.886563
21129	6	0.886571
21131	3	0.886576
21132	5	0.886583
21134	20	0.886613
21135	8	0.886625
21136	3	0.886629
21137	2	0.886632
21138	5	0.886639
21139	2	0.886642
21140	1	0.886644
21141	6	0.886652
21143	6	0.886661
21145	2	0.886664
21146	14	0.886685
21147	6	0.886694
21148	16	0.886717
21149	33	0.886766
21150	32	0.886813
21151	34	0.886863
21152	19	0.886891
21153	20	0.886921
21154	23	0.886954
21155	21	0.886985
21156	29	0.887028
21157	23	0.887062
21158	4	0.887068
21159	9	0.887081
21160	11	0.887097
21161	1	0.887099
21162	8	0.887111
21163	9	0.887124
21164	17	0.887149
21165	1	0.88715
21166	7	0.887161
21167	9	0.887174
21168	9	0.887187
21169	1	0.887189
21170	8	0.8872
21171	3	0.887205
21172	7	0.887215
21173	12	0.887233
21174	11	0.887249
21175	16	0.887273
21176	8	0.887284
21177	12	0.887302
21178	9	0.887315
21179	17	0.88734
21180	1	0.887342
21181	2	0.887345
21182	12	0.887362
21183	20	0.887392
21184	13	0.887411
21185	9	0.887424
21186	3	0.887429
21187	4	0.887435
21188	6	0.887443
21189	13	0.887462
21190	4	0.887468
21191	18	0.887495
21192	13	0.887514
21193	5	0.887521
21194	17	0.887546
21195	7	0.887557
21197	5	0.887564
21198	9	0.887577
21199	2	0.88758
21200	1	0.887582
21201	14	0.887602
21202	15	0.887624
21203	4	0.88763
21204	17	0.887655
21205	11	0.887672
21206	20	0.887701
21207	31	0.887747
21208	22	0.887779
21209	30	0.887823
21210	15	0.887845
21211	25	0.887882
21212	13	0.887901
21213	6	0.88791
21214	4	0.887916
21215	8	0.887928
21216	1	0.887929
21217	3	0.887934
21219	2	0.887937
21221	11	0.887953
21222	4	0.887959
21224	5	0.887966
21225	14	0.887987
21226	9	0.888
21227	23	0.888034
21228	55	0.888115
21229	4	0.888121
21230	10	0.888136
21231	6	0.888144
21233	2	0.888147
21235	3	0.888152
21236	19	0.88818
21237	10	0.888194
21238	6	0.888203
21239	19	0.888231
21240	4	0.888237
21241	7	0.888247
21242	5	0.888255
21243	2	0.888258
21244	6	0.888267
21245	2	0.88827
21246	44	0.888334
21247	19	0.888362
21248	25	0.888399
21249	19	0.888427
21250	23	0.888461
21251	89	0.888592
21252	86	0.888719
21253	22	0.888751
21254	30	0.888795
21255	21	0.888826
21256	28	0.888867
21257	11	0.888884
21258	2	0.888887
21259	7	0.888897
21260	6	0.888906
21261	7	0.888916
21262	11	0.888932
21263	11	0.888948
21264	22	0.888981
21265	7	0.888991
21267	5	0.888999
21268	37	0.889053
21269	26	0.889091
21270	6	0.8891
21271	5	0.889108
21272	10	0.889122
21273	7	0.889133
21274	5	0.88914
21275	28	0.889181
21276	52	0.889258
21277	42	0.88932
21278	70	0.889423
21279	48	0.889493
21280	83	0.889616
21281	20	0.889645
21282	25	0.889682
21283	22	0.889714
21284	18	0.889741
21285	29	0.889783
21286	42	0.889845
21287	52	0.889922
21288	77	0.890035
21289	62	0.890127
21290	49	0.890199
21291	39	0.890256
21292	35	0.890308
21293	38	0.890364
21294	31	0.890409
21295	23	0.890443
21296	21	0.890474
21297	18	0.890501
21298	34	0.890551
21299	41	0.890611
21300	39	0.890669
21301	90	0.890801
21302	24	0.890836
21303	48	0.890907
21304	45	0.890973
21305	37	0.891028
21306	17	0.891053
21307	13	0.891072
21308	24	0.891107
21309	46	0.891175
21310	35	0.891227
21311	54	0.891306
21312	33	0.891355
21313	44	0.89142
21314	29	0.891462
21315	35	0.891514
21316	96	0.891655
21317	50	0.891729
21318	109	0.891889
21319	40	0.891948
21320	41	0.892009
21321	39	0.892066
21322	9	0.892079
21323	22	0.892112
21324	5	0.892119
21325	22	0.892152
21326	48	0.892222
21327	66	0.892319
21328	13	0.892339
21329	27	0.892378
21330	21	0.892409
21331	24	0.892445
21332	7	0.892455
21333	14	0.892476
21334	6	0.892484
21335	4	0.89249
21337	6	0.892499
21338	2	0.892502
21339	40	0.892561
21340	12	0.892579
21341	10	0.892593
21342	13	0.892613
21343	10	0.892627
21344	6	0.892636
21345	10	0.892651
21346	10	0.892666
21347	13	0.892685
21350	1	0.892686
21351	10	0.892701
21352	17	0.892726
21353	14	0.892747
21354	8	0.892758
21355	12	0.892776
21356	3	0.89278
21357	10	0.892795
21358	3	0.8928
21359	10	0.892814
21360	11	0.892831
21361	7	0.892841
21362	16	0.892864
21364	2	0.892867
21365	7	0.892878
21366	3	0.892882
21368	4	0.892888
21369	8	0.8929
21370	9	0.892913
21371	1	0.892914
21372	2	0.892917
21373	1	0.892919
21374	2	0.892922
21375	10	0.892937
21376	2	0.89294
21377	10	0.892954
21378	1	0.892956
21379	3	0.89296
21381	12	0.892978
21382	19	0.893006
21383	22	0.893038
21384	15	0.89306
21385	9	0.893074
21386	26	0.893112
21387	42	0.893174
21388	111	0.893337
21389	13	0.893356
21390	48	0.893427
21391	42	0.893489
21392	11	0.893505
21393	8	0.893517
21394	16	0.89354
21395	48	0.893611
21396	6	0.89362
21397	36	0.893673
21398	11	0.893689
21399	12	0.893707
21400	15	0.893729
21401	6	0.893738
21402	15	0.89376
21403	7	0.89377
21404	2	0.893773
21405	72	0.893879
21406	107	0.894037
21407	67	0.894135
21408	39	0.894193
21409	64	0.894287
21410	46	0.894355
21411	24	0.89439
21412	27	0.89443
21413	61	0.89452
21414	55	0.894601
21415	44	0.894666
21416	10	0.89468
21417	73	0.894788
21418	13	0.894807
21419	11	0.894823
21420	110	0.894985
21421	29	0.895028
21422	13	0.895047
21423	30	0.895091
21424	13	0.89511
21425	4	0.895116
21426	27	0.895156
21427	7	0.895166
21428	20	0.895196
21429	6	0.895205
21430	15	0.895227
21431	31	0.895272
21432	17	0.895297
21433	10	0.895312
21434	16	0.895336
21435	45	0.895402
21436	2	0.895405
21437	72	0.895511
21438	132	0.895705
21439	20	0.895735
21440	19	0.895763
21441	10	0.895777
21442	24	0.895813
21443	7	0.895823
21444	32	0.89587
21445	27	0.89591
21446	32	0.895957
21447	32	0.896004
21448	35	0.896056
21449	26	0.896094
21450	6	0.896103
21451	27	0.896143
21452	20	0.896172
21453	76	0.896284
21454	30	0.896328
21455	20	0.896358
21456	45	0.896424
21457	25	0.896461
21458	23	0.896495
21459	104	0.896648
21460	85	0.896773
21461	47	0.896842
21462	47	0.896911
21463	67	0.89701
21464	45	0.897076
21465	29	0.897119
21466	39	0.897177
21467	34	0.897227
21468	76	0.897339
21469	97	0.897481
21470	80	0.897599
21471	99	0.897745
21472	12	0.897763
21473	22	0.897795
21474	35	0.897847
21475	18	0.897873
21476	14	0.897894
21477	34	0.897944
21478	24	0.897979
21479	20	0.898009
21480	53	0.898087
21481	68	0.898187
21482	32	0.898234
21483	36	0.898287
21484	78	0.898402
21485	63	0.898495
21486	107	0.898652
21487	44	0.898717
21488	81	0.898836
21489	66	0.898933
21490	33	0.898982
21491	66	0.899079
21492	76	0.899191
21493	54	0.899271
21494	82	0.899391
21495	74	0.8995
21496	99	0.899646
21497	122	0.899826
21498	113	0.899992
21499	87	0.90012
21500	67	0.900219
21501	78	0.900334
21502	96	0.900475
21503	46	0.900543
21504	11	0.900559
21505	3	0.900564
21506	11	0.90058
21507	8	0.900592
21508	8	0.900604
21509	60	0.900692
21510	47	0.900761
21511	78	0.900876
21512	22	0.900908
21513	22	0.900941
21514	21	0.900972
21515	20	0.901001
21516	46	0.901069
21517	14	0.90109
21518	22	0.901122
21519	31	0.901168
21520	11	0.901184
21521	2	0.901187
21522	3	0.901191
21523	9	0.901204
21524	15	0.901226
21525	16	0.90125
21526	6	0.901259
21527	21	0.90129
21528	19	0.901318
21529	29	0.90136
21530	30	0.901405
21531	13	0.901424
21532	51	0.901499
21533	41	0.901559
21534	93	0.901696
21535	53	0.901774
21536	17	0.901799
21537	22	0.901832
21538	40	0.901891
21539	32	0.901938
21540	14	0.901958
21541	15	0.901981
21542	33	0.902029
21543	17	0.902054
21544	11	0.90207
21545	19	0.902098
21546	46	0.902166
21547	26	0.902204
21548	13	0.902224
21549	6	0.902232
21550	30	0.902277
21551	5	0.902284
21552	6	0.902293
21553	18	0.902319
21554	13	0.902338
21555	34	0.902388
21556	94	0.902527
21557	58	0.902612
21558	49	0.902684
21559	102	0.902835
21560	67	0.902933
21561	61	0.903023
21562	74	0.903132
21563	59	0.903219
21564	79	0.903335
21565	61	0.903425
21566	52	0.903502
21567	7	0.903512
21568	24	0.903547
21569	21	0.903578
21570	146	0.903793
21571	11	0.90381
21572	24	0.903845
21573	67	0.903944
21574	37	0.903998
21575	10	0.904013
21576	10	0.904028
21577	12	0.904045
21578	32	0.904092
21579	56	0.904175
21580	124	0.904357
21581	39	0.904415
21582	46	0.904483
21583	23	0.904517
21584	4	0.904522
21585	8	0.904534
21586	10	0.904549
21587	4	0.904555
21588	13	0.904574
21589	7	0.904584
21590	7	0.904595
21591	25	0.904631
21592	16	0.904655
21593	7	0.904665
21594	25	0.904702
21595	30	0.904746
21596	11	0.904762
21597	9	0.904776
21598	8	0.904788
21599	6	0.904796
21600	11	0.904813
21601	12	0.90483
21602	10	0.904845
21603	23	0.904879
21604	32	0.904926
21605	52	0.905003
21606	14	0.905023
21607	25	0.90506
21608	35	0.905111
21609	6	0.90512
21610	5	0.905128
21611	13	0.905147
21612	30	0.905191
21613	40	0.90525
21614	13	0.905269
21615	24	0.905304
21616	6	0.905313
21617	20	0.905343
21618	7	0.905353
21619	3	0.905357
21620	3	0.905362
21621	9	0.905375
21622	29	0.905418
21623	14	0.905438
21624	5	0.905446
21625	12	0.905463
21626	104	0.905617
21627	28	0.905658
21628	44	0.905723
21629	24	0.905758
21630	45	0.905824
21631	44	0.905889
21632	56	0.905972
21633	37	0.906026
21634	34	0.906076
21635	30	0.90612
21636	12	0.906138
21637	13	0.906157
21638	68	0.906257
21639	12	0.906275
21640	30	0.906319
21641	56	0.906402
21642	22	0.906434
21643	51	0.906509
21644	15	0.906531
21645	18	0.906558
21646	21	0.906589
21647	63	0.906681
21648	43	0.906745
21649	41	0.906805
21650	12	0.906823
21651	25	0.90686
21652	10	0.906874
21653	13	0.906893
21654	10	0.906908
21655	11	0.906924
21656	5	0.906932
21657	24	0.906967
21658	1	0.906969
21659	2	0.906972
21660	8	0.906983
21661	1	0.906985
21662	2	0.906988
21663	2	0.906991
21664	1	0.906992
21665	2	0.906995
21666	1	0.906997
21667	10	0.907011
21668	40	0.90707
21669	29	0.907113
21670	12	0.907131
21671	16	0.907154
21672	12	0.907172
21673	71	0.907276
21674	57	0.90736
21675	118	0.907534
21676	26	0.907572
21677	58	0.907658
21678	30	0.907702
21679	36	0.907755
21680	18	0.907782
21681	40	0.90784
21682	33	0.907889
21683	65	0.907985
21684	71	0.908089
21685	99	0.908235
21686	97	0.908378
21687	156	0.908608
21688	29	0.90865
21689	14	0.908671
21695	1	0.908673
21697	2	0.908675
21698	1	0.908677
21699	1	0.908678
21700	1	0.90868
21701	2	0.908683
21706	8	0.908695
21707	41	0.908755
21708	38	0.908811
21709	6	0.90882
21710	9	0.908833
21711	7	0.908843
21713	1	0.908845
21714	1	0.908846
21715	2	0.908849
21716	3	0.908854
21717	1	0.908855
21719	1	0.908857
21721	1	0.908858
21723	2	0.908861
21724	5	0.908868
21725	14	0.908889
21726	11	0.908905
21727	23	0.908939
21728	28	0.90898
21729	35	0.909032
21730	56	0.909114
21731	27	0.909154
21732	37	0.909209
21733	11	0.909225
21734	12	0.909242
21735	17	0.909268
21736	3	0.909272
21737	4	0.909278
21738	17	0.909303
21739	6	0.909312
21741	2	0.909315
21742	5	0.909322
21743	2	0.909325
21744	5	0.909332
21745	8	0.909344
21746	8	0.909356
21747	7	0.909366
21748	2	0.909369
21749	1	0.909371
21750	1	0.909372
21751	1	0.909374
21752	3	0.909378
21754	6	0.909387
21755	1	0.909388
21756	8	0.9094
21757	6	0.909409
21759	9	0.909422
21760	23	0.909456
21761	15	0.909478
21762	95	0.909618
21763	35	0.90967
21764	47	0.909739
21765	51	0.909814
21766	33	0.909862
21767	48	0.909933
21768	26	0.909971
21769	3	0.909976
21770	9	0.909989
21771	15	0.910011
21772	5	0.910019
21773	7	0.910029
21774	10	0.910044
21775	11	0.91006
21776	5	0.910067
21777	28	0.910108
21778	79	0.910225
21779	26	0.910263
21780	41	0.910323
21781	10	0.910338
21782	4	0.910344
21783	4	0.91035
21784	5	0.910357
21785	10	0.910372
21786	3	0.910376
21787	2	0.910379
21788	19	0.910407
21789	13	0.910427
21790	14	0.910447
21791	47	0.910516
21792	19	0.910544
21793	15	0.910566
21794	8	0.910578
21795	4	0.910584
21796	8	0.910596
21797	7	0.910606
21798	5	0.910614
21799	2	0.910617
21800	2	0.910619
21801	9	0.910633
21802	9	0.910646
21803	1	0.910647
21804	6	0.910656
21805	4	0.910662
21806	7	0.910672
21807	5	0.91068
21808	1	0.910681
21809	4	0.910687
21810	4	0.910693
21812	3	0.910698
21813	2	0.9107
21814	1	0.910702
21816	1	0.910703
21817	1	0.910705
21818	28	0.910746
21819	12	0.910764
21820	14	0.910784
21821	44	0.910849
21822	7	0.91086
21823	14	0.91088
21824	6	0.910889
21825	3	0.910893
21826	17	0.910918
21827	6	0.910927
21828	5	0.910935
21829	17	0.91096
21830	11	0.910976
21831	9	0.910989
21832	2	0.910992
21833	11	0.911008
21834	7	0.911019
21835	12	0.911036
21836	11	0.911052
21837	13	0.911072
21838	10	0.911086
21839	27	0.911126
21840	8	0.911138
21841	9	0.911151
21842	3	0.911156
21843	3	0.91116
21844	2	0.911163
21846	15	0.911185
21847	3	0.911189
21848	2	0.911192
21850	28	0.911234
21851	8	0.911245
21852	18	0.911272
21853	40	0.911331
21854	8	0.911343
21855	14	0.911363
21856	9	0.911376
21857	14	0.911397
21858	30	0.911441
21859	1	0.911443
21860	3	0.911447
21861	5	0.911454
21865	2	0.911457
21868	5	0.911465
21869	1	0.911466
21870	5	0.911474
21871	1	0.911475
21872	4	0.911481
21873	7	0.911491
21874	6	0.9115
21875	15	0.911522
21876	18	0.911549
21877	12	0.911566
21878	19	0.911594
21879	8	0.911606
21880	13	0.911625
21881	2	0.911628
21882	6	0.911637
21883	11	0.911653
21884	44	0.911718
21885	7	0.911728
21886	21	0.911759
21887	18	0.911786
21888	32	0.911833
21889	62	0.911924
21890	76	0.912036
21891	33	0.912085
21892	115	0.912254
21893	82	0.912375
21894	56	0.912457
21895	34	0.912507
21896	18	0.912534
21897	54	0.912614
21898	19	0.912641
21899	25	0.912678
21900	25	0.912715
21901	18	0.912742
21902	11	0.912758
21903	18	0.912784
21904	14	0.912805
21905	17	0.91283
21906	20	0.912859
21907	16	0.912883
21908	8	0.912895
21909	2	0.912898
21910	7	0.912908
21912	1	0.91291
21914	3	0.912914
21919	1	0.912915
21923	2	0.912918
21924	4	0.912924
21926	1	0.912926
21927	4	0.912932
21928	2	0.912935
21929	3	0.912939
21931	1	0.91294
21933	1	0.912942
21934	2	0.912945
21935	2	0.912948
21936	7	0.912958
21937	1	0.91296
21938	1	0.912961
21939	3	0.912965
21941	7	0.912976
21942	5	0.912983
21943	2	0.912986
21944	2	0.912989
21945	3	0.912993
21946	3	0.912998
21947	10	0.913013
21948	1	0.913014
21950	4	0.91302
21951	2	0.913023
21952	2	0.913026
21953	7	0.913036
21954	5	0.913044
21955	3	0.913048
21956	2	0.913051
21958	5	0.913058
21959	1	0.91306
21960	3	0.913064
21961	1	0.913066
21962	1	0.913067
21968	1	0.913069
21969	3	0.913073
21970	1	0.913074
21971	2	0.913077
21973	2	0.91308
21975	7	0.913091
21976	2	0.913094
21978	1	0.913095
21981	2	0.913098
21983	2	0.913101
21986	15	0.913123
21988	2	0.913126
21989	3	0.91313
21991	1	0.913132
21992	1	0.913133
21994	11	0.91315
21995	10	0.913164
21996	1	0.913166
21997	3	0.91317
21998	1	0.913172
21999	1	0.913173
22001	1	0.913175
22003	4	0.913181
22006	2	0.913183
22007	2	0.913186
22009	2	0.913189
22011	4	0.913195
22014	1	0.913197
22015	1	0.913198
22016	1	0.9132
22017	2	0.913203
22018	1	0.913204
22019	2	0.913207
22023	4	0.913213
22025	2	0.913216
22026	1	0.913217
22031	3	0.913222
22033	1	0.913223
22040	1	0.913225
22041	1	0.913226
22042	4	0.913232
22043	2	0.913235
22045	1	0.913236
22046	10	0.913251
22047	14	0.913272
22048	16	0.913295
22049	4	0.913301
22050	14	0.913322
22051	6	0.913331
22052	2	0.913334
22053	6	0.913343
22054	1	0.913344
22056	11	0.91336
22057	13	0.913379
22058	1	0.913381
22059	4	0.913387
22060	1	0.913388
22061	4	0.913394
22063	2	0.913397
22064	4	0.913403
22065	1	0.913404
22066	1	0.913406
22067	1	0.913407
22070	1	0.913409
22074	1	0.91341
22075	1	0.913412
22076	1	0.913413
22080	1	0.913415
22081	2	0.913418
22082	1	0.913419
22083	37	0.913474
22084	75	0.913584
22085	38	0.91364
22086	2	0.913643
22087	11	0.913659
22090	1	0.913661
22091	7	0.913671
22092	1	0.913672
22093	9	0.913686
22094	6	0.913694
22095	3	0.913699
22096	4	0.913705
22097	15	0.913727
22098	12	0.913745
22099	22	0.913777
22100	11	0.913793
22101	6	0.913802
22103	2	0.913805
22104	5	0.913812
22105	1	0.913814
22106	20	0.913843
22107	3	0.913848
22108	4	0.913854
22109	8	0.913865
22110	2	0.913868
22111	2	0.913871
22112	5	0.913879
22113	3	0.913883
22114	7	0.913893
22115	14	0.913914
22116	36	0.913967
22117	15	0.913989
22118	43	0.914052
22119	4	0.914058
22120	8	0.91407
22121	6	0.914079
22122	21	0.91411
22123	19	0.914138
22124	22	0.91417
22125	6	0.914179
22126	14	0.9142
22127	8	0.914211
22128	11	0.914228
22129	28	0.914269
22130	34	0.914319
22131	44	0.914384
22132	21	0.914415
22133	30	0.914459
22134	28	0.9145
22135	33	0.914549
22136	13	0.914568
22137	3	0.914572
22138	1	0.914574
22139	13	0.914593
22140	3	0.914597
22141	50	0.914671
22142	14	0.914692
22143	12	0.914709
22144	4	0.914715
22145	2	0.914718
22146	4	0.914724
22147	13	0.914743
22149	1	0.914745
22152	2	0.914747
22158	2	0.91475
22159	1	0.914752
22161	4	0.914758
22162	2	0.914761
22165	1	0.914762
22166	2	0.914765
22167	7	0.914775
22175	1	0.914777
22186	1	0.914778
22192	1	0.91478
22198	5	0.914787
22203	1	0.914789
22205	2	0.914792
22206	2	0.914795
22207	7	0.914805
22208	2	0.914808
22215	2	0.914811
22216	1	0.914812
22217	1	0.914814
22220	4	0.91482
22222	3	0.914824
22223	1	0.914826
22228	1	0.914827
22230	1	0.914828
22233	1	0.91483
22239	1	0.914831
22240	1	0.914833
22244	1	0.914834
22245	1	0.914836
22246	1	0.914837
22250	5	0.914845
22251	2	0.914848
22255	1	0.914849
22283	3	0.914854
22284	6	0.914862
22285	6	0.914871
22289	1	0.914873
22292	1	0.914874
22297	1	0.914876
22298	1	0.914877
22299	4	0.914883
22301	2	0.914886
22302	3	0.91489
22303	1	0.914892
22304	3	0.914896
22305	2	0.914899
22306	1	0.914901
22307	2	0.914904
22309	1	0.914905
22310	1	0.914907
22314	1	0.914908
22319	2	0.914911
22320	8	0.914923
22321	5	0.91493
22324	1	0.914932
22326	1	0.914933
22331	1	0.914935
22333	1	0.914936
22335	2	0.914939
22340	1	0.91494
22346	1	0.914942
22348	1	0.914943
22349	1	0.914945
22353	1	0.914946
22354	2	0.914949
22355	1	0.914951
22357	1	0.914952
22362	1	0.914954
22363	2	0.914957
22364	1	0.914958
22367	6	0.914967
22368	1	0.914968
22370	1	0.91497
22371	4	0.914976
22372	5	0.914983
22373	6	0.914992
22375	2	0.914995
22377	1	0.914996
22379	1	0.914998
22380	1	0.914999
22381	1	0.915001
22383	3	0.915005
22384	1	0.915007
22385	2	0.91501
22387	4	0.915016
22388	3	0.91502
22389	10	0.915035
22390	11	0.915051
22391	6	0.91506
22392	8	0.915071
22393	4	0.915077
22394	4	0.915083
22395	11	0.915099
22396	6	0.915108
22397	11	0.915124
22398	3	0.915129
22399	7	0.915139
22400	2	0.915142
22401	3	0.915147
22402	21	0.915178
22403	19	0.915205
22404	14	0.915226
22405	23	0.91526
22406	9	0.915273
22407	11	0.915289
22408	4	0.915295
22409	11	0.915312
22410	17	0.915337
22411	1	0.915338
22412	3	0.915342
22413	4	0.915348
22414	6	0.915357
22415	2	0.91536
22416	4	0.915366
22417	2	0.915369
22418	3	0.915373
22419	8	0.915385
22420	7	0.915395
22421	9	0.915409
22422	11	0.915425
22423	7	0.915435
22424	5	0.915443
22425	27	0.915482
22426	16	0.915506
22427	26	0.915544
22428	17	0.915569
22429	10	0.915584
22430	7	0.915594
22431	8	0.915606
22432	10	0.915621
22433	7	0.915631
22434	13	0.91565
22435	9	0.915664
22436	8	0.915675
22437	7	0.915686
22438	4	0.915691
22441	5	0.915699
22443	2	0.915702
22444	4	0.915708
22445	3	0.915712
22446	4	0.915718
22447	1	0.915719
22449	3	0.915724
22451	2	0.915727
22455	2	0.91573
22461	4	0.915736
22463	5	0.915743
22464	8	0.915755
22465	2	0.915758
22466	2	0.915761
22468	2	0.915764
22469	4	0.91577
22470	3	0.915774
22471	5	0.915781
22472	1	0.915783
22473	1	0.915784
22474	7	0.915795
22475	8	0.915806
22477	4	0.915812
22479	1	0.915814
22487	1	0.915815
22488	2	0.915818
22493	1	0.91582
22496	3	0.915824
22497	2	0.915827
22498	6	0.915836
22499	19	0.915864
22500	10	0.915879
22506	1	0.91588
22517	1	0.915881
22518	1	0.915883
22520	1	0.915884
22522	1	0.915886
22525	1	0.915887
22527	1	0.915889
22529	1	0.91589
22530	1	0.915892
22532	1	0.915893
22535	1	0.915895
22537	1	0.915896
22538	1	0.915898
22539	2	0.915901
22540	2	0.915904
22541	2	0.915907
22543	3	0.915911
22544	3	0.915915
22545	1	0.915917
22557	1	0.915918
22558	1	0.91592
22559	1	0.915921
22561	1	0.915923
22570	1	0.915924
22571	1	0.915926
22573	2	0.915929
22578	2	0.915932
22579	2	0.915934
22581	1	0.915936
22585	2	0.915939
22586	4	0.915945
22587	3	0.915949
22588	1	0.915951
22590	1	0.915952
22593	1	0.915954
22594	1	0.915955
22597	3	0.91596
22599	3	0.915964
22600	1	0.915965
22601	1	0.915967
22604	1	0.915968
22611	1	0.91597
22615	1	0.915971
22619	1	0.915973
22630	1	0.915974
22632	1	0.915976
22633	2	0.915979
22635	3	0.915983
22636	1	0.915985
22637	6	0.915993
22639	1	0.915995
22652	2	0.915998
22653	1	0.915999
22654	3	0.916004
22655	3	0.916008
22656	2	0.916011
22657	1	0.916013
22661	2	0.916015
22666	2	0.916018
22667	7	0.916029
22668	2	0.916032
22669	6	0.916041
22670	10	0.916055
22671	10	0.91607
22672	10	0.916085
22673	7	0.916095
22674	11	0.916111
22675	1	0.916113
22676	1	0.916114
22677	6	0.916123
22678	1	0.916124
22680	4	0.91613
22682	2	0.916133
22684	2	0.916136
22686	4	0.916142
22687	4	0.916148
22688	1	0.916149
22689	6	0.916158
22690	4	0.916164
22691	15	0.916186
22692	1	0.916188
22693	6	0.916197
22694	10	0.916211
22695	3	0.916216
22696	5	0.916223
22697	11	0.916239
22698	6	0.916248
22699	3	0.916253
22701	1	0.916254
22702	1	0.916256
22703	1	0.916257
22704	2	0.91626
22706	1	0.916261
22708	1	0.916263
22709	1	0.916264
22711	10	0.916279
22715	2	0.916282
22716	3	0.916286
22717	2	0.916289
22721	2	0.916292
22722	1	0.916294
22725	6	0.916303
22726	4	0.916309
22727	7	0.916319
22728	2	0.916322
22729	55	0.916403
22730	29	0.916446
22731	4	0.916451
22732	11	0.916468
22733	21	0.916499
22734	8	0.91651
22735	24	0.916546
22736	26	0.916584
22737	46	0.916652
22739	3	0.916656
22740	5	0.916663
22741	3	0.916668
22742	7	0.916678
22743	1	0.91668
22744	2	0.916683
22746	5	0.91669
22747	2	0.916693
22748	2	0.916696
22749	2	0.916699
22750	3	0.916703
22751	1	0.916705
22752	5	0.916712
22755	8	0.916724
22758	13	0.916743
22759	2	0.916746
22760	2	0.916749
22761	3	0.916753
22762	13	0.916772
22763	9	0.916786
22764	15	0.916808
22765	15	0.91683
22769	6	0.916839
22770	1	0.91684
22772	3	0.916845
22776	4	0.916851
22777	11	0.916867
22778	8	0.916878
22779	21	0.916909
22780	9	0.916923
22781	2	0.916926
22782	9	0.916939
22783	16	0.916962
22784	11	0.916979
22785	3	0.916983
22786	11	0.916999
22787	4	0.917005
22788	21	0.917036
22789	9	0.917049
22790	14	0.91707
22791	3	0.917074
22792	6	0.917083
22793	7	0.917094
22794	12	0.917111
22795	27	0.917151
22796	1	0.917152
22797	10	0.917167
22798	8	0.917179
22799	14	0.9172
22800	4	0.917205
22801	6	0.917214
22802	1	0.917216
22803	4	0.917222
22809	3	0.917226
22810	2	0.917229
22811	1	0.91723
22812	1	0.917232
22813	2	0.917235
22814	8	0.917247
22815	10	0.917261
22816	14	0.917282
22817	7	0.917292
22819	12	0.91731
22820	21	0.917341
22821	1	0.917342
22822	8	0.917354
22824	17	0.917379
22825	38	0.917435
22826	12	0.917453
22828	7	0.917463
22829	1	0.917465
22830	12	0.917482
22831	44	0.917547
22832	11	0.917563
22833	2	0.917566
22834	1	0.917568
22835	1	0.917569
22837	1	0.917571
22839	1	0.917572
22840	8	0.917584
22841	2	0.917587
22842	7	0.917597
22843	22	0.91763
22844	19	0.917658
22845	2	0.917661
22846	3	0.917665
22847	2	0.917668
22851	1	0.917669
22854	2	0.917672
22857	1	0.917674
22861	2	0.917677
22862	2	0.91768
22864	2	0.917683
22868	1	0.917684
22869	1	0.917686
22870	2	0.917688
22871	2	0.917691
22872	5	0.917699
22873	1	0.9177
22874	1	0.917702
22875	7	0.917712
22876	12	0.91773
22877	3	0.917734
22878	7	0.917744
22879	10	0.917759
22880	4	0.917765
22881	4	0.917771
22882	4	0.917777
22883	1	0.917778
22884	6	0.917787
22888	1	0.917789
22889	1	0.91779
22890	4	0.917796
22891	3	0.9178
22892	4	0.917806
22894	9	0.91782
22895	22	0.917852
22896	27	0.917892
22897	3	0.917896
22898	3	0.917901
22899	5	0.917908
22900	9	0.917921
22901	6	0.91793
22902	12	0.917948
22903	33	0.917996
22904	4	0.918002
22905	2	0.918005
22906	3	0.91801
22907	1	0.918011
22908	2	0.918014
22911	1	0.918015
22917	2	0.918018
22918	2	0.918021
22919	3	0.918026
22920	1	0.918027
22921	2	0.91803
22922	2	0.918033
22923	9	0.918046
22924	14	0.918067
22925	2	0.91807
22926	27	0.91811
22927	12	0.918127
22928	7	0.918138
22929	5	0.918145
22930	21	0.918176
22931	15	0.918198
22932	1	0.9182
22934	1	0.918201
22948	1	0.918202
22958	3	0.918207
22964	2	0.91821
22965	4	0.918216
22967	1	0.918217
22968	1	0.918219
22969	1	0.91822
22972	1	0.918222
22974	1	0.918223
22976	1	0.918225
22980	1	0.918226
22984	1	0.918227
22989	1	0.918229
22997	1	0.91823
23000	3	0.918235
23001	7	0.918245
23003	1	0.918247
23005	1	0.918248
23008	1	0.91825
23010	2	0.918253
23018	3	0.918257
23019	1	0.918258
23020	1	0.91826
23021	5	0.918267
23022	1	0.918269
23023	2	0.918272
23027	2	0.918275
23028	2	0.918278
23030	2	0.918281
23031	2	0.918283
23033	1	0.918285
23034	6	0.918294
23035	3	0.918298
23038	1	0.9183
23039	4	0.918306
23044	4	0.918311
23045	1	0.918313
23046	2	0.918316
23047	1	0.918317
23050	2	0.91832
23051	24	0.918356
23052	20	0.918385
23053	19	0.918413
23054	38	0.918469
23055	36	0.918522
23056	31	0.918568
23057	26	0.918606
23058	47	0.918675
23059	43	0.918739
23060	106	0.918895
23061	25	0.918931
23062	13	0.918951
23063	9	0.918964
23064	2	0.918967
23065	1	0.918968
23066	3	0.918973
23067	10	0.918987
23068	33	0.919036
23069	149	0.919255
23070	82	0.919376
23071	68	0.919476
23072	54	0.919556
23073	73	0.919663
23074	2	0.919666
23075	9	0.91968
23076	4	0.919685
23077	2	0.919688
23078	10	0.919703
23079	2	0.919706
23083	2	0.919709
23084	2	0.919712
23087	2	0.919715
23092	1	0.919716
23097	1	0.919718
23098	3	0.919722
23099	1	0.919724
23105	1	0.919725
23118	1	0.919727
23121	1	0.919728
23126	2	0.919731
23142	1	0.919733
23145	1	0.919734
23159	1	0.919736
23168	2	0.919739
23170	2	0.919741
23171	2	0.919744
23183	2	0.919747
23187	2	0.91975
23189	3	0.919755
23190	2	0.919758
23193	1	0.919759
23205	1	0.919761
23209	1	0.919762
23241	2	0.919765
23244	2	0.919768
23247	2	0.919771
23248	6	0.91978
23249	1	0.919781
23251	4	0.919787
23252	4	0.919793
23253	2	0.919796
23254	4	0.919802
23255	4	0.919808
23256	4	0.919814
23257	2	0.919817
23258	3	0.919821
23262	1	0.919822
23263	1	0.919824
23267	1	0.919825
23269	3	0.91983
23270	2	0.919833
23280	1	0.919834
23299	1	0.919836
23312	1	0.919837
23325	1	0.919839
23327	1	0.91984
23336	1	0.919842
23355	1	0.919843
23359	1	0.919845
23362	1	0.919846
23365	1	0.919847
23367	2	0.91985
23370	1	0.919852
23375	1	0.919853
23381	1	0.919855
23386	5	0.919862
23410	1	0.919864
23420	1	0.919865
23422	1	0.919867
23462	1	0.919868
23466	2	0.919871
23467	1	0.919873
23469	1	0.919874
23471	1	0.919875
23472	1	0.919877
23473	1	0.919878
23477	1	0.91988
23478	1	0.919881
23479	1	0.919883
23489	1	0.919884
23497	1	0.919886
23498	2	0.919889
23509	1	0.91989
23523	2	0.919893
23528	3	0.919898
23535	2	0.919901
23536	1	0.919902
23539	6	0.919911
23540	1	0.919912
23544	1	0.919914
23552	1	0.919915
23559	1	0.919917
23560	2	0.91992
23561	2	0.919923
23563	1	0.919924
23565	3	0.919928
23569	1	0.91993
23571	1	0.919931
23573	12	0.919949
23574	2	0.919952
23576	2	0.919955
23579	6	0.919964
23580	5	0.919971
23581	1	0.919973
23583	3	0.919977
23584	6	0.919986
23585	3	0.91999
23586	1	0.919992
23588	3	0.919996
23589	1	0.919998
23590	1	0.919999
23591	5	0.920007
23592	1	0.920008
23593	3	0.920012
23594	1	0.920014
23597	3	0.920018
23603	1	0.92002
23605	1	0.920021
23607	1	0.920023
23609	1	0.920024
23612	2	0.920027
23615	1	0.920029
23616	1	0.92003
23617	4	0.920036
23622	3	0.92004
23626	1	0.920042
23628	1	0.920043
23631	3	0.920048
23633	1	0.920049
23634	2	0.920052
23637	1	0.920054
23640	1	0.920055
23642	1	0.920057
23643	1	0.920058
23644	5	0.920065
23647	1	0.920067
23649	2	0.92007
23650	2	0.920073
23651	4	0.920079
23652	1	0.92008
23653	2	0.920083
23654	4	0.920089
23655	3	0.920093
23656	1	0.920095
23657	1	0.920096
23664	2	0.920099
23665	3	0.920104
23666	1	0.920105
23668	1	0.920107
23669	1	0.920108
23671	1	0.92011
23675	1	0.920111
23681	4	0.920117
23684	1	0.920118
23687	1	0.92012
23697	1	0.920121
23699	1	0.920123
23710	2	0.920126
23712	5	0.920133
23713	1	0.920135
23715	1	0.920136
23730	2	0.920139
23731	1	0.920141
23733	1	0.920142
23734	1	0.920144
23735	1	0.920145
23736	3	0.920149
23737	1	0.920151
23739	1	0.920152
23741	1	0.920154
23744	3	0.920158
23748	1	0.92016
23749	1	0.920161
23760	1	0.920163
23762	2	0.920166
23771	1	0.920167
23772	1	0.920169
23773	2	0.920171
23774	1	0.920173
23782	2	0.920176
23785	3	0.92018
23787	1	0.920182
23792	2	0.920185
23793	1	0.920186
23818	1	0.920188
23832	2	0.920191
23834	1	0.920192
23835	2	0.920195
23837	2	0.920198
23844	2	0.920201
23873	1	0.920202
23894	1	0.920204
23967	1	0.920205
23970	1	0.920207
23971	1	0.920208
23974	1	0.92021
23976	1	0.920211
23980	1	0.920213
23996	1	0.920214
24000	2	0.920217
24003	1	0.920219
24004	2	0.920222
24007	1	0.920223
24008	2	0.920226
24009	1	0.920227
24011	3	0.920232
24014	1	0.920233
24015	1	0.920235
24017	1	0.920236
24018	1	0.920238
24019	2	0.920241
24025	3	0.920245
24028	1	0.920247
24029	2	0.92025
24032	1	0.920251
24041	3	0.920255
24042	1	0.920257
24045	2	0.92026
24049	1	0.920261
24050	2	0.920264
24051	2	0.920267
24055	3	0.920272
24062	1	0.920273
24063	1	0.920275
24064	2	0.920278
24065	2	0.92028
24068	1	0.920282
24072	1	0.920283
24073	1	0.920285
24074	3	0.920289
24078	1	0.920291
24080	1	0.920292
24083	2	0.920295
24087	1	0.920297
24090	2	0.9203
24092	1	0.920301
24099	1	0.920303
24105	1	0.920304
24107	1	0.920306
24109	2	0.920308
24110	1	0.92031
24111	3	0.920314
24112	1	0.920316
24115	1	0.920317
24127	1	0.920319
24130	3	0.920323
24134	2	0.920326
24135	4	0.920332
24136	1	0.920333
24140	1	0.920335
24143	1	0.920336
24148	1	0.920338
24149	2	0.920341
24151	1	0.920342
24152	2	0.920345
24153	1	0.920347
24156	3	0.920351
24157	1	0.920353
24160	1	0.920354
24161	1	0.920356
24165	4	0.920361
24167	1	0.920363
24168	2	0.920366
24169	2	0.920369
24170	4	0.920375
24172	6	0.920384
24173	2	0.920386
24182	2	0.920389
24185	1	0.920391
24188	2	0.920394
24189	2	0.920397
24190	2	0.9204
24195	1	0.920401
24200	1	0.920403
24215	3	0.920407
24217	1	0.920409
24219	1	0.92041
24222	1	0.920412
24223	3	0.920416
24225	1	0.920417
24226	1	0.920419
24230	2	0.920422
24231	1	0.920423
24232	1	0.920425
24234	2	0.920428
24235	1	0.920429
24239	1	0.920431
24244	1	0.920432
24246	1	0.920434
24249	1	0.920435
24250	1	0.920437
24256	1	0.920438
24258	1	0.92044
24259	1	0.920441
24260	1	0.920442
24268	1	0.920444
24269	1	0.920445
24270	1	0.920447
24273	1	0.920448
24289	1	0.92045
24295	2	0.920453
24296	1	0.920454
24299	1	0.920456
24300	1	0.920457
24306	3	0.920462
24307	3	0.920466
24312	1	0.920467
24314	1	0.920469
24324	2	0.920472
24338	1	0.920473
24351	1	0.920475
24353	1	0.920476
24356	2	0.920479
24360	1	0.920481
24361	1	0.920482
24362	2	0.920485
24366	1	0.920487
24367	1	0.920488
24371	2	0.920491
24377	1	0.920493
24383	3	0.920497
24384	5	0.920504
24387	10	0.920519
24397	2	0.920522
24398	1	0.920523
24399	1	0.920525
24400	1	0.920526
24401	1	0.920528
24404	1	0.920529
24413	1	0.920531
24417	3	0.920535
24419	1	0.920537
24425	1	0.920538
24428	1	0.92054
24430	1	0.920541
24431	1	0.920543
24436	1	0.920544
24437	1	0.920546
24440	1	0.920547
24453	5	0.920554
24456	1	0.920556
24459	1	0.920557
24460	4	0.920563
24462	3	0.920568
24467	1	0.920569
24468	2	0.920572
24473	4	0.920578
24476	2	0.920581
24482	1	0.920582
24485	2	0.920585
24489	1	0.920587
24500	1	0.920588
24502	1	0.92059
24506	1	0.920591
24507	1	0.920593
24509	1	0.920594
24511	2	0.920597
24514	2	0.9206
24515	4	0.920606
24517	11	0.920622
24518	18	0.920649
24519	33	0.920697
24520	2	0.9207
24521	3	0.920705
24522	2	0.920708
24525	2	0.92071
24526	1	0.920712
24528	1	0.920713
24529	5	0.920721
24530	2	0.920724
24531	3	0.920728
24532	3	0.920733
24534	2	0.920736
24535	1	0.920737
24536	5	0.920744
24539	2	0.920747
24540	10	0.920762
24541	16	0.920786
24542	7	0.920796
24543	16	0.920819
24544	5	0.920827
24545	9	0.92084
24546	2	0.920843
24547	1	0.920845
24548	1	0.920846
24549	9	0.920859
24550	22	0.920892
24551	14	0.920912
24552	36	0.920965
24553	8	0.920977
24554	23	0.921011
24555	8	0.921023
24557	2	0.921026
24558	2	0.921029
24559	1	0.92103
24564	2	0.921033
24565	1	0.921034
24566	2	0.921037
24567	1	0.921039
24569	1	0.92104
24570	1	0.921042
24572	1	0.921043
24573	5	0.921051
24575	2	0.921054
24576	2	0.921057
24578	4	0.921062
24579	2	0.921065
24580	2	0.921068
24581	2	0.921071
24582	5	0.921079
24583	13	0.921098
24584	14	0.921118
24585	10	0.921133
24586	11	0.921149
24587	16	0.921173
24588	9	0.921186
24589	27	0.921226
24590	6	0.921235
24591	12	0.921252
24592	20	0.921282
24593	9	0.921295
24594	8	0.921307
24595	10	0.921322
24596	10	0.921336
24597	6	0.921345
24598	2	0.921348
24599	8	0.92136
24600	4	0.921366
24601	6	0.921375
24602	6	0.921384
24603	3	0.921388
24604	2	0.921391
24606	5	0.921398
24607	10	0.921413
24608	4	0.921419
24609	3	0.921423
24611	7	0.921434
24612	6	0.921442
24613	16	0.921466
24614	8	0.921478
24615	1	0.921479
24616	4	0.921485
24617	4	0.921491
24618	3	0.921495
24619	6	0.921504
24620	3	0.921509
24622	5	0.921516
24623	7	0.921526
24624	3	0.921531
24625	5	0.921538
24626	3	0.921543
24627	1	0.921544
24629	3	0.921548
24630	6	0.921557
24631	1	0.921559
24632	6	0.921568
24633	8	0.921579
24634	8	0.921591
24635	5	0.921599
24637	4	0.921604
24638	7	0.921615
24639	3	0.921619
24640	3	0.921624
24641	3	0.921628
24644	1	0.921629
24645	2	0.921632
24647	4	0.921638
24648	5	0.921646
24649	5	0.921653
24650	1	0.921655
24651	1	0.921656
24652	2	0.921659
24653	1	0.92166
24654	3	0.921665
24656	1	0.921666
24657	5	0.921674
24658	1	0.921675
24659	1	0.921677
24660	3	0.921681
24661	2	0.921684
24662	2	0.921687
24663	3	0.921691
24666	2	0.921694
24667	1	0.921696
24668	2	0.921699
24669	1	0.9217
24670	1	0.921702
24672	2	0.921705
24673	4	0.92171
24674	3	0.921715
24675	3	0.921719
24676	1	0.921721
24679	2	0.921724
24682	5	0.921731
24684	2	0.921734
24685	3	0.921738
24686	4	0.921744
24687	44	0.921809
24688	7	0.921819
24689	5	0.921827
24690	1	0.921828
24692	1	0.92183
24693	1	0.921831
24694	1	0.921833
24696	3	0.921837
24699	2	0.92184
24702	2	0.921843
24703	2	0.921846
24705	1	0.921847
24706	5	0.921855
24707	1	0.921856
24708	2	0.921859
24710	2	0.921862
24711	2	0.921865
24712	5	0.921872
24713	1	0.921874
24714	2	0.921877
24715	1	0.921878
24716	4	0.921884
24717	3	0.921889
24718	1	0.92189
24719	2	0.921893
24721	1	0.921895
24722	3	0.921899
24723	1	0.9219
24724	6	0.921909
24725	9	0.921923
24726	9	0.921936
24727	11	0.921952
24729	1	0.921953
24730	2	0.921956
24731	40	0.922015
24732	34	0.922065
24733	1	0.922067
24734	2	0.92207
24735	21	0.922101
24736	3	0.922105
24737	17	0.92213
24738	5	0.922138
24742	1	0.922139
24745	5	0.922146
24747	1	0.922148
24749	1	0.922149
24751	1	0.922151
24754	2	0.922154
24757	1	0.922155
24761	1	0.922157
24762	3	0.922161
24763	1	0.922163
24767	4	0.922168
24768	2	0.922171
24770	1	0.922173
24775	2	0.922176
24776	1	0.922177
24777	1	0.922179
24778	7	0.922189
24779	1	0.922191
24780	2	0.922194
24781	2	0.922196
24782	1	0.922198
24783	4	0.922204
24786	2	0.922207
24787	3	0.922211
24788	1	0.922213
24789	4	0.922219
24791	2	0.922222
24794	4	0.922227
24795	3	0.922232
24797	3	0.922236
24798	8	0.922248
24799	3	0.922252
24800	3	0.922257
24801	2	0.92226
24802	2	0.922263
24803	12	0.92228
24804	10	0.922295
24805	1	0.922297
24807	2	0.9223
24809	4	0.922305
24810	13	0.922325
24811	8	0.922336
24812	1	0.922338
24813	5	0.922345
24814	1	0.922347
24815	11	0.922363
24816	2	0.922366
24818	3	0.92237
24819	1	0.922372
24820	6	0.922381
24821	1	0.922382
24822	1	0.922384
24824	2	0.922386
24825	7	0.922397
24826	7	0.922407
24828	2	0.92241
24829	1	0.922411
24831	1	0.922413
24834	5	0.92242
24835	2	0.922423
24837	4	0.922429
24838	9	0.922442
24839	2	0.922445
24840	3	0.92245
24841	1	0.922451
24843	6	0.92246
24844	3	0.922465
24845	3	0.922469
24846	2	0.922472
24847	1	0.922473
24849	3	0.922478
24851	1	0.922479
24852	8	0.922491
24853	13	0.92251
24854	4	0.922516
24855	4	0.922522
24856	8	0.922534
24857	2	0.922537
24858	4	0.922543
24859	3	0.922547
24860	3	0.922551
24861	2	0.922554
24862	7	0.922565
24863	6	0.922573
24864	4	0.922579
24865	4	0.922585
24866	4	0.922591
24867	3	0.922596
24868	9	0.922609
24869	1	0.92261
24870	3	0.922615
24871	1	0.922616
24872	9	0.922629
24873	4	0.922635
24874	1	0.922637
24875	8	0.922649
24876	8	0.92266
24877	5	0.922668
24878	4	0.922674
24879	7	0.922684
24880	4	0.92269
24881	3	0.922694
24882	11	0.92271
24883	14	0.922731
24884	8	0.922743
24885	3	0.922747
24886	4	0.922753
24887	3	0.922758
24889	1	0.922759
24890	3	0.922763
24891	6	0.922772
24892	1	0.922774
24893	5	0.922781
24894	5	0.922788
24895	3	0.922793
24896	9	0.922806
24897	6	0.922815
24898	3	0.922819
24899	1	0.922821
24900	2	0.922824
24902	6	0.922833
24903	3	0.922837
24904	6	0.922846
24905	5	0.922853
24907	1	0.922855
24908	6	0.922864
24911	2	0.922867
24912	1	0.922868
24913	1	0.922869
24917	1	0.922871
24918	5	0.922878
24919	1	0.92288
24921	1	0.922881
24922	1	0.922883
24923	2	0.922886
24925	1	0.922887
24926	3	0.922892
24927	9	0.922905
24928	3	0.922909
24929	2	0.922912
24930	1	0.922914
24931	4	0.92292
24933	7	0.92293
24934	2	0.922933
24935	3	0.922937
24936	2	0.92294
24937	2	0.922943
24938	1	0.922945
24939	5	0.922952
24940	2	0.922955
24941	1	0.922956
24942	3	0.922961
24943	4	0.922967
24944	3	0.922971
24945	2	0.922974
24946	5	0.922981
24947	1	0.922983
24948	3	0.922987
24949	7	0.922998
24951	1	0.922999
24953	1	0.923001
24954	2	0.923004
24955	2	0.923006
24959	4	0.923012
24960	4	0.923018
24962	2	0.923021
24966	2	0.923024
24967	3	0.923029
24969	1	0.92303
24970	2	0.923033
24971	2	0.923036
24973	1	0.923037
24975	1	0.923039
24976	4	0.923045
24977	2	0.923048
24978	1	0.923049
24979	10	0.923064
24980	2	0.923067
24981	4	0.923073
24982	3	0.923077
24983	3	0.923082
24984	3	0.923086
24985	1	0.923087
24986	4	0.923093
24987	7	0.923104
24988	4	0.92311
24989	4	0.923115
24990	2	0.923118
24991	1	0.92312
24992	4	0.923126
24993	1	0.923127
24995	2	0.92313
24998	1	0.923132
24999	5	0.923139
25000	1	0.92314
25001	2	0.923143
25002	4	0.923149
25004	2	0.923152
25005	1	0.923154
25006	1	0.923155
25007	3	0.92316
25008	5	0.923167
25009	3	0.923171
25010	1	0.923173
25011	2	0.923176
25012	1	0.923177
25014	2	0.92318
25017	4	0.923186
25018	2	0.923189
25020	1	0.923191
25021	2	0.923193
25022	1	0.923195
25023	19	0.923223
25024	2	0.923226
25025	4	0.923232
25027	1	0.923233
25030	1	0.923235
25031	6	0.923244
25032	3	0.923248
25033	2	0.923251
25034	1	0.923252
25035	1	0.923254
25037	1	0.923255
25038	1	0.923257
25040	2	0.92326
25041	2	0.923263
25042	2	0.923266
25043	1	0.923267
25044	1	0.923269
25045	2	0.923272
25046	2	0.923274
25047	2	0.923277
25048	2	0.92328
25049	3	0.923285
25050	1	0.923286
25051	2	0.923289
25052	3	0.923294
25053	1	0.923295
25054	1	0.923297
25056	2	0.9233
25057	1	0.923301
25060	2	0.923304
25061	1	0.923305
25062	1	0.923307
25063	2	0.92331
25064	2	0.923313
25065	1	0.923314
25066	4	0.92332
25067	1	0.923322
25068	2	0.923325
25069	1	0.923326
25071	3	0.92333
25074	1	0.923332
25075	3	0.923336
25078	5	0.923344
25079	4	0.92335
25080	8	0.923361
25081	1	0.923363
25083	3	0.923367
25086	1	0.923369
25087	2	0.923372
25089	1	0.923373
25091	2	0.923376
25092	1	0.923378
25093	3	0.923382
25094	1	0.923383
25095	7	0.923394
25096	5	0.923401
25098	3	0.923406
25099	1	0.923407
25100	4	0.923413
25101	2	0.923416
25103	3	0.92342
25104	4	0.923426
25105	3	0.923431
25107	3	0.923435
25108	1	0.923436
25109	1	0.923438
25110	8	0.92345
25111	1	0.923451
25112	2	0.923454
25113	3	0.923459
25114	4	0.923464
25116	7	0.923475
25117	7	0.923485
25118	4	0.923491
25121	2	0.923494
25122	1	0.923495
25123	3	0.9235
25125	2	0.923503
25126	6	0.923512
25127	1	0.923513
25128	1	0.923515
25130	8	0.923526
25131	3	0.923531
25132	3	0.923535
25133	1	0.923537
25134	1	0.923538
25139	2	0.923541
25140	1	0.923543
25143	6	0.923551
25144	1	0.923553
25147	5	0.92356
25149	2	0.923563
25150	2	0.923566
25152	3	0.923571
25153	2	0.923573
25154	1	0.923575
25155	1	0.923576
25157	3	0.923581
25158	1	0.923582
25160	2	0.923585
25165	3	0.92359
25166	1	0.923591
25167	3	0.923596
25168	11	0.923612
25169	8	0.923624
25170	3	0.923628
25171	1	0.923629
25172	2	0.923632
25173	1	0.923634
25175	4	0.92364
25176	2	0.923643
25177	1	0.923644
25178	4	0.92365
25179	6	0.923659
25180	3	0.923663
25181	3	0.923668
25182	6	0.923677
25183	5	0.923684
25184	1	0.923685
25185	1	0.923687
25186	1	0.923688
25187	2	0.923691
25189	1	0.923693
25190	4	0.923699
25192	3	0.923703
25193	1	0.923705
25194	1	0.923706
25195	8	0.923718
25196	1	0.923719
25197	3	0.923724
25198	8	0.923735
25201	3	0.92374
25202	3	0.923744
25203	7	0.923755
25204	1	0.923756
25205	1	0.923758
25206	1	0.923759
25207	1	0.92376
25209	1	0.923762
25210	2	0.923765
25211	2	0.923768
25212	1	0.923769
25213	1	0.923771
25214	3	0.923775
25215	1	0.923777
25216	1	0.923778
25217	5	0.923786
25218	3	0.92379
25219	5	0.923797
25220	1	0.923799
25221	4	0.923805
25222	2	0.923808
25224	2	0.923811
25226	1	0.923812
25229	1	0.923814
25230	1	0.923815
25232	3	0.923819
25233	1	0.923821
25234	1	0.923822
25237	4	0.923828
25238	3	0.923833
25239	1	0.923834
25241	1	0.923836
25251	1	0.923837
25252	3	0.923841
25254	2	0.923844
25255	2	0.923847
25256	1	0.923849
25257	3	0.923853
25258	1	0.923855
25259	2	0.923858
25260	4	0.923864
25262	1	0.923865
25263	1	0.923867
25264	1	0.923868
25265	1	0.923869
25266	3	0.923874
25267	5	0.923881
25268	1	0.923883
25269	5	0.92389
25270	1	0.923892
25271	3	0.923896
25273	2	0.923899
25277	5	0.923906
25278	2	0.923909
25280	4	0.923915
25281	6	0.923924
25283	2	0.923927
25286	3	0.923931
25287	3	0.923936
25288	4	0.923942
25290	1	0.923943
25291	2	0.923946
25292	2	0.923949
25293	3	0.923953
25294	1	0.923955
25295	2	0.923958
25296	4	0.923964
25297	2	0.923967
25298	3	0.923971
25299	2	0.923974
25303	1	0.923976
25304	2	0.923978
25305	2	0.923981
25306	3	0.923986
25307	2	0.923989
25309	4	0.923995
25311	5	0.924002
25312	2	0.924005
25313	3	0.924009
25314	1	0.924011
25315	2	0.924014
25318	2	0.924017
25321	2	0.92402
25323	3	0.924024
25324	2	0.924027
25326	1	0.924029
25336	1	0.92403
25337	5	0.924037
25338	2	0.92404
25339	3	0.924045
25340	3	0.924049
25341	5	0.924057
25342	2	0.924059
25343	3	0.924064
25344	1	0.924065
25345	2	0.924068
25347	2	0.924071
25348	5	0.924079
25350	1	0.92408
25351	7	0.92409
25352	1	0.924092
25354	3	0.924096
25355	1	0.924098
25356	1	0.924099
25358	1	0.924101
25360	1	0.924102
25361	7	0.924112
25362	1	0.924114
25364	1	0.924115
25365	4	0.924121
25366	2	0.924124
25367	11	0.92414
25368	5	0.924148
25369	2	0.924151
25370	3	0.924155
25371	3	0.92416
25372	1	0.924161
25373	2	0.924164
25374	2	0.924167
25375	3	0.924171
25376	3	0.924176
25378	2	0.924179
25379	1	0.92418
25380	5	0.924188
25381	4	0.924193
25382	2	0.924196
25383	1	0.924198
25384	3	0.924202
25385	2	0.924205
25386	1	0.924207
25387	1	0.924208
25389	2	0.924211
25390	1	0.924213
25391	1	0.924214
25392	4	0.92422
25393	1	0.924221
25394	9	0.924235
25395	6	0.924244
25396	2	0.924246
25398	2	0.924249
25400	2	0.924252
25401	1	0.924254
25402	3	0.924258
25403	2	0.924261
25404	3	0.924266
25405	4	0.924272
25406	2	0.924274
25407	5	0.924282
25408	5	0.924289
25409	10	0.924304
25410	3	0.924308
25411	1	0.92431
25412	2	0.924313
25415	3	0.924317
25416	1	0.924319
25418	5	0.924326
25420	1	0.924327
25421	3	0.924332
25424	1	0.924333
25425	1	0.924335
25426	3	0.924339
25427	3	0.924344
25428	4	0.92435
25429	4	0.924355
25430	1	0.924357
25435	1	0.924358
25436	1	0.92436
25437	1	0.924361
25438	2	0.924364
25440	1	0.924366
25442	2	0.924369
25443	3	0.924373
25444	10	0.924388
25446	3	0.924392
25448	2	0.924395
25449	1	0.924397
25450	2	0.9244
25451	4	0.924406
25452	3	0.92441
25454	3	0.924414
25456	1	0.924416
25458	4	0.924422
25459	1	0.924423
25460	7	0.924434
25461	2	0.924436
25462	1	0.924438
25463	1	0.924439
25464	2	0.924442
25465	6	0.924451
25469	1	0.924453
25470	1	0.924454
25471	3	0.924459
25472	13	0.924478
25473	13	0.924497
25474	10	0.924512
25475	1	0.924513
25476	1	0.924515
25477	4	0.92452
25478	2	0.924523
25480	5	0.924531
25481	4	0.924537
25483	1	0.924538
25484	4	0.924544
25485	5	0.924551
25486	4	0.924557
25487	1	0.924559
25488	9	0.924572
25489	2	0.924575
25490	1	0.924576
25509	1	0.924578
25511	1	0.924579
25512	2	0.924582
25513	9	0.924596
25515	4	0.924601
25516	3	0.924606
25518	1	0.924607
25521	2	0.92461
25527	1	0.924612
25530	1	0.924613
25532	1	0.924615
25533	2	0.924618
25534	2	0.924621
25535	5	0.924628
25536	2	0.924631
25537	2	0.924634
25538	1	0.924635
25539	1	0.924637
25542	2	0.92464
25543	2	0.924643
25545	1	0.924644
25548	1	0.924646
25549	3	0.92465
25551	1	0.924651
25552	1	0.924653
25557	2	0.924656
25559	1	0.924657
25563	2	0.92466
25564	1	0.924662
25565	2	0.924665
25566	2	0.924668
25567	3	0.924672
25568	2	0.924675
25569	4	0.924681
25573	1	0.924682
25574	4	0.924688
25575	1	0.92469
25576	3	0.924694
25577	2	0.924697
25578	1	0.924699
25579	4	0.924704
25580	2	0.924707
25582	1	0.924709
25583	1	0.92471
25584	1	0.924712
25585	2	0.924715
25586	6	0.924724
25587	1	0.924725
25589	1	0.924727
25590	2	0.92473
25592	2	0.924732
25595	1	0.924734
25596	3	0.924738
25605	1	0.92474
25608	1	0.924741
25609	1	0.924743
25610	1	0.924744
25611	1	0.924746
25612	1	0.924747
25613	1	0.924749
25614	1	0.92475
25623	4	0.924756
25624	10	0.924771
25625	4	0.924777
25626	2	0.92478
25627	4	0.924785
25629	1	0.924787
25630	1	0.924788
25631	3	0.924793
25637	1	0.924794
25640	4	0.9248
25642	1	0.924802
25646	2	0.924805
25647	1	0.924806
25648	1	0.924808
25654	2	0.924811
25655	1	0.924812
25656	1	0.924813
25658	1	0.924815
25660	1	0.924816
25663	1	0.924818
25664	2	0.924821
25669	1	0.924822
25671	1	0.924824
25672	4	0.92483
25673	3	0.924834
25674	2	0.924837
25675	5	0.924844
25676	1	0.924846
25678	1	0.924847
25679	1	0.924849
25680	4	0.924855
25681	1	0.924856
25683	1	0.924858
25684	1	0.924859
25685	4	0.924865
25686	7	0.924875
25688	2	0.924878
25689	3	0.924883
25691	1	0.924884
25693	3	0.924889
25694	5	0.924896
25695	6	0.924905
25696	2	0.924908
25698	1	0.924909
25700	1	0.924911
25701	1	0.924912
25702	2	0.924915
25705	1	0.924917
25707	2	0.92492
25708	1	0.924921
25709	1	0.924922
25711	1	0.924924
25712	1	0.924925
25716	4	0.924931
25717	2	0.924934
25721	1	0.924936
25723	9	0.924949
25724	4	0.924955
25725	3	0.924959
25726	1	0.924961
25728	1	0.924962
25730	1	0.924964
25737	1	0.924965
25739	1	0.924967
25742	1	0.924968
25744	1	0.92497
25745	1	0.924971
25752	3	0.924975
25753	2	0.924978
25754	2	0.924981
25756	3	0.924986
25757	1	0.924987
25759	2	0.92499
25776	11	0.925006
25778	1	0.925008
25779	1	0.925009
25782	3	0.925014
25783	1	0.925015
25784	3	0.92502
25785	2	0.925023
25786	2	0.925026
25788	1	0.925027
25789	1	0.925028
25791	1	0.92503
25797	1	0.925031
25799	2	0.925034
25800	1	0.925036
25801	1	0.925037
25802	6	0.925046
25806	2	0.925049
25809	1	0.925051
25810	2	0.925054
25812	4	0.925059
25813	1	0.925061
25815	2	0.925064
25816	1	0.925065
25830	2	0.925068
25832	1	0.92507
25833	2	0.925073
25834	1	0.925074
25835	8	0.925086
25836	8	0.925098
25838	1	0.925099
25845	8	0.925111
25848	1	0.925112
25849	1	0.925114
25858	2	0.925117
25860	1	0.925118
25862	1	0.92512
25863	2	0.925123
25865	1	0.925124
25867	1	0.925126
25873	1	0.925127
25874	1	0.925129
25875	8	0.92514
25876	2	0.925143
25877	1	0.925145
25879	1	0.925146
25882	1	0.925148
25885	1	0.925149
25886	2	0.925152
25887	1	0.925154
25889	3	0.925158
25890	1	0.92516
25894	1	0.925161
25900	1	0.925163
25902	4	0.925168
25905	2	0.925171
25906	1	0.925173
25908	1	0.925174
25910	3	0.925179
25914	1	0.92518
25915	2	0.925183
25916	2	0.925186
25917	2	0.925189
25918	4	0.925195
25919	1	0.925196
25920	3	0.925201
25921	2	0.925204
25923	1	0.925205
25927	2	0.925208
25928	3	0.925213
25930	2	0.925216
25932	1	0.925217
25933	1	0.925218
25934	5	0.925226
25938	1	0.925227
25939	1	0.925229
25940	3	0.925233
25941	4	0.925239
25942	3	0.925244
25943	1	0.925245
25944	2	0.925248
25947	1	0.925249
25948	1	0.925251
25950	7	0.925261
25951	2	0.925264
25952	2	0.925267
25955	2	0.92527
25957	3	0.925274
25958	2	0.925277
25959	4	0.925283
25960	3	0.925288
25961	1	0.925289
25962	2	0.925292
25964	1	0.925294
25965	3	0.925298
25966	2	0.925301
25968	1	0.925302
25970	2	0.925305
25971	1	0.925307
25974	3	0.925311
25975	1	0.925313
25976	3	0.925317
25982	1	0.925319
25983	1	0.92532
25985	1	0.925322
25986	1	0.925323
25989	2	0.925326
25992	2	0.925329
25995	2	0.925332
25996	1	0.925333
25997	1	0.925335
26009	2	0.925338
26012	5	0.925345
26013	4	0.925351
26017	1	0.925352
26038	1	0.925354
26044	1	0.925355
26046	1	0.925357
26047	7	0.925367
26050	3	0.925372
26051	3	0.925376
26055	3	0.92538
26058	6	0.925389
26059	4	0.925395
26062	2	0.925398
26063	1	0.9254
26064	2	0.925403
26066	2	0.925406
26069	1	0.925407
26073	1	0.925408
26075	1	0.92541
26080	1	0.925411
26081	1	0.925413
26082	2	0.925416
26083	2	0.925419
26086	4	0.925425
26087	2	0.925428
26088	2	0.925431
26089	1	0.925432
26091	6	0.925441
26092	2	0.925444
26093	13	0.925463
26094	5	0.92547
26095	6	0.925479
26096	1	0.925481
26097	2	0.925484
26098	3	0.925488
26100	2	0.925491
26102	2	0.925494
26103	3	0.925498
26104	3	0.925503
26105	3	0.925507
26106	3	0.925512
26107	1	0.925513
26108	2	0.925516
26109	7	0.925526
26110	6	0.925535
26111	8	0.925547
26112	8	0.925559
26114	3	0.925563
26115	8	0.925575
26116	2	0.925578
26117	1	0.925579
26118	3	0.925584
26120	1	0.925585
26121	3	0.92559
26127	1	0.925591
26129	3	0.925595
26130	3	0.9256
26131	5	0.925607
26133	2	0.92561
26135	2	0.925613
26136	6	0.925622
26137	1	0.925623
26138	1	0.925625
26139	10	0.92564
26140	4	0.925646
26141	3	0.92565
26142	4	0.925656
26143	4	0.925662
26144	1	0.925663
26145	1	0.925665
26146	4	0.925671
26147	5	0.925678
26148	5	0.925685
26149	1	0.925687
26150	6	0.925696
26151	4	0.925702
26152	2	0.925704
26153	9	0.925718
26154	2	0.925721
26156	1	0.925722
26158	2	0.925725
26159	1	0.925727
26160	3	0.925731
26161	9	0.925744
26162	2	0.925747
26163	2	0.92575
26164	2	0.925753
26165	1	0.925755
26170	2	0.925757
26171	1	0.925759
26172	9	0.925772
26173	1	0.925774
26174	3	0.925778
26175	6	0.925787
26177	2	0.92579
26178	2	0.925793
26179	1	0.925794
26183	6	0.925803
26184	3	0.925808
26186	2	0.925811
26187	3	0.925815
26188	2	0.925818
26189	1	0.925819
26190	3	0.925824
26191	2	0.925827
26192	1	0.925828
26193	3	0.925833
26196	1	0.925834
26197	1	0.925836
26198	3	0.92584
26200	1	0.925841
26202	1	0.925843
26205	2	0.925846
26206	1	0.925847
26208	1	0.925849
26210	1	0.92585
26211	2	0.925853
26212	2	0.925856
26213	4	0.925862
26214	1	0.925864
26215	2	0.925866
26216	2	0.925869
26217	3	0.925874
26218	8	0.925886
26219	1	0.925887
26220	1	0.925889
26221	4	0.925894
26222	2	0.925897
26223	2	0.9259
26224	2	0.925903
26227	1	0.925905
26228	3	0.925909
26229	1	0.925911
26230	1	0.925912
26234	1	0.925914
26237	2	0.925917
26238	1	0.925918
26239	3	0.925922
26240	1	0.925924
26241	1	0.925925
26242	1	0.925927
26244	2	0.92593
26253	1	0.925931
26254	5	0.925939
26256	1	0.92594
26259	3	0.925945
26261	1	0.925946
26262	1	0.925947
26274	2	0.92595
26278	3	0.925955
26279	2	0.925958
26282	1	0.925959
26285	1	0.925961
26286	1	0.925962
26287	3	0.925967
26288	1	0.925968
26289	1	0.92597
26291	1	0.925971
26292	2	0.925974
26293	2	0.925977
26295	1	0.925978
26296	4	0.925984
26297	3	0.925989
26298	5	0.925996
26299	6	0.926005
26300	3	0.926009
26301	1	0.926011
26306	1	0.926012
26307	1	0.926014
26309	2	0.926017
26311	2	0.92602
26312	5	0.926027
26313	1	0.926028
26318	3	0.926033
26320	1	0.926034
26323	1	0.926036
26324	1	0.926037
26331	2	0.92604
26333	1	0.926042
26334	1	0.926043
26335	3	0.926048
26336	1	0.926049
26337	1	0.926051
26338	3	0.926055
26340	1	0.926056
26341	2	0.926059
26344	1	0.926061
26345	2	0.926064
26348	1	0.926065
26351	4	0.926071
26352	2	0.926074
26353	3	0.926079
26354	2	0.926081
26355	1	0.926083
26359	1	0.926084
26361	1	0.926086
26362	3	0.92609
26365	1	0.926092
26366	12	0.926109
26367	1	0.926111
26368	3	0.926115
26376	1	0.926117
26379	1	0.926118
26380	2	0.926121
26385	1	0.926123
26390	1	0.926124
26394	1	0.926126
26396	4	0.926132
26397	9	0.926145
26398	1	0.926146
26399	2	0.926149
26403	1	0.926151
26404	1	0.926152
26406	1	0.926154
26407	1	0.926155
26408	2	0.926158
26409	3	0.926162
26410	1	0.926164
26411	1	0.926165
26413	2	0.926168
26414	1	0.92617
26415	9	0.926183
26416	10	0.926198
26417	5	0.926205
26418	9	0.926218
26419	7	0.926229
26420	13	0.926248
26421	11	0.926264
26422	3	0.926269
26423	2	0.926271
26425	1	0.926273
26426	1	0.926274
26427	6	0.926283
26428	5	0.926291
26430	1	0.926292
26432	2	0.926295
26435	2	0.926298
26437	5	0.926305
26438	1	0.926307
26439	2	0.92631
26440	1	0.926311
26441	9	0.926324
26442	9	0.926338
26443	10	0.926352
26444	1	0.926354
26445	5	0.926361
26446	2	0.926364
26447	1	0.926366
26448	6	0.926375
26449	1	0.926376
26450	1	0.926378
26451	2	0.92638
26456	3	0.926385
26459	1	0.926386
26471	1	0.926388
26473	1	0.926389
26474	1	0.926391
26475	4	0.926397
26476	1	0.926398
26477	7	0.926408
26478	1	0.92641
26481	1	0.926411
26484	1	0.926413
26485	3	0.926417
26496	2	0.92642
26498	7	0.926431
26499	1	0.926432
26502	3	0.926436
26504	1	0.926438
26505	2	0.926441
26506	1	0.926442
26510	1	0.926444
26511	1	0.926445
26513	3	0.92645
26514	1	0.926451
26521	1	0.926453
26526	1	0.926454
26529	1	0.926456
26533	2	0.926459
26537	1	0.92646
26538	4	0.926466
26539	3	0.92647
26542	1	0.926472
26545	3	0.926476
26546	1	0.926478
26550	5	0.926485
26551	2	0.926488
26552	1	0.926489
26557	3	0.926494
26559	2	0.926497
26561	3	0.926501
26563	2	0.926504
26569	5	0.926512
26570	2	0.926514
26572	2	0.926517
26574	3	0.926522
26576	2	0.926525
26579	8	0.926537
26588	1	0.926538
26592	1	0.92654
26594	3	0.926544
26595	1	0.926545
26596	1	0.926547
26597	6	0.926556
26605	6	0.926565
26609	1	0.926566
26611	2	0.926569
26616	1	0.92657
26619	1	0.926572
26621	1	0.926573
26623	1	0.926575
26631	1	0.926576
26637	1	0.926578
26638	2	0.926581
26644	1	0.926582
26646	1	0.926584
26654	3	0.926588
26655	3	0.926593
26663	1	0.926594
26673	12	0.926612
26681	1	0.926613
26684	1	0.926615
26685	3	0.926619
26689	1	0.926621
26694	18	0.926647
26697	1	0.926648
26698	1	0.92665
26709	1	0.926651
26710	1	0.926653
26711	2	0.926656
26717	3	0.92666
26727	1	0.926662
26729	1	0.926663
26730	1	0.926665
26739	1	0.926666
26741	1	0.926668
26748	1	0.926669
26752	1	0.926671
26757	1	0.926672
26763	2	0.926675
26780	1	0.926676
26781	1	0.926678
26788	3	0.926682
26789	2	0.926685
26794	2	0.926688
26795	2	0.926691
26797	1	0.926693
26799	2	0.926696
26801	2	0.926699
26802	1	0.9267
26804	1	0.926702
26807	1	0.926703
26808	1	0.926704
26809	1	0.926706
26811	1	0.926707
26812	4	0.926713
26813	3	0.926718
26818	1	0.926719
26819	1	0.926721
26827	1	0.926722
26831	2	0.926725
26832	1	0.926727
26838	2	0.926729
26839	2	0.926732
26840	1	0.926734
26846	1	0.926735
26849	1	0.926737
26856	1	0.926738
26860	1	0.92674
26866	1	0.926741
26867	7	0.926752
26870	1	0.926753
26872	1	0.926755
26874	1	0.926756
26890	1	0.926757
26891	2	0.92676
26892	2	0.926763
26896	1	0.926765
26899	1	0.926766
26901	1	0.926768
26902	2	0.926771
26903	1	0.926772
26905	5	0.92678
26906	1	0.926781
26908	4	0.926787
26910	1	0.926788
26911	1	0.92679
26912	1	0.926791
26913	1	0.926793
26914	1	0.926794
26915	1	0.926796
26919	1	0.926797
26920	1	0.926799
26921	1	0.9268
26922	1	0.926802
26932	1	0.926803
26933	1	0.926805
26935	1	0.926806
26936	2	0.926809
26937	3	0.926813
26941	1	0.926815
26942	3	0.926819
26943	1	0.926821
26945	2	0.926824
26946	2	0.926827
26947	1	0.926828
26949	1	0.92683
26951	3	0.926834
26952	2	0.926837
26953	1	0.926838
26957	1	0.92684
26959	4	0.926846
26964	4	0.926852
26966	1	0.926853
26967	2	0.926856
26969	2	0.926859
26972	1	0.926861
26976	3	0.926865
26980	2	0.926868
26982	1	0.926869
26985	2	0.926872
26995	5	0.92688
26996	2	0.926883
26997	1	0.926884
26999	1	0.926886
27000	2	0.926889
27001	3	0.926893
27003	1	0.926894
27004	8	0.926906
27005	2	0.926909
27007	1	0.926911
27009	1	0.926912
27012	1	0.926914
27013	5	0.926921
27016	1	0.926922
27017	2	0.926925
27018	6	0.926934
27022	2	0.926937
27023	3	0.926942
27024	2	0.926944
27030	1	0.926946
27034	1	0.926947
27038	1	0.926949
27041	1	0.92695
27042	1	0.926952
27043	2	0.926955
27045	1	0.926956
27046	2	0.926959
27047	1	0.926961
27048	2	0.926964
27049	2	0.926967
27053	2	0.92697
27055	3	0.926974
27059	1	0.926975
27061	1	0.926977
27066	2	0.92698
27074	1	0.926981
27078	1	0.926983
27080	1	0.926984
27081	1	0.926986
27082	1	0.926987
27085	1	0.926989
27090	2	0.926992
27091	1	0.926993
27092	1	0.926995
27094	2	0.926998
27095	1	0.926999
27096	1	0.927
27098	2	0.927003
27099	1	0.927005
27101	2	0.927008
27103	1	0.927009
27104	1	0.927011
27107	1	0.927012
27110	1	0.927014
27111	1	0.927015
27114	2	0.927018
27115	1	0.92702
27118	2	0.927023
27119	4	0.927028
27120	4	0.927034
27124	1	0.927036
27126	3	0.92704
27127	1	0.927042
27133	1	0.927043
27135	2	0.927046
27136	1	0.927048
27137	1	0.927049
27138	1	0.927051
27141	1	0.927052
27143	1	0.927053
27144	1	0.927055
27147	2	0.927058
27148	3	0.927062
27150	1	0.927064
27153	1	0.927065
27156	1	0.927067
27158	1	0.927068
27164	1	0.92707
27167	1	0.927071
27168	1	0.927073
27169	1	0.927074
27172	1	0.927076
27175	4	0.927081
27176	3	0.927086
27179	1	0.927087
27182	2	0.92709
27183	2	0.927093
27185	1	0.927095
27188	2	0.927098
27189	1	0.927099
27190	1	0.927101
27208	2	0.927104
27212	1	0.927105
27213	2	0.927108
27215	1	0.927109
27221	1	0.927111
27225	1	0.927112
27226	3	0.927117
27231	1	0.927118
27233	1	0.92712
27235	1	0.927121
27240	2	0.927124
27254	1	0.927126
27269	1	0.927127
27270	1	0.927129
27272	5	0.927136
27273	8	0.927148
27274	3	0.927152
27277	3	0.927157
27284	2	0.92716
27288	1	0.927161
27289	1	0.927162
27290	2	0.927165
27293	1	0.927167
27299	2	0.92717
27300	2	0.927173
27301	2	0.927176
27302	2	0.927179
27304	1	0.92718
27307	4	0.927186
27308	2	0.927189
27311	1	0.92719
27313	1	0.927192
27316	3	0.927196
27317	1	0.927198
27318	4	0.927204
27319	2	0.927207
27321	2	0.92721
27322	8	0.927221
27324	2	0.927224
27330	2	0.927227
27332	4	0.927233
27333	2	0.927236
27334	2	0.927239
27342	1	0.927241
27345	1	0.927242
27347	1	0.927243
27348	5	0.927251
27349	3	0.927255
27350	2	0.927258
27351	5	0.927266
27352	3	0.92727
27353	4	0.927276
27354	2	0.927279
27356	1	0.92728
27357	2	0.927283
27358	1	0.927285
27360	1	0.927286
27361	2	0.927289
27362	1	0.927291
27366	1	0.927292
27367	1	0.927294
27371	1	0.927295
27373	5	0.927302
27376	3	0.927307
27377	2	0.92731
27380	2	0.927313
27382	2	0.927316
27383	1	0.927317
27386	3	0.927322
27387	2	0.927324
27388	2	0.927327
27389	1	0.927329
27393	5	0.927336
27394	1	0.927338
27395	1	0.927339
27396	1	0.927341
27397	3	0.927345
27398	2	0.927348
27399	1	0.927349
27401	2	0.927352
27402	1	0.927354
27405	1	0.927355
27408	1	0.927357
27411	2	0.92736
27412	1	0.927361
27413	1	0.927363
27417	1	0.927364
27419	1	0.927366
27422	1	0.927367
27423	5	0.927375
27424	1	0.927376
27438	1	0.927377
27439	1	0.927379
27440	5	0.927386
27441	2	0.927389
27442	3	0.927394
27446	1	0.927395
27447	1	0.927397
27448	2	0.9274
27449	3	0.927404
27454	3	0.927408
27456	1	0.92741
27457	1	0.927411
27458	1	0.927413
27462	1	0.927414
27467	1	0.927416
27471	1	0.927417
27478	1	0.927419
27479	1	0.92742
27480	3	0.927425
27481	3	0.927429
27482	2	0.927432
27483	2	0.927435
27484	2	0.927438
27485	1	0.927439
27486	4	0.927445
27491	1	0.927447
27496	1	0.927448
27498	1	0.92745
27499	3	0.927454
27500	1	0.927456
27501	1	0.927457
27502	2	0.92746
27505	2	0.927463
27511	1	0.927464
27512	1	0.927466
27514	1	0.927467
27516	3	0.927472
27520	1	0.927473
27521	1	0.927475
27523	1	0.927476
27524	1	0.927478
27526	3	0.927482
27527	1	0.927484
27530	2	0.927486
27532	1	0.927488
27533	1	0.927489
27536	1	0.927491
27537	1	0.927492
27538	3	0.927497
27539	1	0.927498
27540	1	0.9275
27541	2	0.927503
27543	1	0.927504
27547	1	0.927506
27550	1	0.927507
27551	1	0.927509
27554	1	0.92751
27560	1	0.927511
27562	1	0.927513
27564	4	0.927519
27565	1	0.92752
27569	1	0.927522
27570	2	0.927525
27571	1	0.927526
27572	1	0.927528
27574	2	0.927531
27575	1	0.927532
27577	2	0.927535
27579	2	0.927538
27580	2	0.927541
27581	3	0.927545
27583	1	0.927547
27584	1	0.927548
27593	1	0.92755
27595	3	0.927554
27598	1	0.927556
27600	2	0.927559
27602	3	0.927563
27603	1	0.927565
27605	2	0.927567
27606	1	0.927569
27607	2	0.927572
27609	1	0.927573
27611	3	0.927578
27612	1	0.927579
27613	1	0.927581
27615	5	0.927588
27617	1	0.92759
27618	1	0.927591
27619	2	0.927594
27620	2	0.927597
27621	4	0.927603
27622	1	0.927604
27626	2	0.927607
27627	1	0.927609
27630	1	0.92761
27633	1	0.927612
27634	2	0.927615
27637	4	0.92762
27645	2	0.927623
27646	2	0.927626
27647	1	0.927628
27651	1	0.927629
27652	1	0.927631
27653	1	0.927632
27654	3	0.927637
27655	5	0.927644
27657	1	0.927646
27659	1	0.927647
27660	1	0.927648
27661	1	0.92765
27663	3	0.927654
27664	1	0.927656
27665	2	0.927659
27666	2	0.927662
27669	2	0.927665
27670	1	0.927666
27673	2	0.927669
27674	3	0.927673
27675	1	0.927675
27676	1	0.927676
27677	4	0.927682
27678	1	0.927684
27679	1	0.927685
27680	1	0.927687
27683	1	0.927688
27684	1	0.92769
27688	3	0.927694
27693	1	0.927696
27694	3	0.9277
27698	1	0.927701
27699	1	0.927703
27701	1	0.927704
27703	2	0.927707
27705	1	0.927709
27710	1	0.92771
27711	1	0.927712
27712	1	0.927713
27715	3	0.927718
27720	1	0.927719
27721	2	0.927722
27725	1	0.927724
27726	2	0.927727
27735	1	0.927728
27745	1	0.927729
27746	1	0.927731
27747	1	0.927732
27764	1	0.927734
27766	2	0.927737
27793	1	0.927738
27796	1	0.92774
27799	1	0.927741
27806	1	0.927743
27819	3	0.927747
27820	2	0.92775
27823	1	0.927752
27824	1	0.927753
27825	2	0.927756
27827	3	0.92776
27835	1	0.927762
27836	1	0.927763
27842	1	0.927765
27845	1	0.927766
27846	1	0.927768
27847	1	0.927769
27848	1	0.927771
27856	1	0.927772
27858	1	0.927774
27861	1	0.927775
27863	1	0.927777
27867	1	0.927778
27873	3	0.927782
27874	2	0.927785
27884	3	0.92779
27885	7	0.9278
27888	1	0.927802
27894	1	0.927803
27896	1	0.927805
27902	1	0.927806
27915	1	0.927808
27933	1	0.927809
27941	1	0.92781
27944	3	0.927815
27953	1	0.927816
27957	1	0.927818
27958	1	0.927819
27966	1	0.927821
27967	1	0.927822
27973	2	0.927825
27979	1	0.927827
27986	1	0.927828
27988	1	0.92783
27989	1	0.927831
27994	1	0.927833
28004	2	0.927835
28005	1	0.927837
28015	1	0.927838
28016	2	0.927841
28017	2	0.927844
28025	1	0.927846
28027	1	0.927847
28029	2	0.92785
28047	1	0.927852
28048	3	0.927856
28049	1	0.927858
28063	1	0.927859
28067	1	0.927861
28076	1	0.927862
28077	2	0.927865
28078	1	0.927866
28079	1	0.927868
28083	1	0.927869
28086	1	0.927871
28088	1	0.927872
28090	1	0.927874
28092	1	0.927875
28093	1	0.927877
28095	1	0.927878
28103	1	0.92788
28106	1	0.927881
28107	7	0.927891
28109	2	0.927894
28112	1	0.927896
28114	1	0.927897
28117	6	0.927906
28118	3	0.927911
28119	3	0.927915
28120	2	0.927918
28121	1	0.927919
28122	1	0.927921
28123	2	0.927924
28129	1	0.927925
28134	2	0.927928
28136	2	0.927931
28138	2	0.927934
28139	2	0.927937
28140	9	0.92795
28141	3	0.927955
28143	3	0.927959
28146	2	0.927962
28147	1	0.927964
28148	1	0.927965
28149	1	0.927967
28151	3	0.927971
28152	1	0.927972
28154	5	0.92798
28155	1	0.927981
28157	1	0.927983
28160	4	0.927989
28166	1	0.92799
28169	1	0.927992
28171	2	0.927995
28173	6	0.928003
28174	1	0.928005
28176	3	0.928009
28179	1	0.928011
28182	5	0.928018
28185	1	0.92802
28186	1	0.928021
28188	1	0.928023
28189	1	0.928024
28191	1	0.928025
28196	1	0.928027
28197	1	0.928028
28202	5	0.928036
28203	2	0.928039
28204	3	0.928043
28205	1	0.928045
28211	1	0.928046
28213	4	0.928052
28225	2	0.928055
28230	1	0.928056
28231	1	0.928058
28232	1	0.928059
28236	6	0.928068
28241	1	0.92807
28243	1	0.928071
28246	1	0.928073
28251	1	0.928074
28253	4	0.92808
28255	1	0.928081
28256	1	0.928083
28259	3	0.928087
28260	1	0.928089
28261	2	0.928092
28262	1	0.928093
28263	1	0.928095
28264	2	0.928098
28265	2	0.928101
28268	1	0.928102
28273	1	0.928104
28275	1	0.928105
28276	1	0.928106
28282	2	0.928109
28287	1	0.928111
28288	2	0.928114
28298	1	0.928115
28299	2	0.928118
28301	1	0.92812
28303	4	0.928126
28304	5	0.928133
28306	1	0.928134
28307	5	0.928142
28308	2	0.928145
28309	1	0.928146
28311	1	0.928148
28313	1	0.928149
28314	2	0.928152
28315	1	0.928154
28316	1	0.928155
28317	1	0.928157
28319	1	0.928158
28320	2	0.928161
28327	1	0.928162
28328	1	0.928164
28331	1	0.928165
28334	1	0.928167
28335	1	0.928168
28351	1	0.92817
28359	1	0.928171
28361	2	0.928174
28363	1	0.928176
28364	4	0.928182
28365	1	0.928183
28368	1	0.928185
28369	1	0.928186
28370	2	0.928189
28372	2	0.928192
28375	1	0.928193
28393	1	0.928195
28394	1	0.928196
28397	2	0.928199
28398	1	0.928201
28401	2	0.928204
28407	3	0.928208
28408	2	0.928211
28409	5	0.928218
28412	1	0.92822
28414	2	0.928223
28415	4	0.928229
28416	1	0.92823
28420	1	0.928232
28421	4	0.928238
28422	1	0.928239
28423	1	0.92824
28424	4	0.928246
28426	4	0.928252
28427	1	0.928254
28430	1	0.928255
28432	1	0.928257
28436	1	0.928258
28438	1	0.92826
28440	3	0.928264
28441	1	0.928266
28444	2	0.928268
28445	2	0.928271
28447	2	0.928274
28448	1	0.928276
28451	1	0.928277
28454	1	0.928279
28456	2	0.928282
28460	1	0.928283
28461	8	0.928295
28462	1	0.928296
28463	4	0.928302
28469	3	0.928307
28470	6	0.928316
28471	1	0.928317
28472	1	0.928319
28476	6	0.928327
28477	2	0.92833
28478	1	0.928332
28481	2	0.928335
28482	6	0.928344
28484	1	0.928345
28485	7	0.928355
28486	1	0.928357
28487	1	0.928358
28488	6	0.928367
28489	4	0.928373
28490	2	0.928376
28491	2	0.928379
28492	6	0.928388
28493	3	0.928392
28494	2	0.928395
28495	2	0.928398
28496	1	0.9284
28497	1	0.928401
28498	2	0.928404
28499	3	0.928408
28500	1	0.92841
28501	2	0.928413
28502	3	0.928417
28503	7	0.928428
28504	2	0.92843
28505	2	0.928433
28506	2	0.928436
28507	4	0.928442
28508	2	0.928445
28509	4	0.928451
28510	1	0.928453
28511	1	0.928454
28513	2	0.928457
28515	9	0.92847
28516	1	0.928472
28517	5	0.928479
28518	3	0.928483
28519	3	0.928488
28521	7	0.928498
28522	7	0.928509
28523	10	0.928523
28524	2	0.928526
28525	3	0.928531
28526	7	0.928541
28527	3	0.928545
28528	2	0.928548
28529	3	0.928553
28530	2	0.928556
28532	4	0.928562
28535	3	0.928566
28537	1	0.928567
28539	4	0.928573
28540	3	0.928578
28541	10	0.928592
28542	2	0.928595
28543	2	0.928598
28545	1	0.9286
28547	2	0.928603
28548	3	0.928607
28549	6	0.928616
28550	9	0.928629
28551	6	0.928638
28553	4	0.928644
28554	1	0.928645
28555	1	0.928647
28557	5	0.928654
28558	13	0.928673
28559	1	0.928675
28560	2	0.928678
28561	6	0.928687
28562	5	0.928694
28563	2	0.928697
28565	1	0.928699
28566	3	0.928703
28571	3	0.928707
28573	4	0.928713
28574	1	0.928715
28575	3	0.928719
28577	3	0.928724
28579	1	0.928725
28580	1	0.928726
28582	1	0.928728
28584	1	0.928729
28586	2	0.928732
28587	1	0.928734
28588	2	0.928737
28589	2	0.92874
28590	2	0.928743
28591	2	0.928746
28597	1	0.928747
28598	3	0.928752
28602	1	0.928753
28603	6	0.928762
28604	4	0.928768
28606	1	0.928769
28607	2	0.928772
28608	3	0.928777
28609	1	0.928778
28610	1	0.92878
28612	2	0.928782
28613	2	0.928785
28616	1	0.928787
28626	1	0.928788
28627	1	0.92879
28630	1	0.928791
28632	2	0.928794
28634	5	0.928802
28635	2	0.928805
28636	1	0.928806
28637	2	0.928809
28638	1	0.92881
28643	1	0.928812
28644	3	0.928816
28646	1	0.928818
28649	2	0.928821
28650	1	0.928822
28651	1	0.928824
28653	2	0.928827
28654	3	0.928831
28656	2	0.928834
28658	1	0.928835
28662	2	0.928838
28663	3	0.928843
28668	2	0.928846
28669	2	0.928849
28671	1	0.92885
28672	3	0.928855
28673	1	0.928856
28675	1	0.928858
28677	1	0.928859
28678	1	0.928861
28679	2	0.928863
28681	2	0.928866
28682	1	0.928868
28683	1	0.928869
28684	4	0.928875
28685	3	0.92888
28686	1	0.928881
28688	1	0.928883
28691	3	0.928887
28692	2	0.92889
28694	2	0.928893
28695	1	0.928894
28696	1	0.928896
28697	2	0.928899
28703	1	0.9289
28706	2	0.928903
28710	1	0.928905
28713	1	0.928906
28717	1	0.928908
28721	1	0.928909
28726	1	0.928911
28727	1	0.928912
28728	1	0.928914
28731	1	0.928915
28733	1	0.928916
28734	3	0.928921
28735	1	0.928922
28736	5	0.92893
28737	1	0.928931
28738	1	0.928933
28741	1	0.928934
28744	2	0.928937
28745	1	0.928939
28746	2	0.928942
28748	3	0.928946
28749	1	0.928947
28751	2	0.92895
28752	1	0.928952
28754	4	0.928958
28755	1	0.928959
28756	1	0.928961
28759	1	0.928962
28761	3	0.928967
28762	1	0.928968
28763	2	0.928971
28764	1	0.928972
28766	1	0.928974
28767	1	0.928975
28769	3	0.92898
28772	2	0.928983
28773	1	0.928984
28775	2	0.928987
28777	1	0.928989
28782	2	0.928992
28788	1	0.928993
28790	1	0.928995
28791	4	0.929
28792	2	0.929003
28793	1	0.929005
28794	1	0.929006
28795	1	0.929008
28797	1	0.929009
28798	1	0.929011
28801	1	0.929012
28804	1	0.929014
28809	1	0.929015
28810	2	0.929018
28811	3	0.929023
28813	1	0.929024
28814	1	0.929025
28816	4	0.929031
28817	1	0.929033
28819	2	0.929036
28820	2	0.929039
28821	2	0.929042
28822	4	0.929048
28823	1	0.929049
28825	1	0.92905
28827	1	0.929052
28829	1	0.929053
28830	6	0.929062
28831	3	0.929067
28832	1	0.929068
28833	3	0.929073
28837	1	0.929074
28839	2	0.929077
28841	1	0.929078
28845	1	0.92908
28846	1	0.929081
28853	1	0.929083
28855	1	0.929084
28856	2	0.929087
28857	1	0.929089
28858	1	0.92909
28860	1	0.929092
28863	1	0.929093
28869	1	0.929095
28870	1	0.929096
28871	1	0.929098
28872	3	0.929102
28873	1	0.929103
28874	1	0.929105
28877	1	0.929106
28878	1	0.929108
28879	1	0.929109
28881	1	0.929111
28883	2	0.929114
28890	1	0.929115
28898	1	0.929117
28910	1	0.929118
28911	4	0.929124
28912	1	0.929126
28916	1	0.929127
28917	1	0.929129
28918	1	0.92913
28919	2	0.929133
28920	3	0.929137
28921	1	0.929139
28922	1	0.92914
28926	4	0.929146
28930	1	0.929148
28931	2	0.929151
28933	1	0.929152
28934	2	0.929155
28936	2	0.929158
28937	1	0.929159
28938	23	0.929193
28939	3	0.929198
28940	5	0.929205
28941	1	0.929207
28942	1	0.929208
28945	1	0.92921
28947	2	0.929212
28948	4	0.929218
28949	1	0.92922
28952	1	0.929221
28954	2	0.929224
28960	2	0.929227
28961	3	0.929232
28966	1	0.929233
28969	1	0.929235
28970	3	0.929239
28971	1	0.92924
28973	1	0.929242
28974	5	0.929249
28978	1	0.929251
28979	1	0.929252
28984	2	0.929255
28985	1	0.929257
28986	1	0.929258
28987	1	0.92926
28994	3	0.929264
28995	1	0.929265
28996	1	0.929267
29000	1	0.929268
29001	1	0.92927
29002	4	0.929276
29004	1	0.929277
29006	2	0.92928
29009	2	0.929283
29010	1	0.929285
29012	1	0.929286
29013	1	0.929288
29015	1	0.929289
29016	1	0.929291
29018	6	0.929299
29019	4	0.929305
29020	3	0.92931
29021	3	0.929314
29022	4	0.92932
29023	1	0.929321
29024	2	0.929324
29028	1	0.929326
29029	1	0.929327
29030	1	0.929329
29031	1	0.92933
29032	1	0.929332
29034	3	0.929336
29037	1	0.929338
29038	1	0.929339
29039	1	0.929341
29041	7	0.929351
29043	1	0.929352
29046	1	0.929354
29047	1	0.929355
29048	1	0.929357
29049	5	0.929364
29050	2	0.929367
29051	2	0.92937
29052	2	0.929373
29053	2	0.929376
29054	1	0.929377
29058	1	0.929379
29061	2	0.929382
29062	2	0.929385
29064	1	0.929386
29065	2	0.929389
29067	1	0.929391
29069	2	0.929394
29070	2	0.929397
29071	2	0.9294
29072	1	0.929401
29074	2	0.929404
29075	1	0.929405
29076	2	0.929408
29080	2	0.929411
29085	3	0.929416
29086	1	0.929417
29088	1	0.929419
29089	3	0.929423
29093	1	0.929425
29094	1	0.929426
29095	4	0.929432
29096	1	0.929433
29100	1	0.929435
29102	1	0.929436
29103	3	0.929441
29105	1	0.929442
29107	1	0.929444
29110	3	0.929448
29112	1	0.92945
29114	1	0.929451
29117	1	0.929453
29118	1	0.929454
29119	1	0.929455
29121	1	0.929457
29128	1	0.929458
29129	2	0.929461
29130	1	0.929463
29131	4	0.929469
29135	1	0.92947
29136	4	0.929476
29137	1	0.929478
29138	1	0.929479
29142	1	0.929481
29145	1	0.929482
29150	3	0.929486
29151	2	0.929489
29154	1	0.929491
29155	1	0.929492
29157	2	0.929495
29159	5	0.929503
29160	5	0.92951
29161	1	0.929511
29163	1	0.929513
29164	1	0.929514
29165	1	0.929516
29167	8	0.929528
29169	4	0.929534
29170	1	0.929535
29171	2	0.929538
29172	1	0.929539
29176	1	0.929541
29189	4	0.929547
29190	1	0.929548
29191	1	0.92955
29192	2	0.929553
29193	1	0.929554
29195	2	0.929557
29196	2	0.92956
29198	5	0.929567
29199	2	0.92957
29200	1	0.929572
29201	1	0.929573
29202	2	0.929576
29203	3	0.929581
29204	2	0.929584
29205	4	0.929589
29206	3	0.929594
29207	2	0.929597
29208	2	0.9296
29209	2	0.929603
29210	2	0.929606
29211	1	0.929607
29212	1	0.929609
29215	2	0.929612
29216	9	0.929625
29221	1	0.929626
29222	1	0.929628
29224	3	0.929632
29225	3	0.929637
29228	2	0.92964
29229	1	0.929641
29230	1	0.929643
29231	1	0.929644
29232	4	0.92965
29233	1	0.929651
29234	3	0.929656
29235	2	0.929659
29237	1	0.92966
29238	1	0.929662
29239	2	0.929665
29240	1	0.929666
29241	1	0.929668
29242	1	0.929669
29243	1	0.92967
29244	1	0.929672
29245	2	0.929675
29246	1	0.929676
29247	2	0.929679
29248	1	0.929681
29249	2	0.929684
29250	3	0.929688
29252	1	0.92969
29253	2	0.929693
29254	1	0.929694
29255	1	0.929696
29256	5	0.929703
29257	2	0.929706
29259	3	0.92971
29260	2	0.929713
29261	1	0.929715
29262	2	0.929718
29263	5	0.929725
29264	5	0.929732
29265	1	0.929734
29268	2	0.929737
29269	2	0.92974
29270	1	0.929741
29272	1	0.929743
29273	2	0.929746
29276	1	0.929747
29282	2	0.92975
29283	1	0.929751
29284	4	0.929757
29285	3	0.929762
29287	1	0.929763
29290	1	0.929765
29292	1	0.929766
29295	2	0.929769
29296	1	0.929771
29297	2	0.929774
29298	1	0.929775
29299	2	0.929778
29300	8	0.92979
29301	4	0.929796
29303	4	0.929802
29304	2	0.929805
29305	1	0.929806
29307	1	0.929807
29308	2	0.92981
29309	1	0.929812
29310	1	0.929813
29313	2	0.929816
29315	1	0.929818
29318	2	0.929821
29322	1	0.929822
29323	1	0.929824
29327	2	0.929827
29328	2	0.92983
29329	1	0.929831
29330	2	0.929834
29333	1	0.929835
29334	1	0.929837
29335	1	0.929838
29336	1	0.92984
29337	3	0.929844
29338	3	0.929849
29339	4	0.929855
29341	1	0.929856
29342	2	0.929859
29346	2	0.929862
29348	1	0.929863
29350	1	0.929865
29353	1	0.929866
29355	1	0.929868
29357	11	0.929884
29359	1	0.929886
29360	1	0.929887
29361	1	0.929888
29362	6	0.929897
29363	2	0.9299
29364	2	0.929903
29367	1	0.929905
29368	1	0.929906
29369	4	0.929912
29370	6	0.929921
29371	1	0.929922
29372	8	0.929934
29373	3	0.929939
29375	1	0.92994
29376	4	0.929946
29377	1	0.929947
29378	2	0.92995
29379	1	0.929952
29380	2	0.929955
29381	3	0.929959
29382	6	0.929968
29383	1	0.929969
29384	2	0.929972
29385	1	0.929974
29386	8	0.929986
29387	6	0.929994
29388	1	0.929996
29389	3	0.93
29390	2	0.930003
29392	2	0.930006
29393	2	0.930009
29394	5	0.930017
29395	2	0.93002
29396	4	0.930025
29397	1	0.930027
29398	1	0.930028
29399	2	0.930031
29400	1	0.930033
29403	1	0.930034
29407	2	0.930037
29408	1	0.930039
29409	1	0.93004
29410	2	0.930043
29412	4	0.930049
29413	1	0.93005
29414	1	0.930052
29416	1	0.930053
29417	1	0.930055
29418	2	0.930058
29419	1	0.930059
29422	2	0.930062
29423	3	0.930067
29425	1	0.930068
29428	1	0.93007
29429	2	0.930073
29431	2	0.930075
29432	1	0.930077
29433	2	0.93008
29435	3	0.930084
29436	1	0.930086
29438	2	0.930089
29439	5	0.930096
29440	3	0.930101
29441	2	0.930103
29442	8	0.930115
29443	1	0.930117
29446	2	0.93012
29447	1	0.930121
29449	4	0.930127
29452	1	0.930129
29453	2	0.930131
29455	1	0.930133
29456	2	0.930136
29457	1	0.930137
29458	1	0.930139
29459	1	0.93014
29460	7	0.930151
29461	2	0.930154
29467	4	0.930159
29469	4	0.930165
29470	2	0.930168
29471	4	0.930174
29473	1	0.930176
29475	2	0.930179
29476	2	0.930182
29477	1	0.930183
29478	4	0.930189
29479	1	0.93019
29480	1	0.930192
29481	2	0.930195
29482	1	0.930196
29483	1	0.930198
29484	1	0.930199
29486	3	0.930204
29489	2	0.930207
29491	1	0.930208
29492	1	0.93021
29493	1	0.930211
29494	1	0.930212
29495	1	0.930214
29496	1	0.930215
29498	2	0.930218
29499	2	0.930221
29501	4	0.930227
29504	1	0.930229
29505	1	0.93023
29506	1	0.930232
29507	1	0.930233
29510	1	0.930235
29514	2	0.930237
29515	5	0.930245
29516	1	0.930246
29517	3	0.930251
29519	1	0.930252
29521	3	0.930257
29523	6	0.930265
29524	4	0.930271
29527	1	0.930273
29528	1	0.930274
29529	3	0.930279
29530	1	0.93028
29533	2	0.930283
29534	3	0.930288
29535	2	0.930291
29537	6	0.930299
29538	8	0.930311
29539	1	0.930313
29540	4	0.930318
29541	5	0.930326
29542	2	0.930329
29543	1	0.93033
29544	3	0.930335
29545	3	0.930339
29546	1	0.930341
29547	3	0.930345
29548	4	0.930351
29549	2	0.930354
29550	1	0.930355
29551	2	0.930358
29552	5	0.930366
29554	1	0.930367
29555	8	0.930379
29556	3	0.930383
29557	2	0.930386
29558	4	0.930392
29562	2	0.930395
29563	1	0.930397
29564	1	0.930398
29565	1	0.930399
29566	2	0.930402
29567	3	0.930407
29568	8	0.930419
29569	8	0.93043
29570	4	0.930436
29571	7	0.930447
29572	4	0.930453
29573	2	0.930455
29574	5	0.930463
29575	4	0.930469
29577	3	0.930473
29578	4	0.930479
29581	3	0.930483
29584	1	0.930485
29585	2	0.930488
29586	1	0.930489
29588	2	0.930492
29589	1	0.930494
29590	2	0.930497
29591	3	0.930501
29592	3	0.930506
29593	6	0.930514
29594	2	0.930517
29595	2	0.93052
29596	3	0.930525
29597	3	0.930529
29598	7	0.930539
29599	4	0.930545
29601	2	0.930548
29602	2	0.930551
29604	5	0.930559
29605	1	0.93056
29607	4	0.930566
29608	3	0.93057
29611	4	0.930576
29612	5	0.930584
29613	4	0.930589
29614	7	0.9306
29615	3	0.930604
29616	1	0.930606
29617	1	0.930607
29618	1	0.930609
29620	1	0.93061
29622	2	0.930613
29623	1	0.930615
29624	1	0.930616
29625	1	0.930617
29627	1	0.930619
29632	1	0.93062
29633	1	0.930622
29634	2	0.930625
29636	1	0.930626
29640	3	0.930631
29642	2	0.930634
29643	4	0.93064
29648	2	0.930642
29650	1	0.930644
29652	1	0.930645
29653	1	0.930647
29654	2	0.93065
29656	3	0.930654
29660	1	0.930656
29662	1	0.930657
29663	1	0.930659
29667	2	0.930662
29668	1	0.930663
29669	1	0.930665
29670	1	0.930666
29671	1	0.930668
29672	1	0.930669
29674	3	0.930673
29677	1	0.930675
29680	1	0.930676
29686	1	0.930678
29688	4	0.930684
29691	1	0.930685
29695	1	0.930687
29697	2	0.93069
29699	1	0.930691
29712	1	0.930693
29715	1	0.930694
29721	1	0.930696
29730	1	0.930697
29732	1	0.930698
29739	2	0.930701
29753	1	0.930703
29755	1	0.930704
29756	1	0.930706
29762	1	0.930707
29763	2	0.93071
29764	2	0.930713
29768	1	0.930715
29770	2	0.930718
29775	1	0.930719
29784	1	0.930721
29786	1	0.930722
29789	2	0.930725
29797	1	0.930726
29798	3	0.930731
29801	1	0.930732
29803	1	0.930734
29806	1	0.930735
29812	2	0.930738
29813	2	0.930741
29814	1	0.930743
29815	1	0.930744
29816	1	0.930746
29818	1	0.930747
29820	2	0.93075
29826	1	0.930751
29827	1	0.930753
29830	1	0.930754
29831	1	0.930756
29835	1	0.930757
29836	2	0.93076
29839	1	0.930762
29840	1	0.930763
29844	3	0.930768
29845	3	0.930772
29848	1	0.930774
29850	1	0.930775
29852	3	0.930779
29853	1	0.930781
29854	5	0.930788
29857	1	0.93079
29858	2	0.930793
29860	1	0.930794
29862	3	0.930799
29863	3	0.930803
29864	2	0.930806
29865	1	0.930807
29867	1	0.930809
29871	1	0.93081
29873	2	0.930813
29874	1	0.930815
29876	2	0.930818
29891	1	0.930819
29892	1	0.930821
29894	1	0.930822
29897	4	0.930828
29898	3	0.930832
29899	2	0.930835
29901	1	0.930837
29902	2	0.93084
29904	1	0.930841
29906	1	0.930843
29907	2	0.930846
29908	3	0.93085
29909	4	0.930856
29910	3	0.93086
29911	4	0.930866
29912	3	0.930871
29914	6	0.93088
29916	5	0.930887
29918	3	0.930891
29919	3	0.930896
29922	1	0.930897
29923	3	0.930902
29925	2	0.930905
29926	1	0.930906
29927	3	0.930911
29929	1	0.930912
29933	1	0.930913
29935	1	0.930915
29940	1	0.930916
29946	3	0.930921
29954	1	0.930922
29956	1	0.930924
29959	1	0.930925
29962	1	0.930927
29966	2	0.93093
29968	2	0.930933
29971	1	0.930934
29972	2	0.930937
29973	1	0.930939
29974	3	0.930943
29978	2	0.930946
29979	2	0.930949
29980	3	0.930953
29981	2	0.930956
29983	1	0.930958
29985	2	0.930961
29986	2	0.930964
29987	2	0.930966
29990	2	0.930969
29993	1	0.930971
29995	4	0.930977
29996	1	0.930978
29997	2	0.930981
29999	1	0.930983
30000	3	0.930987
30003	2	0.93099
30004	1	0.930992
30005	1	0.930993
30008	2	0.930996
30010	1	0.930997
30011	3	0.931002
30012	3	0.931006
30013	1	0.931008
30014	2	0.931011
30017	1	0.931012
30018	1	0.931014
30019	1	0.931015
30022	1	0.931017
30023	1	0.931018
30031	1	0.93102
30032	3	0.931024
30033	1	0.931025
30035	3	0.93103
30038	1	0.931031
30039	1	0.931033
30041	3	0.931037
30043	2	0.93104
30044	1	0.931042
30046	1	0.931043
30050	2	0.931046
30051	4	0.931052
30052	1	0.931053
30054	3	0.931058
30055	1	0.931059
30056	3	0.931064
30058	1	0.931065
30060	2	0.931068
30061	1	0.93107
30062	3	0.931074
30064	2	0.931077
30065	4	0.931083
30066	2	0.931086
30070	2	0.931089
30072	1	0.93109
30075	1	0.931092
30078	1	0.931093
30079	2	0.931096
30080	1	0.931098
30081	2	0.931101
30082	7	0.931111
30083	1	0.931112
30084	13	0.931131
30085	4	0.931137
30086	1	0.931139
30087	5	0.931146
30088	2	0.931149
30089	3	0.931154
30090	1	0.931155
30091	1	0.931156
30093	3	0.931161
30094	3	0.931165
30095	1	0.931167
30096	2	0.93117
30097	4	0.931176
30100	1	0.931177
30101	1	0.931179
30103	1	0.93118
30104	1	0.931182
30106	4	0.931187
30107	3	0.931192
30108	1	0.931193
30109	8	0.931205
30111	6	0.931214
30112	1	0.931215
30113	1	0.931217
30114	2	0.93122
30118	1	0.931221
30120	1	0.931223
30123	3	0.931227
30124	1	0.931229
30126	1	0.93123
30127	1	0.931232
30130	1	0.931233
30131	2	0.931236
30133	1	0.931237
30136	1	0.931239
30138	1	0.93124
30139	1	0.931242
30142	1	0.931243
30144	2	0.931246
30145	3	0.931251
30146	1	0.931252
30147	1	0.931254
30148	1	0.931255
30149	3	0.93126
30150	1	0.931261
30152	1	0.931262
30153	3	0.931267
30155	2	0.93127
30156	4	0.931276
30157	7	0.931286
30158	6	0.931295
30159	9	0.931308
30160	3	0.931313
30162	4	0.931318
30163	3	0.931323
30164	3	0.931327
30165	4	0.931333
30166	2	0.931336
30167	3	0.931341
30168	4	0.931346
30169	6	0.931355
30170	2	0.931358
30171	2	0.931361
30172	3	0.931366
30173	2	0.931369
30174	2	0.931371
30175	1	0.931373
30177	1	0.931374
30179	3	0.931379
30180	1	0.93138
30181	2	0.931383
30182	10	0.931398
30183	2	0.931401
30184	1	0.931402
30185	1	0.931404
30186	2	0.931407
30187	4	0.931413
30188	1	0.931414
30189	2	0.931417
30192	1	0.931419
30194	1	0.93142
30195	1	0.931422
30196	7	0.931432
30197	2	0.931435
30198	8	0.931447
30200	18	0.931473
30201	3	0.931478
30202	2	0.93148
30204	1	0.931482
30205	2	0.931485
30206	3	0.931489
30207	9	0.931503
30208	2	0.931505
30209	1	0.931507
30210	1	0.931508
30211	2	0.931511
30212	1	0.931513
30213	1	0.931514
30216	2	0.931517
30217	2	0.93152
30218	2	0.931523
30219	2	0.931526
30220	5	0.931533
30221	2	0.931536
30222	9	0.93155
30223	8	0.931561
30224	2	0.931564
30225	14	0.931585
30226	1	0.931586
30227	1	0.931588
30228	3	0.931592
30229	5	0.9316
30230	5	0.931607
30231	2	0.93161
30233	3	0.931614
30234	3	0.931619
30235	1	0.93162
30238	1	0.931622
30239	2	0.931625
30240	2	0.931628
30241	6	0.931637
30242	5	0.931644
30243	1	0.931645
30244	4	0.931651
30245	4	0.931657
30246	13	0.931676
30247	5	0.931684
30248	6	0.931693
30249	3	0.931697
30250	4	0.931703
30251	2	0.931706
30252	1	0.931707
30253	3	0.931712
30255	1	0.931713
30256	4	0.931719
30257	7	0.931729
30259	5	0.931737
30260	8	0.931748
30261	2	0.931751
30262	5	0.931759
30263	5	0.931766
30264	7	0.931776
30265	5	0.931784
30266	1	0.931785
30267	4	0.931791
30268	1	0.931793
30269	5	0.9318
30270	2	0.931803
30271	2	0.931806
30272	3	0.93181
30273	2	0.931813
30274	5	0.931821
30275	2	0.931824
30277	2	0.931827
30278	2	0.931829
30279	1	0.931831
30280	3	0.931835
30281	12	0.931853
30282	2	0.931856
30283	2	0.931859
30284	1	0.93186
30285	1	0.931862
30286	3	0.931866
30288	1	0.931868
30289	4	0.931874
30290	6	0.931883
30291	6	0.931891
30292	6	0.9319
30294	2	0.931903
30295	2	0.931906
30296	5	0.931913
30297	5	0.931921
30298	6	0.93193
30299	2	0.931933
30301	2	0.931936
30303	3	0.93194
30304	4	0.931946
30305	4	0.931952
30307	1	0.931953
30308	1	0.931955
30309	1	0.931956
30310	2	0.931959
30311	1	0.931961
30312	4	0.931966
30313	4	0.931972
30314	1	0.931974
30315	2	0.931977
30316	3	0.931981
30317	2	0.931984
30319	4	0.93199
30320	1	0.931991
30321	2	0.931994
30322	5	0.932002
30323	4	0.932008
30324	2	0.932011
30325	3	0.932015
30326	2	0.932018
30327	1	0.932019
30328	3	0.932024
30330	4	0.93203
30331	2	0.932033
30332	1	0.932034
30333	1	0.932036
30334	4	0.932042
30335	5	0.932049
30336	4	0.932055
30337	2	0.932058
30338	2	0.932061
30339	2	0.932064
30340	5	0.932071
30341	6	0.93208
30342	3	0.932084
30343	6	0.932093
30344	3	0.932098
30345	1	0.932099
30346	2	0.932102
30347	2	0.932105
30348	1	0.932106
30349	1	0.932108
30351	2	0.932111
30352	3	0.932115
30353	1	0.932117
30354	1	0.932118
30356	2	0.932121
30357	4	0.932127
30358	3	0.932131
30360	3	0.932136
30363	3	0.93214
30364	1	0.932142
30365	2	0.932145
30366	4	0.932151
30367	3	0.932155
30368	1	0.932156
30369	1	0.932158
30370	1	0.932159
30371	1	0.932161
30375	6	0.93217
30376	1	0.932171
30377	3	0.932176
30378	2	0.932179
30380	1	0.93218
30383	4	0.932186
30385	2	0.932189
30386	2	0.932192
30387	2	0.932195
30388	1	0.932196
30389	7	0.932207
30390	3	0.932211
30391	5	0.932218
30392	5	0.932226
30393	8	0.932237
30395	2	0.93224
30396	2	0.932243
30397	3	0.932248
30398	2	0.932251
30399	1	0.932252
30400	3	0.932257
30401	1	0.932258
30402	2	0.932261
30404	1	0.932262
30405	1	0.932264
30406	5	0.932271
30410	1	0.932273
30411	1	0.932274
30412	4	0.93228
30413	1	0.932282
30414	1	0.932283
30418	3	0.932288
30419	1	0.932289
30421	2	0.932292
30429	2	0.932295
30431	2	0.932298
30435	1	0.932299
30438	1	0.932301
30446	1	0.932302
30447	1	0.932304
30455	3	0.932308
30456	3	0.932313
30457	2	0.932315
30458	2	0.932318
30464	1	0.93232
30466	3	0.932324
30468	1	0.932326
30469	1	0.932327
30470	1	0.932329
30472	1	0.93233
30473	2	0.932333
30474	2	0.932336
30475	1	0.932338
30477	1	0.932339
30479	2	0.932342
30481	2	0.932345
30487	1	0.932346
30491	3	0.932351
30494	1	0.932352
30497	2	0.932355
30504	1	0.932357
30505	1	0.932358
30509	1	0.93236
30511	3	0.932364
30513	1	0.932366
30518	1	0.932367
30519	1	0.932369
30526	1	0.93237
30532	1	0.932371
30535	2	0.932374
30538	2	0.932377
30540	1	0.932379
30548	1	0.93238
30549	2	0.932383
30552	1	0.932385
30553	1	0.932386
30554	7	0.932396
30555	2	0.932399
30556	5	0.932407
30557	3	0.932411
30558	1	0.932413
30559	1	0.932414
30563	1	0.932416
30565	1	0.932417
30566	1	0.932419
30571	1	0.93242
30572	1	0.932422
30578	1	0.932423
30585	1	0.932424
30588	2	0.932427
30589	2	0.93243
30590	2	0.932433
30591	3	0.932438
30592	5	0.932445
30593	1	0.932447
30594	1	0.932448
30599	1	0.93245
30600	2	0.932452
30603	1	0.932454
30605	1	0.932455
30610	1	0.932457
30614	1	0.932458
30621	2	0.932461
30638	1	0.932463
30639	3	0.932467
30640	1	0.932469
30641	1	0.93247
30642	1	0.932472
30644	1	0.932473
30646	5	0.93248
30647	1	0.932482
30648	1	0.932483
30649	2	0.932486
30652	1	0.932488
30655	2	0.932491
30658	3	0.932495
30660	1	0.932497
30664	1	0.932498
30669	2	0.932501
30671	1	0.932503
30673	2	0.932505
30674	2	0.932508
30675	6	0.932517
30677	2	0.93252
30678	13	0.932539
30679	6	0.932548
30680	4	0.932554
30681	3	0.932558
30682	2	0.932561
30683	1	0.932563
30684	2	0.932566
30685	1	0.932567
30686	4	0.932573
30687	1	0.932575
30688	1	0.932576
30689	4	0.932582
30690	2	0.932585
30691	1	0.932586
30692	2	0.932589
30693	3	0.932594
30694	1	0.932595
30697	1	0.932597
30698	1	0.932598
30699	1	0.9326
30702	2	0.932603
30703	2	0.932606
30706	3	0.93261
30707	8	0.932622
30708	2	0.932625
30711	2	0.932628
30712	1	0.932629
30714	3	0.932634
30716	1	0.932635
30717	1	0.932637
30718	4	0.932642
30719	1	0.932644
30722	1	0.932645
30723	1	0.932647
30730	1	0.932648
30733	1	0.93265
30734	1	0.932651
30735	1	0.932653
30736	1	0.932654
30737	1	0.932656
30738	2	0.932659
30739	4	0.932665
30741	2	0.932667
30742	1	0.932669
30745	1	0.93267
30749	1	0.932672
30750	1	0.932673
30754	3	0.932678
30755	2	0.932681
30756	1	0.932682
30759	3	0.932687
30760	1	0.932688
30761	1	0.93269
30766	1	0.932691
30768	5	0.932698
30769	1	0.9327
30771	1	0.932701
30772	3	0.932706
30773	5	0.932713
30774	2	0.932716
30776	4	0.932722
30777	2	0.932725
30778	1	0.932726
30779	1	0.932728
30780	1	0.932729
30781	1	0.932731
30782	2	0.932734
30783	1	0.932735
30785	2	0.932738
30786	1	0.93274
30787	1	0.932741
30788	8	0.932753
30789	5	0.93276
30790	2	0.932763
30791	8	0.932775
30792	1	0.932776
30793	2	0.932779
30794	1	0.932781
30795	2	0.932784
30796	6	0.932793
30797	8	0.932804
30798	5	0.932812
30799	9	0.932825
30801	1	0.932827
30803	1	0.932828
30806	1	0.932829
30807	1	0.932831
30808	4	0.932837
30809	6	0.932846
30812	1	0.932847
30814	1	0.932849
30815	1	0.93285
30817	2	0.932853
30819	2	0.932856
30820	2	0.932859
30821	3	0.932863
30823	1	0.932865
30826	6	0.932874
30828	3	0.932878
30829	3	0.932882
30830	3	0.932887
30831	1	0.932888
30832	1	0.93289
30833	2	0.932893
30834	2	0.932896
30835	1	0.932897
30837	1	0.932899
30839	1	0.9329
30840	1	0.932902
30841	1	0.932903
30842	2	0.932906
30843	6	0.932915
30846	1	0.932916
30847	1	0.932918
30849	1	0.932919
30850	1	0.932921
30852	1	0.932922
30855	3	0.932927
30857	2	0.93293
30858	1	0.932931
30859	2	0.932934
30863	1	0.932936
30864	2	0.932938
30868	3	0.932943
30869	3	0.932947
30870	1	0.932949
30872	26	0.932987
30873	23	0.933021
30874	16	0.933044
30875	43	0.933108
30876	7	0.933118
30877	3	0.933123
30878	7	0.933133
30879	1	0.933134
30880	31	0.93318
30881	22	0.933212
30882	8	0.933224
30884	1	0.933226
30885	2	0.933229
30886	13	0.933248
30887	6	0.933257
30888	27	0.933296
30889	2	0.933299
30891	6	0.933308
30893	1	0.93331
30894	2	0.933313
30896	1	0.933314
30898	2	0.933317
30899	2	0.93332
30900	1	0.933321
30902	3	0.933326
30903	3	0.93333
30906	1	0.933332
30907	2	0.933335
30910	3	0.933339
30911	3	0.933343
30912	2	0.933346
30914	2	0.933349
30915	3	0.933354
30916	2	0.933357
30917	4	0.933363
30920	1	0.933364
30922	1	0.933366
30923	4	0.933371
30925	1	0.933373
30929	3	0.933377
30930	1	0.933379
30931	3	0.933383
30932	1	0.933385
30933	2	0.933388
30936	5	0.933395
30937	3	0.933399
30941	2	0.933402
30943	1	0.933404
30946	2	0.933407
30951	1	0.933408
30953	1	0.93341
30956	1	0.933411
30960	1	0.933413
30964	1	0.933414
30965	3	0.933419
30966	2	0.933421
30967	6	0.93343
30968	6	0.933439
30969	2	0.933442
30970	9	0.933455
30971	5	0.933463
30972	7	0.933473
30973	6	0.933482
30974	4	0.933488
30976	1	0.933489
30977	3	0.933494
30980	1	0.933495
30981	4	0.933501
30982	4	0.933507
30983	2	0.93351
30984	6	0.933519
30985	13	0.933538
30987	3	0.933542
30988	5	0.93355
30989	6	0.933558
30990	2	0.933561
30991	3	0.933566
30993	2	0.933569
30995	4	0.933575
30996	1	0.933576
31003	6	0.933585
31008	2	0.933588
31011	1	0.933589
31012	2	0.933592
31013	1	0.933594
31014	2	0.933597
31020	1	0.933598
31025	1	0.9336
31027	1	0.933601
31029	2	0.933604
31030	2	0.933607
31031	1	0.933609
31032	2	0.933611
31033	1	0.933613
31034	1	0.933614
31036	2	0.933617
31037	2	0.93362
31038	1	0.933622
31039	4	0.933628
31041	2	0.933631
31042	2	0.933634
31043	9	0.933647
31044	11	0.933663
31045	15	0.933685
31046	2	0.933688
31051	2	0.933691
31057	1	0.933692
31066	1	0.933694
31068	1	0.933695
31076	5	0.933703
31079	1	0.933704
31082	1	0.933706
31084	1	0.933707
31086	2	0.93371
31089	2	0.933713
31093	1	0.933715
31094	1	0.933716
31095	3	0.93372
31096	6	0.933729
31097	4	0.933735
31099	2	0.933738
31100	2	0.933741
31107	1	0.933743
31108	2	0.933745
31112	1	0.933747
31113	1	0.933748
31118	1	0.93375
31119	1	0.933751
31122	1	0.933753
31132	1	0.933754
31136	1	0.933756
31138	2	0.933759
31139	3	0.933763
31142	1	0.933765
31143	2	0.933768
31146	8	0.933779
31148	1	0.933781
31150	1	0.933782
31151	4	0.933788
31152	1	0.93379
31153	4	0.933796
31154	5	0.933803
31155	3	0.933807
31156	1	0.933809
31158	2	0.933812
31163	1	0.933813
31168	1	0.933815
31173	1	0.933816
31174	2	0.933819
31176	2	0.933822
31177	1	0.933824
31179	2	0.933826
31182	1	0.933828
31185	1	0.933829
31186	3	0.933834
31187	3	0.933838
31191	2	0.933841
31193	2	0.933844
31196	2	0.933847
31197	1	0.933849
31203	2	0.933852
31204	3	0.933856
31206	3	0.93386
31208	1	0.933862
31209	3	0.933866
31211	3	0.933871
31213	3	0.933875
31214	1	0.933877
31217	1	0.933878
31218	2	0.933881
31221	1	0.933882
31222	1	0.933884
31223	3	0.933888
31227	1	0.93389
31231	1	0.933891
31234	3	0.933896
31235	2	0.933899
31237	1	0.9339
31238	6	0.933909
31239	1	0.93391
31241	2	0.933913
31242	2	0.933916
31244	1	0.933918
31246	1	0.933919
31248	1	0.933921
31249	2	0.933924
31250	1	0.933925
31251	2	0.933928
31252	1	0.93393
31254	1	0.933931
31256	2	0.933934
31258	1	0.933935
31260	1	0.933937
31261	1	0.933938
31262	4	0.933944
31263	1	0.933946
31264	2	0.933949
31265	12	0.933966
31266	2	0.933969
31269	3	0.933974
31270	2	0.933977
31273	1	0.933978
31274	2	0.933981
31276	1	0.933983
31277	1	0.933984
31278	2	0.933987
31279	1	0.933988
31280	2	0.933991
31281	2	0.933994
31282	1	0.933996
31283	3	0.934
31286	1	0.934002
31287	1	0.934003
31288	1	0.934005
31289	4	0.934011
31290	1	0.934012
31292	1	0.934014
31293	1	0.934015
31295	4	0.934021
31296	1	0.934022
31297	3	0.934027
31299	1	0.934028
31300	1	0.93403
31303	1	0.934031
31304	4	0.934037
31307	1	0.934039
31308	1	0.93404
31309	1	0.934042
31310	3	0.934046
31313	1	0.934047
31314	2	0.93405
31320	1	0.934052
31322	2	0.934055
31323	1	0.934056
31325	1	0.934058
31326	1	0.934059
31328	2	0.934062
31329	2	0.934065
31331	1	0.934067
31332	3	0.934071
31334	3	0.934075
31335	2	0.934078
31336	2	0.934081
31338	1	0.934083
31340	1	0.934084
31342	1	0.934086
31343	1	0.934087
31344	3	0.934092
31345	2	0.934095
31346	2	0.934097
31349	1	0.934099
31350	2	0.934102
31355	2	0.934105
31356	1	0.934106
31364	1	0.934108
31368	2	0.934111
31369	1	0.934112
31370	2	0.934115
31373	2	0.934118
31375	1	0.93412
31379	1	0.934121
31380	3	0.934125
31383	1	0.934127
31386	1	0.934128
31388	1	0.93413
31389	1	0.934131
31390	2	0.934134
31391	2	0.934137
31392	3	0.934142
31393	1	0.934143
31394	2	0.934146
31395	1	0.934148
31400	1	0.934149
31401	1	0.93415
31402	1	0.934152
31405	2	0.934155
31406	2	0.934158
31407	6	0.934167
31409	2	0.93417
31413	1	0.934171
31414	3	0.934176
31415	5	0.934183
31416	5	0.93419
31417	3	0.934195
31418	4	0.934201
31419	1	0.934202
31420	1	0.934204
31421	2	0.934206
31422	17	0.934231
31423	4	0.934237
31424	1	0.934239
31425	1	0.93424
31426	1	0.934242
31427	3	0.934246
31428	3	0.934251
31429	5	0.934258
31430	14	0.934279
31431	4	0.934285
31432	2	0.934287
31433	3	0.934292
31435	2	0.934295
31436	2	0.934298
31437	6	0.934307
31439	1	0.934308
31440	6	0.934317
31441	8	0.934329
31442	3	0.934333
31443	1	0.934335
31444	4	0.93434
31445	2	0.934343
31446	1	0.934345
31447	2	0.934348
31448	2	0.934351
31449	2	0.934354
31450	2	0.934357
31451	6	0.934366
31452	3	0.93437
31453	1	0.934371
31455	1	0.934373
31456	1	0.934374
31457	5	0.934382
31458	2	0.934385
31459	1	0.934386
31460	1	0.934388
31462	3	0.934392
31463	1	0.934393
31465	1	0.934395
31466	4	0.934401
31467	22	0.934433
31468	10	0.934448
31469	6	0.934457
31470	8	0.934469
31471	7	0.934479
31472	12	0.934497
31473	26	0.934535
31474	7	0.934545
31475	22	0.934578
31476	16	0.934601
31477	13	0.93462
31478	9	0.934634
31479	12	0.934651
31480	8	0.934663
31481	2	0.934666
31482	2	0.934669
31483	1	0.93467
31485	6	0.934679
31486	3	0.934684
31488	3	0.934688
31489	2	0.934691
31491	3	0.934695
31492	1	0.934697
31493	5	0.934704
31494	2	0.934707
31496	8	0.934719
31498	2	0.934722
31499	3	0.934726
31501	3	0.934731
31502	2	0.934734
31503	1	0.934735
31504	2	0.934738
31506	1	0.93474
31507	7	0.93475
31510	2	0.934753
31511	1	0.934754
31512	17	0.934779
31513	1	0.934781
31514	1	0.934782
31515	5	0.93479
31516	5	0.934797
31517	2	0.9348
31518	4	0.934806
31519	3	0.93481
31520	6	0.934819
31521	2	0.934822
31522	5	0.934829
31523	1	0.934831
31524	1	0.934832
31525	1	0.934834
31526	3	0.934838
31527	6	0.934847
31528	4	0.934853
31529	2	0.934856
31530	1	0.934857
31531	6	0.934866
31532	1	0.934868
31533	2	0.934871
31534	5	0.934878
31535	11	0.934894
31536	6	0.934903
31537	2	0.934906
31538	3	0.93491
31540	1	0.934912
31541	8	0.934924
31542	6	0.934933
31543	1	0.934934
31544	11	0.93495
31545	3	0.934955
31546	3	0.934959
31547	4	0.934965
31548	3	0.934969
31549	2	0.934972
31550	9	0.934986
31551	7	0.934996
31552	4	0.935002
31553	14	0.935022
31554	2	0.935025
31555	12	0.935043
31556	8	0.935055
31557	2	0.935058
31558	4	0.935064
31559	7	0.935074
31560	1	0.935075
31561	8	0.935087
31562	8	0.935099
31563	10	0.935114
31564	2	0.935117
31566	1	0.935118
31569	4	0.935124
31570	1	0.935125
31571	4	0.935131
31572	1	0.935133
31573	1	0.935134
31574	2	0.935137
31575	1	0.935139
31576	1	0.93514
31577	2	0.935143
31580	6	0.935152
31581	1	0.935153
31582	1	0.935155
31583	8	0.935167
31584	5	0.935174
31585	4	0.93518
31586	3	0.935184
31587	3	0.935189
31588	7	0.935199
31589	11	0.935215
31590	1	0.935217
31591	1	0.935218
31592	8	0.93523
31593	13	0.935249
31594	3	0.935254
31595	4	0.935259
31596	3	0.935264
31597	4	0.93527
31598	3	0.935274
31599	2	0.935277
31600	4	0.935283
31601	2	0.935286
31602	2	0.935289
31603	4	0.935295
31604	8	0.935307
31605	10	0.935321
31606	8	0.935333
31607	1	0.935335
31608	5	0.935342
31609	4	0.935348
31610	5	0.935355
31611	2	0.935358
31612	4	0.935364
31616	2	0.935367
31617	1	0.935368
31618	1	0.93537
31619	3	0.935374
31620	7	0.935385
31621	1	0.935386
31623	2	0.935389
31625	4	0.935395
31628	2	0.935398
31629	1	0.935399
31630	3	0.935404
31631	2	0.935407
31632	1	0.935408
31633	1	0.93541
31635	3	0.935414
31636	3	0.935419
31638	3	0.935423
31639	1	0.935424
31640	6	0.935433
31641	1	0.935435
31642	1	0.935436
31643	3	0.935441
31644	4	0.935446
31645	1	0.935448
31646	2	0.935451
31647	3	0.935455
31648	10	0.93547
31650	6	0.935479
31655	4	0.935485
31656	5	0.935492
31657	3	0.935497
31659	9	0.93551
31660	4	0.935516
31661	4	0.935522
31665	3	0.935526
31667	5	0.935533
31670	1	0.935535
31671	4	0.935541
31673	1	0.935542
31674	1	0.935544
31675	1	0.935545
31676	1	0.935547
31677	3	0.935551
31678	1	0.935553
31679	5	0.93556
31680	1	0.935561
31681	2	0.935564
31683	8	0.935576
31684	3	0.935581
31685	7	0.935591
31686	4	0.935597
31687	2	0.9356
31688	4	0.935606
31689	1	0.935607
31690	4	0.935613
31691	4	0.935619
31692	5	0.935626
31693	3	0.935631
31695	1	0.935632
31696	3	0.935636
31698	2	0.935639
31699	1	0.935641
31700	5	0.935648
31701	1	0.93565
31703	3	0.935654
31704	6	0.935663
31705	4	0.935669
31706	2	0.935672
31707	3	0.935676
31708	3	0.935681
31709	3	0.935685
31710	2	0.935688
31712	4	0.935694
31713	4	0.9357
31714	3	0.935704
31715	3	0.935709
31716	3	0.935713
31717	2	0.935716
31718	2	0.935719
31719	6	0.935728
31720	11	0.935744
31721	6	0.935753
31722	1	0.935754
31723	2	0.935757
31724	1	0.935759
31725	1	0.93576
31726	5	0.935768
31727	8	0.935779
31728	6	0.935788
31729	4	0.935794
31731	1	0.935796
31732	7	0.935806
31733	2	0.935809
31734	2	0.935812
31735	1	0.935813
31736	3	0.935818
31738	1	0.935819
31739	1	0.935821
31740	3	0.935825
31741	7	0.935835
31742	4	0.935841
31743	3	0.935846
31744	6	0.935854
31745	11	0.935871
31746	1	0.935872
31747	2	0.935875
31748	1	0.935877
31749	3	0.935881
31750	2	0.935884
31751	6	0.935893
31752	2	0.935896
31753	1	0.935897
31754	1	0.935899
31758	6	0.935907
31759	3	0.935912
31760	7	0.935922
31761	6	0.935931
31762	2	0.935934
31763	5	0.935941
31764	2	0.935944
31765	3	0.935949
31766	2	0.935952
31767	3	0.935956
31770	2	0.935959
31771	2	0.935962
31772	1	0.935963
31773	8	0.935975
31774	2	0.935978
31777	3	0.935983
31778	1	0.935984
31781	1	0.935985
31782	2	0.935988
31783	4	0.935994
31785	1	0.935996
31787	2	0.935999
31788	1	0.936
31789	1	0.936002
31792	2	0.936005
31794	2	0.936008
31795	1	0.936009
31797	1	0.936011
31798	5	0.936018
31800	3	0.936022
31802	1	0.936024
31803	2	0.936027
31804	2	0.93603
31805	1	0.936031
31806	1	0.936033
31809	2	0.936036
31810	1	0.936037
31811	1	0.936039
31812	2	0.936041
31813	2	0.936044
31814	3	0.936049
31815	1	0.93605
31817	1	0.936052
31818	1	0.936053
31820	2	0.936056
31821	2	0.936059
31822	3	0.936064
31823	1	0.936065
31824	1	0.936066
31825	3	0.936071
31826	4	0.936077
31827	5	0.936084
31828	6	0.936093
31829	4	0.936099
31830	4	0.936105
31831	10	0.93612
31832	2	0.936122
31833	3	0.936127
31834	2	0.93613
31835	3	0.936134
31836	2	0.936137
31837	1	0.936139
31838	10	0.936153
31839	2	0.936156
31840	1	0.936158
31841	6	0.936167
31842	5	0.936174
31843	3	0.936178
31844	1	0.93618
31845	3	0.936184
31846	2	0.936187
31847	1	0.936189
31849	1	0.93619
31850	1	0.936192
31851	4	0.936198
31852	3	0.936202
31853	2	0.936205
31854	1	0.936206
31855	3	0.936211
31856	4	0.936217
31857	10	0.936231
31858	2	0.936234
31859	4	0.93624
31861	3	0.936245
31862	8	0.936256
31863	3	0.936261
31864	8	0.936273
31865	9	0.936286
31866	2	0.936289
31867	1	0.93629
31868	1	0.936292
31869	4	0.936298
31870	3	0.936302
31871	1	0.936304
31872	6	0.936312
31873	5	0.93632
31874	9	0.936333
31876	5	0.93634
31877	4	0.936346
31878	5	0.936354
31879	4	0.93636
31880	17	0.936385
31881	5	0.936392
31882	10	0.936407
31883	2	0.93641
31884	4	0.936416
31885	2	0.936418
31886	3	0.936423
31887	3	0.936427
31888	5	0.936435
31889	2	0.936438
31891	1	0.936439
31892	3	0.936444
31893	7	0.936454
31894	4	0.93646
31895	1	0.936461
31896	1	0.936463
31897	1	0.936464
31898	8	0.936476
31899	4	0.936482
31900	4	0.936488
31901	4	0.936494
31902	5	0.936501
31903	4	0.936507
31904	2	0.93651
31905	7	0.93652
31906	2	0.936523
31908	2	0.936526
31909	7	0.936536
31910	8	0.936548
31911	9	0.936561
31912	1	0.936563
31913	5	0.93657
31914	1	0.936572
31915	4	0.936578
31916	1	0.936579
31919	4	0.936585
31920	3	0.936589
31921	1	0.936591
31922	6	0.9366
31923	1	0.936601
31924	2	0.936604
31925	2	0.936607
31926	15	0.936629
31927	4	0.936635
31928	6	0.936644
31929	5	0.936651
31930	4	0.936657
31931	5	0.936664
31932	16	0.936688
31933	7	0.936698
31934	2	0.936701
31935	10	0.936716
31936	15	0.936738
31937	3	0.936742
31938	2	0.936745
31939	5	0.936753
31940	2	0.936756
31941	14	0.936776
31942	6	0.936785
31943	2	0.936788
31944	7	0.936798
31945	1	0.9368
31946	3	0.936804
31947	4	0.93681
31948	6	0.936819
31949	7	0.936829
31950	4	0.936835
31951	7	0.936846
31953	3	0.93685
31954	4	0.936856
31955	6	0.936865
31956	2	0.936868
31957	6	0.936876
31958	1	0.936878
31959	1	0.936879
31960	6	0.936888
31961	1	0.93689
31962	2	0.936893
31964	2	0.936896
31965	2	0.936899
31966	2	0.936902
31967	6	0.93691
31968	8	0.936922
31969	5	0.93693
31970	1	0.936931
31971	1	0.936932
31972	5	0.93694
31973	1	0.936941
31974	3	0.936946
31975	3	0.93695
31976	4	0.936956
31977	2	0.936959
31978	9	0.936972
31979	6	0.936981
31980	2	0.936984
31981	7	0.936994
31982	4	0.937
31983	3	0.937005
31984	4	0.937011
31985	6	0.937019
31986	3	0.937024
31987	4	0.93703
31988	2	0.937033
31989	4	0.937038
31990	3	0.937043
31991	2	0.937046
31992	6	0.937055
31994	3	0.937059
31995	4	0.937065
31996	2	0.937068
31997	1	0.937069
31998	3	0.937074
32000	6	0.937083
32001	1	0.937084
32002	1	0.937086
32003	1	0.937087
32004	2	0.93709
32006	2	0.937093
32007	2	0.937096
32008	2	0.937099
32009	6	0.937108
32010	1	0.937109
32011	5	0.937117
32012	1	0.937118
32013	3	0.937122
32016	1	0.937124
32017	4	0.93713
32018	2	0.937133
32019	2	0.937136
32021	2	0.937139
32022	6	0.937147
32023	6	0.937156
32024	6	0.937165
32025	3	0.93717
32026	1	0.937171
32027	1	0.937173
32028	1	0.937174
32030	2	0.937177
32031	3	0.937181
32032	4	0.937187
32033	2	0.93719
32034	1	0.937192
32036	1	0.937193
32037	4	0.937199
32038	5	0.937206
32039	2	0.937209
32041	7	0.93722
32042	4	0.937226
32043	3	0.93723
32044	1	0.937231
32045	1	0.937233
32047	2	0.937236
32048	1	0.937237
32049	1	0.937239
32050	3	0.937243
32051	1	0.937245
32053	3	0.937249
32054	1	0.937251
32058	5	0.937258
32060	1	0.937259
32062	5	0.937267
32063	3	0.937271
32064	3	0.937276
32065	2	0.937279
32066	5	0.937286
32067	11	0.937302
32068	1	0.937304
32069	4	0.937309
32070	4	0.937315
32071	11	0.937332
32073	2	0.937335
32074	2	0.937337
32075	2	0.93734
32076	4	0.937346
32077	3	0.937351
32078	6	0.93736
32080	3	0.937364
32082	1	0.937365
32084	2	0.937368
32085	9	0.937382
32087	2	0.937385
32088	3	0.937389
32091	3	0.937393
32092	1	0.937395
32093	1	0.937396
32094	2	0.937399
32095	2	0.937402
32096	1	0.937404
32097	2	0.937407
32098	3	0.937411
32099	2	0.937414
32100	3	0.937418
32101	2	0.937421
32102	2	0.937424
32103	2	0.937427
32104	6	0.937436
32105	1	0.937438
32106	3	0.937442
32107	12	0.93746
32108	3	0.937464
32109	1	0.937466
32110	2	0.937469
32111	5	0.937476
32112	1	0.937477
32113	5	0.937485
32114	2	0.937488
32115	1	0.937489
32116	3	0.937494
32118	2	0.937497
32119	8	0.937508
32120	2	0.937511
32121	3	0.937516
32122	6	0.937524
32123	3	0.937529
32125	1	0.93753
32126	2	0.937533
32127	3	0.937538
32128	7	0.937548
32129	4	0.937554
32130	5	0.937561
32132	1	0.937563
32133	4	0.937569
32134	3	0.937573
32135	6	0.937582
32136	1	0.937583
32137	4	0.937589
32138	10	0.937604
32139	4	0.93761
32141	14	0.937631
32142	8	0.937642
32143	2	0.937645
32144	1	0.937647
32145	9	0.93766
32146	2	0.937663
32147	3	0.937667
32148	7	0.937678
32149	3	0.937682
32150	7	0.937692
32151	2	0.937695
32153	3	0.9377
32154	2	0.937703
32155	1	0.937704
32156	2	0.937707
32157	1	0.937709
32158	11	0.937725
32159	2	0.937728
32160	17	0.937753
32161	5	0.93776
32162	5	0.937767
32163	1	0.937769
32164	5	0.937776
32165	20	0.937806
32166	6	0.937815
32167	11	0.937831
32168	5	0.937838
32169	3	0.937843
32170	1	0.937844
32171	8	0.937856
32172	5	0.937863
32173	2	0.937866
32174	7	0.937876
32175	6	0.937885
32176	1	0.937887
32177	5	0.937894
32178	5	0.937901
32179	5	0.937909
32180	1	0.93791
32181	5	0.937918
32182	4	0.937924
32183	5	0.937931
32184	4	0.937937
32185	1	0.937938
32186	2	0.937941
32187	4	0.937947
32188	2	0.93795
32189	3	0.937955
32190	4	0.93796
32191	1	0.937962
32192	3	0.937966
32193	2	0.937969
32195	7	0.93798
32197	4	0.937985
32198	1	0.937987
32199	3	0.937991
32200	7	0.938002
32201	8	0.938013
32202	8	0.938025
32203	1	0.938027
32204	6	0.938036
32205	2	0.938038
32206	1	0.93804
32207	3	0.938044
32208	4	0.93805
32209	7	0.938061
32210	7	0.938071
32211	10	0.938086
32212	1	0.938087
32213	1	0.938089
32214	1	0.93809
32215	4	0.938096
32216	2	0.938099
32217	1	0.9381
32218	4	0.938106
32219	5	0.938114
32220	6	0.938122
32221	7	0.938133
32222	5	0.93814
32223	2	0.938143
32224	6	0.938152
32225	4	0.938158
32226	1	0.938159
32227	5	0.938167
32228	6	0.938175
32229	7	0.938186
32230	4	0.938192
32231	3	0.938196
32232	1	0.938198
32233	1	0.938199
32234	1	0.9382
32235	7	0.938211
32237	1	0.938212
32239	2	0.938215
32241	2	0.938218
32242	1	0.93822
32243	7	0.93823
32244	1	0.938231
32245	2	0.938234
32246	2	0.938237
32248	1	0.938239
32250	3	0.938243
32251	4	0.938249
32252	9	0.938262
32253	6	0.938271
32254	1	0.938273
32255	2	0.938276
32256	6	0.938284
32257	2	0.938287
32258	2	0.93829
32259	3	0.938295
32260	1	0.938296
32261	2	0.938299
32263	5	0.938306
32265	1	0.938308
32266	2	0.938311
32267	1	0.938312
32268	1	0.938314
32269	3	0.938318
32270	4	0.938324
32271	2	0.938327
32272	3	0.938332
32273	1	0.938333
32274	2	0.938336
32275	3	0.93834
32276	9	0.938354
32277	8	0.938365
32278	9	0.938379
32279	9	0.938392
32280	2	0.938395
32281	5	0.938402
32282	1	0.938404
32283	5	0.938411
32284	2	0.938414
32285	2	0.938417
32286	4	0.938423
32288	1	0.938424
32291	2	0.938427
32292	1	0.938429
32295	2	0.938432
32298	2	0.938435
32302	5	0.938442
32303	1	0.938443
32304	1	0.938445
32305	1	0.938446
32308	2	0.938449
32309	3	0.938454
32310	1	0.938455
32311	8	0.938467
32312	8	0.938479
32314	4	0.938485
32315	3	0.938489
32317	3	0.938494
32318	1	0.938495
32320	1	0.938496
32321	2	0.938499
32322	3	0.938504
32323	2	0.938507
32324	1	0.938508
32325	4	0.938514
32326	1	0.938516
32327	1	0.938517
32328	4	0.938523
32329	2	0.938526
32330	4	0.938532
32331	1	0.938533
32332	2	0.938536
32333	5	0.938544
32334	1	0.938545
32339	2	0.938548
32340	2	0.938551
32341	2	0.938554
32342	8	0.938566
32344	1	0.938567
32345	1	0.938569
32346	1	0.93857
32347	3	0.938575
32348	1	0.938576
32349	2	0.938579
32350	2	0.938582
32351	1	0.938583
32352	1	0.938585
32353	5	0.938592
32354	2	0.938595
32355	1	0.938597
32356	2	0.9386
32357	2	0.938603
32358	5	0.93861
32359	8	0.938622
32361	1	0.938623
32362	1	0.938625
32363	1	0.938626
32364	4	0.938632
32365	2	0.938635
32367	1	0.938636
32373	2	0.938639
32375	1	0.938641
32376	4	0.938647
32377	3	0.938651
32378	4	0.938657
32379	3	0.938661
32380	2	0.938664
32381	1	0.938666
32382	1	0.938667
32383	2	0.93867
32384	5	0.938678
32385	2	0.938681
32389	1	0.938682
32390	1	0.938684
32395	2	0.938686
32398	2	0.938689
32399	1	0.938691
32400	3	0.938695
32401	1	0.938697
32402	3	0.938701
32403	6	0.93871
32405	1	0.938711
32406	2	0.938714
32407	1	0.938716
32409	1	0.938717
32412	1	0.938719
32413	4	0.938725
32414	4	0.938731
32415	1	0.938732
32416	4	0.938738
32418	4	0.938744
32419	1	0.938745
32422	3	0.93875
32423	7	0.93876
32424	2	0.938763
32425	3	0.938767
32426	2	0.93877
32427	15	0.938792
32430	6	0.938801
32431	6	0.93881
32434	1	0.938812
32435	4	0.938818
32436	4	0.938823
32437	2	0.938826
32438	1	0.938828
32441	12	0.938846
32442	2	0.938848
32443	1	0.93885
32444	2	0.938853
32445	3	0.938857
32446	7	0.938868
32447	8	0.938879
32448	2	0.938882
32449	1	0.938884
32450	1	0.938885
32451	4	0.938891
32454	3	0.938896
32455	2	0.938899
32456	3	0.938903
32458	10	0.938918
32459	4	0.938924
32460	4	0.938929
32461	8	0.938941
32462	2	0.938944
32463	1	0.938946
32464	6	0.938954
32465	1	0.938956
32466	3	0.93896
32467	8	0.938972
32468	1	0.938974
32469	2	0.938977
32470	2	0.93898
32472	1	0.938981
32473	2	0.938984
32474	4	0.93899
32475	1	0.938991
32477	5	0.938999
32478	3	0.939003
32479	1	0.939005
32480	1	0.939006
32481	1	0.939008
32483	1	0.939009
32484	1	0.93901
32485	1	0.939012
32487	1	0.939013
32488	3	0.939018
32490	1	0.939019
32491	1	0.939021
32493	2	0.939024
32496	1	0.939025
32498	1	0.939027
32499	1	0.939028
32501	2	0.939031
32505	1	0.939033
32514	2	0.939035
32515	4	0.939041
32516	1	0.939043
32517	2	0.939046
32518	1	0.939047
32521	2	0.93905
32525	11	0.939066
32526	2	0.939069
32527	4	0.939075
32529	3	0.93908
32530	2	0.939083
32532	1	0.939084
32534	1	0.939086
32535	2	0.939089
32537	2	0.939091
32539	2	0.939094
32540	4	0.9391
32541	1	0.939102
32542	1	0.939103
32543	3	0.939108
32546	2	0.939111
32547	6	0.939119
32548	1	0.939121
32549	1	0.939122
32551	2	0.939125
32552	2	0.939128
32556	7	0.939139
32558	6	0.939147
32559	7	0.939158
32562	5	0.939165
32563	1	0.939167
32564	1	0.939168
32565	6	0.939177
32566	4	0.939183
32567	3	0.939187
32568	1	0.939189
32569	4	0.939195
32570	1	0.939196
32571	4	0.939202
32573	2	0.939205
32574	8	0.939217
32577	4	0.939223
32578	2	0.939225
32579	1	0.939227
32583	2	0.93923
32584	1	0.939231
32585	1	0.939233
32587	1	0.939234
32589	1	0.939236
32590	5	0.939243
32592	2	0.939246
32593	1	0.939248
32595	1	0.939249
32596	1	0.939251
32600	1	0.939252
32601	1	0.939253
32602	1	0.939255
32603	2	0.939258
32604	4	0.939264
32605	3	0.939268
32608	1	0.93927
32609	1	0.939271
32610	7	0.939281
32611	4	0.939287
32612	2	0.93929
32614	1	0.939292
32615	1	0.939293
32616	1	0.939295
32617	5	0.939302
32618	1	0.939304
32619	1	0.939305
32620	2	0.939308
32625	5	0.939315
32626	1	0.939317
32627	3	0.939321
32629	3	0.939326
32630	1	0.939327
32633	1	0.939329
32634	1	0.93933
32636	3	0.939334
32638	1	0.939336
32641	1	0.939337
32642	1	0.939339
32646	1	0.93934
32650	2	0.939343
32651	1	0.939345
32652	1	0.939346
32654	1	0.939348
32655	3	0.939352
32657	1	0.939354
32658	1	0.939355
32661	1	0.939357
32662	1	0.939358
32663	1	0.939359
32665	1	0.939361
32666	2	0.939364
32667	14	0.939385
32669	2	0.939387
32671	1	0.939389
32675	2	0.939392
32676	1	0.939393
32678	1	0.939395
32685	1	0.939396
32686	1	0.939398
32688	2	0.939401
32689	1	0.939402
32690	2	0.939405
32691	6	0.939414
32692	2	0.939417
32694	5	0.939424
32695	3	0.939429
32696	3	0.939433
32697	1	0.939435
32698	2	0.939438
32699	1	0.939439
32700	2	0.939442
32701	3	0.939446
32702	1	0.939448
32703	2	0.939451
32705	2	0.939454
32707	1	0.939455
32731	2	0.939458
32732	1	0.93946
32733	1	0.939461
32736	3	0.939466
32738	7	0.939476
32743	1	0.939477
32747	3	0.939482
32748	4	0.939488
32751	2	0.939491
32752	2	0.939494
32753	2	0.939496
32755	1	0.939498
32757	1	0.939499
32758	4	0.939505
32759	1	0.939507
32762	2	0.93951
32764	1	0.939511
32765	5	0.939519
32767	1	0.93952
32773	3	0.939524
32779	1	0.939526
32780	1	0.939527
32782	2	0.93953
32783	3	0.939535
32787	1	0.939536
32788	6	0.939545
32789	2	0.939548
32790	1	0.939549
32791	5	0.939557
32792	6	0.939566
32793	1	0.939567
32794	1	0.939569
32798	1	0.93957
32799	2	0.939573
32800	3	0.939577
32801	1	0.939579
32802	2	0.939582
32804	1	0.939583
32806	3	0.939588
32807	2	0.939591
32808	1	0.939592
32809	1	0.939594
32810	7	0.939604
32811	3	0.939608
32812	2	0.939611
32814	1	0.939613
32818	1	0.939614
32819	5	0.939622
32820	4	0.939628
32823	3	0.939632
32825	1	0.939633
32831	1	0.939635
32833	2	0.939638
32834	2	0.939641
32839	1	0.939642
32840	1	0.939644
32842	2	0.939647
32845	1	0.939648
32849	1	0.93965
32853	1	0.939651
32858	3	0.939656
32859	1	0.939657
32860	1	0.939658
32861	1	0.93966
32863	3	0.939664
32864	2	0.939667
32865	1	0.939669
32868	1	0.93967
32869	1	0.939672
32870	3	0.939676
32871	2	0.939679
32872	1	0.939681
32873	2	0.939683
32875	3	0.939688
32876	1	0.939689
32877	3	0.939694
32878	1	0.939695
32879	2	0.939698
32880	4	0.939704
32882	1	0.939706
32883	3	0.93971
32884	3	0.939714
32885	1	0.939716
32888	2	0.939719
32889	5	0.939726
32890	3	0.939731
32891	1	0.939732
32892	1	0.939734
32893	4	0.939739
32894	1	0.939741
32895	1	0.939742
32896	2	0.939745
32898	1	0.939747
32901	2	0.93975
32902	3	0.939754
32904	3	0.939759
32905	6	0.939767
32906	6	0.939776
32907	3	0.939781
32908	5	0.939788
32909	6	0.939797
32910	4	0.939803
32913	1	0.939804
32914	2	0.939807
32915	6	0.939816
32916	1	0.939818
32919	1	0.939819
32921	5	0.939826
32923	1	0.939828
32924	2	0.939831
32925	1	0.939832
32926	1	0.939834
32927	1	0.939835
32928	7	0.939845
32929	5	0.939853
32930	3	0.939857
32932	1	0.939859
32933	2	0.939862
32934	2	0.939865
32936	2	0.939868
32937	2	0.939871
32938	1	0.939872
32939	1	0.939873
32940	1	0.939875
32942	5	0.939882
32943	1	0.939884
32944	1	0.939885
32945	4	0.939891
32946	1	0.939893
32947	4	0.939899
32948	7	0.939909
32949	4	0.939915
32951	3	0.939919
32952	3	0.939924
32953	1	0.939925
32954	1	0.939926
32955	1	0.939928
32956	1	0.939929
32958	3	0.939934
32959	4	0.93994
32961	1	0.939941
32962	3	0.939946
32964	1	0.939947
32966	1	0.939949
32967	4	0.939954
32969	1	0.939956
32970	2	0.939959
32971	1	0.93996
32972	5	0.939968
32973	1	0.939969
32974	3	0.939974
32975	1	0.939975
32976	1	0.939977
32977	1	0.939978
32979	1	0.939979
32986	2	0.939982
32987	3	0.939987
32989	1	0.939988
32997	1	0.93999
33001	1	0.939991
33003	4	0.939997
33004	2	0.94
33007	1	0.940002
33008	1	0.940003
33017	3	0.940007
33019	1	0.940009
33020	1	0.94001
33021	2	0.940013
33025	2	0.940016
33031	1	0.940018
33037	1	0.940019
33055	1	0.940021
33072	1	0.940022
33073	3	0.940027
33074	1	0.940028
33079	2	0.940031
33081	2	0.940034
33091	1	0.940035
33095	1	0.940037
33104	1	0.940038
33109	1	0.94004
33113	1	0.940041
33130	1	0.940043
33137	1	0.940044
33138	2	0.940047
33139	1	0.940049
33141	1	0.94005
33150	1	0.940052
33151	1	0.940053
33152	1	0.940055
33156	2	0.940058
33158	1	0.940059
33160	3	0.940063
33163	6	0.940072
33164	6	0.940081
33169	3	0.940086
33170	2	0.940088
33174	4	0.940094
33177	5	0.940102
33180	1	0.940103
33184	2	0.940106
33204	1	0.940108
33210	1	0.940109
33215	1	0.940111
33221	1	0.940112
33222	2	0.940115
33229	4	0.940121
33230	1	0.940122
33236	1	0.940124
33240	1	0.940125
33243	2	0.940128
33246	1	0.94013
33247	1	0.940131
33252	1	0.940133
33256	1	0.940134
33263	1	0.940136
33265	1	0.940137
33267	1	0.940139
33268	1	0.94014
33269	1	0.940141
33273	2	0.940144
33276	2	0.940147
33278	4	0.940153
33279	1	0.940155
33281	2	0.940158
33284	1	0.940159
33287	1	0.940161
33289	1	0.940162
33290	2	0.940165
33291	1	0.940167
33292	2	0.940169
33293	1	0.940171
33295	2	0.940174
33299	1	0.940175
33300	1	0.940177
33301	1	0.940178
33302	2	0.940181
33304	2	0.940184
33307	1	0.940186
33308	2	0.940189
33309	2	0.940192
33311	2	0.940195
33312	2	0.940197
33313	5	0.940205
33315	1	0.940206
33319	1	0.940208
33320	6	0.940217
33321	2	0.94022
33322	1	0.940221
33323	5	0.940228
33325	2	0.940231
33326	4	0.940237
33327	3	0.940242
33329	2	0.940245
33331	2	0.940248
33341	2	0.94025
33342	2	0.940253
33344	1	0.940255
33347	1	0.940256
33348	1	0.940258
33364	2	0.940261
33365	2	0.940264
33375	1	0.940265
33380	1	0.940267
33383	1	0.940268
33385	6	0.940277
33386	1	0.940278
33387	1	0.94028
33388	2	0.940283
33389	4	0.940289
33390	1	0.94029
33391	5	0.940298
33392	3	0.940302
33393	1	0.940303
33394	2	0.940306
33395	1	0.940308
33396	1	0.940309
33397	7	0.94032
33399	2	0.940323
33400	4	0.940329
33401	5	0.940336
33402	2	0.940339
33404	2	0.940342
33406	1	0.940343
33407	4	0.940349
33408	3	0.940354
33410	4	0.940359
33411	2	0.940362
33412	1	0.940364
33414	1	0.940365
33415	1	0.940367
33416	4	0.940373
33418	2	0.940376
33419	1	0.940377
33423	1	0.940379
33427	2	0.940382
33429	2	0.940384
33430	1	0.940386
33434	1	0.940387
33436	2	0.94039
33438	3	0.940395
33439	1	0.940396
33441	1	0.940398
33442	3	0.940402
33443	1	0.940404
33444	1	0.940405
33447	1	0.940407
33448	2	0.94041
33450	2	0.940412
33452	6	0.940421
33453	2	0.940424
33454	1	0.940426
33455	1	0.940427
33457	1	0.940429
33458	2	0.940432
33459	4	0.940438
33460	2	0.94044
33468	1	0.940442
33472	1	0.940443
33479	1	0.940445
33480	5	0.940452
33481	1	0.940454
33482	3	0.940458
33487	1	0.94046
33489	1	0.940461
33490	2	0.940464
33494	3	0.940468
33495	3	0.940473
33496	3	0.940477
33497	3	0.940482
33498	1	0.940483
33501	2	0.940486
33503	2	0.940489
33507	2	0.940492
33508	1	0.940493
33511	1	0.940495
33514	1	0.940496
33517	1	0.940498
33523	1	0.940499
33529	2	0.940502
33530	2	0.940505
33532	1	0.940507
33535	2	0.94051
33541	2	0.940513
33551	1	0.940514
33557	7	0.940524
33558	2	0.940527
33559	2	0.94053
33560	3	0.940535
33561	1	0.940536
33562	2	0.940539
33563	1	0.940541
33566	4	0.940546
33567	2	0.940549
33568	6	0.940558
33569	2	0.940561
33570	3	0.940566
33573	1	0.940567
33574	3	0.940572
33575	6	0.94058
33576	8	0.940592
33577	3	0.940597
33578	6	0.940605
33579	4	0.940611
33581	2	0.940614
33582	4	0.94062
33585	2	0.940623
33586	10	0.940638
33587	2	0.940641
33588	3	0.940645
33589	1	0.940647
33590	1	0.940648
33592	3	0.940653
33595	1	0.940654
33596	1	0.940655
33600	1	0.940657
33601	3	0.940661
33602	2	0.940664
33603	1	0.940666
33605	1	0.940667
33606	1	0.940669
33610	2	0.940672
33613	2	0.940675
33615	2	0.940678
33616	1	0.940679
33619	1	0.940681
33621	1	0.940682
33622	3	0.940686
33623	3	0.940691
33624	1	0.940692
33625	1	0.940694
33628	3	0.940698
33629	1	0.9407
33631	2	0.940703
33632	3	0.940707
33633	14	0.940728
33634	2	0.940731
33635	8	0.940742
33637	5	0.94075
33642	1	0.940751
33645	3	0.940756
33646	2	0.940759
33647	1	0.94076
33650	1	0.940762
33651	2	0.940764
33652	4	0.94077
33653	1	0.940772
33654	1	0.940773
33655	7	0.940784
33656	1	0.940785
33658	1	0.940787
33660	1	0.940788
33662	1	0.940789
33663	1	0.940791
33664	8	0.940803
33665	2	0.940806
33666	1	0.940807
33668	4	0.940813
33669	2	0.940816
33670	3	0.94082
33671	2	0.940823
33672	2	0.940826
33673	4	0.940832
33676	1	0.940834
33677	1	0.940835
33678	2	0.940838
33679	2	0.940841
33681	3	0.940845
33682	1	0.940847
33683	4	0.940853
33684	1	0.940854
33685	1	0.940856
33686	2	0.940859
33687	2	0.940862
33688	1	0.940863
33689	2	0.940866
33690	5	0.940873
33691	3	0.940878
33692	1	0.940879
33693	2	0.940882
33694	1	0.940884
33697	2	0.940887
33698	2	0.94089
33699	4	0.940896
33700	8	0.940907
33701	6	0.940916
33702	5	0.940924
33703	1	0.940925
33704	1	0.940926
33705	1	0.940928
33710	4	0.940934
33714	1	0.940935
33715	5	0.940943
33716	2	0.940946
33717	1	0.940947
33718	1	0.940949
33719	1	0.94095
33723	3	0.940954
33727	1	0.940956
33729	3	0.94096
33730	1	0.940962
33731	2	0.940965
33732	2	0.940968
33733	1	0.940969
33734	2	0.940972
33737	1	0.940974
33750	3	0.940978
33752	1	0.940979
33754	4	0.940985
33755	3	0.94099
33757	2	0.940993
33759	1	0.940994
33760	4	0.941
33761	1	0.941002
33762	1	0.941003
33763	2	0.941006
33764	2	0.941009
33765	1	0.94101
33766	1	0.941012
33768	1	0.941013
33769	1	0.941015
33770	6	0.941024
33771	3	0.941028
33773	1	0.94103
33774	1	0.941031
33777	1	0.941032
33784	1	0.941034
33795	1	0.941035
33797	2	0.941038
33803	1	0.94104
33806	1	0.941041
33807	5	0.941049
33808	1	0.94105
33812	5	0.941058
33813	7	0.941068
33814	1	0.941069
33815	1	0.941071
33816	2	0.941074
33817	1	0.941075
33819	1	0.941077
33820	2	0.94108
33822	2	0.941083
33824	1	0.941084
33825	1	0.941086
33827	4	0.941091
33828	3	0.941096
33829	3	0.9411
33830	3	0.941105
33832	1	0.941106
33833	1	0.941108
33834	1	0.941109
33835	4	0.941115
33839	2	0.941118
33840	1	0.941119
33841	2	0.941122
33842	1	0.941124
33843	2	0.941127
33844	2	0.94113
33845	1	0.941131
33847	2	0.941134
33848	1	0.941136
33849	3	0.94114
33853	4	0.941146
33854	7	0.941156
33855	3	0.941161
33857	15	0.941183
33858	6	0.941192
33859	2	0.941194
33860	15	0.941217
33861	8	0.941228
33862	3	0.941233
33863	2	0.941236
33864	6	0.941245
33865	2	0.941248
33866	1	0.941249
33869	6	0.941258
33870	1	0.941259
33873	3	0.941264
33874	7	0.941274
33875	3	0.941278
33876	9	0.941292
33877	7	0.941302
33878	1	0.941303
33879	1	0.941305
33880	4	0.941311
33881	7	0.941321
33882	1	0.941323
33883	1	0.941324
33884	7	0.941334
33885	7	0.941345
33886	7	0.941355
33887	4	0.941361
33888	5	0.941368
33889	3	0.941373
33890	3	0.941377
33891	3	0.941382
33892	11	0.941398
33893	4	0.941404
33894	6	0.941412
33895	8	0.941424
33896	6	0.941433
33897	2	0.941436
33898	1	0.941437
33899	2	0.94144
33900	4	0.941446
33901	1	0.941448
33902	8	0.94146
33903	3	0.941464
33905	3	0.941468
33906	1	0.94147
33908	1	0.941471
33911	2	0.941474
33912	1	0.941476
33913	2	0.941479
33914	2	0.941482
33916	2	0.941485
33917	1	0.941486
33924	1	0.941488
33925	1	0.941489
33926	1	0.941491
33927	1	0.941492
33932	1	0.941493
33933	1	0.941495
33938	2	0.941498
33939	2	0.941501
33940	1	0.941502
33941	1	0.941504
33944	1	0.941505
33948	1	0.941507
33950	1	0.941508
33951	1	0.94151
33952	1	0.941511
33953	3	0.941516
33959	1	0.941517
33965	1	0.941518
33966	1	0.94152
33967	1	0.941521
33969	1	0.941523
33971	2	0.941526
33972	3	0.94153
33973	2	0.941533
33975	1	0.941535
33976	1	0.941536
33977	3	0.941541
33978	1	0.941542
33984	4	0.941548
33985	1	0.941549
33987	4	0.941555
33989	2	0.941558
33990	2	0.941561
33995	1	0.941563
34001	1	0.941564
34008	1	0.941566
34009	2	0.941569
34012	1	0.94157
34017	1	0.941572
34018	3	0.941576
34022	1	0.941577
34024	1	0.941579
34029	1	0.94158
34030	1	0.941582
34031	1	0.941583
34034	2	0.941586
34037	1	0.941588
34038	1	0.941589
34041	2	0.941592
34043	2	0.941595
34044	1	0.941597
34048	1	0.941598
34049	2	0.941601
34053	1	0.941602
34057	1	0.941604
34058	2	0.941607
34059	1	0.941608
34060	1	0.94161
34061	2	0.941613
34062	6	0.941622
34063	7	0.941632
34064	1	0.941633
34085	1	0.941635
34087	1	0.941636
34088	4	0.941642
34089	5	0.94165
34108	1	0.941651
34110	1	0.941653
34111	1	0.941654
34118	2	0.941657
34122	3	0.941661
34125	4	0.941667
34126	3	0.941672
34127	6	0.94168
34128	2	0.941683
34130	3	0.941688
34131	1	0.941689
34135	15	0.941711
34136	2	0.941714
34137	3	0.941719
34138	1	0.94172
34139	3	0.941725
34140	2	0.941728
34142	4	0.941734
34143	3	0.941738
34144	1	0.941739
34145	3	0.941744
34146	3	0.941748
34147	5	0.941756
34148	4	0.941761
34149	7	0.941772
34150	2	0.941775
34151	5	0.941782
34152	1	0.941784
34153	1	0.941785
34154	10	0.9418
34155	2	0.941803
34156	7	0.941813
34157	3	0.941817
34158	8	0.941829
34159	27	0.941869
34160	7	0.941879
34161	4	0.941885
34162	1	0.941887
34163	2	0.94189
34164	2	0.941893
34165	4	0.941898
34166	1	0.9419
34167	5	0.941907
34168	3	0.941912
34171	1	0.941913
34172	2	0.941916
34175	2	0.941919
34176	1	0.941921
34178	1	0.941922
34179	2	0.941925
34180	1	0.941926
34183	3	0.941931
34184	1	0.941932
34186	1	0.941934
34187	1	0.941935
34190	1	0.941937
34193	1	0.941938
34197	1	0.94194
34199	1	0.941941
34201	2	0.941944
34205	2	0.941947
34211	1	0.941949
34214	1	0.94195
34215	8	0.941962
34216	1	0.941963
34218	4	0.941969
34219	3	0.941974
34220	10	0.941988
34222	1	0.94199
34223	3	0.941994
34226	2	0.941997
34227	1	0.941999
34228	3	0.942003
34229	1	0.942004
34230	1	0.942006
34231	1	0.942007
34232	1	0.942009
34233	1	0.94201
34234	9	0.942024
34235	1	0.942025
34236	1	0.942027
34238	5	0.942034
34239	3	0.942038
34240	9	0.942052
34241	4	0.942058
34242	6	0.942066
34243	1	0.942068
34244	4	0.942074
34245	1	0.942075
34246	1	0.942077
34247	1	0.942078
34248	2	0.942081
34249	1	0.942083
34250	1	0.942084
34257	2	0.942087
34262	1	0.942088
34272	2	0.942091
34274	2	0.942094
34275	1	0.942096
34276	4	0.942102
34277	3	0.942106
34278	7	0.942116
34279	2	0.942119
34280	1	0.942121
34281	3	0.942125
34282	6	0.942134
34283	3	0.942139
34284	1	0.94214
34285	4	0.942146
34286	5	0.942153
34287	2	0.942156
34288	10	0.942171
34289	11	0.942187
34290	17	0.942212
34291	15	0.942234
34292	12	0.942252
34293	19	0.94228
34298	1	0.942281
34302	2	0.942284
34303	1	0.942286
34307	3	0.94229
34308	1	0.942292
34309	1	0.942293
34319	2	0.942296
34321	5	0.942303
34331	1	0.942305
34339	2	0.942308
34341	1	0.942309
34342	1	0.942311
34344	3	0.942315
34345	1	0.942317
34347	6	0.942326
34349	8	0.942337
34350	1	0.942339
34352	3	0.942343
34353	7	0.942354
34354	3	0.942358
34355	4	0.942364
34358	3	0.942368
34359	2	0.942371
34360	1	0.942373
34364	1	0.942374
34365	4	0.94238
34367	1	0.942381
34369	1	0.942383
34370	1	0.942384
34371	1	0.942386
34372	1	0.942387
34373	1	0.942389
34374	1	0.94239
34378	2	0.942393
34383	1	0.942395
34387	4	0.942401
34388	1	0.942402
34390	1	0.942404
34391	1	0.942405
34394	4	0.942411
34395	2	0.942414
34396	2	0.942417
34398	3	0.942421
34414	1	0.942423
34424	1	0.942424
34446	1	0.942426
34450	1	0.942427
34451	1	0.942429
34454	3	0.942433
34455	1	0.942435
34470	1	0.942436
34475	1	0.942437
34487	3	0.942442
34516	1	0.942443
34522	1	0.942445
34526	1	0.942446
34553	1	0.942448
34561	1	0.942449
34562	2	0.942452
34577	1	0.942454
34578	4	0.94246
34580	2	0.942462
34582	2	0.942465
34594	1	0.942467
34599	1	0.942468
34600	6	0.942477
34601	1	0.942479
34605	1	0.94248
34613	3	0.942485
34617	1	0.942486
34618	1	0.942488
34621	2	0.94249
34622	1	0.942492
34623	3	0.942496
34631	1	0.942498
34633	1	0.942499
34637	1	0.942501
34646	1	0.942502
34650	3	0.942507
34655	1	0.942508
34656	2	0.942511
34657	3	0.942516
34658	5	0.942523
34660	1	0.942524
34662	1	0.942526
34663	2	0.942529
34664	1	0.94253
34666	2	0.942533
34669	2	0.942536
34670	1	0.942538
34671	1	0.942539
34672	3	0.942543
34673	3	0.942548
34674	1	0.942549
34676	1	0.942551
34677	1	0.942552
34678	1	0.942554
34680	2	0.942557
34681	1	0.942558
34682	3	0.942563
34683	1	0.942564
34684	5	0.942571
34685	3	0.942576
34686	1	0.942577
34691	1	0.942579
34693	1	0.94258
34694	4	0.942586
34700	1	0.942588
34702	2	0.942591
34712	1	0.942592
34714	1	0.942594
34718	2	0.942597
34721	1	0.942598
34723	2	0.942601
34724	7	0.942611
34726	1	0.942613
34730	1	0.942614
34731	4	0.94262
34732	5	0.942627
34733	1	0.942629
34735	1	0.94263
34736	1	0.942632
34744	1	0.942633
34764	1	0.942635
34776	1	0.942636
34778	1	0.942638
34781	4	0.942644
34783	4	0.94265
34792	1	0.942651
34795	1	0.942652
34797	1	0.942654
34800	1	0.942655
34806	5	0.942663
34808	1	0.942664
34811	1	0.942666
34815	1	0.942667
34818	7	0.942678
34819	2	0.94268
34826	1	0.942682
34845	1	0.942683
34851	2	0.942686
34852	1	0.942688
34855	1	0.942689
34861	1	0.942691
34870	5	0.942698
34878	2	0.942701
34879	6	0.94271
34881	8	0.942722
34882	7	0.942732
34883	1	0.942733
34895	1	0.942735
34896	3	0.942739
34898	5	0.942747
34900	2	0.94275
34901	7	0.94276
34902	1	0.942761
34903	3	0.942766
34905	2	0.942769
34906	3	0.942773
34908	4	0.942779
34909	5	0.942786
34910	4	0.942792
34911	10	0.942807
34912	1	0.942809
34914	4	0.942814
34915	1	0.942816
34916	1	0.942817
34918	2	0.94282
34921	1	0.942822
34924	1	0.942823
34928	3	0.942828
34929	1	0.942829
34936	2	0.942832
34942	1	0.942834
34944	2	0.942837
34945	1	0.942838
34946	1	0.94284
34952	1	0.942841
34961	3	0.942845
34963	1	0.942847
34965	1	0.942848
34966	1	0.94285
34967	1	0.942851
34968	3	0.942856
34969	4	0.942862
34970	4	0.942867
34971	1	0.942869
34972	2	0.942872
34973	1	0.942873
34974	1	0.942875
34975	1	0.942876
34976	2	0.942879
34977	1	0.942881
34978	1	0.942882
34979	4	0.942888
34980	1	0.94289
34982	1	0.942891
34983	1	0.942893
34984	1	0.942894
34987	1	0.942895
34990	1	0.942897
34991	7	0.942907
34992	1	0.942909
34997	1	0.94291
35004	1	0.942912
35006	1	0.942913
35007	1	0.942915
35010	2	0.942918
35011	1	0.942919
35012	3	0.942923
35013	9	0.942937
35014	1	0.942938
35022	1	0.94294
35023	1	0.942941
35024	1	0.942943
35037	1	0.942944
35041	1	0.942946
35042	1	0.942947
35044	2	0.94295
35045	2	0.942953
35047	1	0.942954
35053	1	0.942956
35055	1	0.942957
35058	1	0.942959
35061	1	0.94296
35062	3	0.942965
35065	1	0.942966
35069	1	0.942968
35070	2	0.942971
35072	2	0.942974
35073	3	0.942978
35074	2	0.942981
35075	1	0.942982
35076	2	0.942985
35077	1	0.942987
35078	2	0.94299
35081	2	0.942993
35082	1	0.942994
35083	1	0.942996
35084	1	0.942997
35085	3	0.943002
35086	4	0.943007
35087	2	0.94301
35088	2	0.943013
35092	4	0.943019
35093	10	0.943034
35094	12	0.943052
35095	2	0.943055
35102	1	0.943056
35103	1	0.943057
35117	1	0.943059
35120	1	0.94306
35126	2	0.943063
35128	2	0.943066
35135	9	0.94308
35136	4	0.943085
35138	2	0.943088
35139	1	0.94309
35142	1	0.943091
35143	5	0.943099
35144	1	0.9431
35146	2	0.943103
35149	3	0.943108
35150	5	0.943115
35152	2	0.943118
35153	4	0.943124
35154	6	0.943133
35156	1	0.943134
35158	1	0.943136
35160	2	0.943138
35162	1	0.94314
35166	1	0.943141
35168	2	0.943144
35169	1	0.943146
35171	1	0.943147
35174	1	0.943149
35175	2	0.943152
35176	3	0.943156
35180	1	0.943158
35182	1	0.943159
35183	2	0.943162
35184	3	0.943166
35189	2	0.943169
35193	1	0.943171
35194	1	0.943172
35195	1	0.943174
35200	4	0.94318
35201	2	0.943183
35202	1	0.943184
35204	3	0.943189
35205	2	0.943191
35207	2	0.943194
35211	8	0.943206
35212	1	0.943208
35230	1	0.943209
35235	2	0.943212
35237	2	0.943215
35244	1	0.943217
35245	1	0.943218
35249	3	0.943222
35250	2	0.943225
35251	2	0.943228
35252	1	0.94323
35255	2	0.943233
35256	1	0.943234
35257	1	0.943236
35263	1	0.943237
35264	2	0.94324
35267	3	0.943245
35269	2	0.943247
35270	2	0.94325
35273	3	0.943255
35274	2	0.943258
35275	2	0.943261
35276	3	0.943265
35279	1	0.943267
35280	1	0.943268
35281	2	0.943271
35285	2	0.943274
35286	1	0.943275
35288	2	0.943278
35291	3	0.943283
35292	1	0.943284
35296	1	0.943286
35299	1	0.943287
35301	3	0.943292
35303	2	0.943295
35305	3	0.943299
35306	1	0.9433
35307	1	0.943302
35312	1	0.943303
35318	1	0.943305
35322	2	0.943308
35323	1	0.943309
35324	4	0.943315
35326	2	0.943318
35327	2	0.943321
35329	1	0.943323
35330	9	0.943336
35335	1	0.943337
35339	1	0.943339
35340	2	0.943342
35345	2	0.943345
35362	1	0.943346
35363	1	0.943348
35364	4	0.943353
35365	2	0.943356
35372	1	0.943358
35389	1	0.943359
35423	2	0.943362
35424	2	0.943365
35426	1	0.943367
35429	1	0.943368
35442	1	0.94337
35444	2	0.943373
35445	2	0.943376
35446	6	0.943384
35447	2	0.943387
35448	1	0.943389
35449	2	0.943392
35450	1	0.943393
35451	1	0.943395
35453	3	0.943399
35467	1	0.943401
35468	1	0.943402
35469	1	0.943404
35480	1	0.943405
35487	1	0.943407
35489	1	0.943408
35490	1	0.943409
35493	1	0.943411
35494	1	0.943412
35495	1	0.943414
35498	1	0.943415
35500	1	0.943417
35501	1	0.943418
35502	2	0.943421
35508	1	0.943423
35517	1	0.943424
35518	1	0.943426
35521	1	0.943427
35524	1	0.943429
35526	2	0.943432
35537	1	0.943433
35538	1	0.943434
35545	1	0.943436
35546	1	0.943437
35548	1	0.943439
35550	3	0.943443
35562	1	0.943445
35567	1	0.943446
35568	1	0.943448
35569	2	0.943451
35570	1	0.943452
35572	2	0.943455
35573	1	0.943457
35576	1	0.943458
35580	6	0.943467
35582	1	0.943468
35584	1	0.94347
35591	1	0.943471
35597	1	0.943473
35598	6	0.943482
35599	9	0.943495
35600	2	0.943498
35604	1	0.943499
35608	3	0.943504
35609	1	0.943505
35610	1	0.943507
35611	2	0.94351
35612	2	0.943513
35613	10	0.943527
35614	17	0.943552
35615	1	0.943554
35616	1	0.943555
35618	1	0.943557
35619	4	0.943563
35620	1	0.943564
35621	3	0.943569
35622	3	0.943573
35623	4	0.943579
35628	1	0.94358
35629	2	0.943583
35631	2	0.943586
35638	1	0.943588
35639	1	0.943589
35640	1	0.943591
35641	1	0.943592
35643	1	0.943594
35644	3	0.943598
35646	5	0.943605
35649	1	0.943607
35652	1	0.943608
35654	2	0.943611
35655	2	0.943614
35656	2	0.943617
35658	12	0.943635
35659	5	0.943642
35660	2	0.943645
35661	10	0.94366
35662	4	0.943666
35663	2	0.943669
35664	1	0.94367
35665	1	0.943672
35666	1	0.943673
35667	2	0.943676
35669	1	0.943677
35670	4	0.943683
35671	1	0.943685
35677	5	0.943692
35678	1	0.943694
35679	7	0.943704
35682	1	0.943705
35683	7	0.943716
35689	1	0.943717
35691	2	0.94372
35694	1	0.943722
35695	1	0.943723
35703	5	0.943731
35704	1	0.943732
35716	2	0.943735
35717	3	0.943739
35718	1	0.943741
35722	2	0.943744
35731	2	0.943747
35732	1	0.943748
35733	1	0.94375
35738	1	0.943751
35739	1	0.943753
35740	3	0.943757
35743	1	0.943758
35745	1	0.94376
35746	1	0.943761
35747	2	0.943764
35748	3	0.943769
35749	6	0.943778
35750	1	0.943779
35753	3	0.943784
35757	1	0.943785
35758	1	0.943786
35759	2	0.943789
35762	4	0.943795
35763	3	0.9438
35764	3	0.943804
35765	2	0.943807
35771	1	0.943809
35772	6	0.943817
35773	1	0.943819
35774	6	0.943828
35775	1	0.943829
35777	3	0.943834
35779	3	0.943838
35780	1	0.943839
35782	1	0.943841
35783	1	0.943842
35785	2	0.943845
35786	2	0.943848
35789	1	0.94385
35790	8	0.943862
35793	1	0.943863
35794	2	0.943866
35796	2	0.943869
35798	1	0.94387
35802	1	0.943872
35803	2	0.943875
35804	3	0.943879
35805	1	0.943881
35812	1	0.943882
35814	2	0.943885
35816	4	0.943891
35820	2	0.943894
35821	1	0.943895
35823	2	0.943898
35826	3	0.943903
35828	1	0.943904
35830	2	0.943907
35834	5	0.943915
35835	1	0.943916
35836	3	0.94392
35841	1	0.943922
35846	1	0.943923
35847	1	0.943925
35849	2	0.943928
35852	3	0.943932
35855	1	0.943934
35856	1	0.943935
35861	1	0.943937
35864	2	0.94394
35866	2	0.943943
35868	2	0.943946
35870	1	0.943947
35871	3	0.943951
35872	4	0.943957
35873	13	0.943976
35874	6	0.943985
35875	8	0.943997
35877	2	0.944
35879	1	0.944001
35881	3	0.944006
35883	3	0.94401
35885	8	0.944022
35886	1	0.944024
35889	2	0.944027
35890	10	0.944041
35891	3	0.944046
35894	1	0.944047
35896	1	0.944049
35901	1	0.94405
35913	1	0.944052
35914	1	0.944053
35933	2	0.944056
35935	1	0.944057
35938	2	0.94406
35947	1	0.944062
35958	1	0.944063
35965	1	0.944065
35971	3	0.944069
35972	1	0.944071
35979	1	0.944072
35985	2	0.944075
35987	2	0.944078
35990	1	0.94408
35992	1	0.944081
35996	2	0.944084
35999	1	0.944085
36005	1	0.944087
36008	1	0.944088
36009	1	0.94409
36012	1	0.944091
36014	1	0.944093
36015	2	0.944096
36026	3	0.9441
36029	1	0.944102
36031	1	0.944103
36032	2	0.944106
36033	2	0.944109
36050	2	0.944112
36052	3	0.944116
36053	4	0.944122
36054	3	0.944127
36055	1	0.944128
36057	4	0.944134
36058	2	0.944137
36061	2	0.94414
36062	1	0.944141
36064	1	0.944143
36067	1	0.944144
36070	2	0.944147
36072	1	0.944149
36079	1	0.94415
36081	1	0.944152
36084	1	0.944153
36086	2	0.944156
36090	2	0.944159
36099	1	0.944161
36116	2	0.944163
36128	3	0.944168
36158	1	0.944169
36173	1	0.944171
36175	6	0.94418
36177	1	0.944181
36178	1	0.944183
36183	1	0.944184
36191	1	0.944186
36205	1	0.944187
36206	2	0.94419
36231	1	0.944191
36234	1	0.944193
36236	2	0.944196
36258	1	0.944197
36271	1	0.944199
36272	1	0.9442
36294	1	0.944202
36298	1	0.944203
36303	1	0.944205
36304	1	0.944206
36319	1	0.944208
36329	1	0.944209
36342	1	0.944211
36379	1	0.944212
36381	1	0.944214
36394	1	0.944215
36416	1	0.944217
36428	1	0.944218
36436	1	0.944219
36448	3	0.944224
36449	1	0.944225
36479	1	0.944227
36508	1	0.944228
36518	1	0.94423
36523	1	0.944231
36551	1	0.944233
36552	1	0.944234
36553	2	0.944237
36575	1	0.944239
36584	1	0.94424
36585	1	0.944242
36602	1	0.944243
36647	1	0.944244
36686	2	0.944247
36687	1	0.944249
36699	1	0.94425
36709	1	0.944252
36731	1	0.944253
36734	1	0.944255
36735	2	0.944258
36738	1	0.944259
36742	1	0.944261
36754	1	0.944262
36755	1	0.944264
36760	1	0.944265
36761	1	0.944267
36762	1	0.944268
36771	1	0.94427
36772	1	0.944271
36774	1	0.944272
36775	1	0.944274
36776	1	0.944275
36779	1	0.944277
36786	1	0.944278
36795	2	0.944281
36816	1	0.944283
36822	1	0.944284
36831	1	0.944286
36835	1	0.944287
36836	2	0.94429
36862	1	0.944292
36863	1	0.944293
36871	2	0.944296
36872	1	0.944298
36875	2	0.9443
36876	1	0.944302
36878	1	0.944303
36879	2	0.944306
36882	1	0.944308
36888	2	0.944311
36890	1	0.944312
36891	1	0.944314
36903	1	0.944315
36905	3	0.94432
36907	1	0.944321
36915	1	0.944323
36922	1	0.944324
36934	1	0.944325
36936	1	0.944327
36944	1	0.944328
36952	1	0.94433
36954	1	0.944331
36955	2	0.944334
36956	4	0.94434
36958	1	0.944342
36959	1	0.944343
36960	1	0.944345
36965	1	0.944346
36968	1	0.944348
36969	4	0.944353
36971	3	0.944358
36972	1	0.944359
36975	1	0.944361
36978	1	0.944362
36987	1	0.944364
36991	2	0.944367
36995	1	0.944368
36999	1	0.94437
37002	1	0.944371
37011	1	0.944373
37012	1	0.944374
37017	1	0.944376
37019	3	0.94438
37021	1	0.944381
37025	2	0.944384
37027	1	0.944386
37036	1	0.944387
37038	1	0.944389
37046	1	0.94439
37048	1	0.944392
37057	1	0.944393
37066	1	0.944395
37069	1	0.944396
37073	3	0.944401
37074	1	0.944402
37075	1	0.944404
37077	1	0.944405
37089	2	0.944408
37139	1	0.944409
37141	2	0.944412
37167	3	0.944417
37172	1	0.944418
37174	1	0.94442
37202	1	0.944421
37203	1	0.944423
37217	1	0.944424
37221	1	0.944426
37223	1	0.944427
37233	1	0.944429
37234	2	0.944432
37240	1	0.944433
37243	1	0.944434
37245	1	0.944436
37248	1	0.944437
37250	1	0.944439
37253	1	0.94444
37254	3	0.944445
37255	3	0.944449
37256	6	0.944458
37260	1	0.944459
37261	1	0.944461
37262	1	0.944462
37275	1	0.944464
37276	1	0.944465
37277	5	0.944473
37279	2	0.944476
37286	2	0.944479
37293	1	0.94448
37295	1	0.944482
37297	2	0.944485
37304	2	0.944487
37305	1	0.944489
37307	1	0.94449
37308	1	0.944492
37311	2	0.944495
37312	1	0.944496
37313	1	0.944498
37318	1	0.944499
37319	1	0.944501
37320	1	0.944502
37331	1	0.944504
37332	4	0.94451
37338	1	0.944511
37339	4	0.944517
37340	2	0.94452
37341	1	0.944521
37343	2	0.944524
37345	1	0.944526
37348	1	0.944527
37350	2	0.94453
37355	2	0.944533
37356	1	0.944535
37357	1	0.944536
37360	1	0.944538
37361	1	0.944539
37367	1	0.94454
37369	1	0.944542
37370	1	0.944543
37371	3	0.944548
37372	4	0.944554
37384	1	0.944555
37385	1	0.944557
37395	1	0.944558
37397	1	0.94456
37398	1	0.944561
37404	3	0.944566
37409	1	0.944567
37417	1	0.944568
37418	2	0.944571
37425	1	0.944573
37427	1	0.944574
37443	1	0.944576
37469	1	0.944577
37471	2	0.94458
37473	1	0.944582
37488	1	0.944583
37498	1	0.944585
37499	1	0.944586
37510	1	0.944588
37513	1	0.944589
37517	1	0.944591
37522	2	0.944594
37523	1	0.944595
37524	2	0.944598
37526	1	0.944599
37527	1	0.944601
37528	1	0.944602
37538	1	0.944604
37552	1	0.944605
37581	1	0.944607
37584	1	0.944608
37592	1	0.94461
37595	1	0.944611
37598	1	0.944613
37600	2	0.944616
37609	2	0.944619
37618	2	0.944621
37622	2	0.944624
37625	1	0.944626
37626	1	0.944627
37628	2	0.94463
37629	1	0.944632
37631	1	0.944633
37635	1	0.944635
37647	2	0.944638
37655	1	0.944639
37674	1	0.944641
37680	2	0.944644
37681	1	0.944645
37682	1	0.944647
37683	2	0.944649
37686	1	0.944651
37708	1	0.944652
37709	1	0.944654
37710	1	0.944655
37719	1	0.944657
37720	1	0.944658
37724	1	0.94466
37726	1	0.944661
37729	2	0.944664
37730	2	0.944667
37731	3	0.944672
37732	1	0.944673
37733	2	0.944676
37734	2	0.944679
37754	1	0.94468
37756	2	0.944683
37763	1	0.944685
37764	1	0.944686
37771	1	0.944688
37772	1	0.944689
37773	2	0.944692
37775	1	0.944694
37776	2	0.944697
37778	2	0.9447
37780	1	0.944701
37781	1	0.944702
37782	1	0.944704
37783	2	0.944707
37785	3	0.944711
37794	3	0.944716
37799	2	0.944719
37800	2	0.944722
37801	1	0.944723
37807	2	0.944726
37808	1	0.944728
37809	2	0.94473
37810	2	0.944733
37811	1	0.944735
37812	1	0.944736
37817	2	0.944739
37818	1	0.944741
37819	5	0.944748
37822	4	0.944754
37823	4	0.94476
37824	3	0.944764
37826	3	0.944769
37827	1	0.94477
37828	1	0.944772
37829	2	0.944775
37831	2	0.944778
37837	1	0.944779
37838	1	0.944781
37842	2	0.944783
37843	5	0.944791
37844	2	0.944794
37845	1	0.944795
37846	2	0.944798
37847	3	0.944803
37848	2	0.944806
37849	1	0.944807
37853	1	0.944809
37856	1	0.94481
37859	1	0.944811
37862	3	0.944816
37868	1	0.944817
37873	2	0.94482
37876	2	0.944823
37877	3	0.944828
37878	4	0.944834
37879	1	0.944835
37880	1	0.944837
37883	1	0.944838
37884	1	0.944839
37887	1	0.944841
37888	1	0.944842
37891	3	0.944847
37894	4	0.944853
37898	6	0.944862
37908	1	0.944863
37909	1	0.944864
37910	1	0.944866
37915	1	0.944867
37921	1	0.944869
37925	1	0.94487
37928	2	0.944873
37936	2	0.944876
37939	1	0.944878
37941	1	0.944879
37943	4	0.944885
37946	1	0.944887
37948	3	0.944891
37950	3	0.944895
37951	6	0.944904
37952	1	0.944906
37953	4	0.944912
37956	1	0.944913
37959	2	0.944916
37963	2	0.944919
37967	2	0.944922
37970	3	0.944926
37972	1	0.944928
37976	1	0.944929
37978	6	0.944938
37982	1	0.94494
37983	1	0.944941
37985	4	0.944947
37987	2	0.94495
37988	2	0.944953
37994	2	0.944956
37995	1	0.944957
37996	2	0.94496
37997	3	0.944965
37999	4	0.944971
38000	5	0.944978
38001	2	0.944981
38002	5	0.944988
38003	1	0.94499
38004	3	0.944994
38007	1	0.944996
38008	4	0.945001
38011	2	0.945004
38013	2	0.945007
38014	1	0.945009
38015	4	0.945015
38017	3	0.945019
38019	9	0.945032
38020	6	0.945041
38021	43	0.945105
38022	31	0.94515
38023	7	0.945161
38024	14	0.945181
38025	36	0.945234
38026	23	0.945268
38027	15	0.94529
38028	2	0.945293
38029	1	0.945295
38030	2	0.945297
38031	3	0.945302
38032	1	0.945303
38033	13	0.945323
38035	7	0.945333
38036	6	0.945342
38038	5	0.945349
38039	3	0.945353
38040	9	0.945367
38041	4	0.945373
38042	1	0.945374
38043	9	0.945387
38044	7	0.945398
38045	3	0.945402
38047	9	0.945415
38049	2	0.945418
38050	8	0.94543
38051	1	0.945431
38052	1	0.945433
38053	5	0.94544
38054	2	0.945443
38055	2	0.945446
38058	3	0.945451
38060	1	0.945452
38061	1	0.945454
38062	5	0.945461
38063	4	0.945467
38064	8	0.945479
38065	3	0.945483
38067	1	0.945485
38070	1	0.945486
38071	3	0.94549
38072	4	0.945496
38074	4	0.945502
38075	2	0.945505
38076	1	0.945507
38078	1	0.945508
38080	1	0.94551
38082	5	0.945517
38084	1	0.945518
38085	1	0.94552
38086	3	0.945524
38088	2	0.945527
38089	5	0.945535
38090	1	0.945536
38093	1	0.945538
38096	3	0.945542
38097	2	0.945545
38100	1	0.945546
38101	3	0.945551
38103	1	0.945552
38104	2	0.945555
38106	1	0.945557
38107	1	0.945558
38111	1	0.94556
38112	4	0.945566
38115	1	0.945567
38117	1	0.945568
38118	7	0.945579
38119	2	0.945582
38128	2	0.945585
38130	1	0.945586
38132	1	0.945588
38134	1	0.945589
38136	1	0.945591
38143	1	0.945592
38145	1	0.945593
38146	5	0.945601
38148	3	0.945605
38149	4	0.945611
38150	1	0.945613
38151	1	0.945614
38152	1	0.945616
38153	1	0.945617
38154	3	0.945621
38157	9	0.945635
38159	7	0.945645
38160	3	0.945649
38162	1	0.945651
38164	4	0.945657
38165	2	0.94566
38167	2	0.945663
38169	2	0.945666
38170	13	0.945685
38171	2	0.945688
38172	2	0.945691
38173	4	0.945697
38175	15	0.945719
38176	5	0.945726
38177	3	0.94573
38178	1	0.945732
38179	2	0.945735
38181	2	0.945738
38182	1	0.945739
38183	1	0.945741
38187	1	0.945742
38188	2	0.945745
38192	1	0.945747
38196	1	0.945748
38198	1	0.94575
38199	1	0.945751
38200	1	0.945753
38204	4	0.945758
38206	1	0.94576
38207	1	0.945761
38208	1	0.945763
38212	1	0.945764
38217	1	0.945766
38221	4	0.945772
38223	2	0.945775
38224	2	0.945778
38225	3	0.945782
38227	3	0.945786
38228	6	0.945795
38229	1	0.945797
38230	10	0.945811
38231	3	0.945816
38232	3	0.94582
38233	3	0.945825
38234	1	0.945826
38237	10	0.945841
38238	1	0.945842
38246	1	0.945844
38247	2	0.945847
38249	1	0.945848
38250	1	0.94585
38251	3	0.945854
38252	5	0.945862
38253	6	0.94587
38254	2	0.945873
38256	1	0.945875
38257	4	0.945881
38258	1	0.945882
38260	1	0.945884
38262	1	0.945885
38263	1	0.945887
38264	1	0.945888
38269	1	0.94589
38270	1	0.945891
38271	1	0.945892
38272	2	0.945895
38274	1	0.945897
38276	1	0.945898
38277	3	0.945903
38281	1	0.945904
38284	1	0.945906
38286	1	0.945907
38289	1	0.945909
38292	1	0.94591
38295	1	0.945912
38297	9	0.945925
38300	1	0.945926
38301	1	0.945928
38303	2	0.945931
38305	6	0.94594
38306	7	0.94595
38307	2	0.945953
38308	2	0.945956
38310	3	0.94596
38312	2	0.945963
38314	2	0.945966
38315	2	0.945969
38317	1	0.945971
38318	2	0.945973
38319	1	0.945975
38322	2	0.945978
38325	1	0.945979
38326	4	0.945985
38327	5	0.945993
38328	7	0.946003
38334	1	0.946004
38338	2	0.946007
38339	1	0.946009
38340	2	0.946012
38341	2	0.946015
38343	2	0.946018
38344	1	0.946019
38347	1	0.946021
38349	3	0.946025
38355	1	0.946026
38356	1	0.946028
38360	1	0.946029
38366	2	0.946032
38367	3	0.946037
38369	1	0.946038
38370	2	0.946041
38372	1	0.946043
38374	2	0.946046
38375	1	0.946047
38376	4	0.946053
38379	2	0.946056
38384	1	0.946057
38386	2	0.94606
38387	2	0.946063
38389	1	0.946065
38391	3	0.946069
38392	1	0.946071
38394	2	0.946074
38395	4	0.946079
38396	2	0.946082
38397	2	0.946085
38399	3	0.94609
38400	1	0.946091
38401	1	0.946093
38403	3	0.946097
38405	1	0.946099
38406	1	0.9461
38407	1	0.946102
38412	1	0.946103
38414	1	0.946105
38416	3	0.946109
38419	1	0.94611
38420	1	0.946112
38421	2	0.946115
38422	1	0.946116
38426	2	0.946119
38427	2	0.946122
38428	1	0.946124
38429	5	0.946131
38431	2	0.946134
38432	6	0.946143
38433	3	0.946147
38434	5	0.946155
38436	6	0.946163
38437	3	0.946168
38438	2	0.946171
38439	16	0.946194
38440	16	0.946218
38441	7	0.946228
38442	7	0.946239
38443	19	0.946267
38444	6	0.946275
38446	2	0.946278
38447	1	0.94628
38451	2	0.946283
38452	5	0.94629
38453	1	0.946292
38456	1	0.946293
38457	2	0.946296
38459	1	0.946297
38460	1	0.946299
38461	2	0.946302
38463	2	0.946305
38465	2	0.946308
38466	1	0.946309
38467	1	0.946311
38468	2	0.946314
38469	4	0.94632
38470	1	0.946321
38472	3	0.946325
38473	1	0.946327
38474	1	0.946328
38475	2	0.946331
38476	1	0.946333
38477	1	0.946334
38481	1	0.946336
38482	1	0.946337
38483	1	0.946339
38489	1	0.94634
38490	3	0.946345
38491	1	0.946346
38493	2	0.946349
38496	3	0.946353
38497	2	0.946356
38498	5	0.946364
38499	9	0.946377
38500	1	0.946378
38501	4	0.946384
38502	2	0.946387
38503	4	0.946393
38504	6	0.946402
38505	4	0.946408
38506	11	0.946424
38507	3	0.946429
38509	4	0.946434
38510	4	0.94644
38512	1	0.946442
38513	3	0.946446
38514	3	0.946451
38515	1	0.946452
38516	12	0.94647
38517	5	0.946477
38518	5	0.946484
38519	8	0.946496
38520	1	0.946498
38521	1	0.946499
38522	3	0.946504
38523	7	0.946514
38524	4	0.94652
38525	1	0.946521
38526	1	0.946523
38527	1	0.946524
38528	4	0.94653
38529	2	0.946533
38530	2	0.946536
38531	8	0.946548
38532	6	0.946557
38533	1	0.946558
38534	3	0.946563
38535	10	0.946577
38536	10	0.946592
38537	12	0.94661
38538	4	0.946616
38539	4	0.946621
38540	3	0.946626
38541	6	0.946635
38542	13	0.946654
38543	3	0.946658
38544	10	0.946673
38545	8	0.946685
38546	13	0.946704
38547	2	0.946707
38548	10	0.946722
38549	2	0.946725
38550	10	0.946739
38551	2	0.946742
38552	1	0.946744
38553	4	0.94675
38554	5	0.946757
38555	1	0.946758
38557	1	0.94676
38559	6	0.946769
38560	3	0.946773
38562	5	0.94678
38563	10	0.946795
38564	4	0.946801
38565	14	0.946822
38566	4	0.946828
38567	14	0.946848
38568	5	0.946856
38569	1	0.946857
38570	5	0.946864
38571	2	0.946867
38572	1	0.946869
38574	5	0.946876
38575	11	0.946892
38576	13	0.946912
38577	2	0.946915
38578	4	0.94692
38579	5	0.946928
38580	8	0.94694
38581	10	0.946954
38582	9	0.946968
38583	1	0.946969
38585	4	0.946975
38586	8	0.946987
38587	2	0.94699
38589	2	0.946993
38590	9	0.947006
38592	1	0.947007
38593	1	0.947009
38595	1	0.94701
38598	1	0.947012
38602	1	0.947013
38605	1	0.947015
38606	1	0.947016
38610	1	0.947018
38611	1	0.947019
38612	2	0.947022
38615	1	0.947023
38617	1	0.947025
38618	1	0.947026
38623	2	0.947029
38624	2	0.947032
38627	21	0.947063
38628	1	0.947065
38629	2	0.947068
38630	4	0.947074
38632	2	0.947077
38633	7	0.947087
38634	5	0.947094
38635	4	0.9471
38637	2	0.947103
38638	13	0.947122
38639	4	0.947128
38640	6	0.947137
38641	2	0.94714
38644	1	0.947141
38647	1	0.947143
38649	1	0.947144
38650	3	0.947149
38651	1	0.94715
38652	2	0.947153
38653	5	0.94716
38654	7	0.947171
38655	4	0.947177
38656	1	0.947178
38657	3	0.947183
38659	1	0.947184
38660	1	0.947185
38664	1	0.947187
38666	1	0.947188
38668	3	0.947193
38669	5	0.9472
38674	1	0.947202
38675	1	0.947203
38678	8	0.947215
38679	5	0.947222
38681	3	0.947227
38682	1	0.947228
38683	5	0.947236
38684	9	0.947249
38685	7	0.947259
38686	1	0.947261
38689	2	0.947264
38690	3	0.947268
38691	1	0.947269
38694	4	0.947275
38695	1	0.947277
38697	1	0.947278
38698	2	0.947281
38699	2	0.947284
38700	6	0.947293
38701	5	0.9473
38702	5	0.947308
38703	4	0.947314
38704	2	0.947317
38705	2	0.94732
38706	2	0.947322
38708	5	0.94733
38709	5	0.947337
38710	16	0.947361
38711	3	0.947365
38712	9	0.947378
38714	1	0.94738
38715	5	0.947387
38716	3	0.947392
38717	2	0.947395
38718	1	0.947396
38719	6	0.947405
38720	12	0.947423
38721	12	0.94744
38722	8	0.947452
38723	3	0.947456
38724	6	0.947465
38725	4	0.947471
38726	8	0.947483
38727	7	0.947493
38728	2	0.947496
38729	10	0.947511
38730	8	0.947523
38731	7	0.947533
38732	6	0.947542
38733	9	0.947555
38734	16	0.947579
38735	14	0.947599
38736	9	0.947613
38737	5	0.94762
38738	16	0.947644
38739	15	0.947666
38740	11	0.947682
38741	8	0.947694
38742	7	0.947704
38743	28	0.947745
38744	5	0.947752
38745	6	0.947761
38746	14	0.947782
38747	8	0.947794
38748	7	0.947804
38749	5	0.947811
38750	5	0.947819
38751	3	0.947823
38752	6	0.947832
38753	5	0.947839
38754	10	0.947854
38755	8	0.947866
38756	10	0.947881
38757	5	0.947888
38758	4	0.947894
38759	3	0.947898
38760	2	0.947901
38761	6	0.94791
38762	1	0.947912
38763	3	0.947916
38764	3	0.94792
38765	4	0.947926
38766	5	0.947934
38767	3	0.947938
38769	3	0.947942
38770	4	0.947948
38771	15	0.94797
38772	4	0.947976
38773	1	0.947978
38774	1	0.947979
38775	6	0.947988
38776	5	0.947995
38777	2	0.947998
38778	1	0.948
38780	3	0.948004
38781	1	0.948006
38782	2	0.948009
38783	1	0.94801
38784	3	0.948015
38785	4	0.948021
38786	2	0.948023
38787	4	0.948029
38788	4	0.948035
38789	6	0.948044
38790	9	0.948057
38791	5	0.948065
38792	11	0.948081
38793	10	0.948096
38794	6	0.948104
38795	5	0.948112
38796	3	0.948116
38797	1	0.948118
38798	10	0.948132
38799	4	0.948138
38800	10	0.948153
38801	6	0.948162
38802	7	0.948172
38803	7	0.948183
38804	8	0.948194
38805	9	0.948208
38806	9	0.948221
38807	18	0.948247
38808	4	0.948253
38809	8	0.948265
38810	6	0.948274
38811	8	0.948286
38812	8	0.948297
38813	13	0.948317
38814	3	0.948321
38815	1	0.948322
38816	1	0.948324
38817	3	0.948328
38818	2	0.948331
38819	3	0.948336
38820	6	0.948345
38821	4	0.94835
38822	5	0.948358
38823	12	0.948375
38824	1	0.948377
38825	7	0.948387
38826	1	0.948389
38827	6	0.948398
38828	1	0.948399
38829	1	0.9484
38830	2	0.948403
38831	3	0.948408
38832	2	0.948411
38833	3	0.948415
38835	3	0.94842
38836	5	0.948427
38837	2	0.94843
38838	1	0.948431
38839	5	0.948439
38840	6	0.948448
38841	5	0.948455
38842	5	0.948462
38843	9	0.948476
38844	5	0.948483
38845	2	0.948486
38846	1	0.948487
38849	2	0.94849
38850	1	0.948492
38852	2	0.948495
38853	4	0.948501
38855	4	0.948507
38856	2	0.948509
38857	1	0.948511
38858	13	0.94853
38859	4	0.948536
38860	4	0.948542
38861	1	0.948543
38862	11	0.94856
38863	5	0.948567
38864	2	0.94857
38865	1	0.948571
38866	1	0.948573
38867	1	0.948574
38868	1	0.948576
38871	1	0.948577
38874	5	0.948585
38875	3	0.948589
38876	3	0.948593
38877	1	0.948595
38879	4	0.948601
38880	5	0.948608
38881	1	0.94861
38882	2	0.948613
38883	20	0.948642
38884	7	0.948652
38885	4	0.948658
38886	1	0.94866
38887	2	0.948663
38888	3	0.948667
38889	3	0.948671
38890	1	0.948673
38892	4	0.948679
38895	1	0.94868
38897	1	0.948682
38898	1	0.948683
38899	1	0.948685
38900	1	0.948686
38901	3	0.948691
38902	4	0.948696
38903	3	0.948701
38904	1	0.948702
38905	1	0.948704
38906	1	0.948705
38907	1	0.948707
38908	2	0.94871
38909	4	0.948716
38910	1	0.948717
38911	2	0.94872
38912	1	0.948722
38913	2	0.948724
38914	2	0.948727
38915	7	0.948738
38916	2	0.948741
38917	7	0.948751
38918	6	0.94876
38921	1	0.948761
38922	10	0.948776
38923	5	0.948783
38924	11	0.9488
38925	7	0.94881
38926	8	0.948822
38927	7	0.948832
38928	31	0.948878
38929	10	0.948892
38930	1	0.948894
38931	2	0.948897
38932	3	0.948901
38935	1	0.948903
38936	2	0.948906
38937	2	0.948909
38938	3	0.948913
38939	1	0.948914
38941	1	0.948916
38942	1	0.948917
38943	3	0.948922
38944	2	0.948925
38948	2	0.948928
38949	6	0.948937
38950	2	0.948939
38951	3	0.948944
38952	1	0.948945
38953	3	0.94895
38955	1	0.948951
38956	1	0.948953
38957	2	0.948956
38960	7	0.948966
38965	1	0.948967
38966	3	0.948972
38967	1	0.948973
38969	1	0.948975
38972	3	0.948979
38976	1	0.948981
38978	3	0.948985
38979	2	0.948988
38980	1	0.94899
38983	3	0.948994
38984	3	0.948998
38987	2	0.949001
38988	2	0.949004
38989	5	0.949012
38990	1	0.949013
38991	2	0.949016
38995	4	0.949022
39001	1	0.949023
39002	2	0.949026
39004	1	0.949028
39005	4	0.949034
39006	1	0.949035
39007	2	0.949038
39009	3	0.949043
39011	1	0.949044
39012	3	0.949048
39013	3	0.949053
39014	2	0.949056
39016	3	0.94906
39019	1	0.949062
39021	2	0.949065
39036	2	0.949068
39037	10	0.949082
39038	1	0.949084
39039	1	0.949085
39040	2	0.949088
39044	2	0.949091
39045	3	0.949096
39046	3	0.9491
39047	3	0.949104
39048	3	0.949109
39051	1	0.94911
39053	1	0.949112
39056	3	0.949116
39057	4	0.949122
39058	1	0.949124
39071	1	0.949125
39082	1	0.949127
39116	1	0.949128
39117	1	0.949129
39119	1	0.949131
39120	3	0.949135
39121	2	0.949138
39122	1	0.94914
39125	3	0.949144
39127	2	0.949147
39133	1	0.949149
39137	5	0.949156
39139	2	0.949159
39140	9	0.949172
39141	1	0.949174
39142	1	0.949175
39143	3	0.94918
39144	2	0.949182
39145	4	0.949188
39147	5	0.949196
39148	1	0.949197
39151	2	0.9492
39152	1	0.949202
39153	2	0.949205
39155	2	0.949208
39156	3	0.949212
39158	11	0.949228
39159	6	0.949237
39160	4	0.949243
39162	2	0.949246
39163	6	0.949255
39165	4	0.949261
39167	1	0.949262
39169	4	0.949268
39170	1	0.949269
39171	4	0.949275
39173	10	0.94929
39174	2	0.949293
39177	7	0.949303
39178	3	0.949308
39180	2	0.949311
39182	9	0.949324
39183	1	0.949325
39184	3	0.94933
39189	1	0.949331
39192	2	0.949334
39195	5	0.949342
39199	4	0.949347
39202	1	0.949349
39203	2	0.949352
39204	1	0.949353
39205	4	0.949359
39206	1	0.949361
39208	5	0.949368
39210	2	0.949371
39212	1	0.949372
39216	4	0.949378
39218	2	0.949381
39219	1	0.949383
39223	13	0.949402
39224	9	0.949415
39225	4	0.949421
39226	18	0.949448
39227	5	0.949455
39228	6	0.949464
39229	1	0.949465
39230	6	0.949474
39232	5	0.949481
39234	1	0.949483
39235	5	0.94949
39237	1	0.949492
39239	3	0.949496
39242	1	0.949498
39243	3	0.949502
39244	3	0.949506
39246	1	0.949508
39247	3	0.949512
39248	1	0.949514
39250	5	0.949521
39251	2	0.949524
39252	1	0.949526
39254	4	0.949532
39255	6	0.94954
39257	1	0.949542
39258	17	0.949567
39261	1	0.949568
39262	1	0.94957
39263	2	0.949573
39265	4	0.949579
39266	2	0.949582
39267	2	0.949585
39268	2	0.949587
39269	3	0.949592
39270	24	0.949627
39271	5	0.949635
39272	1	0.949636
39273	3	0.949641
39274	4	0.949646
39275	4	0.949652
39276	5	0.94966
39277	20	0.949689
39278	10	0.949704
39279	16	0.949727
39280	7	0.949738
39281	9	0.949751
39282	3	0.949755
39283	3	0.94976
39284	2	0.949763
39285	3	0.949767
39287	5	0.949775
39288	2	0.949777
39289	6	0.949786
39290	9	0.9498
39293	1	0.949801
39294	1	0.949803
39295	2	0.949805
39298	3	0.94981
39300	2	0.949813
39301	3	0.949817
39303	2	0.94982
39304	1	0.949822
39306	2	0.949825
39307	2	0.949828
39308	7	0.949838
39309	3	0.949842
39310	1	0.949844
39311	4	0.94985
39312	5	0.949857
39314	1	0.949858
39316	5	0.949866
39317	4	0.949872
39318	4	0.949878
39319	5	0.949885
39320	6	0.949894
39321	9	0.949907
39322	13	0.949926
39323	8	0.949938
39324	19	0.949966
39325	17	0.949991
39326	8	0.950003
39327	6	0.950012
39328	1	0.950013
39329	2	0.950016
39330	1	0.950018
39331	8	0.950029
39332	7	0.95004
39333	11	0.950056
39334	20	0.950085
39335	3	0.95009
39337	3	0.950094
39338	4	0.9501
39339	4	0.950106
39340	8	0.950118
39341	8	0.950129
39342	4	0.950135
39343	6	0.950144
39344	10	0.950159
39345	3	0.950163
39346	1	0.950165
39347	1	0.950166
39348	5	0.950174
39349	14	0.950194
39350	11	0.95021
39351	10	0.950225
39352	11	0.950241
39353	12	0.950259
39354	2	0.950262
39355	7	0.950272
39356	1	0.950274
39357	5	0.950281
39359	2	0.950284
39360	3	0.950289
39361	3	0.950293
39362	3	0.950297
39363	2	0.9503
39364	6	0.950309
39365	4	0.950315
39366	3	0.950319
39367	4	0.950325
39368	2	0.950328
39369	4	0.950334
39370	5	0.950342
39372	4	0.950347
39373	4	0.950353
39374	2	0.950356
39375	1	0.950358
39377	3	0.950362
39378	1	0.950364
39379	1	0.950365
39381	1	0.950367
39382	1	0.950368
39386	5	0.950375
39389	6	0.950384
39390	13	0.950403
39391	6	0.950412
39392	1	0.950414
39396	7	0.950424
39397	2	0.950427
39398	3	0.950431
39399	5	0.950439
39400	4	0.950445
39401	4	0.950451
39402	5	0.950458
39403	1	0.950459
39404	2	0.950462
39405	5	0.95047
39406	1	0.950471
39408	1	0.950473
39411	1	0.950474
39412	1	0.950476
39417	2	0.950478
39419	1	0.95048
39421	10	0.950495
39422	1	0.950496
39423	2	0.950499
39424	1	0.950501
39425	2	0.950504
39426	1	0.950505
39427	3	0.950509
39428	3	0.950514
39429	1	0.950515
39430	5	0.950523
39431	6	0.950532
39432	2	0.950534
39433	3	0.950539
39434	2	0.950542
39436	5	0.950549
39437	9	0.950562
39439	2	0.950565
39440	5	0.950573
39442	4	0.950579
39443	5	0.950586
39444	1	0.950587
39445	2	0.95059
39446	24	0.950626
39447	10	0.95064
39448	16	0.950664
39449	2	0.950667
39451	1	0.950668
39452	1	0.95067
39453	2	0.950673
39454	3	0.950677
39455	1	0.950679
39456	2	0.950682
39457	4	0.950688
39458	1	0.950689
39462	2	0.950692
39463	3	0.950696
39464	8	0.950708
39465	12	0.950726
39467	1	0.950727
39468	1	0.950729
39472	1	0.95073
39473	3	0.950735
39474	1	0.950736
39476	1	0.950738
39477	1	0.950739
39478	2	0.950742
39481	5	0.950749
39482	4	0.950755
39483	12	0.950773
39484	2	0.950776
39486	3	0.95078
39487	5	0.950788
39488	9	0.950801
39489	4	0.950807
39490	11	0.950823
39491	2	0.950826
39492	4	0.950832
39494	8	0.950844
39495	7	0.950854
39496	1	0.950856
39497	3	0.95086
39498	4	0.950866
39499	7	0.950876
39500	4	0.950882
39501	5	0.950889
39502	7	0.9509
39503	10	0.950914
39504	6	0.950923
39505	8	0.950935
39506	6	0.950944
39507	7	0.950954
39508	6	0.950963
39509	19	0.950991
39510	3	0.950995
39511	6	0.951004
39512	3	0.951009
39513	2	0.951012
39514	4	0.951017
39515	1	0.951019
39517	2	0.951022
39518	5	0.951029
39519	3	0.951034
39520	4	0.95104
39521	6	0.951048
39522	3	0.951053
39523	6	0.951062
39524	7	0.951072
39525	5	0.951079
39526	6	0.951088
39527	5	0.951096
39528	1	0.951097
39529	4	0.951103
39530	1	0.951104
39531	1	0.951106
39532	2	0.951109
39533	2	0.951112
39534	9	0.951125
39535	4	0.951131
39536	4	0.951137
39539	4	0.951143
39541	5	0.95115
39542	3	0.951154
39543	5	0.951162
39544	1	0.951163
39545	7	0.951174
39546	5	0.951181
39547	5	0.951188
39548	11	0.951205
39549	4	0.95121
39550	2	0.951213
39552	1	0.951215
39553	3	0.951219
39554	2	0.951222
39555	3	0.951227
39556	2	0.95123
39558	3	0.951234
39559	2	0.951237
39560	8	0.951249
39562	7	0.951259
39563	14	0.95128
39564	1	0.951281
39565	2	0.951284
39566	4	0.95129
39568	2	0.951293
39569	2	0.951296
39570	1	0.951297
39571	2	0.9513
39573	1	0.951302
39574	1	0.951303
39575	3	0.951308
39577	2	0.951311
39579	17	0.951336
39580	2	0.951339
39581	2	0.951341
39582	6	0.95135
39583	5	0.951358
39584	1	0.951359
39585	3	0.951364
39586	1	0.951365
39589	3	0.951369
39591	3	0.951374
39592	3	0.951378
39593	1	0.95138
39594	1	0.951381
39595	1	0.951383
39596	1	0.951384
39597	2	0.951387
39598	2	0.95139
39600	2	0.951393
39601	2	0.951396
39602	8	0.951408
39603	2	0.951411
39605	1	0.951412
39606	6	0.951421
39608	2	0.951424
39612	2	0.951427
39614	2	0.95143
39617	2	0.951433
39619	4	0.951439
39621	7	0.951449
39622	3	0.951453
39623	5	0.951461
39624	9	0.951474
39625	2	0.951477
39626	7	0.951487
39627	1	0.951489
39628	2	0.951492
39630	3	0.951496
39631	1	0.951498
39632	3	0.951502
39633	5	0.951509
39635	4	0.951515
39636	3	0.95152
39637	6	0.951529
39638	1	0.95153
39639	2	0.951533
39640	2	0.951536
39641	7	0.951546
39642	3	0.951551
39643	1	0.951552
39644	4	0.951558
39646	1	0.951559
39647	1	0.951561
39648	3	0.951565
39650	4	0.951571
39651	1	0.951573
39652	1	0.951574
39653	1	0.951576
39654	1	0.951577
39656	5	0.951584
39657	2	0.951587
39658	1	0.951589
39659	2	0.951592
39660	3	0.951596
39661	1	0.951598
39662	6	0.951607
39663	14	0.951627
39664	9	0.95164
39665	2	0.951643
39666	4	0.951649
39667	1	0.951651
39670	6	0.95166
39671	1	0.951661
39676	1	0.951663
39678	2	0.951665
39683	1	0.951667
39684	3	0.951671
39692	2	0.951674
39694	1	0.951676
39697	1	0.951677
39700	1	0.951679
39701	1	0.95168
39702	1	0.951682
39705	3	0.951686
39708	1	0.951688
39709	2	0.951691
39712	1	0.951692
39713	2	0.951695
39714	1	0.951696
39719	4	0.951702
39720	1	0.951704
39722	6	0.951713
39724	1	0.951714
39725	1	0.951716
39726	2	0.951719
39728	1	0.95172
39732	2	0.951723
39733	1	0.951724
39735	1	0.951726
39744	1	0.951727
39750	1	0.951729
39758	1	0.95173
39759	2	0.951733
39761	8	0.951745
39762	1	0.951746
39776	1	0.951748
39781	1	0.951749
39782	1	0.951751
39783	1	0.951752
39785	2	0.951755
39786	2	0.951758
39787	2	0.951761
39788	4	0.951767
39789	6	0.951776
39790	1	0.951777
39791	2	0.95178
39792	1	0.951782
39793	4	0.951788
39794	2	0.951791
39796	4	0.951797
39797	1	0.951798
39800	2	0.951801
39801	1	0.951802
39802	1	0.951804
39805	2	0.951807
39811	2	0.95181
39812	2	0.951813
39820	2	0.951816
39822	1	0.951817
39823	4	0.951823
39824	1	0.951825
39826	2	0.951827
39828	3	0.951832
39834	1	0.951833
39835	1	0.951835
39836	1	0.951836
39837	4	0.951842
39844	1	0.951844
39845	2	0.951847
39846	2	0.95185
39849	1	0.951851
39850	2	0.951854
39856	1	0.951855
39862	2	0.951858
39864	1	0.95186
39870	1	0.951861
39871	1	0.951863
39876	1	0.951864
39877	1	0.951866
39882	1	0.951867
39889	1	0.951869
39890	1	0.95187
39891	2	0.951873
39892	3	0.951878
39893	2	0.951881
39914	1	0.951882
39921	5	0.951889
39927	2	0.951892
39929	1	0.951894
39930	1	0.951895
39931	4	0.951901
39932	5	0.951908
39934	8	0.95192
39935	2	0.951923
39936	3	0.951928
39938	1	0.951929
39939	3	0.951934
39940	3	0.951938
39941	2	0.951941
39943	1	0.951942
39944	5	0.95195
39945	4	0.951956
39946	7	0.951966
39947	2	0.951969
39948	2	0.951972
39949	7	0.951982
39950	1	0.951984
39951	5	0.951991
39952	19	0.952019
39953	7	0.952029
39954	19	0.952057
39955	2	0.95206
39956	9	0.952073
39957	13	0.952093
39958	5	0.9521
39959	4	0.952106
39960	1	0.952107
39961	3	0.952112
39963	6	0.952121
39964	2	0.952124
39965	1	0.952125
39967	8	0.952137
39968	2	0.95214
39969	5	0.952147
39970	2	0.95215
39971	6	0.952159
39972	5	0.952166
39973	4	0.952172
39974	3	0.952177
39975	28	0.952218
39976	6	0.952227
39977	4	0.952232
39979	1	0.952234
39981	2	0.952237
39982	1	0.952238
39983	1	0.95224
39984	1	0.952241
39985	1	0.952243
39986	3	0.952247
39987	3	0.952252
39988	6	0.95226
39989	8	0.952272
39990	4	0.952278
39991	5	0.952286
39993	7	0.952296
39994	3	0.9523
39996	11	0.952316
39997	5	0.952324
39998	1	0.952325
39999	2	0.952328
40000	9	0.952341
40001	12	0.952359
40002	2	0.952362
40007	1	0.952364
40009	2	0.952367
40010	2	0.952369
40011	1	0.952371
40013	1	0.952372
40015	12	0.95239
40016	3	0.952394
40020	2	0.952397
40022	1	0.952399
40025	1	0.9524
40026	1	0.952402
40036	1	0.952403
40043	2	0.952406
40045	1	0.952408
40046	1	0.952409
40047	3	0.952414
40048	6	0.952422
40053	3	0.952427
40059	1	0.952428
40064	2	0.952431
40067	1	0.952433
40068	7	0.952443
40071	1	0.952445
40084	1	0.952446
40095	3	0.95245
40097	1	0.952452
40098	3	0.952456
40100	1	0.952458
40102	1	0.952459
40104	1	0.952461
40105	1	0.952462
40106	1	0.952464
40107	1	0.952465
40108	2	0.952468
40121	3	0.952473
40122	1	0.952474
40124	5	0.952481
40125	9	0.952495
40126	3	0.952499
40127	2	0.952502
40128	8	0.952514
40129	8	0.952526
40130	1	0.952527
40131	9	0.95254
40132	5	0.952548
40133	3	0.952552
40135	1	0.952554
40137	2	0.952556
40139	1	0.952558
40140	2	0.952561
40141	1	0.952562
40142	8	0.952574
40143	1	0.952576
40146	2	0.952579
40147	4	0.952584
40149	2	0.952587
40154	2	0.95259
40155	1	0.952592
40160	1	0.952593
40161	1	0.952595
40162	1	0.952596
40165	2	0.952599
40173	1	0.952601
40175	1	0.952602
40182	1	0.952604
40183	1	0.952605
40184	1	0.952607
40185	1	0.952608
40186	1	0.95261
40190	1	0.952611
40192	5	0.952618
40193	1	0.95262
40194	3	0.952624
40195	1	0.952626
40203	1	0.952627
40204	3	0.952632
40207	1	0.952633
40210	3	0.952637
40213	1	0.952639
40214	1	0.95264
40215	5	0.952648
40217	1	0.952649
40218	1	0.952651
40219	1	0.952652
40227	1	0.952654
40228	5	0.952661
40230	2	0.952664
40232	1	0.952665
40233	2	0.952668
40234	1	0.95267
40235	4	0.952676
40236	1	0.952677
40238	1	0.952679
40241	2	0.952682
40245	1	0.952683
40246	2	0.952686
40247	1	0.952688
40248	4	0.952693
40250	2	0.952696
40254	2	0.952699
40258	1	0.952701
40259	2	0.952704
40265	1	0.952705
40268	1	0.952707
40270	1	0.952708
40271	1	0.95271
40272	1	0.952711
40273	1	0.952713
40275	1	0.952714
40281	1	0.952716
40286	2	0.952718
40287	1	0.95272
40293	1	0.952721
40295	2	0.952724
40296	1	0.952726
40298	2	0.952729
40302	2	0.952732
40304	2	0.952735
40305	1	0.952736
40307	1	0.952738
40314	1	0.952739
40315	1	0.952741
40316	1	0.952742
40317	1	0.952744
40326	1	0.952745
40333	3	0.952749
40334	3	0.952754
40335	1	0.952755
40336	1	0.952757
40338	1	0.952758
40341	1	0.95276
40344	1	0.952761
40345	4	0.952767
40352	4	0.952773
40354	2	0.952776
40355	1	0.952777
40356	2	0.95278
40358	1	0.952782
40366	1	0.952783
40371	1	0.952785
40373	2	0.952788
40374	2	0.952791
40375	1	0.952792
40376	1	0.952794
40377	3	0.952798
40378	3	0.952802
40379	2	0.952805
40380	1	0.952807
40381	4	0.952813
40382	1	0.952814
40383	2	0.952817
40384	1	0.952819
40385	1	0.95282
40386	5	0.952827
40387	2	0.95283
40388	3	0.952835
40389	3	0.952839
40390	1	0.952841
40392	1	0.952842
40393	3	0.952847
40394	1	0.952848
40395	3	0.952853
40396	3	0.952857
40397	4	0.952863
40398	2	0.952866
40399	10	0.95288
40400	3	0.952885
40401	6	0.952894
40402	4	0.9529
40403	1	0.952901
40404	1	0.952903
40405	4	0.952908
40406	7	0.952919
40407	9	0.952932
40408	3	0.952936
40409	11	0.952953
40410	3	0.952957
40411	5	0.952964
40413	2	0.952967
40415	1	0.952969
40416	2	0.952972
40417	1	0.952973
40418	3	0.952978
40419	6	0.952987
40420	2	0.952989
40421	3	0.952994
40422	2	0.952997
40423	2	0.953
40425	4	0.953006
40426	3	0.95301
40427	4	0.953016
40428	3	0.95302
40430	5	0.953028
40431	5	0.953035
40432	3	0.95304
40434	1	0.953041
40435	1	0.953042
40436	4	0.953048
40437	3	0.953053
40438	2	0.953056
40439	4	0.953062
40440	1	0.953063
40441	1	0.953065
40442	2	0.953068
40443	4	0.953073
40444	1	0.953075
40445	4	0.953081
40446	1	0.953082
40447	2	0.953085
40448	1	0.953087
40449	2	0.95309
40450	5	0.953097
40451	1	0.953098
40452	3	0.953103
40453	2	0.953106
40454	1	0.953107
40455	2	0.95311
40456	3	0.953115
40457	1	0.953116
40458	2	0.953119
40459	1	0.953121
40460	3	0.953125
40461	3	0.953129
40462	4	0.953135
40463	3	0.95314
40464	3	0.953144
40465	4	0.95315
40466	4	0.953156
40467	6	0.953165
40468	3	0.953169
40469	1	0.953171
40470	4	0.953176
40471	3	0.953181
40472	1	0.953182
40474	2	0.953185
40475	1	0.953187
40476	8	0.953199
40477	5	0.953206
40478	6	0.953215
40479	4	0.953221
40480	4	0.953227
40481	3	0.953231
40482	2	0.953234
40483	7	0.953244
40484	3	0.953249
40485	1	0.95325
40486	1	0.953252
40487	3	0.953256
40488	10	0.953271
40489	1	0.953272
40490	3	0.953277
40492	2	0.95328
40493	2	0.953283
40495	1	0.953284
40496	5	0.953291
40498	1	0.953293
40499	12	0.953311
40500	7	0.953321
40501	7	0.953331
40502	1	0.953333
40503	6	0.953341
40504	1	0.953343
40505	3	0.953347
40506	2	0.95335
40507	5	0.953358
40508	5	0.953365
40509	6	0.953374
40510	2	0.953377
40511	1	0.953378
40512	10	0.953393
40513	3	0.953397
40514	2	0.9534
40515	1	0.953402
40516	4	0.953408
40517	3	0.953412
40518	1	0.953414
40519	3	0.953418
40520	20	0.953447
40522	4	0.953453
40523	4	0.953459
40524	9	0.953473
40525	9	0.953486
40526	6	0.953495
40533	1	0.953496
40534	1	0.953498
40535	2	0.9535
40540	2	0.953503
40542	4	0.953509
40543	1	0.953511
40544	2	0.953514
40545	1	0.953515
40546	1	0.953517
40551	3	0.953521
40556	3	0.953526
40557	1	0.953527
40559	2	0.95353
40562	2	0.953533
40564	1	0.953534
40566	4	0.95354
40567	2	0.953543
40568	4	0.953549
40569	4	0.953555
40570	1	0.953556
40571	2	0.953559
40572	1	0.953561
40574	2	0.953564
40575	1	0.953565
40576	1	0.953567
40578	1	0.953568
40580	3	0.953573
40581	1	0.953574
40582	2	0.953577
40585	5	0.953584
40586	1	0.953586
40588	14	0.953607
40589	7	0.953617
40590	4	0.953623
40591	1	0.953624
40592	1	0.953626
40593	2	0.953629
40594	11	0.953645
40595	3	0.953649
40596	1	0.953651
40597	3	0.953655
40598	7	0.953665
40599	1	0.953667
40600	1	0.953668
40601	4	0.953674
40602	1	0.953676
40603	3	0.95368
40604	1	0.953682
40606	1	0.953683
40607	2	0.953686
40608	2	0.953689
40609	5	0.953696
40610	6	0.953705
40612	4	0.953711
40614	1	0.953713
40615	3	0.953717
40619	4	0.953723
40620	1	0.953724
40621	1	0.953726
40625	2	0.953729
40626	4	0.953735
40628	7	0.953745
40629	2	0.953748
40630	3	0.953752
40631	1	0.953754
40633	5	0.953761
40634	1	0.953763
40635	4	0.953769
40636	17	0.953794
40637	19	0.953822
40638	11	0.953838
40639	6	0.953847
40640	1	0.953848
40641	3	0.953852
40642	1	0.953854
40643	3	0.953858
40644	1	0.95386
40645	1	0.953861
40649	1	0.953863
40653	1	0.953864
40654	1	0.953866
40657	1	0.953867
40658	2	0.95387
40660	2	0.953873
40661	8	0.953885
40662	2	0.953888
40663	6	0.953897
40664	4	0.953903
40665	2	0.953905
40666	1	0.953907
40669	1	0.953908
40674	3	0.953913
40677	2	0.953916
40678	1	0.953917
40679	1	0.953919
40680	3	0.953923
40681	1	0.953925
40683	1	0.953926
40686	2	0.953929
40697	2	0.953932
40698	3	0.953936
40704	2	0.953939
40706	3	0.953944
40707	4	0.95395
40708	3	0.953954
40711	2	0.953957
40713	1	0.953959
40714	1	0.95396
40715	2	0.953963
40716	1	0.953964
40717	9	0.953978
40718	2	0.953981
40719	3	0.953985
40720	4	0.953991
40721	2	0.953994
40722	3	0.953998
40723	2	0.954001
40724	1	0.954003
40725	2	0.954006
40727	5	0.954013
40728	8	0.954025
40729	7	0.954035
40730	5	0.954042
40731	2	0.954045
40732	2	0.954048
40733	3	0.954053
40735	3	0.954057
40736	5	0.954065
40738	4	0.95407
40741	1	0.954072
40743	1	0.954073
40746	2	0.954076
40747	3	0.954081
40749	4	0.954087
40750	1	0.954088
40753	1	0.95409
40755	11	0.954106
40756	2	0.954109
40757	7	0.954119
40758	11	0.954135
40759	6	0.954144
40760	7	0.954154
40761	17	0.954179
40762	5	0.954187
40763	4	0.954193
40764	1	0.954194
40765	2	0.954197
40766	3	0.954202
40767	3	0.954206
40768	3	0.95421
40769	9	0.954224
40770	3	0.954228
40772	1	0.954229
40773	4	0.954235
40774	4	0.954241
40775	12	0.954259
40776	1	0.95426
40777	2	0.954263
40780	2	0.954266
40781	4	0.954272
40782	2	0.954275
40784	1	0.954277
40785	1	0.954278
40786	1	0.95428
40787	9	0.954293
40788	1	0.954294
40789	1	0.954296
40790	1	0.954297
40794	2	0.9543
40804	1	0.954302
40806	2	0.954305
40809	1	0.954306
40811	1	0.954308
40825	1	0.954309
40837	1	0.95431
40845	3	0.954315
40851	2	0.954318
40856	3	0.954322
40869	1	0.954324
40870	1	0.954325
40871	1	0.954327
40872	3	0.954331
40873	1	0.954333
40876	4	0.954338
40877	2	0.954341
40886	1	0.954343
40887	1	0.954344
40894	1	0.954346
40900	1	0.954347
40906	3	0.954352
40908	1	0.954353
40910	1	0.954355
40916	1	0.954356
40917	2	0.954359
40918	1	0.954361
40921	7	0.954371
40922	7	0.954381
40923	4	0.954387
40924	2	0.95439
40925	5	0.954397
40926	6	0.954406
40927	1	0.954408
40928	1	0.954409
40929	3	0.954414
40931	4	0.954419
40933	1	0.954421
40942	1	0.954422
40944	1	0.954424
40945	3	0.954428
40948	4	0.954434
40950	1	0.954436
40953	1	0.954437
40956	1	0.954439
40967	1	0.95444
40973	1	0.954442
40976	1	0.954443
40977	3	0.954447
40978	1	0.954449
40979	1	0.95445
40980	1	0.954452
40981	2	0.954455
40984	1	0.954456
40997	2	0.954459
40998	1	0.954461
40999	1	0.954462
41000	4	0.954468
41004	4	0.954474
41009	3	0.954478
41010	4	0.954484
41011	4	0.95449
41012	1	0.954492
41014	4	0.954498
41018	2	0.9545
41019	5	0.954508
41020	10	0.954523
41021	5	0.95453
41026	1	0.954531
41028	1	0.954533
41031	1	0.954534
41032	4	0.95454
41035	1	0.954542
41038	1	0.954543
41044	1	0.954545
41046	2	0.954548
41047	2	0.954551
41048	1	0.954552
41050	2	0.954555
41053	2	0.954558
41054	1	0.954559
41056	1	0.954561
41057	1	0.954562
41059	1	0.954564
41060	1	0.954565
41062	5	0.954573
41064	1	0.954574
41068	1	0.954576
41070	2	0.954579
41072	1	0.95458
41076	2	0.954583
41080	2	0.954586
41081	3	0.95459
41082	6	0.954599
41083	2	0.954602
41084	3	0.954607
41086	1	0.954608
41089	1	0.954609
41091	2	0.954612
41095	2	0.954615
41097	1	0.954617
41099	4	0.954623
41100	1	0.954624
41102	1	0.954626
41103	3	0.95463
41104	1	0.954632
41105	4	0.954637
41106	2	0.95464
41108	1	0.954642
41110	3	0.954646
41111	5	0.954654
41112	5	0.954661
41113	3	0.954665
41114	3	0.95467
41115	2	0.954673
41116	4	0.954679
41117	7	0.954689
41118	5	0.954696
41119	3	0.954701
41120	10	0.954715
41121	1	0.954717
41122	3	0.954721
41124	1	0.954723
41125	2	0.954726
41127	1	0.954727
41128	6	0.954736
41129	4	0.954742
41130	4	0.954748
41131	2	0.954751
41132	2	0.954754
41138	1	0.954755
41140	1	0.954757
41144	1	0.954758
41146	1	0.95476
41148	2	0.954763
41150	1	0.954764
41154	2	0.954767
41155	1	0.954769
41156	3	0.954773
41158	2	0.954776
41159	2	0.954779
41160	7	0.954789
41161	4	0.954795
41162	1	0.954796
41163	9	0.95481
41164	2	0.954813
41165	4	0.954819
41166	1	0.95482
41167	2	0.954823
41168	6	0.954832
41169	7	0.954842
41170	2	0.954845
41171	1	0.954847
41172	1	0.954848
41173	1	0.95485
41174	11	0.954866
41175	8	0.954877
41176	2	0.95488
41178	3	0.954885
41179	2	0.954888
41180	7	0.954898
41181	2	0.954901
41182	1	0.954903
41183	1	0.954904
41187	3	0.954908
41200	1	0.95491
41202	4	0.954916
41203	1	0.954917
41204	2	0.95492
41205	16	0.954944
41206	2	0.954947
41208	3	0.954951
41209	3	0.954956
41210	3	0.95496
41211	5	0.954967
41212	1	0.954969
41213	1	0.95497
41215	3	0.954975
41216	1	0.954976
41218	2	0.954979
41219	3	0.954984
41220	3	0.954988
41222	2	0.954991
41223	3	0.954995
41224	4	0.955001
41225	1	0.955003
41226	2	0.955006
41227	4	0.955012
41228	2	0.955014
41229	3	0.955019
41230	1	0.95502
41234	5	0.955028
41235	1	0.955029
41236	3	0.955034
41237	1	0.955035
41238	1	0.955037
41239	4	0.955042
41241	3	0.955047
41242	3	0.955051
41244	1	0.955053
41245	2	0.955056
41246	7	0.955066
41247	1	0.955067
41251	2	0.95507
41252	2	0.955073
41253	1	0.955075
41254	6	0.955084
41255	2	0.955087
41256	2	0.95509
41257	7	0.9551
41258	4	0.955106
41259	4	0.955112
41260	2	0.955115
41261	7	0.955125
41262	7	0.955135
41265	1	0.955137
41272	4	0.955143
41275	1	0.955144
41277	1	0.955146
41282	5	0.955153
41283	2	0.955156
41288	2	0.955159
41290	1	0.95516
41291	2	0.955163
41293	1	0.955165
41295	2	0.955168
41296	1	0.955169
41297	1	0.955171
41298	4	0.955176
41299	1	0.955178
41300	2	0.955181
41302	1	0.955182
41303	3	0.955187
41304	10	0.955201
41305	3	0.955206
41306	8	0.955218
41308	4	0.955224
41309	3	0.955228
41310	5	0.955235
41311	2	0.955238
41312	7	0.955249
41313	10	0.955263
41314	12	0.955281
41315	5	0.955288
41316	18	0.955315
41317	12	0.955333
41318	6	0.955341
41319	15	0.955363
41321	1	0.955365
41322	1	0.955366
41323	1	0.955368
41326	2	0.955371
41327	3	0.955375
41328	6	0.955384
41329	6	0.955393
41330	12	0.955411
41331	1	0.955412
41333	3	0.955416
41339	1	0.955418
41341	2	0.955421
41342	7	0.955431
41350	5	0.955439
41351	1	0.95544
41352	3	0.955444
41353	4	0.95545
41354	3	0.955455
41389	1	0.955456
41412	3	0.955461
41415	1	0.955462
41417	1	0.955464
41419	1	0.955465
41425	1	0.955467
41428	1	0.955468
41429	2	0.955471
41444	1	0.955472
41466	3	0.955477
41470	2	0.95548
41471	2	0.955483
41474	1	0.955484
41476	1	0.955486
41477	1	0.955487
41480	3	0.955492
41486	3	0.955496
41487	2	0.955499
41491	3	0.955503
41492	1	0.955505
41493	1	0.955506
41497	1	0.955508
41498	1	0.955509
41499	3	0.955514
41501	2	0.955517
41505	3	0.955521
41507	1	0.955523
41508	3	0.955527
41509	2	0.95553
41519	2	0.955533
41520	1	0.955534
41522	2	0.955537
41531	2	0.95554
41541	1	0.955542
41577	1	0.955543
41587	1	0.955545
41592	1	0.955546
41605	1	0.955548
41613	2	0.955551
41614	1	0.955552
41615	1	0.955553
41616	1	0.955555
41655	1	0.955556
41667	1	0.955558
41678	1	0.955559
41686	1	0.955561
41687	1	0.955562
41689	1	0.955564
41691	1	0.955565
41693	1	0.955567
41698	2	0.95557
41699	1	0.955571
41705	1	0.955573
41706	1	0.955574
41708	2	0.955577
41711	1	0.955578
41712	1	0.95558
41715	1	0.955581
41716	1	0.955583
41721	1	0.955584
41724	1	0.955586
41725	1	0.955587
41743	2	0.95559
41760	1	0.955592
41784	2	0.955595
41786	1	0.955596
41788	1	0.955598
41795	2	0.955601
41801	10	0.955615
41802	3	0.95562
41804	2	0.955623
41810	4	0.955629
41811	3	0.955633
41812	1	0.955634
41818	1	0.955636
41819	1	0.955637
41823	2	0.95564
41824	2	0.955643
41826	2	0.955646
41828	1	0.955648
41833	1	0.955649
41835	3	0.955654
41837	2	0.955657
41838	4	0.955662
41839	2	0.955665
41840	3	0.95567
41843	1	0.955671
41845	1	0.955673
41858	1	0.955674
41865	1	0.955676
41866	1	0.955677
41867	2	0.95568
41871	1	0.955682
41876	1	0.955683
41882	1	0.955685
41891	2	0.955687
41897	1	0.955689
41898	1	0.95569
41907	2	0.955693
41908	1	0.955695
41911	2	0.955698
41921	2	0.955701
41922	1	0.955702
41923	1	0.955704
41924	1	0.955705
41925	1	0.955707
41926	2	0.95571
41931	1	0.955711
41938	1	0.955713
41939	2	0.955715
41944	2	0.955718
41945	2	0.955721
41946	2	0.955724
41954	2	0.955727
41959	1	0.955729
41961	1	0.95573
41964	3	0.955735
41967	1	0.955736
41968	3	0.95574
41971	1	0.955742
41978	3	0.955746
41979	1	0.955748
41984	1	0.955749
41988	2	0.955752
41995	1	0.955754
41996	4	0.95576
42000	2	0.955763
42002	1	0.955764
42006	1	0.955766
42008	1	0.955767
42010	1	0.955768
42013	2	0.955771
42017	5	0.955779
42018	2	0.955782
42022	1	0.955783
42024	2	0.955786
42026	1	0.955788
42029	1	0.955789
42030	2	0.955792
42031	1	0.955794
42032	2	0.955796
42033	7	0.955807
42036	5	0.955814
42037	3	0.955819
42039	2	0.955821
42040	9	0.955835
42042	1	0.955836
42043	2	0.955839
42044	1	0.955841
42045	1	0.955842
42046	2	0.955845
42048	1	0.955847
42050	1	0.955848
42052	3	0.955852
42053	1	0.955854
42056	7	0.955864
42057	2	0.955867
42058	1	0.955869
42059	6	0.955877
42060	1	0.955879
42062	2	0.955882
42063	5	0.955889
42064	2	0.955892
42065	2	0.955895
42066	1	0.955897
42067	2	0.9559
42068	8	0.955911
42069	5	0.955919
42070	9	0.955932
42071	5	0.955939
42072	6	0.955948
42074	2	0.955951
42075	1	0.955953
42076	1	0.955954
42077	1	0.955956
42082	4	0.955961
42086	1	0.955963
42089	1	0.955964
42090	1	0.955966
42091	1	0.955967
42095	1	0.955969
42097	11	0.955985
42098	9	0.955998
42099	2	0.956001
42100	10	0.956016
42101	14	0.956037
42102	13	0.956056
42103	6	0.956064
42104	5	0.956072
42106	2	0.956075
42107	1	0.956076
42108	1	0.956078
42110	3	0.956082
42111	3	0.956087
42112	2	0.95609
42113	10	0.956104
42114	3	0.956109
42118	1	0.95611
42119	2	0.956113
42120	1	0.956115
42122	1	0.956116
42140	3	0.95612
42141	2	0.956123
42143	1	0.956125
42146	3	0.956129
42152	1	0.956131
42155	1	0.956132
42156	1	0.956134
42173	1	0.956135
42177	1	0.956137
42194	1	0.956138
42201	1	0.95614
42202	2	0.956143
42204	2	0.956145
42211	1	0.956147
42212	4	0.956153
42213	1	0.956154
42215	3	0.956159
42216	2	0.956162
42217	5	0.956169
42218	23	0.956203
42219	6	0.956212
42220	5	0.956219
42221	9	0.956232
42222	7	0.956243
42223	9	0.956256
42224	10	0.956271
42225	4	0.956277
42226	3	0.956281
42227	12	0.956299
42228	3	0.956303
42229	4	0.956309
42230	4	0.956315
42231	8	0.956327
42232	2	0.95633
42233	7	0.95634
42234	9	0.956353
42235	2	0.956356
42236	9	0.956369
42237	1	0.956371
42238	4	0.956377
42239	2	0.95638
42240	11	0.956396
42241	11	0.956412
42242	12	0.95643
42243	6	0.956439
42245	2	0.956442
42246	4	0.956447
42247	2	0.95645
42248	5	0.956458
42249	4	0.956464
42250	3	0.956468
42251	5	0.956475
42254	2	0.956478
42255	1	0.95648
42256	5	0.956487
42265	2	0.95649
42267	1	0.956492
42270	5	0.956499
42273	1	0.9565
42274	1	0.956502
42275	1	0.956503
42277	1	0.956505
42278	1	0.956506
42280	1	0.956508
42282	4	0.956514
42283	5	0.956521
42287	3	0.956525
42288	2	0.956528
42289	2	0.956531
42290	1	0.956533
42293	2	0.956536
42296	1	0.956537
42297	1	0.956539
42300	2	0.956542
42301	3	0.956546
42303	1	0.956548
42306	2	0.95655
42307	1	0.956552
42308	1	0.956553
42309	7	0.956564
42310	1	0.956565
42313	1	0.956567
42314	2	0.95657
42317	1	0.956571
42318	1	0.956573
42322	1	0.956574
42323	1	0.956576
42324	4	0.956581
42325	6	0.95659
42326	2	0.956593
42328	1	0.956595
42329	6	0.956604
42330	4	0.956609
42331	4	0.956615
42332	1	0.956617
42333	8	0.956629
42335	2	0.956631
42336	1	0.956633
42337	3	0.956637
42338	4	0.956643
42339	3	0.956648
42340	9	0.956661
42342	6	0.95667
42343	5	0.956677
42344	1	0.956679
42345	1	0.95668
42348	1	0.956682
42350	3	0.956686
42351	10	0.956701
42352	14	0.956721
42353	4	0.956727
42354	40	0.956786
42355	1	0.956788
42357	1	0.956789
42358	6	0.956798
42359	1	0.956799
42360	7	0.95681
42361	3	0.956814
42363	4	0.95682
42369	4	0.956826
42373	1	0.956827
42374	1	0.956829
42375	2	0.956832
42376	2	0.956835
42378	1	0.956836
42385	4	0.956842
42387	3	0.956847
42395	1	0.956848
42397	2	0.956851
42399	1	0.956852
42400	14	0.956873
42401	25	0.95691
42402	23	0.956944
42403	21	0.956975
42404	7	0.956985
42405	19	0.957013
42406	5	0.95702
42407	3	0.957025
42409	1	0.957026
42413	1	0.957028
42415	1	0.957029
42416	2	0.957032
42417	2	0.957035
42418	1	0.957036
42422	1	0.957038
42428	1	0.957039
42430	2	0.957042
42432	4	0.957048
42433	2	0.957051
42434	3	0.957056
42435	5	0.957063
42436	3	0.957067
42437	4	0.957073
42438	1	0.957075
42440	20	0.957104
42441	1	0.957106
42443	5	0.957113
42446	1	0.957115
42447	2	0.957117
42448	5	0.957125
42449	1	0.957126
42450	8	0.957138
42451	7	0.957148
42455	4	0.957154
42456	4	0.95716
42457	1	0.957162
42458	2	0.957165
42459	12	0.957182
42460	7	0.957193
42461	7	0.957203
42462	10	0.957218
42463	8	0.957229
42464	14	0.95725
42465	8	0.957262
42466	5	0.957269
42467	4	0.957275
42468	6	0.957284
42469	8	0.957296
42470	7	0.957306
42471	5	0.957313
42472	4	0.957319
42473	14	0.95734
42474	7	0.95735
42475	1	0.957352
42477	2	0.957355
42478	1	0.957356
42479	16	0.95738
42480	6	0.957388
42481	4	0.957394
42482	11	0.957411
42483	3	0.957415
42484	2	0.957418
42485	7	0.957428
42486	6	0.957437
42487	6	0.957446
42488	6	0.957455
42489	13	0.957474
42490	5	0.957481
42491	8	0.957493
42492	15	0.957515
42493	10	0.95753
42494	6	0.957539
42495	2	0.957542
42496	4	0.957548
42497	1	0.957549
42498	2	0.957552
42499	13	0.957571
42500	1	0.957573
42501	2	0.957575
42502	6	0.957584
42504	12	0.957602
42505	6	0.957611
42506	2	0.957614
42507	3	0.957618
42508	14	0.957639
42509	11	0.957655
42510	1	0.957656
42511	1	0.957658
42512	2	0.957661
42513	7	0.957671
42514	1	0.957673
42515	6	0.957682
42517	2	0.957684
42518	1	0.957686
42519	3	0.95769
42520	10	0.957705
42521	1	0.957707
42522	1	0.957708
42523	1	0.95771
42524	2	0.957712
42525	5	0.95772
42527	2	0.957723
42528	1	0.957724
42530	2	0.957727
42531	5	0.957735
42533	5	0.957742
42534	2	0.957745
42535	2	0.957748
42536	4	0.957754
42537	2	0.957757
42538	1	0.957758
42539	1	0.95776
42540	3	0.957764
42541	3	0.957768
42542	5	0.957776
42543	1	0.957777
42544	2	0.95778
42545	2	0.957783
42546	12	0.957801
42548	2	0.957804
42549	7	0.957814
42550	6	0.957823
42551	14	0.957844
42552	4	0.957849
42556	8	0.957861
42558	1	0.957863
42559	1	0.957864
42561	6	0.957873
42562	2	0.957876
42563	1	0.957877
42564	1	0.957879
42565	6	0.957888
42567	1	0.957889
42568	3	0.957894
42569	3	0.957898
42572	5	0.957905
42573	1	0.957907
42574	4	0.957913
42575	6	0.957922
42576	1	0.957923
42578	5	0.95793
42582	1	0.957932
42583	6	0.957941
42584	2	0.957944
42585	4	0.95795
42586	6	0.957958
42587	5	0.957966
42588	3	0.95797
42591	3	0.957975
42592	4	0.95798
42593	7	0.957991
42594	7	0.958001
42595	19	0.958029
42596	11	0.958045
42597	2	0.958048
42598	3	0.958053
42599	2	0.958056
42601	8	0.958067
42602	4	0.958073
42603	5	0.958081
42604	7	0.958091
42605	5	0.958098
42613	1	0.9581
42615	1	0.958101
42618	1	0.958103
42619	1	0.958104
42632	3	0.958109
42640	1	0.95811
42646	2	0.958113
42654	1	0.958115
42658	2	0.958117
42670	1	0.958119
42671	2	0.958122
42674	1	0.958123
42675	2	0.958126
42676	8	0.958138
42677	8	0.95815
42678	1	0.958151
42679	1	0.958153
42680	1	0.958154
42681	1	0.958156
42682	1	0.958157
42685	2	0.95816
42687	1	0.958162
42690	2	0.958165
42692	1	0.958166
42694	1	0.958168
42696	1	0.958169
42698	1	0.95817
42700	1	0.958172
42709	2	0.958175
42719	1	0.958176
42722	4	0.958182
42724	1	0.958184
42725	2	0.958187
42726	1	0.958188
42733	4	0.958194
42737	1	0.958196
42743	1	0.958197
42752	3	0.958201
42753	2	0.958204
42759	1	0.958206
42760	1	0.958207
42763	1	0.958209
42767	1	0.95821
42768	1	0.958212
42771	1	0.958213
42772	1	0.958215
42774	2	0.958218
42782	1	0.958219
42786	1	0.958221
42787	2	0.958223
42789	1	0.958225
42798	1	0.958226
42801	1	0.958228
42807	1	0.958229
42808	1	0.958231
42811	1	0.958232
42815	1	0.958234
42828	1	0.958235
42830	1	0.958237
42835	1	0.958238
42840	1	0.95824
42846	8	0.958251
42847	12	0.958269
42848	8	0.958281
42849	1	0.958282
42852	1	0.958284
42854	1	0.958285
42857	3	0.95829
42858	1	0.958291
42862	3	0.958296
42863	4	0.958302
42864	2	0.958304
42865	1	0.958306
42868	1	0.958307
42869	1	0.958309
42870	1	0.95831
42871	4	0.958316
42872	1	0.958318
42873	2	0.958321
42874	1	0.958322
42875	2	0.958325
42876	4	0.958331
42878	2	0.958334
42879	4	0.95834
42880	5	0.958347
42881	3	0.958352
42882	2	0.958355
42883	2	0.958358
42885	19	0.958385
42888	6	0.958394
42889	3	0.958399
42890	2	0.958402
42892	1	0.958403
42894	1	0.958405
42895	2	0.958408
42896	6	0.958416
42897	4	0.958422
42898	1	0.958424
42899	3	0.958428
42900	7	0.958439
42902	2	0.958441
42903	4	0.958447
42904	14	0.958468
42905	6	0.958477
42906	13	0.958496
42907	7	0.958506
42908	11	0.958522
42909	21	0.958553
42910	2	0.958556
42912	3	0.958561
42913	2	0.958564
42916	1	0.958565
42918	2	0.958568
42919	17	0.958593
42924	5	0.958601
42925	5	0.958608
42926	2	0.958611
42927	2	0.958614
42929	1	0.958615
42930	2	0.958618
42931	9	0.958631
42932	10	0.958646
42933	9	0.958659
42934	13	0.958679
42935	10	0.958693
42936	7	0.958704
42937	7	0.958714
42938	21	0.958745
42939	4	0.958751
42940	5	0.958758
42941	5	0.958765
42942	3	0.95877
42943	3	0.958774
42944	2	0.958777
42945	1	0.958779
42946	2	0.958782
42948	2	0.958785
42949	2	0.958788
42950	1	0.958789
42951	3	0.958793
42952	2	0.958796
42954	1	0.958798
42959	1	0.958799
42960	7	0.95881
42962	3	0.958814
42967	3	0.958818
42968	1	0.95882
42970	1	0.958821
42971	1	0.958823
42972	2	0.958826
42973	3	0.95883
42974	3	0.958835
42975	9	0.958848
42976	6	0.958857
42977	2	0.95886
42978	4	0.958866
42979	5	0.958873
42980	5	0.95888
42981	3	0.958885
42982	6	0.958894
42983	9	0.958907
42984	7	0.958917
42985	3	0.958922
42986	4	0.958927
42987	5	0.958935
42988	2	0.958938
42989	8	0.95895
42990	5	0.958957
42991	4	0.958963
42993	8	0.958975
42994	17	0.959
42995	4	0.959006
42996	10	0.95902
42997	4	0.959026
42998	6	0.959035
42999	2	0.959038
43000	8	0.95905
43001	2	0.959053
43002	7	0.959063
43003	5	0.95907
43004	8	0.959082
43006	2	0.959085
43008	2	0.959088
43011	1	0.959089
43012	1	0.959091
43016	2	0.959094
43017	3	0.959098
43018	2	0.959101
43020	1	0.959103
43021	2	0.959106
43023	2	0.959109
43025	2	0.959112
43029	5	0.959119
43031	7	0.959129
43032	1	0.959131
43033	2	0.959134
43034	1	0.959135
43035	2	0.959138
43037	2	0.959141
43039	1	0.959142
43042	1	0.959144
43044	1	0.959145
43047	5	0.959153
43048	5	0.95916
43049	3	0.959165
43050	6	0.959173
43051	2	0.959176
43052	6	0.959185
43053	5	0.959193
43054	4	0.959198
43055	3	0.959203
43056	1	0.959204
43057	2	0.959207
43058	3	0.959212
43059	11	0.959228
43060	5	0.959235
43061	3	0.95924
43062	9	0.959253
43064	3	0.959257
43065	2	0.95926
43066	1	0.959262
43067	2	0.959265
43068	1	0.959266
43069	1	0.959268
43070	3	0.959272
43071	1	0.959274
43072	10	0.959288
43073	1	0.95929
43074	6	0.959299
43075	4	0.959304
43076	5	0.959312
43077	10	0.959327
43078	4	0.959332
43079	9	0.959346
43080	5	0.959353
43081	18	0.95938
43082	16	0.959403
43083	9	0.959416
43084	3	0.959421
43085	11	0.959437
43086	4	0.959443
43087	2	0.959446
43088	13	0.959465
43089	5	0.959472
43090	3	0.959477
43091	14	0.959497
43092	8	0.959509
43093	14	0.95953
43094	4	0.959536
43095	3	0.95954
43096	4	0.959546
43097	32	0.959593
43098	2	0.959596
43099	3	0.9596
43100	8	0.959612
43101	6	0.959621
43102	3	0.959626
43103	3	0.95963
43104	1	0.959631
43105	3	0.959636
43106	5	0.959643
43107	7	0.959653
43108	8	0.959665
43109	7	0.959676
43110	3	0.95968
43111	3	0.959684
43112	1	0.959686
43115	5	0.959693
43116	7	0.959704
43117	12	0.959721
43118	4	0.959727
43119	2	0.95973
43120	2	0.959733
43122	7	0.959743
43123	6	0.959752
43124	5	0.95976
43125	15	0.959782
43126	3	0.959786
43127	1	0.959788
43128	2	0.95979
43129	1	0.959792
43130	2	0.959795
43131	1	0.959796
43132	2	0.959799
43133	2	0.959802
43134	1	0.959804
43135	4	0.95981
43136	5	0.959817
43137	2	0.95982
43138	3	0.959824
43139	6	0.959833
43140	6	0.959842
43141	15	0.959864
43142	21	0.959895
43143	9	0.959908
43144	22	0.959941
43145	7	0.959951
43146	8	0.959963
43147	7	0.959973
43148	8	0.959985
43149	6	0.959994
43150	8	0.960005
43151	10	0.96002
43152	5	0.960028
43153	4	0.960033
43154	3	0.960038
43155	2	0.960041
43156	3	0.960045
43157	6	0.960054
43158	2	0.960057
43159	3	0.960061
43160	5	0.960069
43163	4	0.960075
43165	5	0.960082
43166	11	0.960098
43167	9	0.960112
43168	5	0.960119
43169	3	0.960123
43170	7	0.960134
43171	6	0.960142
43172	6	0.960151
43173	3	0.960156
43174	8	0.960167
43175	5	0.960175
43176	5	0.960182
43177	10	0.960197
43178	10	0.960212
43179	31	0.960257
43180	9	0.960271
43181	19	0.960299
43182	7	0.960309
43183	8	0.960321
43184	22	0.960353
43185	5	0.96036
43186	8	0.960372
43187	3	0.960377
43188	3	0.960381
43189	14	0.960402
43190	6	0.96041
43191	3	0.960415
43192	4	0.960421
43194	2	0.960424
43196	11	0.96044
43197	1	0.960441
43198	4	0.960447
43200	3	0.960452
43201	11	0.960468
43202	16	0.960491
43203	2	0.960494
43204	4	0.9605
43205	3	0.960505
43206	6	0.960514
43207	7	0.960524
43208	4	0.96053
43209	5	0.960537
43210	1	0.960539
43211	4	0.960544
43212	3	0.960549
43213	2	0.960552
43214	2	0.960555
43215	2	0.960558
43216	1	0.960559
43217	6	0.960568
43218	9	0.960581
43219	13	0.9606
43220	4	0.960606
43221	2	0.960609
43223	1	0.960611
43225	1	0.960612
43227	1	0.960614
43228	3	0.960618
43229	7	0.960628
43231	2	0.960631
43232	5	0.960639
43234	1	0.96064
43235	5	0.960648
43236	3	0.960652
43237	4	0.960658
43238	3	0.960662
43239	1	0.960664
43240	18	0.96069
43241	15	0.960712
43242	9	0.960726
43243	12	0.960743
43244	13	0.960762
43245	3	0.960767
43246	3	0.960771
43248	1	0.960773
43249	5	0.96078
43251	1	0.960782
43254	2	0.960785
43256	4	0.96079
43257	3	0.960795
43259	2	0.960798
43260	2	0.960801
43261	1	0.960802
43262	1	0.960804
43263	3	0.960808
43264	6	0.960817
43265	2	0.96082
43266	2	0.960823
43269	2	0.960826
43270	10	0.960841
43271	5	0.960848
43272	6	0.960857
43273	3	0.960861
43274	4	0.960867
43275	3	0.960871
43276	8	0.960883
43277	2	0.960886
43279	2	0.960889
43280	4	0.960895
43281	2	0.960898
43282	3	0.960902
43285	2	0.960905
43286	1	0.960907
43287	3	0.960911
43289	9	0.960924
43290	3	0.960929
43291	1	0.96093
43292	6	0.960939
43293	8	0.960951
43294	7	0.960961
43295	20	0.960991
43296	4	0.960997
43297	1	0.960998
43298	1	0.961
43299	6	0.961008
43300	7	0.961019
43301	5	0.961026
43303	3	0.96103
43304	1	0.961032
43305	2	0.961035
43306	6	0.961044
43307	4	0.96105
43309	5	0.961057
43310	2	0.96106
43311	1	0.961061
43312	14	0.961082
43313	4	0.961088
43314	3	0.961092
43315	6	0.961101
43317	6	0.96111
43318	2	0.961113
43319	2	0.961116
43320	1	0.961117
43321	2	0.96112
43322	6	0.961129
43323	4	0.961135
43324	4	0.961141
43325	1	0.961142
43326	8	0.961154
43327	2	0.961157
43329	5	0.961165
43330	5	0.961172
43331	7	0.961182
43332	11	0.961198
43334	2	0.961201
43335	4	0.961207
43336	6	0.961216
43338	8	0.961228
43339	3	0.961232
43341	8	0.961244
43342	4	0.96125
43343	7	0.96126
43345	5	0.961268
43346	5	0.961275
43348	7	0.961285
43349	2	0.961288
43350	8	0.9613
43351	4	0.961306
43352	5	0.961313
43353	5	0.961321
43354	9	0.961334
43355	22	0.961366
43356	10	0.961381
43358	2	0.961384
43359	6	0.961393
43360	4	0.961399
43361	3	0.961403
43362	10	0.961418
43363	2	0.961421
43365	2	0.961424
43367	2	0.961427
43368	4	0.961433
43369	1	0.961434
43370	1	0.961435
43371	2	0.961438
43372	2	0.961441
43374	1	0.961443
43375	8	0.961455
43376	7	0.961465
43377	7	0.961475
43378	4	0.961481
43379	7	0.961491
43380	6	0.9615
43381	14	0.961521
43382	23	0.961555
43383	1	0.961556
43384	13	0.961575
43385	2	0.961578
43386	6	0.961587
43387	2	0.96159
43388	11	0.961606
43389	20	0.961636
43390	10	0.961651
43391	5	0.961658
43392	2	0.961661
43393	2	0.961664
43394	2	0.961667
43395	1	0.961668
43396	3	0.961673
43398	4	0.961678
43399	2	0.961681
43400	1	0.961683
43401	2	0.961686
43402	4	0.961692
43403	2	0.961695
43405	6	0.961704
43406	1	0.961705
43407	2	0.961708
43408	1	0.961709
43409	1	0.961711
43411	2	0.961714
43412	2	0.961717
43413	3	0.961721
43414	1	0.961723
43416	1	0.961724
43417	1	0.961726
43418	1	0.961727
43419	2	0.96173
43420	2	0.961733
43421	1	0.961734
43422	1	0.961736
43423	2	0.961739
43425	3	0.961743
43426	3	0.961748
43427	1	0.961749
43428	3	0.961754
43429	1	0.961755
43434	2	0.961758
43435	2	0.961761
43440	1	0.961762
43441	1	0.961764
43444	1	0.961765
43447	4	0.961771
43448	1	0.961773
43450	3	0.961777
43451	5	0.961785
43452	2	0.961787
43454	4	0.961793
43455	2	0.961796
43456	2	0.961799
43457	3	0.961804
43458	1	0.961805
43459	2	0.961808
43460	1	0.96181
43461	2	0.961812
43462	1	0.961814
43463	1	0.961815
43465	1	0.961817
43466	3	0.961821
43467	1	0.961823
43468	2	0.961826
43469	1	0.961827
43471	2	0.96183
43472	1	0.961832
43473	2	0.961835
43475	1	0.961836
43484	1	0.961838
43486	1	0.961839
43488	2	0.961842
43489	1	0.961843
43496	2	0.961846
43498	2	0.961849
43501	3	0.961854
43503	1	0.961855
43504	1	0.961857
43505	2	0.96186
43506	1	0.961861
43512	3	0.961866
43514	3	0.96187
43516	1	0.961871
43518	1	0.961873
43521	2	0.961876
43522	1	0.961877
43524	1	0.961879
43527	1	0.96188
43531	1	0.961882
43534	1	0.961883
43536	5	0.961891
43537	3	0.961895
43541	1	0.961896
43544	3	0.961901
43545	2	0.961904
43546	1	0.961905
43547	5	0.961913
43548	3	0.961917
43549	2	0.96192
43550	1	0.961921
43553	5	0.961929
43554	1	0.96193
43558	2	0.961933
43560	1	0.961935
43565	1	0.961936
43571	1	0.961938
43572	1	0.961939
43573	1	0.961941
43574	1	0.961942
43580	2	0.961945
43581	2	0.961948
43582	2	0.961951
43586	1	0.961952
43589	2	0.961955
43591	2	0.961958
43599	2	0.961961
43600	1	0.961963
43604	2	0.961966
43608	1	0.961967
43611	1	0.961969
43612	4	0.961974
43615	2	0.961977
43617	2	0.96198
43618	1	0.961982
43619	2	0.961985
43623	1	0.961986
43627	1	0.961988
43629	1	0.961989
43640	4	0.961995
43641	1	0.961997
43650	2	0.962
43654	1	0.962001
43656	2	0.962004
43658	1	0.962005
43661	2	0.962008
43663	1	0.96201
43665	1	0.962011
43666	1	0.962013
43667	2	0.962016
43668	5	0.962023
43672	1	0.962025
43678	1	0.962026
43679	2	0.962029
43682	2	0.962032
43683	1	0.962033
43692	2	0.962036
43693	2	0.962039
43695	1	0.962041
43696	2	0.962044
43697	1	0.962045
43700	1	0.962047
43703	2	0.96205
43704	10	0.962064
43706	2	0.962067
43709	2	0.96207
43710	1	0.962072
43714	1	0.962073
43715	1	0.962075
43716	1	0.962076
43718	2	0.962079
43719	7	0.962089
43722	3	0.962094
43723	1	0.962095
43724	7	0.962106
43725	6	0.962114
43726	1	0.962116
43727	1	0.962117
43728	15	0.962139
43729	4	0.962145
43730	6	0.962154
43731	5	0.962162
43732	3	0.962166
43733	7	0.962176
43734	3	0.962181
43735	2	0.962184
43736	2	0.962187
43737	5	0.962194
43738	3	0.962198
43739	3	0.962203
43741	3	0.962207
43742	5	0.962215
43744	11	0.962231
43746	6	0.96224
43747	5	0.962247
43748	1	0.962248
43749	1	0.96225
43750	2	0.962253
43751	6	0.962262
43752	3	0.962266
43753	3	0.962271
43754	4	0.962276
43756	1	0.962278
43761	1	0.962279
43763	1	0.962281
43764	1	0.962282
43765	2	0.962285
43768	1	0.962287
43769	1	0.962288
43771	2	0.962291
43778	2	0.962294
43782	3	0.962298
43785	2	0.962301
43791	1	0.962303
43799	2	0.962306
43801	1	0.962307
43805	1	0.962309
43811	1	0.96231
43815	2	0.962313
43816	3	0.962318
43817	2	0.962321
43820	3	0.962325
43823	1	0.962326
43826	1	0.962328
43828	1	0.962329
43830	3	0.962334
43833	6	0.962343
43835	1	0.962344
43836	3	0.962349
43837	1	0.96235
43838	1	0.962352
43842	1	0.962353
43843	1	0.962354
43847	1	0.962356
43849	1	0.962357
43850	2	0.96236
43854	1	0.962362
43859	1	0.962363
43861	2	0.962366
43862	2	0.962369
43863	1	0.962371
43864	1	0.962372
43865	2	0.962375
43866	1	0.962377
43868	1	0.962378
43869	1	0.962379
43870	1	0.962381
43875	1	0.962382
43876	1	0.962384
43877	1	0.962385
43879	1	0.962387
43885	2	0.96239
43886	1	0.962391
43890	1	0.962393
43894	1	0.962394
43895	1	0.962396
43896	1	0.962397
43897	2	0.9624
43902	2	0.962403
43903	1	0.962405
43905	5	0.962412
43906	5	0.962419
43907	4	0.962425
43912	1	0.962427
43917	1	0.962428
43921	1	0.96243
43926	1	0.962431
43927	1	0.962433
43931	1	0.962434
43936	3	0.962438
43938	1	0.96244
43939	1	0.962441
43941	2	0.962444
43943	2	0.962447
43945	10	0.962462
43946	4	0.962468
43947	2	0.962471
43948	1	0.962472
43949	2	0.962475
43953	5	0.962483
43954	2	0.962486
43955	2	0.962488
43958	1	0.96249
43959	1	0.962491
43962	3	0.962496
43963	1	0.962497
43968	3	0.962502
43970	3	0.962506
43972	4	0.962512
43974	1	0.962514
43977	1	0.962515
43982	1	0.962516
43984	1	0.962518
43985	6	0.962527
43986	2	0.96253
43989	2	0.962533
43995	2	0.962536
43996	1	0.962537
43997	1	0.962539
43998	2	0.962541
43999	2	0.962544
44000	7	0.962555
44001	1	0.962556
44008	4	0.962562
44010	1	0.962564
44011	3	0.962568
44012	1	0.962569
44013	1	0.962571
44014	7	0.962581
44015	7	0.962592
44016	6	0.9626
44017	2	0.962603
44018	2	0.962606
44022	1	0.962608
44023	2	0.962611
44024	1	0.962612
44026	2	0.962615
44031	1	0.962617
44032	4	0.962622
44033	10	0.962637
44035	8	0.962649
44038	2	0.962652
44039	1	0.962653
44040	4	0.962659
44041	2	0.962662
44042	7	0.962673
44044	5	0.96268
44046	1	0.962681
44047	3	0.962686
44048	2	0.962689
44049	2	0.962692
44050	4	0.962698
44051	4	0.962703
44053	1	0.962705
44054	3	0.962709
44055	1	0.962711
44056	4	0.962717
44057	4	0.962723
44058	1	0.962724
44059	4	0.96273
44060	5	0.962737
44061	2	0.96274
44062	2	0.962743
44064	1	0.962745
44065	2	0.962748
44066	5	0.962755
44067	4	0.962761
44068	4	0.962767
44069	17	0.962792
44071	1	0.962793
44072	1	0.962795
44073	1	0.962796
44074	1	0.962798
44076	2	0.962801
44077	7	0.962811
44078	1	0.962812
44079	3	0.962817
44082	3	0.962821
44083	1	0.962823
44084	1	0.962824
44085	8	0.962836
44086	3	0.96284
44087	1	0.962842
44089	1	0.962843
44091	1	0.962845
44092	1	0.962846
44094	5	0.962854
44095	3	0.962858
44099	1	0.96286
44100	2	0.962863
44101	2	0.962865
44102	2	0.962868
44104	1	0.96287
44111	24	0.962905
44112	33	0.962954
44115	1	0.962955
44116	1	0.962957
44118	2	0.96296
44120	2	0.962963
44122	1	0.962964
44124	1	0.962966
44128	1	0.962967
44130	2	0.96297
44133	1	0.962972
44134	1	0.962973
44146	1	0.962974
44150	1	0.962976
44151	2	0.962979
44155	1	0.96298
44157	1	0.962982
44162	1	0.962983
44166	1	0.962985
44168	1	0.962986
44170	1	0.962988
44171	2	0.962991
44174	3	0.962995
44176	1	0.962997
44178	1	0.962998
44179	1	0.963
44183	1	0.963001
44185	1	0.963002
44186	1	0.963004
44187	2	0.963007
44188	1	0.963008
44194	3	0.963013
44195	1	0.963014
44196	4	0.96302
44197	1	0.963022
44198	1	0.963023
44202	3	0.963027
44203	3	0.963032
44206	1	0.963033
44208	1	0.963035
44209	1	0.963036
44210	1	0.963038
44211	1	0.963039
44213	2	0.963042
44214	1	0.963044
44216	1	0.963045
44217	1	0.963047
44218	1	0.963048
44220	2	0.963051
44221	3	0.963055
44222	2	0.963058
44232	1	0.96306
44238	1	0.963061
44239	7	0.963072
44240	1	0.963073
44243	2	0.963076
44244	3	0.963081
44245	3	0.963085
44246	1	0.963086
44248	2	0.963089
44249	2	0.963092
44252	1	0.963094
44256	1	0.963095
44259	1	0.963097
44263	1	0.963098
44266	2	0.963101
44276	1	0.963103
44280	3	0.963107
44286	3	0.963111
44290	1	0.963113
44291	1	0.963114
44295	5	0.963122
44296	5	0.963129
44297	1	0.963131
44313	1	0.963132
44319	1	0.963134
44320	1	0.963135
44322	1	0.963136
44323	2	0.963139
44339	1	0.963141
44348	1	0.963142
44350	1	0.963144
44352	1	0.963145
44357	1	0.963147
44365	1	0.963148
44370	2	0.963151
44374	1	0.963153
44376	1	0.963154
44378	1	0.963156
44381	1	0.963157
44387	1	0.963159
44392	1	0.96316
44397	1	0.963162
44398	1	0.963163
44400	1	0.963164
44405	1	0.963166
44411	1	0.963167
44418	3	0.963172
44419	1	0.963173
44422	1	0.963175
44434	1	0.963176
44439	1	0.963178
44440	1	0.963179
44441	2	0.963182
44444	2	0.963185
44445	1	0.963187
44447	1	0.963188
44448	8	0.9632
44450	1	0.963201
44451	1	0.963203
44453	1	0.963204
44454	1	0.963206
44455	2	0.963209
44456	1	0.96321
44459	7	0.96322
44460	3	0.963225
44461	1	0.963226
44462	2	0.963229
44463	2	0.963232
44464	3	0.963237
44465	12	0.963254
44466	4	0.96326
44467	4	0.963266
44468	6	0.963275
44470	3	0.963279
44471	6	0.963288
44474	3	0.963293
44477	1	0.963294
44478	2	0.963297
44479	3	0.963301
44480	1	0.963303
44481	4	0.963309
44482	3	0.963313
44483	3	0.963318
44484	1	0.963319
44485	4	0.963325
44486	2	0.963328
44487	1	0.963329
44489	1	0.963331
44490	4	0.963337
44491	2	0.96334
44492	1	0.963341
44493	1	0.963343
44495	1	0.963344
44497	1	0.963346
44500	2	0.963349
44506	3	0.963353
44507	20	0.963382
44508	4	0.963388
44509	1	0.96339
44510	2	0.963393
44511	1	0.963394
44512	3	0.963399
44514	1	0.9634
44515	2	0.963403
44516	2	0.963406
44518	5	0.963413
44520	1	0.963415
44521	1	0.963416
44523	2	0.963419
44524	1	0.963421
44525	1	0.963422
44526	1	0.963424
44527	4	0.96343
44529	1	0.963431
44530	3	0.963435
44531	1	0.963437
44532	1	0.963438
44533	1	0.96344
44534	1	0.963441
44535	1	0.963443
44536	1	0.963444
44537	2	0.963447
44538	1	0.963449
44540	1	0.96345
44543	2	0.963453
44548	1	0.963455
44550	1	0.963456
44551	2	0.963459
44552	4	0.963465
44553	1	0.963466
44556	1	0.963468
44559	1	0.963469
44565	1	0.963471
44583	1	0.963472
44585	1	0.963474
44586	2	0.963477
44588	1	0.963478
44593	2	0.963481
44594	2	0.963484
44597	1	0.963486
44598	1	0.963487
44599	2	0.96349
44601	2	0.963493
44602	2	0.963496
44605	1	0.963497
44606	2	0.9635
44609	1	0.963502
44617	1	0.963503
44620	1	0.963505
44621	1	0.963506
44624	1	0.963508
44627	1	0.963509
44629	1	0.963511
44641	1	0.963512
44648	1	0.963513
44652	1	0.963515
44672	1	0.963516
44676	1	0.963518
44680	1	0.963519
44681	3	0.963524
44682	1	0.963525
44683	1	0.963527
44685	1	0.963528
44688	1	0.96353
44690	2	0.963533
44695	1	0.963534
44697	3	0.963539
44703	2	0.963541
44704	1	0.963543
44708	2	0.963546
44713	2	0.963549
44735	2	0.963552
44738	1	0.963553
44742	1	0.963555
44743	1	0.963556
44745	1	0.963558
44750	2	0.963561
44751	1	0.963562
44760	1	0.963564
44761	1	0.963565
44773	1	0.963567
44778	1	0.963568
44779	1	0.963569
44780	1	0.963571
44802	1	0.963572
44806	1	0.963574
44816	1	0.963575
44817	1	0.963577
44818	2	0.96358
44832	1	0.963581
44836	1	0.963583
44837	3	0.963587
44843	1	0.963589
44848	1	0.96359
44856	1	0.963592
44857	1	0.963593
44860	2	0.963596
44864	1	0.963597
44878	1	0.963599
44889	1	0.9636
44890	7	0.963611
44892	1	0.963612
44897	3	0.963617
44899	1	0.963618
44901	2	0.963621
44909	1	0.963622
44911	1	0.963624
44921	1	0.963625
44937	1	0.963627
44938	1	0.963628
44944	1	0.96363
44945	1	0.963631
44953	1	0.963633
44956	1	0.963634
44958	1	0.963636
44959	1	0.963637
44961	2	0.96364
45028	1	0.963642
45041	1	0.963643
45060	1	0.963645
45064	1	0.963646
45068	1	0.963648
45070	1	0.963649
45074	1	0.96365
45076	1	0.963652
45077	1	0.963653
45080	1	0.963655
45091	2	0.963658
45096	1	0.963659
45097	1	0.963661
45100	1	0.963662
45107	2	0.963665
45109	1	0.963667
45111	1	0.963668
45116	1	0.96367
45117	2	0.963673
45118	1	0.963674
45123	2	0.963677
45129	1	0.963678
45135	2	0.963681
45143	1	0.963683
45145	1	0.963684
45175	2	0.963687
45176	1	0.963689
45180	3	0.963693
45182	3	0.963698
45192	2	0.963701
45193	1	0.963702
45195	1	0.963703
45208	1	0.963705
45214	1	0.963706
45220	1	0.963708
45232	1	0.963709
45237	1	0.963711
45255	2	0.963714
45259	1	0.963715
45268	1	0.963717
45273	1	0.963718
45275	1	0.96372
45292	1	0.963721
45299	1	0.963723
45300	4	0.963729
45303	1	0.96373
45305	1	0.963731
45317	1	0.963733
45319	1	0.963734
45324	1	0.963736
45335	1	0.963737
45337	1	0.963739
45339	1	0.96374
45342	1	0.963742
45343	3	0.963746
45344	1	0.963748
45346	1	0.963749
45347	1	0.963751
45348	1	0.963752
45350	1	0.963754
45354	1	0.963755
45374	2	0.963758
45375	1	0.963759
45377	1	0.963761
45389	1	0.963762
45393	1	0.963764
45401	1	0.963765
45403	1	0.963767
45415	1	0.963768
45426	1	0.96377
45450	1	0.963771
45453	2	0.963774
45454	1	0.963776
45456	1	0.963777
45458	1	0.963779
45459	1	0.96378
45460	1	0.963782
45461	1	0.963783
45462	1	0.963784
45479	3	0.963789
45480	1	0.96379
45497	2	0.963793
45499	2	0.963796
45501	2	0.963799
45506	1	0.963801
45507	1	0.963802
45508	2	0.963805
45509	2	0.963808
45512	3	0.963812
45514	1	0.963814
45520	1	0.963815
45527	1	0.963817
45539	1	0.963818
45569	1	0.96382
45570	1	0.963821
45572	3	0.963826
45579	2	0.963829
45588	2	0.963832
45589	2	0.963835
45621	1	0.963836
45644	1	0.963837
45667	1	0.963839
45696	1	0.96384
45704	1	0.963842
45713	1	0.963843
45769	1	0.963845
45882	1	0.963846
45903	1	0.963848
45907	1	0.963849
45919	1	0.963851
45935	2	0.963854
45973	1	0.963855
45985	1	0.963857
46031	1	0.963858
46040	1	0.96386
46077	1	0.963861
46082	1	0.963863
46083	1	0.963864
46155	1	0.963865
46164	1	0.963867
46222	1	0.963868
46235	1	0.96387
46254	1	0.963871
46284	1	0.963873
46294	1	0.963874
46295	1	0.963876
46296	1	0.963877
46300	1	0.963879
46302	1	0.96388
46307	1	0.963882
46313	4	0.963888
46318	2	0.963891
46319	1	0.963892
46321	1	0.963893
46442	1	0.963895
46468	4	0.963901
46470	2	0.963904
46477	1	0.963905
46479	2	0.963908
46480	2	0.963911
46481	1	0.963913
46482	1	0.963914
46483	1	0.963916
46491	1	0.963917
46495	5	0.963924
46499	1	0.963926
46507	1	0.963927
46509	1	0.963929
46527	1	0.96393
46530	1	0.963932
46532	1	0.963933
46533	1	0.963935
46535	1	0.963936
46561	4	0.963942
46562	1	0.963944
46563	1	0.963945
46586	2	0.963948
46588	1	0.963949
46589	1	0.963951
46591	3	0.963955
46610	2	0.963958
46643	4	0.963964
46647	2	0.963967
46648	1	0.963969
46652	1	0.96397
46665	2	0.963973
46675	1	0.963974
46679	1	0.963976
46703	1	0.963977
46713	1	0.963979
46720	1	0.96398
46725	1	0.963982
46727	2	0.963985
46738	1	0.963986
46741	1	0.963988
46752	1	0.963989
46762	1	0.963991
46780	1	0.963992
46781	1	0.963994
46797	1	0.963995
46798	1	0.963997
46822	1	0.963998
46834	1	0.963999
46854	1	0.964001
46863	1	0.964002
46864	1	0.964004
46901	1	0.964005
46911	1	0.964007
46933	1	0.964008
46934	2	0.964011
46935	1	0.964013
46966	1	0.964014
46989	1	0.964016
47043	1	0.964017
47052	1	0.964019
47053	1	0.96402
47054	2	0.964023
47055	1	0.964025
47103	2	0.964027
47127	2	0.96403
47128	1	0.964032
47143	1	0.964033
47150	1	0.964035
47174	1	0.964036
47177	1	0.964038
47195	2	0.964041
47197	1	0.964042
47206	1	0.964044
47216	1	0.964045
47226	1	0.964047
47227	1	0.964048
47228	4	0.964054
47247	1	0.964055
47253	1	0.964057
47254	1	0.964058
47267	1	0.96406
47311	1	0.964061
47352	1	0.964063
47375	1	0.964064
47383	1	0.964066
47404	1	0.964067
47422	2	0.96407
47439	1	0.964072
47452	1	0.964073
47468	2	0.964076
47481	1	0.964078
47483	1	0.964079
47492	1	0.96408
47498	1	0.964082
47509	1	0.964083
47535	1	0.964085
47544	1	0.964086
47553	2	0.964089
47554	1	0.964091
47555	1	0.964092
47556	1	0.964094
47557	1	0.964095
47569	1	0.964097
47570	1	0.964098
47575	4	0.964104
47584	1	0.964106
47604	1	0.964107
47606	2	0.96411
47607	1	0.964111
47609	1	0.964113
47612	1	0.964114
47623	3	0.964119
47635	1	0.96412
47640	1	0.964122
47662	1	0.964123
47667	1	0.964125
47672	1	0.964126
47685	1	0.964128
47694	1	0.964129
47696	1	0.964131
47700	1	0.964132
47701	1	0.964133
47703	1	0.964135
47706	1	0.964136
47708	1	0.964138
47715	2	0.964141
47729	1	0.964142
47733	1	0.964144
47737	1	0.964145
47738	1	0.964147
47749	1	0.964148
47772	1	0.96415
47776	2	0.964153
47791	1	0.964154
47806	1	0.964156
47812	1	0.964157
47821	1	0.964159
47824	1	0.96416
47825	1	0.964161
47842	1	0.964163
47845	1	0.964164
47846	1	0.964166
47848	1	0.964167
47849	4	0.964173
47851	1	0.964175
47852	1	0.964176
47853	2	0.964179
47860	1	0.964181
47871	1	0.964182
47881	2	0.964185
47883	1	0.964187
47886	1	0.964188
47889	1	0.964189
47891	1	0.964191
47895	1	0.964192
47897	1	0.964194
47925	1	0.964195
47931	1	0.964197
47943	2	0.9642
47952	1	0.964201
47966	1	0.964203
47967	1	0.964204
47992	2	0.964207
48004	2	0.96421
48006	1	0.964212
48036	1	0.964213
48038	2	0.964216
48039	1	0.964217
48041	1	0.964219
48055	2	0.964222
48062	3	0.964226
48067	2	0.964229
48069	1	0.964231
48071	1	0.964232
48073	1	0.964234
48076	2	0.964237
48077	1	0.964238
48078	1	0.96424
48087	1	0.964241
48088	1	0.964242
48090	1	0.964244
48092	3	0.964248
48094	3	0.964253
48097	1	0.964254
48103	1	0.964256
48104	2	0.964259
48105	1	0.96426
48106	1	0.964262
48107	4	0.964268
48108	1	0.964269
48109	3	0.964273
48111	2	0.964276
48113	1	0.964278
48114	2	0.964281
48115	1	0.964282
48116	1	0.964284
48117	3	0.964288
48118	1	0.96429
48124	5	0.964297
48125	1	0.964298
48127	1	0.9643
48129	1	0.964301
48131	1	0.964303
48133	1	0.964304
48134	4	0.96431
48142	8	0.964322
48143	2	0.964325
48145	1	0.964326
48146	3	0.964331
48147	2	0.964334
48148	2	0.964337
48149	1	0.964338
48150	2	0.964341
48153	3	0.964346
48154	4	0.964351
48155	2	0.964354
48156	1	0.964356
48158	5	0.964363
48159	2	0.964366
48160	3	0.964371
48161	3	0.964375
48162	4	0.964381
48163	1	0.964382
48164	2	0.964385
48165	2	0.964388
48169	4	0.964394
48170	8	0.964406
48171	1	0.964407
48177	1	0.964409
48184	1	0.96441
48188	1	0.964412
48192	1	0.964413
48194	1	0.964415
48198	1	0.964416
48209	1	0.964418
48216	1	0.964419
48227	2	0.964422
48232	1	0.964424
48238	2	0.964427
48254	1	0.964428
48260	1	0.96443
48263	4	0.964435
48264	1	0.964437
48268	2	0.96444
48275	2	0.964443
48283	1	0.964444
48286	1	0.964446
48290	1	0.964447
48294	1	0.964449
48297	1	0.96445
48298	2	0.964453
48301	3	0.964457
48302	1	0.964459
48303	1	0.96446
48305	3	0.964465
48307	1	0.964466
48311	1	0.964468
48315	2	0.964471
48316	1	0.964472
48323	1	0.964474
48324	1	0.964475
48329	1	0.964477
48331	3	0.964481
48332	1	0.964483
48339	3	0.964487
48342	2	0.96449
48345	1	0.964491
48347	1	0.964493
48351	1	0.964494
48354	1	0.964496
48355	1	0.964497
48357	3	0.964502
48358	1	0.964503
48360	1	0.964505
48366	2	0.964508
48372	1	0.964509
48375	2	0.964512
48376	1	0.964513
48382	2	0.964516
48383	1	0.964518
48384	2	0.964521
48385	1	0.964522
48402	1	0.964524
48405	1	0.964525
48411	1	0.964527
48416	1	0.964528
48417	2	0.964531
48418	1	0.964533
48419	1	0.964534
48421	1	0.964536
48422	4	0.964541
48425	3	0.964546
48428	1	0.964547
48434	1	0.964549
48445	1	0.96455
48454	1	0.964552
48460	1	0.964553
48464	3	0.964558
48471	1	0.964559
48477	1	0.964561
48484	1	0.964562
48487	1	0.964564
48502	1	0.964565
48510	1	0.964566
48512	1	0.964568
48513	1	0.964569
48519	3	0.964574
48524	1	0.964575
48526	1	0.964577
48532	1	0.964578
48537	3	0.964583
48542	1	0.964584
48550	1	0.964586
48557	1	0.964587
48563	1	0.964589
48564	3	0.964593
48565	1	0.964594
48570	1	0.964596
48582	1	0.964597
48586	4	0.964603
48591	3	0.964608
48596	1	0.964609
48599	2	0.964612
48607	1	0.964614
48612	1	0.964615
48619	1	0.964617
48628	1	0.964618
48639	1	0.964619
48640	1	0.964621
48641	1	0.964622
48642	9	0.964636
48645	4	0.964642
48650	2	0.964645
48653	1	0.964646
48654	2	0.964649
48661	1	0.96465
48662	1	0.964652
48672	1	0.964653
48675	2	0.964656
48678	1	0.964658
48683	1	0.964659
48684	2	0.964662
48693	1	0.964664
48696	1	0.964665
48705	1	0.964667
48719	1	0.964668
48722	1	0.96467
48728	1	0.964671
48735	2	0.964674
48739	1	0.964675
48744	1	0.964677
48746	1	0.964678
48763	1	0.96468
48770	1	0.964681
48772	1	0.964683
48776	4	0.964689
48778	1	0.96469
48779	2	0.964693
48782	1	0.964695
48783	2	0.964698
48798	1	0.964699
48799	1	0.9647
48800	1	0.964702
48805	1	0.964703
48809	2	0.964706
48814	2	0.964709
48817	1	0.964711
48818	1	0.964712
48819	1	0.964714
48822	1	0.964715
48823	1	0.964717
48826	1	0.964718
48827	2	0.964721
48829	2	0.964724
48830	1	0.964726
48836	1	0.964727
48839	1	0.964728
48840	9	0.964742
48841	4	0.964748
48843	3	0.964752
48846	1	0.964754
48855	1	0.964755
48856	2	0.964758
48857	1	0.964759
48858	1	0.964761
48860	2	0.964764
48861	1	0.964765
48868	1	0.964767
48870	1	0.964768
48872	1	0.96477
48876	1	0.964771
48886	1	0.964773
48889	1	0.964774
48890	1	0.964776
48893	1	0.964777
48894	1	0.964779
48897	3	0.964783
48898	1	0.964784
48899	1	0.964786
48900	5	0.964793
48901	1	0.964795
48902	3	0.964799
48903	2	0.964802
48908	1	0.964804
48910	2	0.964807
48911	1	0.964808
48912	1	0.964809
48913	1	0.964811
48916	1	0.964812
48917	1	0.964814
48918	4	0.96482
48924	4	0.964826
48927	1	0.964827
48930	1	0.964829
48932	1	0.96483
48935	1	0.964832
48938	1	0.964833
48941	1	0.964835
48942	1	0.964836
48944	1	0.964837
48949	1	0.964839
48952	1	0.96484
48959	1	0.964842
48960	1	0.964843
48961	1	0.964845
48966	1	0.964846
48967	2	0.964849
48968	2	0.964852
48969	1	0.964854
48970	1	0.964855
48971	1	0.964857
48972	1	0.964858
48974	1	0.96486
48975	1	0.964861
48982	1	0.964862
48995	2	0.964865
48997	2	0.964868
48998	1	0.96487
48999	1	0.964871
49000	2	0.964874
49001	1	0.964876
49002	1	0.964877
49003	5	0.964885
49004	6	0.964893
49005	3	0.964898
49006	1	0.964899
49007	3	0.964904
49008	1	0.964905
49009	2	0.964908
49010	4	0.964914
49011	2	0.964917
49012	1	0.964918
49013	2	0.964921
49014	1	0.964923
49017	4	0.964929
49020	4	0.964935
49022	1	0.964936
49024	2	0.964939
49025	1	0.964941
49027	1	0.964942
49028	6	0.964951
49029	1	0.964952
49032	1	0.964954
49033	1	0.964955
49034	1	0.964957
49035	3	0.964961
49036	3	0.964966
49037	1	0.964967
49038	1	0.964969
49040	1	0.96497
49041	2	0.964973
49042	2	0.964976
49045	2	0.964979
49046	1	0.96498
49047	2	0.964983
49049	1	0.964985
49050	4	0.964991
49051	1	0.964992
49057	1	0.964994
49058	1	0.964995
49067	1	0.964997
49071	1	0.964998
49079	1	0.964999
49081	1	0.965001
49082	2	0.965004
49088	2	0.965007
49089	1	0.965008
49092	1	0.96501
49099	1	0.965011
49100	1	0.965013
49103	1	0.965014
49104	3	0.965019
49105	2	0.965022
49106	1	0.965023
49107	6	0.965032
49108	1	0.965033
49109	2	0.965036
49110	1	0.965038
49111	3	0.965042
49112	3	0.965047
49119	1	0.965048
49122	1	0.96505
49125	1	0.965051
49127	1	0.965052
49128	2	0.965055
49129	1	0.965057
49130	1	0.965058
49131	2	0.965061
49134	1	0.965063
49135	1	0.965064
49138	1	0.965066
49139	5	0.965073
49140	1	0.965075
49141	2	0.965078
49144	2	0.96508
49151	2	0.965083
49152	1	0.965085
49154	1	0.965086
49155	1	0.965088
49157	1	0.965089
49158	1	0.965091
49160	4	0.965097
49165	1	0.965098
49166	1	0.9651
49169	1	0.965101
49170	1	0.965103
49171	2	0.965105
49172	1	0.965107
49173	1	0.965108
49176	1	0.96511
49177	1	0.965111
49178	1	0.965113
49180	1	0.965114
49186	1	0.965116
49187	3	0.96512
49188	1	0.965122
49190	2	0.965125
49194	1	0.965126
49196	2	0.965129
49200	3	0.965133
49202	1	0.965135
49203	1	0.965136
49207	1	0.965138
49210	1	0.965139
49211	1	0.965141
49213	1	0.965142
49214	3	0.965147
49219	1	0.965148
49221	2	0.965151
49224	1	0.965153
49225	1	0.965154
49226	2	0.965157
49228	1	0.965159
49230	2	0.965161
49231	1	0.965163
49232	1	0.965164
49233	1	0.965166
49236	1	0.965167
49237	1	0.965169
49238	1	0.96517
49239	1	0.965172
49240	2	0.965175
49241	2	0.965178
49243	4	0.965184
49244	1	0.965185
49245	6	0.965194
49246	1	0.965195
49247	3	0.9652
49250	2	0.965203
49258	1	0.965204
49260	1	0.965206
49262	1	0.965207
49263	1	0.965209
49272	3	0.965213
49273	1	0.965214
49278	2	0.965217
49280	1	0.965219
49282	1	0.96522
49284	1	0.965222
49286	2	0.965225
49293	1	0.965226
49296	2	0.965229
49297	1	0.965231
49299	2	0.965234
49301	2	0.965237
49302	2	0.96524
49306	2	0.965242
49307	1	0.965244
49308	2	0.965247
49309	3	0.965251
49312	3	0.965256
49313	3	0.96526
49317	5	0.965267
49318	2	0.96527
49319	3	0.965275
49320	1	0.965276
49321	1	0.965278
49322	1	0.965279
49323	1	0.965281
49324	1	0.965282
49326	2	0.965285
49327	2	0.965288
49328	2	0.965291
49329	2	0.965294
49331	5	0.965301
49332	5	0.965309
49333	5	0.965316
49334	11	0.965332
49335	9	0.965346
49336	1	0.965347
49337	1	0.965348
49338	3	0.965353
49339	2	0.965356
49340	3	0.96536
49341	2	0.965363
49342	2	0.965366
49343	2	0.965369
49344	4	0.965375
49345	3	0.965379
49346	2	0.965382
49347	1	0.965384
49348	3	0.965388
49349	2	0.965391
49350	3	0.965396
49351	6	0.965404
49352	4	0.96541
49354	1	0.965412
49355	3	0.965416
49356	1	0.965418
49358	4	0.965424
49361	2	0.965427
49363	1	0.965428
49364	1	0.965429
49366	2	0.965432
49370	1	0.965434
49373	7	0.965444
49376	2	0.965447
49380	1	0.965449
49390	1	0.96545
49391	1	0.965452
49393	1	0.965453
49394	1	0.965455
49396	4	0.96546
49398	1	0.965462
49399	2	0.965465
49400	2	0.965468
49401	2	0.965471
49404	1	0.965472
49405	1	0.965474
49412	2	0.965477
49417	3	0.965481
49418	3	0.965485
49419	2	0.965488
49421	1	0.96549
49428	1	0.965491
49429	1	0.965493
49430	2	0.965496
49434	1	0.965497
49436	1	0.965499
49437	1	0.9655
49439	3	0.965505
49444	1	0.965506
49447	2	0.965509
49448	1	0.96551
49450	1	0.965512
49452	1	0.965513
49453	6	0.965522
49454	3	0.965527
49455	2	0.96553
49456	2	0.965533
49457	5	0.96554
49458	4	0.965546
49459	3	0.96555
49460	1	0.965552
49464	2	0.965555
49466	3	0.965559
49467	1	0.965561
49469	1	0.965562
49470	2	0.965565
49472	1	0.965566
49474	1	0.965568
49483	1	0.965569
49484	2	0.965572
49491	1	0.965574
49493	1	0.965575
49494	8	0.965587
49495	9	0.9656
49496	7	0.965611
49497	3	0.965615
49498	3	0.965619
49499	1	0.965621
49500	4	0.965627
49501	1	0.965628
49503	1	0.96563
49504	3	0.965634
49505	3	0.965639
49508	3	0.965643
49509	3	0.965647
49510	1	0.965649
49511	2	0.965652
49512	2	0.965655
49513	4	0.965661
49515	2	0.965664
49516	4	0.96567
49521	1	0.965671
49522	4	0.965677
49523	2	0.96568
49525	10	0.965695
49528	3	0.965699
49529	1	0.9657
49531	1	0.965702
49533	2	0.965705
49536	1	0.965706
49537	2	0.965709
49538	1	0.965711
49539	1	0.965712
49540	2	0.965715
49543	2	0.965718
49545	1	0.96572
49546	1	0.965721
49547	2	0.965724
49548	1	0.965726
49551	1	0.965727
49553	1	0.965728
49554	3	0.965733
49555	1	0.965734
49559	4	0.96574
49560	2	0.965743
49561	1	0.965745
49562	1	0.965746
49564	2	0.965749
49565	2	0.965752
49566	1	0.965753
49568	1	0.965755
49569	1	0.965756
49570	2	0.965759
49571	1	0.965761
49572	2	0.965764
49573	2	0.965767
49574	4	0.965773
49575	5	0.96578
49580	4	0.965786
49581	1	0.965787
49582	1	0.965789
49583	4	0.965795
49584	1	0.965796
49585	1	0.965798
49588	1	0.965799
49589	1	0.965801
49592	3	0.965805
49594	3	0.965809
49595	1	0.965811
49598	1	0.965812
49599	11	0.965829
49601	1	0.96583
49602	2	0.965833
49604	1	0.965834
49606	1	0.965836
49612	2	0.965839
49615	1	0.96584
49617	1	0.965842
49621	2	0.965845
49623	1	0.965846
49624	1	0.965848
49625	1	0.965849
49629	1	0.965851
49630	1	0.965852
49637	3	0.965857
49639	3	0.965861
49640	3	0.965865
49644	1	0.965867
49645	1	0.965868
49646	1	0.96587
49647	1	0.965871
49649	2	0.965874
49657	6	0.965883
49658	1	0.965885
49659	1	0.965886
49664	1	0.965888
49666	1	0.965889
49669	1	0.96589
49670	1	0.965892
49671	1	0.965893
49672	5	0.965901
49674	1	0.965902
49675	5	0.96591
49679	1	0.965911
49683	1	0.965913
49686	1	0.965914
49688	4	0.96592
49690	1	0.965921
49692	3	0.965926
49694	1	0.965927
49697	1	0.965929
49698	5	0.965936
49699	2	0.965939
49701	2	0.965942
49702	2	0.965945
49703	3	0.965949
49704	1	0.965951
49705	1	0.965952
49706	2	0.965955
49707	3	0.96596
49709	1	0.965961
49711	2	0.965964
49712	1	0.965966
49713	2	0.965969
49714	2	0.965971
49715	4	0.965977
49716	1	0.965979
49718	3	0.965983
49724	1	0.965985
49725	2	0.965988
49729	1	0.965989
49730	1	0.965991
49731	3	0.965995
49732	1	0.965996
49735	1	0.965998
49736	1	0.965999
49737	1	0.966001
49739	1	0.966002
49740	1	0.966004
49741	1	0.966005
49746	1	0.966007
49747	3	0.966011
49748	1	0.966013
49749	1	0.966014
49750	1	0.966016
49751	2	0.966019
49755	1	0.96602
49757	4	0.966026
49758	1	0.966027
49759	8	0.966039
49760	1	0.966041
49761	2	0.966044
49762	1	0.966045
49763	1	0.966047
49764	1	0.966048
49766	3	0.966052
49769	1	0.966054
49770	1	0.966055
49771	1	0.966057
49774	1	0.966058
49780	1	0.96606
49781	1	0.966061
49782	1	0.966063
49783	1	0.966064
49784	12	0.966082
49786	2	0.966085
49790	2	0.966088
49793	1	0.966089
49794	2	0.966092
49797	1	0.966094
49798	1	0.966095
49799	1	0.966097
49800	2	0.9661
49801	1	0.966101
49802	6	0.96611
49803	2	0.966113
49804	1	0.966114
49805	1	0.966116
49808	1	0.966117
49809	1	0.966119
49811	1	0.96612
49817	1	0.966122
49818	2	0.966125
49827	1	0.966126
49829	1	0.966128
49830	2	0.966131
49834	1	0.966132
49835	4	0.966138
49836	1	0.966139
49838	1	0.966141
49839	12	0.966158
49840	1	0.96616
49842	2	0.966163
49843	1	0.966164
49846	1	0.966166
49850	2	0.966169
49856	1	0.96617
49857	2	0.966173
49859	1	0.966175
49863	1	0.966176
49864	1	0.966178
49867	1	0.966179
49868	1	0.966181
49869	1	0.966182
49870	1	0.966184
49879	3	0.966188
49880	1	0.966189
49882	1	0.966191
49888	1	0.966192
49899	1	0.966194
49900	1	0.966195
49901	2	0.966198
49905	1	0.9662
49906	1	0.966201
49907	2	0.966204
49908	1	0.966206
49909	2	0.966209
49919	1	0.96621
49931	4	0.966216
49932	4	0.966222
49933	1	0.966223
49934	2	0.966226
49936	1	0.966228
49937	1	0.966229
49938	1	0.966231
49947	3	0.966235
49948	6	0.966244
49950	1	0.966245
49953	1	0.966247
49954	2	0.96625
49955	2	0.966253
49959	1	0.966254
49963	1	0.966256
49964	1	0.966257
49966	3	0.966262
49969	1	0.966263
49970	1	0.966265
49971	1	0.966266
49972	2	0.966269
49973	2	0.966272
49976	1	0.966273
49977	2	0.966276
49979	3	0.966281
49982	1	0.966282
49986	1	0.966284
49987	1	0.966285
49988	1	0.966287
49991	4	0.966292
49992	4	0.966298
49994	4	0.966304
49995	1	0.966306
49996	4	0.966312
49998	1	0.966313
50000	1	0.966315
50003	5	0.966322
50004	9	0.966335
50005	1	0.966337
50006	1	0.966338
50007	1	0.96634
50008	1	0.966341
50009	1	0.966343
50018	4	0.966348
50019	1	0.96635
50021	1	0.966351
50024	2	0.966354
50025	6	0.966363
50026	1	0.966365
50028	9	0.966378
50029	3	0.966382
50031	2	0.966385
50032	1	0.966387
50034	2	0.96639
50035	3	0.966394
50036	5	0.966401
50037	8	0.966413
50038	4	0.966419
50039	3	0.966424
50040	2	0.966427
50041	3	0.966431
50043	1	0.966432
50044	1	0.966434
50045	2	0.966437
50046	2	0.96644
50047	5	0.966447
50048	2	0.96645
50049	2	0.966453
50051	2	0.966456
50052	5	0.966463
50055	2	0.966466
50056	3	0.966471
50057	1	0.966472
50058	1	0.966474
50063	2	0.966477
50066	8	0.966488
50068	1	0.96649
50069	1	0.966491
50070	2	0.966494
50071	1	0.966496
50072	1	0.966497
50073	2	0.9665
50074	1	0.966502
50075	4	0.966508
50076	1	0.966509
50078	1	0.96651
50080	1	0.966512
50081	1	0.966513
50082	1	0.966515
50085	1	0.966516
50088	1	0.966518
50093	3	0.966522
50097	3	0.966527
50102	1	0.966528
50111	3	0.966533
50114	3	0.966537
50127	1	0.966538
50128	1	0.96654
50130	1	0.966541
50132	1	0.966543
50134	1	0.966544
50140	1	0.966546
50141	3	0.96655
50142	3	0.966555
50143	1	0.966556
50147	3	0.966561
50149	1	0.966562
50153	1	0.966563
50155	1	0.966565
50156	1	0.966566
50161	2	0.966569
50167	2	0.966572
50188	1	0.966574
50190	1	0.966575
50193	1	0.966577
50198	1	0.966578
50199	1	0.96658
50210	1	0.966581
50213	1	0.966583
50215	1	0.966584
50218	1	0.966586
50220	1	0.966587
50236	2	0.96659
50237	2	0.966593
50246	3	0.966597
50255	2	0.9666
50265	4	0.966606
50266	2	0.966609
50274	2	0.966612
50276	1	0.966614
50277	1	0.966615
50283	1	0.966616
50287	2	0.966619
50289	1	0.966621
50292	1	0.966622
50293	1	0.966624
50295	3	0.966628
50296	3	0.966633
50297	1	0.966634
50318	1	0.966636
50319	2	0.966639
50322	1	0.96664
50333	1	0.966642
50336	1	0.966643
50337	2	0.966646
50338	1	0.966647
50352	1	0.966649
50354	2	0.966652
50356	2	0.966655
50357	1	0.966656
50361	1	0.966658
50362	2	0.966661
50365	1	0.966662
50366	1	0.966664
50368	2	0.966667
50374	1	0.966668
50375	1	0.96667
50377	3	0.966674
50386	1	0.966675
50388	1	0.966677
50392	1	0.966678
50393	1	0.96668
50396	1	0.966681
50397	5	0.966689
50398	1	0.96669
50399	1	0.966692
50402	1	0.966693
50404	1	0.966695
50406	1	0.966696
50410	1	0.966697
50411	2	0.9667
50412	1	0.966702
50415	1	0.966703
50416	1	0.966705
50417	1	0.966706
50419	1	0.966708
50423	1	0.966709
50427	5	0.966717
50428	1	0.966718
50432	1	0.96672
50440	1	0.966721
50441	3	0.966725
50445	1	0.966727
50449	1	0.966728
50455	1	0.96673
50462	1	0.966731
50465	1	0.966733
50466	1	0.966734
50467	3	0.966739
50468	1	0.96674
50469	2	0.966743
50471	1	0.966745
50474	1	0.966746
50477	1	0.966748
50479	1	0.966749
50483	1	0.966751
50484	3	0.966755
50486	1	0.966756
50490	1	0.966758
50491	1	0.966759
50495	1	0.966761
50497	1	0.966762
50504	1	0.966764
50505	1	0.966765
50507	3	0.96677
50508	1	0.966771
50509	2	0.966774
50510	1	0.966776
50514	1	0.966777
50519	2	0.96678
50528	1	0.966781
50532	1	0.966783
50533	3	0.966787
50534	4	0.966793
50537	2	0.966796
50538	1	0.966798
50539	2	0.966801
50540	3	0.966805
50541	2	0.966808
50544	2	0.966811
50545	1	0.966812
50546	1	0.966814
50554	2	0.966817
50562	3	0.966821
50563	1	0.966823
50564	1	0.966824
50568	2	0.966827
50569	1	0.966829
50570	1	0.96683
50571	2	0.966833
50578	1	0.966834
50584	1	0.966836
50587	2	0.966839
50590	1	0.96684
50591	3	0.966845
50592	1	0.966846
50599	1	0.966848
50600	1	0.966849
50601	1	0.966851
50602	2	0.966854
50604	2	0.966857
50606	2	0.966859
50607	1	0.966861
50610	1	0.966862
50613	1	0.966864
50614	1	0.966865
50616	4	0.966871
50617	2	0.966874
50618	1	0.966876
50620	7	0.966886
50621	3	0.96689
50623	1	0.966892
50627	1	0.966893
50629	1	0.966895
50630	1	0.966896
50632	1	0.966898
50635	1	0.966899
50636	1	0.966901
50637	3	0.966905
50638	2	0.966908
50640	2	0.966911
50642	1	0.966913
50643	2	0.966915
50645	2	0.966918
50646	1	0.96692
50648	1	0.966921
50649	1	0.966923
50650	1	0.966924
50651	1	0.966926
50652	1	0.966927
50654	1	0.966929
50655	1	0.96693
50656	2	0.966933
50658	1	0.966935
50661	1	0.966936
50662	1	0.966938
50663	1	0.966939
50664	2	0.966942
50665	1	0.966943
50668	3	0.966948
50673	1	0.966949
50680	1	0.966951
50685	1	0.966952
50687	1	0.966954
50688	3	0.966958
50689	1	0.96696
50693	2	0.966963
50694	1	0.966964
50698	4	0.96697
50704	4	0.966976
50705	2	0.966979
50707	2	0.966982
50709	3	0.966986
50714	3	0.966991
50715	2	0.966994
50716	1	0.966995
50727	1	0.966996
50728	6	0.967005
50732	1	0.967007
50739	1	0.967008
50740	1	0.96701
50741	2	0.967013
50742	2	0.967016
50743	1	0.967017
50749	1	0.967019
50752	2	0.967021
50754	1	0.967023
50755	6	0.967032
50756	2	0.967035
50761	1	0.967036
50770	1	0.967038
50772	1	0.967039
50779	1	0.967041
50780	1	0.967042
50787	1	0.967044
50790	2	0.967047
50792	1	0.967048
50793	1	0.967049
50794	2	0.967052
50798	5	0.96706
50800	1	0.967061
50801	1	0.967063
50804	2	0.967066
50807	1	0.967067
50809	3	0.967072
50810	9	0.967085
50812	3	0.967089
50813	1	0.967091
50815	1	0.967092
50817	1	0.967094
50818	1	0.967095
50819	2	0.967098
50820	3	0.967102
50825	3	0.967107
50826	2	0.96711
50827	1	0.967111
50828	1	0.967113
50829	2	0.967116
50835	1	0.967117
50838	1	0.967119
50839	1	0.96712
50840	2	0.967123
50843	6	0.967132
50851	1	0.967133
50853	1	0.967135
50868	2	0.967138
50869	1	0.967139
50874	1	0.967141
50875	1	0.967142
50876	1	0.967144
50878	1	0.967145
50885	1	0.967147
50889	1	0.967148
50891	3	0.967153
50896	4	0.967158
50897	1	0.96716
50898	4	0.967166
50903	1	0.967167
50908	2	0.96717
50910	1	0.967172
50917	1	0.967173
50918	1	0.967175
50929	2	0.967178
50932	10	0.967192
50933	1	0.967194
50934	1	0.967195
50935	2	0.967198
50936	4	0.967204
50937	2	0.967207
50939	4	0.967213
50941	2	0.967216
50942	1	0.967217
50943	1	0.967219
50946	1	0.96722
50947	3	0.967225
50948	1	0.967226
50949	1	0.967228
50950	1	0.967229
50951	1	0.967231
50953	2	0.967234
50954	1	0.967235
50955	9	0.967248
50957	3	0.967253
50958	1	0.967254
50959	2	0.967257
50960	1	0.967259
50962	1	0.96726
50963	2	0.967263
50964	1	0.967264
50970	1	0.967266
50971	1	0.967267
50973	1	0.967269
50978	1	0.96727
50981	1	0.967272
51002	2	0.967275
51004	2	0.967278
51006	2	0.967281
51013	1	0.967282
51015	1	0.967284
51020	2	0.967287
51022	3	0.967291
51023	9	0.967304
51024	3	0.967309
51025	1	0.96731
51034	1	0.967312
51043	1	0.967313
51046	1	0.967315
51047	1	0.967316
51049	1	0.967318
51050	2	0.96732
51056	1	0.967322
51058	1	0.967323
51059	1	0.967325
51060	1	0.967326
51062	1	0.967328
51063	1	0.967329
51066	1	0.967331
51067	1	0.967332
51068	2	0.967335
51073	1	0.967337
51075	4	0.967343
51078	1	0.967344
51080	2	0.967347
51082	3	0.967351
51084	3	0.967356
51085	1	0.967357
51086	3	0.967362
51087	1	0.967363
51088	5	0.967371
51090	1	0.967372
51091	1	0.967373
51095	1	0.967375
51097	4	0.967381
51100	1	0.967382
51101	1	0.967384
51102	1	0.967385
51108	1	0.967387
51113	2	0.96739
51121	1	0.967391
51123	4	0.967397
51124	2	0.9674
51126	1	0.967401
51128	1	0.967403
51131	1	0.967404
51132	1	0.967406
51138	1	0.967407
51139	1	0.967409
51140	4	0.967415
51141	1	0.967416
51148	1	0.967418
51150	2	0.967421
51155	1	0.967422
51156	1	0.967424
51158	2	0.967426
51160	1	0.967428
51166	2	0.967431
51167	1	0.967432
51171	3	0.967437
51172	2	0.96744
51173	1	0.967441
51177	1	0.967443
51180	2	0.967446
51181	9	0.967459
51182	1	0.96746
51185	1	0.967462
51191	1	0.967463
51199	3	0.967468
51200	1	0.967469
51201	1	0.967471
51205	1	0.967472
51209	1	0.967474
51210	1	0.967475
51211	2	0.967478
51220	1	0.96748
51221	1	0.967481
51223	1	0.967482
51226	2	0.967485
51241	1	0.967487
51242	1	0.967488
51244	2	0.967491
51253	1	0.967493
51256	1	0.967494
51261	1	0.967496
51276	1	0.967497
51280	1	0.967499
51281	1	0.9675
51283	2	0.967503
51285	1	0.967505
51287	3	0.967509
51290	1	0.96751
51301	1	0.967512
51305	1	0.967513
51311	1	0.967515
51331	1	0.967516
51332	1	0.967518
51339	1	0.967519
51341	1	0.967521
51365	1	0.967522
51368	2	0.967525
51370	1	0.967527
51372	1	0.967528
51374	1	0.96753
51378	2	0.967533
51381	1	0.967534
51386	1	0.967535
51387	1	0.967537
51388	1	0.967538
51389	2	0.967541
51395	1	0.967543
51405	1	0.967544
51409	1	0.967546
51410	1	0.967547
51412	1	0.967549
51413	2	0.967552
51414	2	0.967555
51418	1	0.967556
51419	1	0.967558
51420	2	0.967561
51424	1	0.967562
51436	2	0.967565
51439	1	0.967566
51448	1	0.967568
51450	5	0.967575
51454	1	0.967577
51455	5	0.967584
51457	1	0.967586
51459	2	0.967588
51460	1	0.96759
51461	2	0.967593
51466	1	0.967594
51467	1	0.967596
51471	1	0.967597
51476	4	0.967603
51477	3	0.967608
51478	1	0.967609
51479	2	0.967612
51480	1	0.967614
51484	1	0.967615
51485	2	0.967618
51486	1	0.967619
51487	1	0.967621
51488	5	0.967628
51490	3	0.967633
51491	1	0.967634
51492	3	0.967639
51493	2	0.967642
51501	1	0.967643
51505	1	0.967644
51506	1	0.967646
51509	2	0.967649
51510	1	0.96765
51515	1	0.967652
51516	3	0.967656
51519	3	0.967661
51520	1	0.967662
51522	2	0.967665
51523	2	0.967668
51526	8	0.96768
51530	1	0.967681
51538	1	0.967683
51539	1	0.967684
51543	3	0.967689
51544	1	0.96769
51545	2	0.967693
51558	1	0.967695
51559	1	0.967696
51560	1	0.967697
51561	1	0.967699
51562	2	0.967702
51567	2	0.967705
51569	1	0.967706
51571	1	0.967708
51572	1	0.967709
51574	1	0.967711
51575	8	0.967723
51576	1	0.967724
51577	1	0.967725
51578	1	0.967727
51580	3	0.967731
51581	2	0.967734
51582	1	0.967736
51583	1	0.967737
51584	1	0.967739
51586	1	0.96774
51587	2	0.967743
51589	1	0.967745
51591	1	0.967746
51592	5	0.967753
51593	1	0.967755
51594	2	0.967758
51597	2	0.967761
51598	1	0.967762
51602	1	0.967764
51603	2	0.967767
51607	1	0.967768
51608	1	0.96777
51609	2	0.967773
51612	2	0.967776
51614	3	0.96778
51621	3	0.967784
51622	2	0.967787
51624	2	0.96779
51627	1	0.967792
51628	1	0.967793
51629	2	0.967796
51630	2	0.967799
51633	1	0.967801
51639	2	0.967804
51640	1	0.967805
51642	1	0.967806
51647	3	0.967811
51648	2	0.967814
51649	3	0.967818
51656	1	0.96782
51661	1	0.967821
51671	2	0.967824
51672	2	0.967827
51673	1	0.967829
51674	1	0.96783
51676	2	0.967833
51677	1	0.967834
51678	2	0.967837
51679	1	0.967839
51680	1	0.96784
51683	1	0.967842
51685	1	0.967843
51686	1	0.967845
51687	4	0.967851
51693	1	0.967852
51695	2	0.967855
51700	1	0.967857
51701	2	0.967859
51704	2	0.967862
51706	2	0.967865
51707	4	0.967871
51708	1	0.967873
51709	1	0.967874
51710	4	0.96788
51711	3	0.967885
51715	2	0.967887
51718	1	0.967889
51720	2	0.967892
51728	2	0.967895
51731	1	0.967896
51744	1	0.967898
51745	1	0.967899
51746	2	0.967902
51748	1	0.967904
51749	2	0.967907
51768	1	0.967908
51774	3	0.967912
51781	1	0.967914
51784	2	0.967917
51786	2	0.96792
51790	2	0.967923
51793	3	0.967927
51794	4	0.967933
51795	2	0.967936
51796	1	0.967938
51798	1	0.967939
51800	4	0.967945
51801	1	0.967946
51802	1	0.967948
51804	2	0.967951
51808	1	0.967952
51810	2	0.967955
51812	1	0.967957
51813	4	0.967963
51814	1	0.967964
51817	4	0.96797
51819	1	0.967971
51823	1	0.967973
51824	2	0.967976
51826	3	0.96798
51829	1	0.967982
51830	1	0.967983
51831	2	0.967986
51833	2	0.967989
51836	1	0.967991
51837	1	0.967992
51838	2	0.967995
51840	1	0.967996
51844	1	0.967998
51848	2	0.968001
51850	1	0.968002
51851	2	0.968005
51852	2	0.968008
51864	1	0.96801
51872	2	0.968013
51880	1	0.968014
51881	1	0.968016
51882	2	0.968019
51884	1	0.96802
51887	3	0.968024
51888	1	0.968026
51889	2	0.968029
51890	2	0.968032
51891	1	0.968033
51894	1	0.968035
51902	3	0.968039
51903	2	0.968042
51907	3	0.968047
51908	3	0.968051
51909	2	0.968054
51914	1	0.968055
51915	2	0.968058
51919	1	0.96806
51921	1	0.968061
51922	1	0.968063
51933	2	0.968066
51943	2	0.968069
51944	1	0.96807
51945	3	0.968074
51951	1	0.968076
51956	1	0.968077
51957	3	0.968082
51961	1	0.968083
51962	2	0.968086
51963	3	0.968091
51964	2	0.968094
51966	1	0.968095
51970	1	0.968097
51971	1	0.968098
51974	1	0.9681
51975	1	0.968101
51976	1	0.968102
51981	1	0.968104
51983	1	0.968105
51985	1	0.968107
51987	2	0.96811
51988	1	0.968111
51990	1	0.968113
51992	2	0.968116
51993	1	0.968117
51994	1	0.968119
51996	1	0.96812
51999	2	0.968123
52004	3	0.968128
52007	2	0.96813
52008	1	0.968132
52009	1	0.968133
52018	3	0.968138
52026	1	0.968139
52027	1	0.968141
52028	3	0.968145
52031	2	0.968148
52032	1	0.96815
52036	1	0.968151
52037	1	0.968153
52040	1	0.968154
52041	1	0.968155
52043	1	0.968157
52045	1	0.968158
52047	1	0.96816
52049	1	0.968161
52053	1	0.968163
52060	1	0.968164
52069	1	0.968166
52077	2	0.968169
52081	1	0.96817
52083	1	0.968172
52086	2	0.968175
52088	1	0.968176
52089	2	0.968179
52094	1	0.968181
52098	2	0.968183
52099	1	0.968185
52105	1	0.968186
52107	1	0.968188
52110	1	0.968189
52111	1	0.968191
52120	1	0.968192
52123	1	0.968194
52124	2	0.968197
52133	1	0.968198
52141	1	0.9682
52143	1	0.968201
52151	1	0.968203
52152	1	0.968204
52154	1	0.968206
52159	2	0.968209
52177	1	0.96821
52179	1	0.968211
52182	1	0.968213
52184	1	0.968214
52185	1	0.968216
52188	2	0.968219
52189	2	0.968222
52190	1	0.968223
52198	1	0.968225
52207	1	0.968226
52212	1	0.968228
52214	1	0.968229
52218	3	0.968234
52219	1	0.968235
52230	1	0.968236
52238	2	0.968239
52243	1	0.968241
52244	1	0.968242
52255	2	0.968245
52256	1	0.968247
52274	1	0.968248
52280	1	0.96825
52281	1	0.968251
52283	1	0.968253
52292	1	0.968254
52296	1	0.968256
52298	1	0.968257
52305	1	0.968259
52306	1	0.96826
52308	1	0.968262
52310	1	0.968263
52312	1	0.968264
52314	1	0.968266
52315	1	0.968267
52316	1	0.968269
52317	1	0.96827
52318	2	0.968273
52320	3	0.968278
52321	1	0.968279
52322	1	0.968281
52323	1	0.968282
52330	1	0.968284
52335	1	0.968285
52341	1	0.968287
52346	1	0.968288
52347	1	0.96829
52348	1	0.968291
52349	1	0.968292
52361	1	0.968294
52362	1	0.968295
52363	1	0.968297
52368	2	0.9683
52370	1	0.968301
52371	1	0.968303
52372	1	0.968304
52373	1	0.968306
52375	1	0.968307
52377	1	0.968309
52383	1	0.96831
52385	1	0.968312
52392	1	0.968313
52398	3	0.968317
52406	1	0.968319
52407	2	0.968322
52408	2	0.968325
52409	6	0.968334
52410	1	0.968335
52411	2	0.968338
52413	4	0.968344
52414	5	0.968351
52415	3	0.968356
52416	2	0.968359
52417	2	0.968362
52419	1	0.968363
52420	1	0.968365
52422	1	0.968366
52424	2	0.968369
52425	2	0.968372
52427	5	0.968379
52430	1	0.968381
52431	2	0.968384
52432	2	0.968387
52433	4	0.968393
52434	1	0.968394
52435	1	0.968396
52436	1	0.968397
52437	4	0.968403
52438	1	0.968404
52441	2	0.968407
52442	6	0.968416
52443	2	0.968419
52444	1	0.968421
52445	2	0.968424
52446	2	0.968426
52447	1	0.968428
52448	1	0.968429
52449	1	0.968431
52450	3	0.968435
52451	3	0.96844
52453	1	0.968441
52454	1	0.968443
52459	1	0.968444
52462	1	0.968446
52466	1	0.968447
52467	2	0.96845
52470	2	0.968453
52471	1	0.968454
52472	6	0.968463
52473	1	0.968465
52474	4	0.968471
52475	1	0.968472
52476	3	0.968477
52477	1	0.968478
52478	2	0.968481
52480	2	0.968484
52481	1	0.968485
52482	1	0.968487
52487	2	0.96849
52488	1	0.968491
52489	1	0.968493
52490	1	0.968494
52494	1	0.968496
52495	3	0.9685
52496	1	0.968502
52497	3	0.968506
52498	4	0.968512
52499	6	0.968521
52500	5	0.968528
52501	2	0.968531
52502	3	0.968535
52503	1	0.968537
52505	3	0.968541
52508	1	0.968543
52509	2	0.968546
52510	2	0.968549
52511	1	0.96855
52515	2	0.968553
52518	2	0.968556
52520	2	0.968559
52523	1	0.96856
52524	1	0.968562
52526	2	0.968565
52529	2	0.968568
52535	3	0.968572
52537	1	0.968574
52538	1	0.968575
52543	1	0.968577
52551	1	0.968578
52556	1	0.96858
52557	1	0.968581
52559	1	0.968583
52561	3	0.968587
52564	1	0.968588
52565	1	0.96859
52566	3	0.968594
52568	1	0.968596
52570	1	0.968597
52574	2	0.9686
52575	1	0.968602
52577	2	0.968605
52581	2	0.968608
52589	1	0.968609
52596	2	0.968612
52599	3	0.968616
52605	1	0.968618
52608	1	0.968619
52610	1	0.968621
52612	1	0.968622
52625	1	0.968624
52635	1	0.968625
52636	1	0.968627
52640	1	0.968628
52643	1	0.96863
52645	3	0.968634
52647	2	0.968637
52648	1	0.968639
52649	2	0.968641
52652	1	0.968643
52653	2	0.968646
52658	1	0.968647
52659	2	0.96865
52660	2	0.968653
52664	1	0.968655
52665	2	0.968658
52666	1	0.968659
52667	1	0.968661
52677	1	0.968662
52686	1	0.968664
52690	1	0.968665
52691	1	0.968667
52692	1	0.968668
52693	1	0.968669
52696	1	0.968671
52701	1	0.968672
52702	1	0.968674
52705	1	0.968675
52707	1	0.968677
52710	1	0.968678
52712	1	0.96868
52714	1	0.968681
52715	2	0.968684
52731	3	0.968689
52732	1	0.96869
52734	1	0.968692
52735	1	0.968693
52736	1	0.968694
52738	1	0.968696
52741	1	0.968697
52745	1	0.968699
52750	1	0.9687
52756	1	0.968702
52760	1	0.968703
52764	1	0.968705
52770	1	0.968706
52771	1	0.968708
52783	1	0.968709
52799	1	0.968711
52804	2	0.968714
52807	2	0.968717
52814	1	0.968718
52819	1	0.96872
52825	1	0.968721
52840	2	0.968724
52841	2	0.968727
52845	2	0.96873
52850	1	0.968731
52852	1	0.968733
52854	1	0.968734
52864	1	0.968736
52865	1	0.968737
52866	1	0.968739
52872	1	0.96874
52874	1	0.968742
52881	1	0.968743
52900	1	0.968745
52901	2	0.968748
52909	1	0.968749
52910	1	0.96875
52934	5	0.968758
52952	1	0.968759
52976	1	0.968761
53009	1	0.968762
53011	1	0.968764
53014	2	0.968767
53020	1	0.968768
53024	1	0.96877
53026	2	0.968773
53028	1	0.968774
53037	1	0.968775
53039	1	0.968777
53040	2	0.96878
53041	6	0.968789
53044	4	0.968795
53052	1	0.968796
53053	1	0.968798
53057	2	0.968801
53059	4	0.968806
53060	1	0.968808
53061	1	0.968809
53062	3	0.968814
53065	1	0.968815
53068	1	0.968817
53069	1	0.968818
53070	2	0.968821
53080	1	0.968823
53088	1	0.968824
53095	1	0.968826
53096	1	0.968827
53099	2	0.96883
53108	1	0.968831
53111	1	0.968833
53112	3	0.968837
53114	1	0.968839
53115	1	0.96884
53135	1	0.968842
53171	1	0.968843
53176	1	0.968845
53180	1	0.968846
53183	1	0.968848
53196	2	0.968851
53200	1	0.968852
53203	2	0.968855
53209	1	0.968856
53221	1	0.968858
53231	1	0.968859
53232	1	0.968861
53262	1	0.968862
53266	1	0.968864
53267	1	0.968865
53269	1	0.968867
53273	5	0.968874
53275	2	0.968877
53276	1	0.968879
53292	1	0.96888
53295	1	0.968882
53306	1	0.968883
53307	1	0.968884
53308	1	0.968886
53309	1	0.968887
53317	1	0.968889
53319	2	0.968892
53321	1	0.968893
53326	1	0.968895
53335	1	0.968896
53340	1	0.968898
53356	1	0.968899
53357	3	0.968904
53359	1	0.968905
53360	7	0.968915
53361	2	0.968918
53367	2	0.968921
53368	2	0.968924
53369	2	0.968927
53371	3	0.968932
53372	3	0.968936
53373	4	0.968942
53375	1	0.968943
53376	1	0.968945
53377	1	0.968946
53378	1	0.968948
53381	1	0.968949
53383	1	0.968951
53385	1	0.968952
53390	1	0.968954
53393	2	0.968957
53395	2	0.96896
53399	2	0.968963
53400	1	0.968964
53401	1	0.968965
53402	1	0.968967
53408	1	0.968968
53418	1	0.96897
53419	1	0.968971
53420	2	0.968974
53421	2	0.968977
53422	1	0.968979
53423	3	0.968983
53424	5	0.968991
53428	1	0.968992
53433	1	0.968993
53435	4	0.968999
53436	2	0.969002
53437	1	0.969004
53438	1	0.969005
53439	2	0.969008
53440	3	0.969013
53443	1	0.969014
53444	3	0.969018
53445	1	0.96902
53446	1	0.969021
53447	4	0.969027
53448	1	0.969029
53452	2	0.969032
53453	1	0.969033
53457	1	0.969035
53464	1	0.969036
53465	1	0.969038
53466	3	0.969042
53467	1	0.969044
53469	1	0.969045
53470	1	0.969046
53473	2	0.969049
53474	1	0.969051
53476	1	0.969052
53477	1	0.969054
53478	1	0.969055
53480	1	0.969057
53483	1	0.969058
53484	3	0.969063
53485	1	0.969064
53488	2	0.969067
53489	2	0.96907
53490	1	0.969072
53491	1	0.969073
53492	3	0.969077
53494	1	0.969079
53495	1	0.96908
53497	1	0.969082
53498	1	0.969083
53499	2	0.969086
53500	1	0.969088
53502	1	0.969089
53506	2	0.969092
53510	1	0.969094
53511	1	0.969095
53514	3	0.969099
53515	2	0.969102
53516	3	0.969107
53518	1	0.969108
53523	1	0.96911
53526	1	0.969111
53530	1	0.969113
53532	1	0.969114
53535	1	0.969116
53538	1	0.969117
53545	1	0.969119
53551	1	0.96912
53552	1	0.969122
53553	1	0.969123
53554	1	0.969125
53555	1	0.969126
53558	1	0.969127
53560	3	0.969132
53566	6	0.969141
53568	4	0.969147
53572	1	0.969148
53581	1	0.96915
53582	6	0.969158
53585	1	0.96916
53586	1	0.969161
53588	2	0.969164
53591	1	0.969166
53593	1	0.969167
53594	4	0.969173
53595	1	0.969175
53602	1	0.969176
53603	2	0.969179
53607	1	0.96918
53613	1	0.969182
53614	1	0.969183
53618	1	0.969185
53619	2	0.969188
53621	1	0.969189
53622	1	0.969191
53628	1	0.969192
53632	1	0.969194
53635	1	0.969195
53636	2	0.969198
53638	5	0.969206
53639	1	0.969207
53642	1	0.969208
53643	1	0.96921
53646	1	0.969211
53648	1	0.969213
53649	2	0.969216
53658	1	0.969217
53660	1	0.969219
53661	2	0.969222
53666	1	0.969223
53670	1	0.969225
53685	1	0.969226
53688	1	0.969228
53690	1	0.969229
53692	1	0.969231
53693	1	0.969232
53701	1	0.969234
53703	1	0.969235
53711	1	0.969236
53727	1	0.969238
53739	1	0.969239
53740	3	0.969244
53741	1	0.969245
53752	1	0.969247
53754	1	0.969248
53756	1	0.96925
53765	2	0.969253
53767	1	0.969254
53771	1	0.969256
53773	3	0.96926
53774	1	0.969261
53775	2	0.969264
53777	1	0.969266
53782	2	0.969269
53785	1	0.96927
53787	1	0.969272
53792	1	0.969273
53793	1	0.969275
53806	1	0.969276
53807	1	0.969278
53810	1	0.969279
53813	2	0.969282
53814	1	0.969284
53815	1	0.969285
53816	1	0.969287
53819	2	0.969289
53820	1	0.969291
53824	1	0.969292
53827	3	0.969297
53829	2	0.9693
53830	9	0.969313
53832	1	0.969315
53837	1	0.969316
53839	7	0.969326
53840	1	0.969328
53843	6	0.969337
53845	3	0.969341
53846	4	0.969347
53849	5	0.969354
53850	1	0.969356
53853	1	0.969357
53854	1	0.969359
53855	1	0.96936
53856	1	0.969362
53860	1	0.969363
53866	1	0.969365
53869	1	0.969366
53870	1	0.969368
53872	1	0.969369
53877	1	0.96937
53878	1	0.969372
53879	1	0.969373
53880	3	0.969378
53886	1	0.969379
53890	1	0.969381
53896	1	0.969382
53902	1	0.969384
53903	1	0.969385
53910	2	0.969388
53911	2	0.969391
53920	3	0.969396
53927	1	0.969397
53931	1	0.969398
53932	1	0.9694
53934	2	0.969403
53936	1	0.969404
53941	1	0.969406
53945	2	0.969409
53949	1	0.96941
53962	1	0.969412
53978	1	0.969413
53981	3	0.969418
53982	1	0.969419
53983	1	0.969421
54003	1	0.969422
54004	1	0.969423
54005	1	0.969425
54033	1	0.969426
54035	2	0.969429
54038	1	0.969431
54046	1	0.969432
54052	2	0.969435
54053	1	0.969437
54058	1	0.969438
54079	1	0.96944
54088	1	0.969441
54095	1	0.969443
54099	1	0.969444
54102	1	0.969446
54104	1	0.969447
54107	1	0.969449
54111	2	0.969451
54112	1	0.969453
54113	1	0.969454
54120	1	0.969456
54132	1	0.969457
54135	1	0.969459
54144	1	0.96946
54145	2	0.969463
54148	3	0.969468
54149	1	0.969469
54150	1	0.969471
54164	2	0.969474
54166	1	0.969475
54167	2	0.969478
54169	4	0.969484
54170	1	0.969485
54177	1	0.969487
54180	2	0.96949
54182	1	0.969491
54183	1	0.969493
54186	1	0.969494
54187	1	0.969496
54188	1	0.969497
54191	1	0.969499
54206	1	0.9695
54215	1	0.969502
54219	1	0.969503
54220	1	0.969504
54224	1	0.969506
54230	3	0.96951
54239	1	0.969512
54241	2	0.969515
54248	1	0.969516
54250	1	0.969518
54252	2	0.969521
54253	2	0.969524
54254	1	0.969525
54255	3	0.96953
54256	1	0.969531
54259	3	0.969535
54260	1	0.969537
54261	10	0.969552
54262	2	0.969555
54264	4	0.96956
54265	4	0.969566
54276	3	0.969571
54277	1	0.969572
54278	1	0.969574
54283	1	0.969575
54287	1	0.969577
54290	1	0.969578
54291	1	0.96958
54292	4	0.969585
54293	1	0.969587
54294	4	0.969593
54299	1	0.969594
54300	1	0.969596
54302	1	0.969597
54303	1	0.969599
54304	1	0.9696
54305	13	0.969619
54306	1	0.969621
54307	13	0.96964
54308	2	0.969643
54310	1	0.969644
54311	2	0.969647
54315	2	0.96965
54316	1	0.969652
54322	1	0.969653
54324	1	0.969655
54328	1	0.969656
54329	1	0.969658
54330	1	0.969659
54338	1	0.969661
54339	1	0.969662
54340	1	0.969664
54341	4	0.969669
54343	1	0.969671
54347	2	0.969674
54354	1	0.969675
54361	3	0.96968
54362	3	0.969684
54363	5	0.969692
54365	1	0.969693
54366	1	0.969694
54378	1	0.969696
54382	1	0.969697
54384	1	0.969699
54385	2	0.969702
54386	3	0.969706
54388	1	0.969708
54415	1	0.969709
54426	3	0.969714
54427	1	0.969715
54433	3	0.96972
54435	3	0.969724
54437	2	0.969727
54438	1	0.969728
54439	8	0.96974
54443	1	0.969742
54456	1	0.969743
54462	2	0.969746
54464	1	0.969747
54465	2	0.96975
54469	1	0.969752
54470	1	0.969753
54478	1	0.969755
54480	4	0.969761
54481	1	0.969762
54482	1	0.969764
54483	2	0.969767
54484	1	0.969768
54485	1	0.96977
54486	2	0.969773
54487	1	0.969774
54488	6	0.969783
54489	8	0.969795
54490	6	0.969803
54491	2	0.969806
54492	7	0.969817
54495	2	0.96982
54496	1	0.969821
54497	1	0.969823
54498	1	0.969824
54500	1	0.969826
54501	2	0.969828
54502	2	0.969831
54503	1	0.969833
54504	4	0.969839
54506	3	0.969843
54507	4	0.969849
54508	2	0.969852
54510	5	0.969859
54512	1	0.969861
54513	1	0.969862
54514	2	0.969865
54516	3	0.96987
54519	5	0.969877
54520	1	0.969879
54521	1	0.96988
54523	1	0.969882
54526	1	0.969883
54528	3	0.969887
54531	1	0.969889
54532	3	0.969893
54535	2	0.969896
54536	9	0.969909
54537	1	0.969911
54539	2	0.969914
54541	1	0.969915
54542	2	0.969918
54549	2	0.969921
54550	5	0.969929
54551	3	0.969933
54552	2	0.969936
54554	3	0.96994
54556	1	0.969942
54560	1	0.969943
54561	3	0.969948
54562	2	0.969951
54565	1	0.969952
54566	1	0.969954
54575	1	0.969955
54586	1	0.969957
54587	2	0.96996
54588	2	0.969963
54595	1	0.969964
54599	1	0.969965
54601	2	0.969968
54607	2	0.969971
54612	1	0.969973
54615	1	0.969974
54627	1	0.969976
54628	1	0.969977
54629	1	0.969979
54661	2	0.969982
54669	1	0.969983
54678	1	0.969985
54689	1	0.969986
54690	1	0.969988
54704	1	0.969989
54705	1	0.96999
54706	1	0.969992
54717	1	0.969993
54727	1	0.969995
54728	3	0.969999
54747	1	0.970001
54748	1	0.970002
54750	1	0.970004
54752	1	0.970005
54756	1	0.970007
54758	3	0.970011
54759	1	0.970013
54766	1	0.970014
54771	1	0.970016
54777	1	0.970017
54784	1	0.970018
54791	1	0.97002
54793	1	0.970021
54797	1	0.970023
54804	2	0.970026
54805	1	0.970027
54806	1	0.970029
54808	1	0.97003
54811	4	0.970036
54815	1	0.970038
54816	1	0.970039
54821	1	0.970041
54828	1	0.970042
54831	1	0.970044
54837	1	0.970045
54879	2	0.970048
54884	1	0.970049
54897	1	0.970051
54901	1	0.970052
54903	1	0.970054
54907	1	0.970055
54909	1	0.970057
54910	2	0.97006
54911	1	0.970061
54912	1	0.970063
54913	1	0.970064
54922	2	0.970067
54923	1	0.970069
54924	1	0.97007
54934	1	0.970071
54935	1	0.970073
54946	1	0.970074
54951	2	0.970077
54953	1	0.970079
54954	2	0.970082
54963	1	0.970083
54992	1	0.970085
55004	1	0.970086
55010	2	0.970089
55012	1	0.970091
55015	1	0.970092
55027	1	0.970094
55031	1	0.970095
55032	1	0.970097
55037	2	0.970099
55039	1	0.970101
55052	1	0.970102
55053	5	0.97011
55055	2	0.970113
55056	1	0.970114
55059	6	0.970123
55062	3	0.970127
55063	3	0.970132
55093	1	0.970133
55095	2	0.970136
55100	1	0.970138
55105	1	0.970139
55107	3	0.970144
55120	1	0.970145
55121	2	0.970148
55122	2	0.970151
55125	1	0.970152
55126	2	0.970155
55133	1	0.970157
55137	1	0.970158
55160	4	0.970164
55164	1	0.970166
55165	3	0.97017
55166	1	0.970172
55167	2	0.970175
55168	2	0.970178
55169	1	0.970179
55181	2	0.970182
55182	1	0.970183
55185	1	0.970185
55186	1	0.970186
55187	2	0.970189
55188	1	0.970191
55190	1	0.970192
55191	1	0.970194
55193	2	0.970197
55196	1	0.970198
55200	1	0.9702
55203	1	0.970201
55204	1	0.970203
55223	1	0.970204
55224	1	0.970206
55225	1	0.970207
55227	1	0.970208
55230	1	0.97021
55231	1	0.970211
55232	1	0.970213
55233	1	0.970214
55256	1	0.970216
55258	1	0.970217
55260	1	0.970219
55262	1	0.97022
55266	1	0.970222
55267	3	0.970226
55270	1	0.970228
55272	3	0.970232
55273	1	0.970233
55279	1	0.970235
55282	1	0.970236
55283	3	0.970241
55288	1	0.970242
55289	1	0.970244
55292	1	0.970245
55293	1	0.970247
55302	4	0.970253
55307	1	0.970254
55308	1	0.970256
55309	3	0.97026
55310	3	0.970264
55311	6	0.970273
55315	1	0.970275
55316	1	0.970276
55317	1	0.970278
55318	6	0.970287
55320	1	0.970288
55321	2	0.970291
55325	1	0.970292
55326	1	0.970294
55328	1	0.970295
55329	1	0.970297
55330	5	0.970304
55331	2	0.970307
55332	2	0.97031
55333	1	0.970312
55334	3	0.970316
55336	1	0.970317
55338	1	0.970319
55339	1	0.97032
55341	1	0.970322
55343	1	0.970323
55344	1	0.970325
55345	1	0.970326
55346	2	0.970329
55347	1	0.970331
55348	1	0.970332
55353	1	0.970334
55357	2	0.970337
55358	2	0.97034
55359	2	0.970342
55360	3	0.970347
55361	1	0.970348
55362	3	0.970353
55367	2	0.970356
55371	3	0.97036
55373	1	0.970362
55375	1	0.970363
55376	1	0.970365
55378	2	0.970368
55380	1	0.970369
55381	1	0.97037
55382	1	0.970372
55384	1	0.970373
55386	2	0.970376
55387	3	0.970381
55388	6	0.97039
55389	1	0.970391
55390	2	0.970394
55392	2	0.970397
55394	6	0.970406
55395	1	0.970407
55398	1	0.970409
55399	1	0.97041
55402	1	0.970412
55406	1	0.970413
55407	2	0.970416
55411	1	0.970418
55414	1	0.970419
55415	1	0.970421
55417	1	0.970422
55418	3	0.970426
55419	1	0.970428
55422	3	0.970432
55423	3	0.970437
55426	1	0.970438
55432	2	0.970441
55434	2	0.970444
55443	2	0.970447
55448	3	0.970451
55449	3	0.970456
55454	3	0.97046
55457	1	0.970462
55458	2	0.970465
55464	3	0.970469
55465	5	0.970476
55471	4	0.970482
55472	10	0.970497
55473	4	0.970503
55474	2	0.970506
55475	1	0.970507
55476	2	0.97051
55480	4	0.970516
55482	1	0.970518
55488	2	0.970521
55489	3	0.970525
55492	1	0.970527
55493	1	0.970528
55501	2	0.970531
55512	4	0.970537
55515	1	0.970538
55516	4	0.970544
55525	3	0.970549
55527	1	0.97055
55529	5	0.970557
55537	2	0.97056
55541	1	0.970562
55542	1	0.970563
55546	5	0.970571
55549	1	0.970572
55554	1	0.970574
55556	1	0.970575
55557	3	0.97058
55566	2	0.970583
55567	1	0.970584
55571	5	0.970591
55572	2	0.970594
55581	2	0.970597
55583	1	0.970599
55585	2	0.970602
55586	5	0.970609
55587	3	0.970613
55601	1	0.970615
55602	2	0.970618
55603	3	0.970622
55604	2	0.970625
55605	4	0.970631
55614	1	0.970633
55615	2	0.970636
55622	6	0.970644
55623	1	0.970646
55640	2	0.970649
55641	7	0.970659
55642	1	0.970661
55643	2	0.970664
55644	3	0.970668
55647	3	0.970672
55648	6	0.970681
55649	3	0.970686
55650	1	0.970687
55651	1	0.970689
55655	1	0.97069
55660	1	0.970691
55663	3	0.970696
55667	1	0.970697
55669	1	0.970699
55670	1	0.9707
55674	1	0.970702
55703	1	0.970703
55705	1	0.970705
55711	1	0.970706
55715	1	0.970708
55724	1	0.970709
55726	1	0.970711
55730	1	0.970712
55733	3	0.970717
55742	3	0.970721
55751	1	0.970722
55792	3	0.970727
55793	2	0.97073
55794	4	0.970736
55812	1	0.970737
55814	1	0.970739
55838	1	0.97074
55847	1	0.970742
55849	1	0.970743
55864	1	0.970745
55866	2	0.970747
55895	1	0.970749
55910	1	0.97075
55924	1	0.970752
55927	1	0.970753
55949	3	0.970758
55980	1	0.970759
55991	1	0.970761
55992	1	0.970762
55995	1	0.970764
56000	1	0.970765
56003	2	0.970768
56004	1	0.97077
56013	1	0.970771
56026	1	0.970772
56030	1	0.970774
56058	1	0.970775
56072	1	0.970777
56074	1	0.970778
56078	3	0.970783
56084	2	0.970786
56085	2	0.970789
56100	1	0.97079
56105	1	0.970792
56110	1	0.970793
56118	1	0.970795
56148	1	0.970796
56154	1	0.970798
56156	2	0.9708
56158	1	0.970802
56160	2	0.970805
56161	3	0.970809
56162	1	0.970811
56171	1	0.970812
56172	3	0.970817
56185	1	0.970818
56198	1	0.97082
56200	1	0.970821
56202	1	0.970823
56207	1	0.970824
56210	1	0.970826
56212	1	0.970827
56235	1	0.970828
56249	1	0.97083
56250	1	0.970831
56261	1	0.970833
56295	1	0.970834
56298	1	0.970836
56304	1	0.970837
56306	1	0.970839
56309	2	0.970842
56312	1	0.970843
56314	2	0.970846
56318	1	0.970848
56320	1	0.970849
56321	1	0.970851
56322	1	0.970852
56338	1	0.970853
56363	1	0.970855
56368	1	0.970856
56417	1	0.970858
56426	1	0.970859
56432	1	0.970861
56434	1	0.970862
56436	1	0.970864
56439	1	0.970865
56440	3	0.97087
56442	2	0.970873
56480	1	0.970874
56490	1	0.970876
56502	1	0.970877
56508	1	0.970879
56515	1	0.97088
56525	1	0.970881
56547	1	0.970883
56551	1	0.970884
56556	1	0.970886
56557	1	0.970887
56558	1	0.970889
56566	2	0.970892
56579	1	0.970893
56595	1	0.970895
56596	3	0.970899
56597	1	0.970901
56601	1	0.970902
56611	1	0.970904
56614	1	0.970905
56616	1	0.970907
56623	1	0.970908
56626	1	0.970909
56654	1	0.970911
56657	3	0.970915
56668	1	0.970917
56693	1	0.970918
56698	1	0.97092
56703	1	0.970921
56708	1	0.970923
56710	1	0.970924
56714	1	0.970926
56724	1	0.970927
56734	2	0.97093
56739	2	0.970933
56745	3	0.970937
56749	1	0.970939
56750	3	0.970943
56751	1	0.970945
56752	3	0.970949
56756	1	0.970951
56758	1	0.970952
56763	1	0.970954
56770	1	0.970955
56773	1	0.970957
56774	1	0.970958
56779	1	0.97096
56793	1	0.970961
56797	1	0.970962
56803	2	0.970965
56804	1	0.970967
56808	1	0.970968
56811	1	0.97097
56816	1	0.970971
56818	1	0.970973
56819	1	0.970974
56826	1	0.970976
56838	5	0.970983
56843	3	0.970988
56845	1	0.970989
56847	1	0.97099
56849	1	0.970992
56850	1	0.970993
56855	1	0.970995
56856	1	0.970996
56862	1	0.970998
56863	1	0.970999
56868	2	0.971002
56871	2	0.971005
56872	1	0.971007
56873	1	0.971008
56874	2	0.971011
56875	1	0.971013
56877	2	0.971015
56878	1	0.971017
56884	3	0.971021
56885	1	0.971023
56886	2	0.971026
56887	1	0.971027
56890	1	0.971029
56892	1	0.97103
56898	1	0.971032
56917	2	0.971035
56933	1	0.971036
56936	1	0.971038
56941	2	0.971041
56942	1	0.971042
56945	2	0.971045
56946	1	0.971046
56948	1	0.971048
56949	1	0.971049
56950	5	0.971057
56955	1	0.971058
56956	1	0.97106
56958	1	0.971061
56961	1	0.971063
56965	1	0.971064
56977	1	0.971066
56985	1	0.971067
56991	1	0.971069
56996	1	0.97107
57024	1	0.971071
57029	1	0.971073
57031	1	0.971074
57035	4	0.97108
57038	1	0.971082
57039	3	0.971086
57041	2	0.971089
57043	1	0.971091
57050	1	0.971092
57069	1	0.971094
57082	1	0.971095
57092	1	0.971096
57093	1	0.971098
57105	1	0.971099
57106	1	0.971101
57109	1	0.971102
57110	2	0.971105
57124	2	0.971108
57126	1	0.97111
57135	1	0.971111
57141	1	0.971113
57144	4	0.971119
57149	1	0.97112
57161	1	0.971122
57166	1	0.971123
57197	1	0.971124
57210	1	0.971126
57214	1	0.971127
57215	2	0.97113
57216	1	0.971132
57217	1	0.971133
57222	1	0.971135
57223	1	0.971136
57232	1	0.971138
57233	1	0.971139
57234	1	0.971141
57236	17	0.971166
57237	1	0.971167
57238	1	0.971169
57239	4	0.971175
57240	1	0.971176
57241	2	0.971179
57250	1	0.97118
57251	7	0.971191
57253	5	0.971198
57254	1	0.9712
57259	1	0.971201
57264	1	0.971203
57299	1	0.971204
57300	2	0.971207
57301	1	0.971208
57305	1	0.97121
57306	1	0.971211
57308	2	0.971214
57309	1	0.971216
57310	4	0.971222
57311	2	0.971225
57312	2	0.971228
57313	1	0.971229
57314	2	0.971232
57315	6	0.971241
57316	2	0.971244
57317	1	0.971245
57318	1	0.971247
57319	1	0.971248
57320	5	0.971256
57324	1	0.971257
57325	7	0.971267
57331	2	0.97127
57334	1	0.971272
57335	1	0.971273
57336	1	0.971275
57337	3	0.971279
57338	1	0.971281
57342	1	0.971282
57349	1	0.971284
57350	1	0.971285
57351	3	0.971289
57370	1	0.971291
57376	1	0.971292
57380	1	0.971294
57381	2	0.971297
57385	1	0.971298
57386	1	0.9713
57426	1	0.971301
57438	1	0.971303
57442	1	0.971304
57443	1	0.971306
57446	1	0.971307
57463	1	0.971309
57473	2	0.971312
57475	1	0.971313
57502	2	0.971316
57516	11	0.971332
57537	1	0.971334
57554	1	0.971335
57556	2	0.971338
57559	2	0.971341
57561	1	0.971342
57567	1	0.971344
57568	2	0.971347
57579	2	0.97135
57586	2	0.971353
57591	1	0.971354
57593	1	0.971356
57598	2	0.971359
57599	2	0.971362
57600	2	0.971365
57601	2	0.971367
57604	1	0.971369
57605	1	0.97137
57607	3	0.971375
57608	2	0.971378
57609	2	0.971381
57610	1	0.971382
57611	1	0.971384
57613	2	0.971387
57617	1	0.971388
57618	5	0.971395
57660	1	0.971397
57661	1	0.971398
57662	3	0.971403
57663	5	0.97141
57664	3	0.971415
57665	1	0.971416
57669	2	0.971419
57670	1	0.97142
57673	1	0.971422
57681	1	0.971423
57683	1	0.971425
57686	2	0.971428
57689	3	0.971432
57691	1	0.971434
57694	1	0.971435
57699	1	0.971437
57700	1	0.971438
57701	5	0.971446
57702	1	0.971447
57703	4	0.971453
57705	2	0.971456
57706	2	0.971459
57707	1	0.97146
57708	1	0.971462
57711	1	0.971463
57712	1	0.971465
57714	1	0.971466
57715	9	0.971479
57716	19	0.971507
57717	8	0.971519
57718	9	0.971532
57719	10	0.971547
57720	8	0.971559
57721	9	0.971572
57722	6	0.971581
57723	5	0.971588
57724	6	0.971597
57725	1	0.971599
57737	3	0.971603
57740	2	0.971606
57741	1	0.971608
57744	1	0.971609
57746	2	0.971612
57751	1	0.971613
57753	3	0.971618
57754	1	0.971619
57769	1	0.971621
57778	4	0.971627
57788	1	0.971628
57795	2	0.971631
57809	1	0.971633
57817	4	0.971638
57825	1	0.97164
57841	1	0.971641
57850	1	0.971643
57902	1	0.971644
57906	1	0.971646
57911	1	0.971647
57915	3	0.971652
57917	1	0.971653
57922	1	0.971655
57924	1	0.971656
57926	1	0.971658
57928	2	0.971661
57931	1	0.971662
57932	1	0.971663
57935	1	0.971665
57938	1	0.971666
57939	3	0.971671
57940	1	0.971672
57946	2	0.971675
57948	1	0.971677
57949	2	0.97168
57953	1	0.971681
57956	1	0.971683
57960	1	0.971684
57961	1	0.971686
57964	1	0.971687
57965	1	0.971689
57966	1	0.97169
57971	1	0.971691
57972	1	0.971693
57974	1	0.971694
57976	1	0.971696
57986	2	0.971699
57989	1	0.9717
57991	1	0.971702
57995	1	0.971703
57997	1	0.971705
57998	1	0.971706
58000	3	0.971711
58012	1	0.971712
58013	4	0.971718
58014	1	0.971719
58015	3	0.971724
58016	3	0.971728
58017	7	0.971739
58019	1	0.97174
58020	1	0.971742
58021	3	0.971746
58023	4	0.971752
58026	1	0.971753
58027	1	0.971755
58028	2	0.971758
58029	1	0.971759
58036	5	0.971767
58041	1	0.971768
58050	1	0.97177
58052	1	0.971771
58054	1	0.971772
58055	2	0.971775
58056	2	0.971778
58057	5	0.971786
58058	2	0.971789
58060	3	0.971793
58061	4	0.971799
58063	1	0.9718
58064	1	0.971802
58065	2	0.971805
58068	3	0.971809
58069	6	0.971818
58070	2	0.971821
58071	1	0.971823
58074	1	0.971824
58075	1	0.971825
58076	1	0.971827
58077	1	0.971828
58079	6	0.971837
58083	2	0.97184
58084	1	0.971842
58088	1	0.971843
58094	1	0.971845
58097	3	0.971849
58101	1	0.971851
58103	1	0.971852
58104	1	0.971853
58105	1	0.971855
58125	1	0.971856
58126	2	0.971859
58127	1	0.971861
58129	1	0.971862
58130	1	0.971864
58131	2	0.971867
58132	1	0.971868
58134	1	0.97187
58135	1	0.971871
58137	1	0.971873
58138	2	0.971876
58139	2	0.971879
58142	1	0.97188
58153	1	0.971881
58155	2	0.971884
58158	1	0.971886
58162	1	0.971887
58172	1	0.971889
58173	1	0.97189
58178	1	0.971892
58179	1	0.971893
58180	2	0.971896
58181	1	0.971898
58187	1	0.971899
58188	1	0.971901
58190	1	0.971902
58191	1	0.971904
58193	2	0.971906
58194	1	0.971908
58197	1	0.971909
58200	1	0.971911
58208	2	0.971914
58210	1	0.971915
58211	1	0.971917
58213	1	0.971918
58218	1	0.97192
58226	1	0.971921
58245	1	0.971923
58246	1	0.971924
58253	1	0.971926
58254	1	0.971927
58256	2	0.97193
58257	1	0.971932
58258	1	0.971933
58259	1	0.971934
58260	1	0.971936
58262	2	0.971939
58265	1	0.97194
58266	2	0.971943
58269	1	0.971945
58271	1	0.971946
58278	1	0.971948
58280	1	0.971949
58283	3	0.971954
58285	2	0.971957
58286	1	0.971958
58287	1	0.97196
58288	2	0.971962
58289	1	0.971964
58290	3	0.971968
58291	5	0.971976
58293	1	0.971977
58294	3	0.971982
58297	5	0.971989
58298	8	0.972001
58301	2	0.972004
58302	6	0.972013
58303	3	0.972017
58304	4	0.972023
58305	2	0.972026
58307	1	0.972027
58311	4	0.972033
58315	2	0.972036
58323	3	0.972041
58329	1	0.972042
58332	1	0.972043
58337	1	0.972045
58338	1	0.972046
58339	2	0.972049
58343	1	0.972051
58346	1	0.972052
58350	1	0.972054
58351	1	0.972055
58356	1	0.972057
58358	4	0.972063
58360	1	0.972064
58361	2	0.972067
58364	1	0.972068
58368	1	0.97207
58370	2	0.972073
58380	1	0.972074
58381	1	0.972076
58384	1	0.972077
58385	1	0.972079
58386	1	0.97208
58395	1	0.972082
58396	1	0.972083
58397	4	0.972089
58398	2	0.972092
58400	3	0.972096
58402	1	0.972098
58405	1	0.972099
58406	1	0.972101
58407	1	0.972102
58408	1	0.972104
58412	1	0.972105
58414	2	0.972108
58415	1	0.97211
58416	1	0.972111
58417	1	0.972113
58421	1	0.972114
58422	1	0.972116
58423	1	0.972117
58424	2	0.97212
58426	5	0.972127
58427	2	0.97213
58428	5	0.972138
58430	1	0.972139
58431	9	0.972152
58432	49	0.972225
58433	1	0.972226
58434	8	0.972238
58435	1	0.972239
58436	1	0.972241
58437	3	0.972245
58438	4	0.972251
58439	1	0.972253
58440	1	0.972254
58442	1	0.972256
58443	2	0.972258
58447	1	0.97226
58448	1	0.972261
58449	1	0.972263
58451	1	0.972264
58454	5	0.972272
58455	4	0.972278
58456	1	0.972279
58460	1	0.972281
58472	3	0.972285
58473	2	0.972288
58474	8	0.9723
58475	2	0.972303
58476	1	0.972304
58477	2	0.972307
58478	2	0.97231
58479	2	0.972313
58481	4	0.972319
58483	4	0.972325
58484	2	0.972328
58485	2	0.972331
58490	1	0.972332
58491	3	0.972337
58492	4	0.972342
58493	2	0.972345
58494	1	0.972347
58495	3	0.972351
58496	1	0.972353
58497	1	0.972354
58500	2	0.972357
58501	2	0.97236
58508	1	0.972362
58523	2	0.972365
58534	1	0.972366
58537	1	0.972367
58543	1	0.972369
58548	2	0.972372
58553	1	0.972373
58558	2	0.972376
58560	2	0.972379
58562	1	0.972381
58563	1	0.972382
58564	1	0.972384
58574	1	0.972385
58580	2	0.972388
58581	1	0.97239
58584	2	0.972392
58585	1	0.972394
58586	1	0.972395
58587	2	0.972398
58590	1	0.9724
58591	1	0.972401
58594	1	0.972403
58595	3	0.972407
58596	1	0.972409
58598	1	0.97241
58606	2	0.972413
58612	3	0.972418
58614	2	0.97242
58620	3	0.972425
58625	1	0.972426
58634	1	0.972428
58637	1	0.972429
58638	1	0.972431
58639	1	0.972432
58642	2	0.972435
58643	2	0.972438
58644	1	0.97244
58645	1	0.972441
58647	2	0.972444
58648	3	0.972448
58650	1	0.97245
58651	1	0.972451
58658	1	0.972453
58660	1	0.972454
58662	1	0.972456
58667	3	0.97246
58677	1	0.972462
58678	1	0.972463
58683	1	0.972465
58684	1	0.972466
58686	1	0.972468
58687	2	0.972471
58691	1	0.972472
58692	1	0.972473
58693	1	0.972475
58697	1	0.972476
58698	1	0.972478
58704	2	0.972481
58707	1	0.972482
58727	1	0.972484
58729	1	0.972485
58730	1	0.972487
58748	1	0.972488
58755	6	0.972497
58756	1	0.972499
58758	1	0.9725
58759	1	0.972501
58765	1	0.972503
58769	1	0.972504
58772	1	0.972506
58783	1	0.972507
58784	1	0.972509
58785	2	0.972512
58787	3	0.972516
58789	1	0.972518
58790	1	0.972519
58803	1	0.972521
58817	1	0.972522
58818	1	0.972524
58825	1	0.972525
58843	1	0.972527
58860	1	0.972528
58871	1	0.972529
58882	1	0.972531
58892	1	0.972532
58900	1	0.972534
58927	1	0.972535
58948	2	0.972538
58952	1	0.97254
58954	2	0.972543
58959	1	0.972544
58964	1	0.972546
58979	1	0.972547
58992	2	0.97255
58993	1	0.972552
58994	2	0.972554
58995	2	0.972557
59003	2	0.97256
59004	1	0.972562
59028	1	0.972563
59029	1	0.972565
59031	1	0.972566
59034	2	0.972569
59035	2	0.972572
59036	1	0.972574
59038	1	0.972575
59050	1	0.972577
59061	1	0.972578
59063	1	0.97258
59066	1	0.972581
59067	2	0.972584
59068	1	0.972585
59070	1	0.972587
59072	1	0.972588
59077	1	0.97259
59083	2	0.972593
59084	1	0.972594
59090	1	0.972596
59092	2	0.972599
59096	5	0.972606
59108	2	0.972609
59112	1	0.97261
59113	2	0.972613
59126	2	0.972616
59146	1	0.972618
59147	1	0.972619
59149	1	0.972621
59162	8	0.972633
59164	1	0.972634
59165	1	0.972635
59166	1	0.972637
59169	6	0.972646
59171	1	0.972647
59172	2	0.97265
59174	3	0.972655
59185	1	0.972656
59188	1	0.972658
59189	2	0.972661
59191	1	0.972662
59192	2	0.972665
59196	1	0.972666
59205	5	0.972674
59206	1	0.972675
59209	1	0.972677
59210	1	0.972678
59211	1	0.97268
59213	1	0.972681
59214	2	0.972684
59215	2	0.972687
59218	1	0.972689
59219	1	0.97269
59221	2	0.972693
59222	3	0.972697
59223	2	0.9727
59225	1	0.972702
59226	3	0.972706
59227	4	0.972712
59229	4	0.972718
59230	1	0.972719
59233	1	0.972721
59234	2	0.972724
59235	1	0.972725
59237	4	0.972731
59239	2	0.972734
59241	1	0.972736
59244	3	0.97274
59246	2	0.972743
59268	1	0.972744
59269	1	0.972746
59270	1	0.972747
59282	1	0.972749
59284	1	0.97275
59291	1	0.972752
59309	1	0.972753
59314	2	0.972756
59318	2	0.972759
59323	1	0.972761
59326	2	0.972764
59336	1	0.972765
59339	1	0.972767
59343	3	0.972771
59346	3	0.972775
59350	1	0.972777
59352	1	0.972778
59353	2	0.972781
59354	1	0.972783
59358	2	0.972786
59367	3	0.97279
59368	1	0.972792
59370	2	0.972795
59371	1	0.972796
59372	1	0.972797
59373	1	0.972799
59374	1	0.9728
59375	1	0.972802
59376	1	0.972803
59378	3	0.972808
59379	1	0.972809
59380	2	0.972812
59381	2	0.972815
59385	1	0.972817
59387	1	0.972818
59390	1	0.97282
59391	2	0.972823
59392	1	0.972824
59400	1	0.972825
59402	2	0.972828
59407	4	0.972834
59409	1	0.972836
59415	1	0.972837
59416	3	0.972842
59417	1	0.972843
59421	1	0.972845
59422	1	0.972846
59423	2	0.972849
59424	2	0.972852
59431	2	0.972855
59432	2	0.972858
59433	1	0.972859
59434	2	0.972862
59435	2	0.972865
59437	1	0.972867
59443	1	0.972868
59447	1	0.97287
59450	2	0.972873
59453	1	0.972874
59454	3	0.972878
59455	1	0.97288
59460	1	0.972881
59463	1	0.972883
59477	1	0.972884
59478	1	0.972886
59484	2	0.972889
59486	1	0.97289
59489	1	0.972892
59490	2	0.972895
59493	1	0.972896
59496	3	0.972901
59501	2	0.972904
59516	1	0.972905
59517	1	0.972906
59529	1	0.972908
59531	1	0.972909
59532	1	0.972911
59536	3	0.972915
59538	1	0.972917
59543	2	0.97292
59545	2	0.972923
59553	1	0.972924
59556	1	0.972926
59558	2	0.972929
59559	3	0.972933
59561	4	0.972939
59568	1	0.97294
59573	4	0.972946
59576	1	0.972948
59588	2	0.972951
59589	2	0.972954
59590	1	0.972955
59591	2	0.972958
59592	1	0.972959
59593	4	0.972965
59595	1	0.972967
59598	2	0.97297
59599	2	0.972973
59600	1	0.972974
59601	2	0.972977
59604	1	0.972979
59605	2	0.972982
59606	1	0.972983
59608	1	0.972985
59610	1	0.972986
59611	1	0.972987
59612	1	0.972989
59613	2	0.972992
59614	2	0.972995
59616	1	0.972996
59617	3	0.973001
59618	2	0.973004
59622	6	0.973012
59628	1	0.973014
59630	1	0.973015
59631	1	0.973017
59632	5	0.973024
59634	1	0.973026
59635	1	0.973027
59638	3	0.973032
59639	1	0.973033
59641	1	0.973035
59648	1	0.973036
59650	2	0.973039
59655	2	0.973042
59659	1	0.973043
59660	1	0.973045
59662	1	0.973046
59663	1	0.973048
59664	1	0.973049
59665	1	0.973051
59670	1	0.973052
59671	4	0.973058
59672	1	0.97306
59675	3	0.973064
59676	3	0.973068
59678	1	0.97307
59679	3	0.973074
59680	1	0.973076
59687	2	0.973079
59690	1	0.97308
59694	2	0.973083
59696	5	0.973091
59697	2	0.973093
59700	1	0.973095
59712	1	0.973096
59714	1	0.973098
59718	2	0.973101
59719	1	0.973102
59722	1	0.973104
59723	1	0.973105
59724	1	0.973107
59725	2	0.97311
59728	5	0.973117
59729	6	0.973126
59730	3	0.97313
59731	1	0.973132
59732	2	0.973135
59733	2	0.973138
59734	2	0.973141
59735	2	0.973144
59736	4	0.973149
59737	1	0.973151
59738	2	0.973154
59739	1	0.973155
59740	2	0.973158
59741	4	0.973164
59742	3	0.973169
59745	2	0.973172
59748	1	0.973173
59749	1	0.973174
59759	1	0.973176
59760	3	0.97318
59761	8	0.973192
59762	4	0.973198
59763	1	0.9732
59766	1	0.973201
59768	5	0.973208
59769	4	0.973214
59770	2	0.973217
59772	1	0.973219
59774	2	0.973222
59777	2	0.973225
59778	1	0.973226
59779	1	0.973228
59781	1	0.973229
59783	1	0.97323
59784	2	0.973233
59786	1	0.973235
59787	2	0.973238
59788	1	0.973239
59791	5	0.973247
59792	1	0.973248
59793	1	0.97325
59799	3	0.973254
59801	2	0.973257
59802	4	0.973263
59803	1	0.973264
59804	1	0.973266
59805	2	0.973269
59806	2	0.973272
59807	1	0.973273
59809	1	0.973275
59814	1	0.973276
59816	1	0.973278
59817	1	0.973279
59819	1	0.973281
59820	1	0.973282
59823	2	0.973285
59825	1	0.973286
59826	1	0.973288
59831	1	0.973289
59832	4	0.973295
59833	1	0.973297
59835	2	0.9733
59839	3	0.973304
59842	3	0.973309
59843	3	0.973313
59844	5	0.97332
59845	1	0.973322
59848	2	0.973325
59850	1	0.973326
59853	1	0.973328
59854	3	0.973332
59855	1	0.973334
59856	1	0.973335
59857	2	0.973338
59858	1	0.973339
59859	6	0.973348
59861	1	0.97335
59862	2	0.973353
59863	1	0.973354
59864	1	0.973356
59868	1	0.973357
59869	1	0.973359
59879	3	0.973363
59880	3	0.973367
59883	2	0.97337
59884	1	0.973372
59885	2	0.973375
59886	2	0.973378
59890	1	0.973379
59891	1	0.973381
59894	1	0.973382
59899	4	0.973388
59906	4	0.973394
59907	2	0.973397
59910	1	0.973398
59914	1	0.9734
59917	1	0.973401
59920	1	0.973403
59923	4	0.973409
59924	2	0.973412
59926	1	0.973413
59927	5	0.97342
59930	2	0.973423
59931	1	0.973425
59932	1	0.973426
59936	2	0.973429
59939	1	0.973431
59941	1	0.973432
59942	1	0.973434
59946	1	0.973435
59947	3	0.97344
59949	5	0.973447
59950	5	0.973454
59952	7	0.973465
59956	1	0.973466
59957	1	0.973468
59958	1	0.973469
59959	3	0.973473
59960	1	0.973475
59962	1	0.973476
59964	2	0.973479
59968	1	0.973481
59974	3	0.973485
59976	1	0.973487
59978	2	0.97349
59979	1	0.973491
59982	1	0.973493
59983	1	0.973494
59984	2	0.973497
59985	1	0.973498
59986	1	0.9735
59987	1	0.973501
59989	3	0.973506
59991	1	0.973507
59997	1	0.973509
59998	2	0.973512
60000	1	0.973513
60003	1	0.973515
60012	1	0.973516
60013	1	0.973518
60014	1	0.973519
60017	3	0.973524
60019	1	0.973525
60020	1	0.973526
60025	1	0.973528
60031	2	0.973531
60037	1	0.973532
60044	2	0.973535
60046	1	0.973537
60060	2	0.97354
60061	1	0.973541
60062	3	0.973546
60065	1	0.973547
60067	1	0.973549
60070	1	0.97355
60073	2	0.973553
60074	1	0.973554
60075	1	0.973556
60078	2	0.973559
60079	2	0.973562
60080	2	0.973565
60081	1	0.973566
60082	7	0.973577
60083	1	0.973578
60085	4	0.973584
60088	5	0.973591
60090	4	0.973597
60091	2	0.9736
60092	4	0.973606
60093	2	0.973609
60094	1	0.97361
60095	2	0.973613
60096	1	0.973615
60098	4	0.973621
60099	3	0.973625
60100	7	0.973635
60101	7	0.973646
60102	3	0.97365
60103	6	0.973659
60104	1	0.97366
60106	1	0.973662
60107	1	0.973663
60109	7	0.973674
60110	16	0.973697
60111	3	0.973702
60112	4	0.973708
60113	2	0.973711
60114	3	0.973715
60115	5	0.973722
60116	2	0.973725
60117	1	0.973727
60118	12	0.973744
60119	6	0.973753
60121	2	0.973756
60123	2	0.973759
60125	9	0.973772
60126	2	0.973775
60127	4	0.973781
60128	2	0.973784
60130	1	0.973786
60132	3	0.97379
60135	1	0.973792
60151	1	0.973793
60154	1	0.973795
60155	2	0.973797
60158	2	0.9738
60159	1	0.973802
60163	2	0.973805
60164	1	0.973806
60165	1	0.973808
60167	2	0.973811
60175	4	0.973817
60176	1	0.973818
60178	1	0.97382
60187	1	0.973821
60193	1	0.973822
60196	1	0.973824
60198	3	0.973828
60206	1	0.97383
60212	1	0.973831
60213	2	0.973834
60214	1	0.973836
60216	1	0.973837
60217	3	0.973842
60218	1	0.973843
60219	2	0.973846
60226	1	0.973848
60231	1	0.973849
60238	3	0.973853
60244	3	0.973858
60246	2	0.973861
60247	1	0.973862
60254	1	0.973864
60255	2	0.973867
60261	2	0.97387
60265	1	0.973871
60271	1	0.973873
60273	2	0.973876
60275	1	0.973877
60284	1	0.973878
60286	1	0.97388
60291	1	0.973881
60304	1	0.973883
60305	3	0.973887
60307	1	0.973889
60311	1	0.97389
60317	1	0.973892
60320	1	0.973893
60323	1	0.973895
60325	1	0.973896
60327	5	0.973903
60332	1	0.973905
60336	1	0.973906
60339	2	0.973909
60344	1	0.973911
60349	1	0.973912
60350	1	0.973914
60352	3	0.973918
60353	1	0.97392
60356	1	0.973921
60357	1	0.973923
60358	3	0.973927
60364	4	0.973933
60365	1	0.973934
60369	1	0.973936
60370	1	0.973937
60372	1	0.973939
60376	2	0.973942
60377	1	0.973943
60378	1	0.973945
60379	1	0.973946
60382	1	0.973948
60384	1	0.973949
60386	1	0.973951
60389	1	0.973952
60393	1	0.973954
60394	1	0.973955
60396	2	0.973958
60397	1	0.973959
60398	1	0.973961
60399	2	0.973964
60400	2	0.973967
60402	1	0.973968
60403	1	0.97397
60404	1	0.973971
60407	1	0.973973
60410	1	0.973974
60412	1	0.973976
60422	1	0.973977
60426	1	0.973979
60458	1	0.97398
60460	1	0.973982
60461	1	0.973983
60471	1	0.973984
60472	1	0.973986
60479	1	0.973987
60480	3	0.973992
60483	1	0.973993
60484	1	0.973995
60501	1	0.973996
60508	1	0.973998
60600	1	0.973999
60601	1	0.974001
60612	1	0.974002
60621	1	0.974004
60622	1	0.974005
60637	3	0.97401
60642	1	0.974011
60651	1	0.974012
60652	1	0.974014
60655	1	0.974015
60656	2	0.974018
60658	1	0.97402
60661	2	0.974023
60662	1	0.974024
60663	4	0.97403
60664	1	0.974032
60667	1	0.974033
60670	1	0.974035
60677	1	0.974036
60682	2	0.974039
60683	1	0.97404
60684	1	0.974042
60685	1	0.974043
60687	2	0.974046
60688	3	0.974051
60695	2	0.974054
60696	1	0.974055
60697	2	0.974058
60698	1	0.97406
60699	1	0.974061
60703	1	0.974063
60704	1	0.974064
60705	2	0.974067
60706	2	0.97407
60707	1	0.974071
60708	3	0.974076
60709	1	0.974077
60711	1	0.974079
60712	2	0.974082
60715	1	0.974083
60717	1	0.974085
60719	1	0.974086
60722	1	0.974088
60724	1	0.974089
60727	1	0.974091
60730	2	0.974093
60731	2	0.974096
60732	2	0.974099
60735	1	0.974101
60737	1	0.974102
60739	1	0.974104
60740	2	0.974107
60741	7	0.974117
60744	1	0.974119
60745	7	0.974129
60747	2	0.974132
60748	1	0.974133
60749	2	0.974136
60750	2	0.974139
60751	1	0.974141
60752	2	0.974144
60753	2	0.974146
60754	5	0.974154
60755	2	0.974157
60756	1	0.974158
60758	1	0.97416
60760	1	0.974161
60768	1	0.974163
60770	1	0.974164
60771	2	0.974167
60772	1	0.974169
60774	1	0.97417
60775	1	0.974172
60779	1	0.974173
60783	1	0.974174
60786	1	0.974176
60787	1	0.974177
60788	1	0.974179
60789	1	0.97418
60790	1	0.974182
60791	1	0.974183
60792	2	0.974186
60793	1	0.974188
60801	1	0.974189
60805	1	0.974191
60807	1	0.974192
60810	2	0.974195
60811	2	0.974198
60812	1	0.9742
60813	6	0.974208
60814	1	0.97421
60821	1	0.974211
60830	1	0.974213
60839	1	0.974214
60840	1	0.974216
60847	1	0.974217
60848	1	0.974219
60851	1	0.97422
60852	2	0.974223
60853	1	0.974225
60862	3	0.974229
60865	1	0.97423
60868	1	0.974232
60887	1	0.974233
60889	1	0.974235
60903	2	0.974238
60908	1	0.974239
60919	1	0.974241
60925	2	0.974244
60928	2	0.974247
60930	1	0.974248
60949	1	0.97425
60952	1	0.974251
60953	1	0.974253
60961	4	0.974258
60963	3	0.974263
60966	1	0.974264
60970	3	0.974269
60972	1	0.97427
60973	3	0.974275
60975	2	0.974278
60978	1	0.974279
60979	1	0.974281
60983	1	0.974282
60989	1	0.974283
60993	1	0.974285
61009	1	0.974286
61013	1	0.974288
61024	1	0.974289
61025	1	0.974291
61033	1	0.974292
61037	1	0.974294
61039	1	0.974295
61040	1	0.974297
61041	1	0.974298
61043	1	0.9743
61046	2	0.974303
61060	1	0.974304
61063	2	0.974307
61065	1	0.974308
61068	4	0.974314
61074	1	0.974316
61075	1	0.974317
61077	1	0.974319
61079	1	0.97432
61080	5	0.974328
61081	1	0.974329
61082	8	0.974341
61084	2	0.974344
61085	3	0.974348
61086	5	0.974356
61087	3	0.97436
61088	2	0.974363
61089	3	0.974367
61090	4	0.974373
61091	2	0.974376
61092	2	0.974379
61094	1	0.974381
61095	1	0.974382
61098	1	0.974384
61099	2	0.974387
61100	4	0.974392
61101	4	0.974398
61103	1	0.9744
61105	1	0.974401
61106	1	0.974403
61109	1	0.974404
61110	1	0.974406
61113	1	0.974407
61115	1	0.974409
61117	1	0.97441
61119	1	0.974412
61121	2	0.974415
61123	1	0.974416
61126	1	0.974417
61130	1	0.974419
61141	1	0.97442
61142	1	0.974422
61151	1	0.974423
61159	2	0.974426
61160	1	0.974428
61168	1	0.974429
61194	1	0.974431
61211	2	0.974434
61213	1	0.974435
61221	1	0.974437
61243	1	0.974438
61244	1	0.97444
61249	1	0.974441
61251	2	0.974444
61263	1	0.974445
61269	3	0.97445
61270	1	0.974451
61286	1	0.974453
61301	2	0.974456
61302	1	0.974457
61314	3	0.974462
61321	2	0.974465
61327	1	0.974466
61335	1	0.974468
61344	1	0.974469
61358	2	0.974472
61367	1	0.974473
61371	1	0.974475
61391	1	0.974476
61397	1	0.974478
61401	1	0.974479
61402	1	0.974481
61410	1	0.974482
61412	3	0.974487
61416	1	0.974488
61426	1	0.97449
61433	1	0.974491
61434	1	0.974493
61438	1	0.974494
61462	1	0.974496
61468	1	0.974497
61471	2	0.9745
61478	1	0.974501
61480	2	0.974504
61483	1	0.974506
61489	1	0.974507
61490	1	0.974509
61500	2	0.974512
61501	1	0.974513
61504	1	0.974515
61505	1	0.974516
61506	1	0.974518
61509	2	0.974521
61517	1	0.974522
61529	1	0.974524
61530	1	0.974525
61537	1	0.974526
61539	1	0.974528
61540	1	0.974529
61545	1	0.974531
61549	1	0.974532
61550	4	0.974538
61551	1	0.97454
61567	1	0.974541
61570	1	0.974543
61571	1	0.974544
61580	1	0.974546
61585	1	0.974547
61596	1	0.974549
61606	1	0.97455
61607	2	0.974553
61617	1	0.974554
61618	2	0.974557
61620	1	0.974559
61626	4	0.974565
61627	9	0.974578
61628	1	0.974579
61629	1	0.974581
61633	3	0.974585
61634	5	0.974593
61637	1	0.974594
61690	1	0.974596
61701	1	0.974597
61703	2	0.9746
61711	1	0.974602
61718	1	0.974603
61719	1	0.974605
61720	2	0.974607
61721	1	0.974609
61722	1	0.97461
61723	3	0.974615
61729	1	0.974616
61730	2	0.974619
61741	1	0.974621
61743	1	0.974622
61747	1	0.974624
61748	1	0.974625
61754	1	0.974627
61755	1	0.974628
61760	1	0.97463
61762	1	0.974631
61764	1	0.974632
61766	3	0.974637
61768	1	0.974638
61774	1	0.97464
61777	1	0.974641
61811	1	0.974643
61812	1	0.974644
61830	1	0.974646
61833	2	0.974649
61835	1	0.97465
61838	1	0.974652
61839	1	0.974653
61841	1	0.974655
61843	2	0.974658
61847	2	0.97466
61848	1	0.974662
61850	1	0.974663
61852	1	0.974665
61854	1	0.974666
61858	1	0.974668
61862	2	0.974671
61865	1	0.974672
61866	2	0.974675
61867	1	0.974677
61868	2	0.97468
61869	1	0.974681
61870	2	0.974684
61871	2	0.974687
61874	3	0.974691
61876	1	0.974693
61878	1	0.974694
61879	1	0.974696
61880	1	0.974697
61881	1	0.974699
61882	2	0.974702
61884	1	0.974703
61886	2	0.974706
61887	1	0.974708
61888	2	0.974711
61889	1	0.974712
61890	2	0.974715
61891	5	0.974722
61893	1	0.974724
61899	6	0.974733
61904	2	0.974736
61905	1	0.974737
61908	1	0.974739
61910	1	0.97474
61912	2	0.974743
61913	1	0.974744
61914	1	0.974746
61918	1	0.974747
61920	2	0.97475
61921	2	0.974753
61922	1	0.974755
61924	2	0.974758
61926	1	0.974759
61928	1	0.974761
61929	3	0.974765
61930	1	0.974767
61936	1	0.974768
61937	2	0.974771
61938	4	0.974777
61939	4	0.974783
61941	3	0.974787
61942	1	0.974789
61944	1	0.97479
61946	1	0.974792
61954	1	0.974793
61955	1	0.974794
61973	2	0.974797
61977	1	0.974799
61980	2	0.974802
61989	1	0.974803
61991	1	0.974805
61992	1	0.974806
62006	1	0.974808
62011	1	0.974809
62018	1	0.974811
62020	2	0.974814
62021	1	0.974815
62022	2	0.974818
62027	1	0.97482
62030	3	0.974824
62033	2	0.974827
62035	1	0.974828
62038	1	0.97483
62040	1	0.974831
62050	1	0.974833
62054	1	0.974834
62055	1	0.974836
62056	4	0.974842
62060	1	0.974843
62061	1	0.974845
62062	2	0.974848
62063	4	0.974853
62065	1	0.974855
62067	3	0.974859
62069	1	0.974861
62070	1	0.974862
62071	1	0.974864
62072	9	0.974877
62073	3	0.974881
62074	6	0.97489
62075	5	0.974898
62076	1	0.974899
62077	2	0.974902
62078	2	0.974905
62087	3	0.974909
62089	1	0.974911
62090	2	0.974914
62091	4	0.97492
62092	1	0.974921
62093	3	0.974926
62097	1	0.974927
62099	1	0.974928
62107	1	0.97493
62113	2	0.974933
62121	1	0.974934
62123	1	0.974936
62125	1	0.974937
62133	1	0.974939
62151	1	0.97494
62167	1	0.974942
62174	1	0.974943
62176	1	0.974945
62180	1	0.974946
62181	1	0.974948
62204	2	0.974951
62205	1	0.974952
62206	1	0.974954
62210	1	0.974955
62211	1	0.974956
62225	1	0.974958
62228	1	0.974959
62260	6	0.974968
62265	1	0.97497
62285	1	0.974971
62288	1	0.974973
62303	1	0.974974
62312	2	0.974977
62313	1	0.974979
62316	1	0.97498
62321	1	0.974982
62322	1	0.974983
62328	1	0.974984
62329	1	0.974986
62330	2	0.974989
62334	1	0.97499
62335	1	0.974992
62341	1	0.974993
62342	1	0.974995
62344	1	0.974996
62349	2	0.974999
62355	1	0.975001
62358	1	0.975002
62360	1	0.975004
62376	1	0.975005
62378	1	0.975007
62380	3	0.975011
62383	1	0.975012
62385	2	0.975015
62394	1	0.975017
62396	1	0.975018
62400	1	0.97502
62404	1	0.975021
62411	1	0.975023
62412	3	0.975027
62417	1	0.975029
62421	1	0.97503
62440	1	0.975032
62470	1	0.975033
62477	3	0.975037
62479	1	0.975039
62485	1	0.97504
62488	1	0.975042
62489	6	0.975051
62490	1	0.975052
62491	1	0.975054
62492	1	0.975055
62493	2	0.975058
62494	1	0.97506
62495	3	0.975064
62496	1	0.975065
62497	1	0.975067
62498	1	0.975068
62501	2	0.975071
62505	1	0.975073
62510	1	0.975074
62523	2	0.975077
62527	1	0.975079
62529	1	0.97508
62530	1	0.975082
62534	1	0.975083
62535	1	0.975085
62537	1	0.975086
62538	2	0.975089
62542	1	0.97509
62545	2	0.975093
62546	1	0.975095
62551	1	0.975096
62553	1	0.975098
62556	1	0.975099
62557	1	0.975101
62569	1	0.975102
62580	1	0.975104
62597	1	0.975105
62609	1	0.975107
62614	2	0.97511
62617	1	0.975111
62623	2	0.975114
62626	1	0.975116
62633	2	0.975118
62634	1	0.97512
62636	1	0.975121
62638	3	0.975126
62644	1	0.975127
62645	1	0.975129
62649	1	0.97513
62677	1	0.975132
62727	2	0.975135
62741	1	0.975136
62742	1	0.975138
62743	3	0.975142
62749	1	0.975144
62750	1	0.975145
62762	1	0.975146
62770	1	0.975148
62774	1	0.975149
62787	1	0.975151
62789	2	0.975154
62790	1	0.975155
62799	1	0.975157
62801	1	0.975158
62802	1	0.97516
62813	1	0.975161
62831	1	0.975163
62844	1	0.975164
62848	1	0.975166
62860	1	0.975167
62865	1	0.975169
62878	1	0.97517
62890	1	0.975171
62891	2	0.975174
62899	1	0.975176
62900	1	0.975177
62904	1	0.975179
62912	1	0.97518
62916	1	0.975182
62919	1	0.975183
62922	1	0.975185
62934	2	0.975188
62935	1	0.975189
62947	1	0.975191
62948	1	0.975192
62950	1	0.975194
62973	1	0.975195
62974	1	0.975197
62975	1	0.975198
62979	1	0.975199
62984	2	0.975202
62986	3	0.975207
62988	1	0.975208
62989	1	0.97521
63006	1	0.975211
63009	1	0.975213
63011	1	0.975214
63014	1	0.975216
63016	1	0.975217
63036	3	0.975222
63037	1	0.975223
63040	10	0.975238
63041	1	0.975239
63049	1	0.975241
63050	1	0.975242
63051	1	0.975244
63052	1	0.975245
63053	1	0.975247
63056	2	0.97525
63063	1	0.975251
63071	2	0.975254
63074	1	0.975255
63077	1	0.975257
63078	1	0.975258
63079	1	0.97526
63080	2	0.975263
63082	4	0.975269
63083	2	0.975272
63087	2	0.975275
63088	3	0.975279
63090	1	0.97528
63091	2	0.975283
63092	1	0.975285
63097	1	0.975286
63099	1	0.975288
63100	1	0.975289
63101	1	0.975291
63104	2	0.975294
63105	1	0.975295
63107	1	0.975297
63124	2	0.9753
63145	1	0.975301
63150	1	0.975303
63153	1	0.975304
63163	2	0.975307
63165	1	0.975308
63176	3	0.975313
63179	1	0.975314
63197	1	0.975316
63201	1	0.975317
63204	1	0.975319
63210	1	0.97532
63211	1	0.975322
63212	1	0.975323
63230	1	0.975325
63231	1	0.975326
63232	1	0.975328
63235	2	0.975331
63241	1	0.975332
63247	1	0.975333
63260	2	0.975336
63283	2	0.975339
63306	1	0.975341
63322	1	0.975342
63328	1	0.975344
63342	1	0.975345
63344	2	0.975348
63348	2	0.975351
63349	1	0.975353
63356	1	0.975354
63363	1	0.975356
63366	2	0.975359
63380	1	0.97536
63383	2	0.975363
63390	1	0.975364
63391	1	0.975366
63394	3	0.97537
63399	2	0.975373
63407	3	0.975378
63427	3	0.975382
63451	1	0.975384
63459	1	0.975385
63460	1	0.975387
63464	2	0.975389
63465	2	0.975392
63470	1	0.975394
63471	1	0.975395
63478	1	0.975397
63481	1	0.975398
63488	1	0.9754
63492	1	0.975401
63494	1	0.975403
63500	1	0.975404
63507	1	0.975406
63511	1	0.975407
63523	1	0.975409
63533	2	0.975412
63550	1	0.975413
63551	2	0.975416
63554	1	0.975417
63556	1	0.975419
63557	3	0.975423
63558	2	0.975426
63559	1	0.975428
63561	1	0.975429
63571	1	0.975431
63581	1	0.975432
63584	1	0.975434
63588	1	0.975435
63602	1	0.975437
63612	1	0.975438
63615	2	0.975441
63623	1	0.975442
63628	1	0.975444
63636	1	0.975445
63646	2	0.975448
63648	1	0.97545
63653	1	0.975451
63655	1	0.975453
63660	1	0.975454
63661	1	0.975456
63666	1	0.975457
63669	1	0.975459
63682	1	0.97546
63684	2	0.975463
63685	1	0.975465
63686	1	0.975466
63688	2	0.975469
63689	1	0.97547
63695	3	0.975475
63696	1	0.975476
63702	1	0.975478
63704	8	0.97549
63706	1	0.975491
63709	2	0.975494
63711	1	0.975495
63720	1	0.975497
63734	1	0.975498
63737	2	0.975501
63738	1	0.975503
63745	3	0.975507
63748	1	0.975509
63757	1	0.97551
63772	2	0.975513
63773	1	0.975515
63779	1	0.975516
63786	2	0.975519
63808	1	0.975521
63816	2	0.975523
63817	2	0.975526
63818	1	0.975528
63819	1	0.975529
63820	4	0.975535
63827	2	0.975538
63833	1	0.97554
63837	7	0.97555
63838	1	0.975551
63841	1	0.975553
63842	2	0.975556
63843	1	0.975557
63844	1	0.975559
63846	3	0.975563
63847	1	0.975565
63848	3	0.975569
63850	2	0.975572
63851	3	0.975576
63853	2	0.975579
63854	1	0.975581
63857	1	0.975582
63868	1	0.975584
63869	1	0.975585
63872	2	0.975588
63875	2	0.975591
63877	2	0.975594
63878	1	0.975596
63880	4	0.975602
63881	1	0.975603
63884	2	0.975606
63885	2	0.975609
63886	1	0.97561
63888	2	0.975613
63889	2	0.975616
63890	1	0.975618
63891	6	0.975627
63892	2	0.97563
63893	4	0.975635
63894	5	0.975643
63896	1	0.975644
63898	1	0.975646
63899	6	0.975655
63901	2	0.975657
63903	1	0.975659
63904	1	0.97566
63905	1	0.975662
63906	2	0.975665
63910	1	0.975666
63916	1	0.975668
63917	1	0.975669
63922	1	0.975671
63924	1	0.975672
63925	1	0.975674
63927	1	0.975675
63928	4	0.975681
63929	3	0.975685
63931	2	0.975688
63934	1	0.97569
63935	1	0.975691
63939	4	0.975697
63941	4	0.975703
63945	2	0.975706
63946	1	0.975708
63947	1	0.975709
63948	5	0.975716
63949	3	0.975721
63950	4	0.975727
63953	1	0.975728
63954	1	0.97573
63955	3	0.975734
63956	2	0.975737
63957	2	0.97574
63958	7	0.97575
63959	1	0.975752
63960	5	0.975759
63961	4	0.975765
63962	10	0.97578
63963	4	0.975786
63964	1	0.975787
63965	7	0.975797
63966	3	0.975802
63967	3	0.975806
63968	2	0.975809
63969	4	0.975815
63970	2	0.975818
63971	1	0.975819
63973	1	0.975821
63976	1	0.975822
63978	2	0.975825
63979	1	0.975827
63980	2	0.97583
63986	2	0.975833
63989	4	0.975839
63990	3	0.975843
63991	1	0.975845
63992	3	0.975849
63994	7	0.975859
63997	2	0.975862
63998	2	0.975865
63999	2	0.975868
64000	1	0.97587
64001	3	0.975874
64002	1	0.975875
64003	2	0.975878
64012	1	0.97588
64013	1	0.975881
64015	1	0.975883
64016	1	0.975884
64020	3	0.975889
64026	3	0.975893
64030	1	0.975895
64039	2	0.975898
64045	1	0.975899
64048	1	0.9759
64054	1	0.975902
64062	1	0.975903
64063	2	0.975906
64065	1	0.975908
64066	2	0.975911
64067	1	0.975912
64069	6	0.975921
64070	2	0.975924
64071	1	0.975926
64072	3	0.97593
64073	2	0.975933
64074	1	0.975934
64076	1	0.975936
64079	2	0.975939
64080	3	0.975943
64081	2	0.975946
64082	1	0.975948
64083	1	0.975949
64084	1	0.975951
64085	2	0.975954
64086	1	0.975955
64089	6	0.975964
64090	3	0.975968
64091	1	0.97597
64094	1	0.975971
64100	1	0.975973
64101	1	0.975974
64103	1	0.975976
64107	1	0.975977
64110	5	0.975984
64111	1	0.975986
64112	2	0.975989
64116	1	0.97599
64118	1	0.975992
64119	1	0.975993
64120	3	0.975998
64122	2	0.976001
64124	1	0.976002
64125	2	0.976005
64127	1	0.976007
64128	1	0.976008
64133	2	0.976011
64135	1	0.976012
64139	1	0.976014
64147	1	0.976015
64153	1	0.976017
64160	1	0.976018
64161	1	0.97602
64163	3	0.976024
64166	1	0.976026
64169	1	0.976027
64171	1	0.976029
64177	1	0.97603
64180	1	0.976032
64181	1	0.976033
64184	1	0.976035
64189	1	0.976036
64198	1	0.976037
64210	1	0.976039
64217	1	0.97604
64218	1	0.976042
64221	1	0.976043
64231	1	0.976045
64239	1	0.976046
64240	3	0.976051
64241	2	0.976054
64243	1	0.976055
64251	1	0.976057
64252	1	0.976058
64253	1	0.97606
64256	1	0.976061
64295	1	0.976062
64298	2	0.976065
64307	1	0.976067
64310	1	0.976068
64324	2	0.976071
64337	1	0.976073
64339	2	0.976076
64346	1	0.976077
64352	1	0.976079
64356	1	0.97608
64359	2	0.976083
64362	1	0.976085
64366	1	0.976086
64368	1	0.976088
64371	2	0.97609
64372	1	0.976092
64375	1	0.976093
64384	1	0.976095
64385	6	0.976104
64387	2	0.976107
64389	1	0.976108
64390	2	0.976111
64392	1	0.976113
64393	2	0.976116
64395	2	0.976118
64396	1	0.97612
64405	1	0.976121
64407	1	0.976123
64408	2	0.976126
64409	1	0.976127
64410	1	0.976129
64414	4	0.976135
64423	1	0.976136
64425	1	0.976138
64431	1	0.976139
64432	1	0.976141
64434	2	0.976143
64438	1	0.976145
64440	1	0.976146
64441	1	0.976148
64442	1	0.976149
64446	1	0.976151
64451	2	0.976154
64452	1	0.976155
64453	1	0.976157
64454	2	0.97616
64456	5	0.976167
64457	2	0.97617
64463	2	0.976173
64464	1	0.976174
64465	1	0.976176
64467	1	0.976177
64470	3	0.976182
64471	1	0.976183
64472	1	0.976185
64473	1	0.976186
64474	3	0.976191
64476	1	0.976192
64477	2	0.976195
64481	2	0.976198
64482	1	0.976199
64484	2	0.976202
64485	1	0.976204
64486	1	0.976205
64487	1	0.976207
64488	1	0.976208
64490	4	0.976214
64491	4	0.97622
64492	2	0.976223
64493	1	0.976224
64494	1	0.976226
64496	2	0.976229
64504	1	0.97623
64505	1	0.976232
64513	1	0.976233
64515	1	0.976235
64523	1	0.976236
64527	2	0.976239
64529	1	0.976241
64530	1	0.976242
64531	4	0.976248
64532	3	0.976252
64533	2	0.976255
64534	6	0.976264
64535	8	0.976276
64537	2	0.976279
64538	1	0.97628
64539	7	0.976291
64540	1	0.976292
64541	2	0.976295
64542	4	0.976301
64543	1	0.976303
64544	3	0.976307
64545	3	0.976311
64546	8	0.976323
64547	12	0.976341
64548	1	0.976342
64549	3	0.976347
64550	5	0.976354
64552	1	0.976356
64553	3	0.97636
64554	1	0.976361
64556	2	0.976364
64558	3	0.976369
64563	2	0.976372
64565	3	0.976376
64566	7	0.976386
64567	1	0.976388
64568	3	0.976392
64573	1	0.976394
64574	1	0.976395
64576	1	0.976397
64577	3	0.976401
64578	1	0.976403
64581	1	0.976404
64582	1	0.976406
64584	1	0.976407
64585	1	0.976409
64587	1	0.97641
64588	4	0.976416
64589	1	0.976417
64591	3	0.976422
64592	2	0.976425
64593	1	0.976426
64594	5	0.976434
64596	4	0.97644
64604	2	0.976442
64608	1	0.976444
64609	1	0.976445
64618	1	0.976447
64620	2	0.97645
64624	3	0.976454
64625	1	0.976456
64626	1	0.976457
64627	1	0.976459
64628	1	0.97646
64630	1	0.976462
64632	5	0.976469
64635	1	0.97647
64636	1	0.976472
64637	1	0.976473
64638	1	0.976475
64639	2	0.976478
64640	1	0.976479
64641	3	0.976484
64642	3	0.976488
64643	8	0.9765
64644	5	0.976507
64646	1	0.976509
64649	2	0.976512
64650	2	0.976515
64651	1	0.976516
64652	1	0.976518
64655	1	0.976519
64656	2	0.976522
64657	2	0.976525
64658	1	0.976526
64666	2	0.976529
64667	15	0.976551
64668	1	0.976553
64670	1	0.976554
64671	8	0.976566
64675	1	0.976568
64676	3	0.976572
64681	1	0.976574
64686	1	0.976575
64692	1	0.976576
64698	2	0.976579
64699	2	0.976582
64701	2	0.976585
64703	1	0.976587
64704	3	0.976591
64708	3	0.976596
64709	2	0.976599
64710	5	0.976606
64711	3	0.97661
64712	2	0.976613
64715	1	0.976615
64716	1	0.976616
64719	5	0.976624
64721	3	0.976628
64722	2	0.976631
64725	1	0.976632
64726	2	0.976635
64729	7	0.976646
64730	1	0.976647
64732	1	0.976649
64735	4	0.976655
64736	1	0.976656
64738	1	0.976657
64739	1	0.976659
64740	2	0.976662
64741	9	0.976675
64742	2	0.976678
64743	9	0.976691
64744	4	0.976697
64745	5	0.976705
64746	2	0.976708
64747	2	0.97671
64753	2	0.976713
64759	1	0.976715
64765	1	0.976716
64769	1	0.976718
64770	1	0.976719
64780	1	0.976721
64793	2	0.976724
64795	3	0.976728
64797	2	0.976731
64798	1	0.976733
64804	1	0.976734
64805	1	0.976736
64807	1	0.976737
64808	6	0.976746
64812	1	0.976747
64814	1	0.976749
64817	1	0.97675
64824	1	0.976752
64825	1	0.976753
64834	1	0.976755
64836	1	0.976756
64856	1	0.976758
64862	1	0.976759
64872	1	0.976761
64874	3	0.976765
64876	1	0.976766
64877	9	0.97678
64878	3	0.976784
64881	1	0.976786
64920	1	0.976787
64922	1	0.976789
64930	3	0.976793
64931	1	0.976794
64933	1	0.976796
64935	2	0.976799
64938	2	0.976802
64940	1	0.976803
64941	1	0.976805
64942	1	0.976806
64946	5	0.976814
64950	2	0.976817
64955	2	0.976819
64956	1	0.976821
64961	1	0.976822
64969	1	0.976824
64970	1	0.976825
64979	2	0.976828
64982	1	0.97683
64985	1	0.976831
64998	2	0.976834
65003	1	0.976836
65010	1	0.976837
65013	1	0.976839
65022	1	0.97684
65027	1	0.976842
65029	1	0.976843
65030	1	0.976845
65034	1	0.976846
65035	3	0.97685
65036	3	0.976855
65037	1	0.976856
65038	1	0.976858
65040	1	0.976859
65041	3	0.976864
65043	1	0.976865
65044	2	0.976868
65045	6	0.976877
65048	2	0.97688
65050	1	0.976881
65052	3	0.976886
65053	1	0.976887
65054	1	0.976889
65056	4	0.976895
65057	1	0.976896
65058	13	0.976915
65059	4	0.976921
65060	3	0.976926
65061	4	0.976931
65062	6	0.97694
65063	2	0.976943
65065	1	0.976945
65066	3	0.976949
65067	2	0.976952
65068	1	0.976953
65069	1	0.976955
65070	2	0.976958
65071	6	0.976967
65072	3	0.976971
65073	3	0.976976
65074	1	0.976977
65078	3	0.976981
65079	1	0.976983
65081	1	0.976984
65082	2	0.976987
65083	1	0.976989
65084	1	0.97699
65085	1	0.976992
65086	1	0.976993
65087	3	0.976998
65088	3	0.977002
65091	2	0.977005
65097	1	0.977007
65099	1	0.977008
65101	4	0.977014
65108	1	0.977015
65110	1	0.977017
65115	1	0.977018
65118	1	0.97702
65153	1	0.977021
65156	2	0.977024
65157	2	0.977027
65158	2	0.97703
65160	5	0.977037
65161	1	0.977039
65162	1	0.97704
65163	3	0.977045
65164	1	0.977046
65166	2	0.977049
65167	2	0.977052
65169	1	0.977054
65171	1	0.977055
65173	1	0.977057
65174	3	0.977061
65206	1	0.977062
65211	1	0.977064
65234	1	0.977065
65262	1	0.977067
65337	1	0.977068
65391	1	0.97707
65395	1	0.977071
65424	1	0.977073
65429	1	0.977074
65431	1	0.977076
65434	1	0.977077
65466	1	0.977079
65490	1	0.97708
65497	1	0.977082
65503	1	0.977083
65516	1	0.977085
65517	2	0.977087
65518	2	0.97709
65519	3	0.977095
65520	1	0.977096
65525	1	0.977098
65529	1	0.977099
65530	1	0.977101
65531	1	0.977102
65532	3	0.977107
65533	1	0.977108
65535	1	0.97711
65539	1	0.977111
65542	3	0.977115
65550	1	0.977117
65572	2	0.97712
65573	1	0.977121
65580	1	0.977123
65581	1	0.977124
65582	1	0.977126
65585	1	0.977127
65590	1	0.977129
65592	1	0.97713
65601	1	0.977132
65603	1	0.977133
65605	2	0.977136
65610	3	0.977141
65612	2	0.977143
65614	1	0.977145
65617	1	0.977146
65618	1	0.977148
65632	1	0.977149
65637	1	0.977151
65639	1	0.977152
65641	3	0.977157
65643	1	0.977158
65645	1	0.97716
65648	1	0.977161
65651	1	0.977163
65654	1	0.977164
65657	1	0.977166
65658	1	0.977167
65662	1	0.977168
65664	3	0.977173
65665	3	0.977177
65667	8	0.977189
65668	3	0.977194
65694	1	0.977195
65706	1	0.977196
65711	1	0.977198
65712	2	0.977201
65713	2	0.977204
65715	1	0.977205
65716	30	0.977249
65717	1	0.977251
65718	3	0.977255
65719	2	0.977258
65721	5	0.977266
65722	1	0.977267
65724	2	0.97727
65725	3	0.977275
65726	3	0.977279
65727	6	0.977288
65728	6	0.977297
65729	3	0.977301
65730	5	0.977308
65731	3	0.977313
65733	1	0.977314
65734	1	0.977316
65735	1	0.977317
65739	1	0.977319
65741	8	0.97733
65742	3	0.977335
65743	3	0.977339
65744	2	0.977342
65745	1	0.977344
65746	1	0.977345
65750	4	0.977351
65751	3	0.977356
65752	1	0.977357
65753	1	0.977358
65755	1	0.97736
65756	2	0.977363
65757	1	0.977364
65758	1	0.977366
65760	1	0.977367
65761	2	0.97737
65763	1	0.977372
65764	2	0.977375
65765	1	0.977376
65766	1	0.977378
65767	2	0.977381
65771	1	0.977382
65773	1	0.977384
65775	5	0.977391
65782	1	0.977392
65789	1	0.977394
65797	1	0.977395
65803	1	0.977397
65811	1	0.977398
65812	1	0.9774
65842	1	0.977401
65862	1	0.977403
65870	1	0.977404
65873	1	0.977406
65875	1	0.977407
65876	1	0.977409
65881	1	0.97741
65885	1	0.977411
65886	1	0.977413
65887	1	0.977414
65889	2	0.977417
65891	1	0.977419
65895	1	0.97742
65898	1	0.977422
65900	1	0.977423
65907	1	0.977425
65908	2	0.977428
65913	1	0.977429
65918	3	0.977434
65920	1	0.977435
65933	2	0.977438
65938	1	0.977439
65946	2	0.977442
65947	3	0.977447
65949	3	0.977451
65950	5	0.977459
65951	7	0.977469
65952	3	0.977473
65954	3	0.977478
65956	3	0.977482
65957	2	0.977485
65960	4	0.977491
65961	2	0.977494
65967	1	0.977495
65968	3	0.9775
65969	3	0.977504
65970	4	0.97751
65971	2	0.977513
65972	2	0.977516
65975	6	0.977525
65976	15	0.977547
65977	6	0.977556
65978	15	0.977578
65979	8	0.97759
65980	3	0.977594
65981	1	0.977596
65987	6	0.977604
65988	1	0.977606
65989	2	0.977609
65991	2	0.977612
65993	4	0.977618
65995	2	0.977621
65996	1	0.977622
65997	2	0.977625
65998	2	0.977628
65999	2	0.977631
66001	2	0.977634
66002	1	0.977635
66017	1	0.977637
66022	1	0.977638
66028	2	0.977641
66035	1	0.977643
66037	1	0.977644
66038	1	0.977646
66041	1	0.977647
66056	1	0.977649
66067	1	0.97765
66120	1	0.977652
66123	1	0.977653
66124	1	0.977654
66139	1	0.977656
66148	2	0.977659
66150	3	0.977663
66152	3	0.977668
66154	1	0.977669
66155	1	0.977671
66156	1	0.977672
66160	1	0.977674
66208	1	0.977675
66248	1	0.977677
66250	1	0.977678
66269	1	0.97768
66278	1	0.977681
66279	3	0.977685
66396	1	0.977687
66426	1	0.977688
66453	1	0.97769
66467	1	0.977691
66523	1	0.977693
66541	2	0.977696
66543	1	0.977697
66548	1	0.977699
66563	1	0.9777
66636	1	0.977702
66655	1	0.977703
66673	1	0.977705
66679	1	0.977706
66697	1	0.977708
66712	1	0.977709
66731	1	0.97771
66732	1	0.977712
66736	1	0.977713
66739	1	0.977715
66749	1	0.977716
66751	1	0.977718
66756	1	0.977719
66783	1	0.977721
66786	1	0.977722
66797	1	0.977724
66803	1	0.977725
66806	1	0.977727
66809	2	0.97773
66810	1	0.977731
66812	1	0.977733
66817	1	0.977734
66845	1	0.977735
66849	1	0.977737
66863	1	0.977738
66880	1	0.97774
66887	1	0.977741
66897	1	0.977743
66902	1	0.977744
66914	1	0.977746
66916	1	0.977747
66917	1	0.977749
66946	1	0.97775
66961	1	0.977752
66972	1	0.977753
66975	1	0.977755
66983	1	0.977756
67009	1	0.977758
67036	1	0.977759
67040	2	0.977762
67050	1	0.977763
67077	1	0.977765
67103	1	0.977766
67107	1	0.977768
67109	1	0.977769
67120	1	0.977771
67125	1	0.977772
67145	2	0.977775
67183	1	0.977777
67215	1	0.977778
67240	1	0.97778
67242	1	0.977781
67253	2	0.977784
67259	1	0.977786
67278	1	0.977787
67371	1	0.977789
67406	1	0.97779
67409	1	0.977791
67421	1	0.977793
67442	1	0.977794
67455	1	0.977796
67460	1	0.977797
67467	1	0.977799
67472	1	0.9778
67482	1	0.977802
67489	1	0.977803
67490	1	0.977805
67510	1	0.977806
67590	1	0.977808
67685	1	0.977809
67713	1	0.977811
67714	2	0.977814
67726	1	0.977815
67730	2	0.977818
67731	1	0.977819
67733	1	0.977821
67736	1	0.977822
67740	1	0.977824
67742	1	0.977825
67751	1	0.977827
67753	1	0.977828
67754	2	0.977831
67763	1	0.977833
67775	1	0.977834
67778	1	0.977836
67797	1	0.977837
67805	1	0.977839
67810	1	0.97784
67849	1	0.977842
67864	1	0.977843
67865	1	0.977844
67869	1	0.977846
67870	1	0.977847
67871	1	0.977849
67873	1	0.97785
67893	1	0.977852
67902	1	0.977853
67903	1	0.977855
67911	1	0.977856
67916	6	0.977865
67920	2	0.977868
67935	1	0.97787
67955	1	0.977871
67965	2	0.977874
67979	1	0.977875
67981	1	0.977877
67990	2	0.97788
67999	1	0.977881
68014	1	0.977883
68015	3	0.977887
68016	7	0.977897
68017	1	0.977899
68018	2	0.977902
68019	1	0.977903
68020	1	0.977905
68024	1	0.977906
68037	1	0.977908
68038	2	0.977911
68040	1	0.977912
68052	2	0.977915
68070	2	0.977918
68071	1	0.97792
68091	1	0.977921
68107	1	0.977923
68108	1	0.977924
68109	1	0.977925
68112	1	0.977927
68134	1	0.977928
68138	2	0.977931
68151	1	0.977933
68169	2	0.977936
68173	1	0.977937
68180	1	0.977939
68191	2	0.977942
68193	2	0.977945
68197	4	0.977951
68199	1	0.977952
68203	1	0.977953
68220	1	0.977955
68224	1	0.977956
68247	1	0.977958
68258	1	0.977959
68281	1	0.977961
68282	1	0.977962
68290	1	0.977964
68314	1	0.977965
68315	1	0.977967
68316	1	0.977968
68319	1	0.97797
68324	3	0.977974
68327	3	0.977978
68328	3	0.977983
68334	1	0.977984
68335	3	0.977989
68336	4	0.977995
68337	1	0.977996
68338	3	0.978001
68339	10	0.978015
68340	2	0.978018
68341	1	0.97802
68342	2	0.978023
68346	1	0.978024
68347	1	0.978026
68348	1	0.978027
68351	3	0.978032
68352	1	0.978033
68364	1	0.978034
68386	1	0.978036
68390	3	0.97804
68391	2	0.978043
68398	1	0.978045
68399	1	0.978046
68404	2	0.978049
68405	2	0.978052
68409	2	0.978055
68425	1	0.978057
68440	2	0.978059
68442	1	0.978061
68443	2	0.978064
68445	2	0.978067
68448	1	0.978068
68449	1	0.97807
68450	1	0.978071
68452	3	0.978076
68456	1	0.978077
68460	2	0.97808
68464	1	0.978082
68489	1	0.978083
68490	1	0.978085
68503	2	0.978087
68521	1	0.978089
68525	1	0.97809
68529	1	0.978092
68534	1	0.978093
68537	1	0.978095
68541	2	0.978098
68543	1	0.978099
68548	1	0.978101
68549	3	0.978105
68552	1	0.978107
68555	1	0.978108
68561	1	0.97811
68567	1	0.978111
68576	1	0.978113
68578	1	0.978114
68591	2	0.978117
68592	1	0.978118
68594	1	0.97812
68603	1	0.978121
68610	2	0.978124
68612	1	0.978126
68613	1	0.978127
68614	3	0.978132
68617	1	0.978133
68621	1	0.978135
68623	1	0.978136
68627	1	0.978138
68629	2	0.97814
68638	1	0.978142
68642	1	0.978143
68648	1	0.978145
68649	2	0.978148
68658	1	0.978149
68673	1	0.978151
68682	1	0.978152
68683	1	0.978154
68696	1	0.978155
68722	1	0.978157
68723	2	0.97816
68738	1	0.978161
68741	1	0.978163
68752	1	0.978164
68754	2	0.978167
68755	2	0.97817
68756	1	0.978171
68760	1	0.978173
68761	1	0.978174
68764	1	0.978176
68766	2	0.978179
68767	4	0.978185
68768	1	0.978186
68771	1	0.978188
68772	1	0.978189
68774	1	0.978191
68775	1	0.978192
68788	2	0.978195
68792	1	0.978196
68798	1	0.978198
68800	2	0.978201
68801	1	0.978202
68807	2	0.978205
68808	1	0.978207
68809	1	0.978208
68810	1	0.97821
68813	1	0.978211
68814	1	0.978213
68816	2	0.978216
68818	1	0.978217
68831	1	0.978219
68837	2	0.978221
68839	1	0.978223
68845	2	0.978226
68846	1	0.978227
68848	1	0.978229
68849	1	0.97823
68858	2	0.978233
68860	1	0.978235
68865	3	0.978239
68867	1	0.978241
68868	1	0.978242
68870	1	0.978244
68876	1	0.978245
68882	1	0.978247
68886	1	0.978248
68890	1	0.978249
68893	1	0.978251
68896	2	0.978254
68898	2	0.978257
68904	1	0.978258
68907	1	0.97826
68918	1	0.978261
68920	3	0.978266
68924	1	0.978267
68925	1	0.978269
68928	2	0.978272
68933	1	0.978273
68938	1	0.978275
68942	1	0.978276
68944	1	0.978277
68960	1	0.978279
68969	1	0.97828
68975	1	0.978282
68976	1	0.978283
68981	2	0.978286
68990	1	0.978288
68991	1	0.978289
68996	1	0.978291
69000	1	0.978292
69006	1	0.978294
69010	1	0.978295
69011	1	0.978297
69014	1	0.978298
69025	3	0.978302
69032	1	0.978304
69033	2	0.978307
69034	1	0.978308
69040	1	0.97831
69047	1	0.978311
69049	1	0.978313
69055	1	0.978314
69060	1	0.978316
69065	3	0.97832
69066	1	0.978322
69068	2	0.978325
69070	1	0.978326
69071	1	0.978328
69076	1	0.978329
69081	1	0.97833
69083	1	0.978332
69086	1	0.978333
69090	1	0.978335
69091	1	0.978336
69097	1	0.978338
69098	1	0.978339
69101	1	0.978341
69102	1	0.978342
69110	1	0.978344
69128	4	0.97835
69132	1	0.978351
69142	1	0.978353
69146	1	0.978354
69151	1	0.978356
69155	1	0.978357
69162	2	0.97836
69168	2	0.978363
69169	1	0.978364
69171	2	0.978367
69173	1	0.978369
69174	1	0.97837
69175	1	0.978372
69186	1	0.978373
69190	1	0.978375
69194	1	0.978376
69196	3	0.978381
69197	1	0.978382
69199	1	0.978383
69208	1	0.978385
69213	2	0.978388
69216	2	0.978391
69223	1	0.978392
69226	1	0.978394
69230	1	0.978395
69244	1	0.978397
69248	1	0.978398
69249	2	0.978401
69261	2	0.978404
69263	1	0.978406
69269	1	0.978407
69279	2	0.97841
69282	1	0.978411
69293	1	0.978413
69307	3	0.978417
69316	1	0.978419
69317	2	0.978422
69321	1	0.978423
69332	1	0.978425
69333	1	0.978426
69338	1	0.978428
69344	1	0.978429
69346	1	0.978431
69349	1	0.978432
69352	1	0.978434
69360	1	0.978435
69366	2	0.978438
69367	1	0.978439
69369	1	0.978441
69379	1	0.978442
69382	1	0.978444
69383	1	0.978445
69396	1	0.978447
69400	1	0.978448
69401	1	0.97845
69407	1	0.978451
69408	1	0.978453
69409	1	0.978454
69413	1	0.978456
69414	1	0.978457
69424	1	0.978459
69427	2	0.978462
69429	1	0.978463
69438	1	0.978464
69441	1	0.978466
69445	1	0.978467
69455	1	0.978469
69459	1	0.97847
69478	1	0.978472
69482	1	0.978473
69483	1	0.978475
69485	1	0.978476
69487	3	0.978481
69492	1	0.978482
69493	1	0.978484
69496	1	0.978485
69498	1	0.978487
69501	1	0.978488
69505	2	0.978491
69513	1	0.978492
69517	1	0.978494
69519	1	0.978495
69521	1	0.978497
69523	1	0.978498
69525	1	0.9785
69526	1	0.978501
69528	1	0.978503
69529	1	0.978504
69533	1	0.978506
69536	1	0.978507
69541	1	0.978509
69542	1	0.97851
69543	2	0.978513
69545	1	0.978515
69547	2	0.978518
69551	1	0.978519
69557	1	0.97852
69567	3	0.978525
69571	2	0.978528
69575	1	0.978529
69578	1	0.978531
69583	1	0.978532
69584	1	0.978534
69587	2	0.978537
69589	1	0.978538
69590	2	0.978541
69591	1	0.978543
69597	1	0.978544
69619	1	0.978545
69620	1	0.978547
69624	1	0.978548
69633	1	0.97855
69639	1	0.978551
69641	1	0.978553
69646	1	0.978554
69647	1	0.978556
69652	2	0.978559
69662	1	0.97856
69663	1	0.978562
69669	1	0.978563
69671	1	0.978565
69675	1	0.978566
69690	1	0.978568
69701	1	0.978569
69703	1	0.978571
69704	1	0.978572
69707	7	0.978582
69708	1	0.978584
69718	1	0.978585
69722	1	0.978587
69732	2	0.97859
69738	2	0.978593
69740	1	0.978594
69741	1	0.978596
69742	2	0.978599
69746	2	0.978601
69747	1	0.978603
69751	1	0.978604
69758	1	0.978606
69781	1	0.978607
69786	2	0.97861
69790	2	0.978613
69791	2	0.978616
69795	1	0.978618
69797	2	0.978621
69798	1	0.978622
69801	2	0.978625
69804	1	0.978626
69805	1	0.978628
69815	1	0.978629
69816	1	0.978631
69817	1	0.978632
69818	3	0.978637
69819	1	0.978638
69821	1	0.97864
69823	1	0.978641
69824	2	0.978644
69826	1	0.978646
69831	1	0.978647
69834	1	0.978649
69839	1	0.97865
69841	1	0.978652
69842	1	0.978653
69844	1	0.978654
69846	1	0.978656
69851	1	0.978657
69854	1	0.978659
69857	1	0.97866
69864	1	0.978662
69867	1	0.978663
69871	1	0.978665
69880	1	0.978666
69882	2	0.978669
69883	1	0.978671
69885	1	0.978672
69887	1	0.978674
69888	2	0.978677
69899	1	0.978678
69909	1	0.97868
69917	2	0.978682
69927	1	0.978684
69930	1	0.978685
69934	1	0.978687
69939	1	0.978688
69941	1	0.97869
69943	1	0.978691
69945	2	0.978694
69949	1	0.978696
69953	3	0.9787
69955	1	0.978702
69956	1	0.978703
69959	1	0.978705
69961	2	0.978707
69963	1	0.978709
69979	1	0.97871
69981	1	0.978712
69986	1	0.978713
69989	1	0.978715
69992	1	0.978716
69997	1	0.978718
69998	1	0.978719
69999	2	0.978722
70000	2	0.978725
70003	1	0.978727
70005	2	0.97873
70007	1	0.978731
70011	1	0.978733
70016	2	0.978735
70017	1	0.978737
70019	1	0.978738
70021	1	0.97874
70022	2	0.978743
70024	1	0.978744
70029	1	0.978746
70034	2	0.978749
70037	1	0.97875
70046	1	0.978752
70057	2	0.978755
70069	1	0.978756
70071	1	0.978758
70072	1	0.978759
70073	1	0.978761
70079	1	0.978762
70083	1	0.978763
70085	1	0.978765
70086	2	0.978768
70092	1	0.978769
70093	2	0.978772
70094	2	0.978775
70095	1	0.978777
70096	1	0.978778
70097	1	0.97878
70099	1	0.978781
70102	1	0.978783
70104	1	0.978784
70107	1	0.978786
70111	1	0.978787
70112	1	0.978788
70114	1	0.97879
70127	1	0.978791
70130	1	0.978793
70133	1	0.978794
70140	1	0.978796
70141	1	0.978797
70142	1	0.978799
70144	2	0.978802
70147	1	0.978803
70151	1	0.978805
70152	2	0.978808
70154	1	0.978809
70155	1	0.978811
70163	1	0.978812
70165	1	0.978814
70166	1	0.978815
70184	2	0.978818
70193	1	0.978819
70199	1	0.978821
70201	1	0.978822
70202	2	0.978825
70203	1	0.978827
70204	1	0.978828
70205	1	0.97883
70207	2	0.978833
70208	1	0.978834
70209	1	0.978836
70210	1	0.978837
70211	1	0.978839
70218	1	0.97884
70219	1	0.978842
70222	2	0.978844
70226	1	0.978846
70227	1	0.978847
70230	6	0.978856
70231	1	0.978858
70234	1	0.978859
70235	2	0.978862
70236	1	0.978864
70240	1	0.978865
70241	1	0.978867
70247	1	0.978868
70250	1	0.978869
70252	1	0.978871
70253	1	0.978872
70255	2	0.978875
70258	1	0.978877
70264	1	0.978878
70265	1	0.97888
70281	1	0.978881
70289	2	0.978884
70290	1	0.978886
70291	1	0.978887
70292	1	0.978889
70297	1	0.97889
70303	1	0.978892
70308	1	0.978893
70312	1	0.978895
70314	3	0.978899
70316	1	0.9789
70323	2	0.978903
70328	2	0.978906
70333	1	0.978908
70334	1	0.978909
70335	1	0.978911
70337	2	0.978914
70338	1	0.978915
70341	1	0.978917
70347	1	0.978918
70348	1	0.97892
70355	1	0.978921
70356	4	0.978927
70358	1	0.978928
70359	2	0.978931
70364	1	0.978933
70365	1	0.978934
70377	1	0.978936
70379	1	0.978937
70381	1	0.978939
70385	1	0.97894
70394	2	0.978943
70395	2	0.978946
70397	2	0.978949
70398	7	0.978959
70402	1	0.978961
70412	2	0.978964
70424	1	0.978965
70439	1	0.978967
70440	2	0.97897
70450	1	0.978971
70455	1	0.978973
70456	2	0.978976
70457	1	0.978977
70558	1	0.978978
70573	1	0.97898
70581	1	0.978981
70594	1	0.978983
70595	1	0.978984
70599	1	0.978986
70619	1	0.978987
70644	2	0.97899
70646	2	0.978993
70653	2	0.978996
70658	1	0.978998
70665	1	0.978999
70667	1	0.979001
70678	2	0.979004
70680	1	0.979005
70681	2	0.979008
70683	2	0.979011
70710	2	0.979014
70712	1	0.979015
70762	1	0.979017
70769	1	0.979018
70781	1	0.97902
70782	1	0.979021
70784	1	0.979023
70787	1	0.979024
70788	1	0.979026
70789	3	0.97903
70790	1	0.979031
70793	1	0.979033
70802	1	0.979034
70805	2	0.979037
70809	1	0.979039
70816	1	0.97904
70835	1	0.979042
70836	1	0.979043
70853	1	0.979045
70855	1	0.979046
70871	1	0.979048
70878	1	0.979049
70885	1	0.979051
70891	1	0.979052
70896	1	0.979054
70919	2	0.979057
70930	4	0.979062
70953	1	0.979064
70954	1	0.979065
70956	1	0.979067
70981	1	0.979068
71001	1	0.97907
71008	1	0.979071
71027	1	0.979073
71037	2	0.979076
71053	1	0.979077
71054	1	0.979079
71071	1	0.97908
71074	2	0.979083
71092	4	0.979089
71093	1	0.97909
71107	1	0.979092
71109	1	0.979093
71112	1	0.979095
71127	2	0.979098
71157	4	0.979104
71165	1	0.979105
71168	1	0.979107
71192	1	0.979108
71211	1	0.97911
71216	1	0.979111
71225	1	0.979112
71227	1	0.979114
71236	2	0.979117
71276	1	0.979118
71301	1	0.97912
71308	1	0.979121
71314	1	0.979123
71318	2	0.979126
71319	1	0.979127
71323	1	0.979129
71326	1	0.97913
71328	3	0.979135
71331	1	0.979136
71333	1	0.979138
71337	2	0.97914
71352	1	0.979142
71356	1	0.979143
71357	1	0.979145
71358	1	0.979146
71372	2	0.979149
71384	1	0.979151
71391	1	0.979152
71400	2	0.979155
71401	1	0.979157
71415	1	0.979158
71416	2	0.979161
71421	1	0.979163
71425	2	0.979166
71431	1	0.979167
71435	2	0.97917
71436	1	0.979171
71443	1	0.979173
71447	3	0.979177
71462	2	0.97918
71467	1	0.979182
71482	1	0.979183
71511	1	0.979185
71555	1	0.979186
71559	1	0.979188
71564	1	0.979189
71568	3	0.979193
71570	1	0.979195
71573	1	0.979196
71591	1	0.979198
71592	1	0.979199
71595	1	0.979201
71600	2	0.979204
71602	1	0.979205
71624	1	0.979207
71635	1	0.979208
71658	1	0.97921
71675	1	0.979211
71682	2	0.979214
71683	1	0.979216
71684	1	0.979217
71685	1	0.979219
71687	2	0.979221
71693	1	0.979223
71695	1	0.979224
71703	1	0.979226
71740	1	0.979227
71741	1	0.979229
71743	1	0.97923
71744	1	0.979232
71745	1	0.979233
71767	1	0.979235
71779	1	0.979236
71788	1	0.979238
71803	1	0.979239
71804	1	0.979241
71819	1	0.979242
71820	1	0.979244
71823	1	0.979245
71826	2	0.979248
71827	1	0.979249
71836	3	0.979254
71838	2	0.979257
71839	3	0.979261
71840	2	0.979264
71843	1	0.979266
71847	1	0.979267
71884	2	0.97927
71912	1	0.979272
71923	1	0.979273
71942	2	0.979276
71946	1	0.979277
71956	1	0.979279
71957	2	0.979282
71960	1	0.979283
71961	1	0.979285
71962	1	0.979286
71964	1	0.979288
71983	1	0.979289
71993	1	0.979291
71994	1	0.979292
71999	1	0.979294
72018	1	0.979295
72019	1	0.979297
72027	1	0.979298
72036	1	0.9793
72055	2	0.979302
72067	1	0.979304
72085	2	0.979307
72088	1	0.979308
72095	1	0.97931
72096	1	0.979311
72098	1	0.979313
72103	1	0.979314
72128	1	0.979316
72141	1	0.979317
72142	1	0.979319
72154	1	0.97932
72168	1	0.979322
72181	1	0.979323
72190	1	0.979325
72201	1	0.979326
72206	1	0.979327
72213	1	0.979329
72221	5	0.979336
72226	3	0.979341
72234	2	0.979344
72246	1	0.979345
72255	1	0.979347
72257	1	0.979348
72261	1	0.97935
72266	2	0.979353
72283	1	0.979354
72284	1	0.979355
72287	3	0.97936
72293	1	0.979361
72298	1	0.979363
72301	1	0.979364
72312	1	0.979366
72317	1	0.979367
72325	1	0.979369
72332	1	0.97937
72336	1	0.979372
72339	2	0.979375
72361	1	0.979376
72367	2	0.979379
72370	1	0.979381
72380	2	0.979383
72386	1	0.979385
72392	1	0.979386
72399	1	0.979388
72410	2	0.979391
72411	1	0.979392
72412	1	0.979394
72428	1	0.979395
72430	1	0.979397
72437	3	0.979401
72449	1	0.979403
72479	1	0.979404
72502	3	0.979408
72553	1	0.97941
72570	1	0.979411
72576	1	0.979413
72593	2	0.979416
72594	1	0.979417
72600	1	0.979419
72601	1	0.97942
72602	1	0.979422
72613	1	0.979423
72632	1	0.979425
72633	1	0.979426
72638	1	0.979428
72642	2	0.979431
72643	1	0.979432
72645	1	0.979434
72660	1	0.979435
72665	2	0.979438
72667	1	0.979439
72671	1	0.979441
72672	1	0.979442
72673	1	0.979444
72681	1	0.979445
72684	1	0.979447
72690	1	0.979448
72695	2	0.979451
72714	1	0.979453
72718	1	0.979454
72723	1	0.979456
72751	1	0.979457
72755	1	0.979459
72760	1	0.97946
72767	1	0.979462
72799	1	0.979463
72802	1	0.979464
72831	2	0.979467
72841	1	0.979469
72843	1	0.97947
72850	1	0.979472
72875	2	0.979475
72884	1	0.979476
72895	1	0.979478
72896	1	0.979479
72905	1	0.979481
72910	1	0.979482
72923	1	0.979484
72929	1	0.979485
72933	1	0.979487
72941	1	0.979488
72945	1	0.979489
72952	1	0.979491
72957	1	0.979492
72978	1	0.979494
72988	1	0.979495
72997	1	0.979497
73016	1	0.979498
73027	1	0.9795
73032	1	0.979501
73051	1	0.979503
73071	1	0.979504
73088	1	0.979506
73103	2	0.979509
73114	1	0.97951
73118	2	0.979513
73128	1	0.979515
73131	2	0.979517
73133	1	0.979519
73147	1	0.97952
73149	2	0.979523
73152	1	0.979525
73164	1	0.979526
73166	1	0.979528
73173	1	0.979529
73174	1	0.979531
73178	1	0.979532
73182	1	0.979534
73185	1	0.979535
73192	1	0.979537
73205	1	0.979538
73295	2	0.979541
73298	1	0.979543
73302	1	0.979544
73305	1	0.979545
73341	1	0.979547
73364	1	0.979548
73368	1	0.97955
73402	1	0.979551
73414	1	0.979553
73428	1	0.979554
73486	1	0.979556
73560	1	0.979557
73562	1	0.979559
73587	1	0.97956
73646	1	0.979562
73813	1	0.979563
73835	1	0.979565
73838	1	0.979566
74038	2	0.979569
74051	2	0.979572
74052	2	0.979575
74055	2	0.979578
74056	3	0.979582
74058	5	0.97959
74059	2	0.979593
74061	4	0.979598
74062	1	0.9796
74067	1	0.979601
74069	3	0.979606
74074	1	0.979607
74079	1	0.979609
74084	2	0.979612
74085	1	0.979613
74097	2	0.979616
74099	3	0.979621
74100	2	0.979624
74104	1	0.979625
74111	1	0.979626
74112	1	0.979628
74114	1	0.979629
74121	1	0.979631
74122	2	0.979634
74123	1	0.979635
74142	1	0.979637
74156	1	0.979638
74161	2	0.979641
74165	1	0.979643
74171	1	0.979644
74174	1	0.979646
74182	1	0.979647
74183	1	0.979649
74191	1	0.97965
74193	1	0.979651
74195	2	0.979654
74198	1	0.979656
74200	1	0.979657
74201	1	0.979659
74202	1	0.97966
74220	1	0.979662
74225	1	0.979663
74267	1	0.979665
74291	1	0.979666
74318	1	0.979668
74320	1	0.979669
74333	1	0.979671
74335	1	0.979672
74338	1	0.979674
74348	2	0.979677
74349	2	0.979679
74350	1	0.979681
74352	4	0.979687
74353	3	0.979691
74354	3	0.979696
74358	1	0.979697
74365	1	0.979699
74376	1	0.9797
74377	1	0.979702
74384	4	0.979707
74385	2	0.97971
74388	3	0.979715
74393	1	0.979716
74394	1	0.979718
74395	1	0.979719
74397	1	0.979721
74400	1	0.979722
74401	1	0.979724
74402	2	0.979727
74403	1	0.979728
74404	2	0.979731
74405	4	0.979737
74407	1	0.979738
74414	4	0.979744
74415	1	0.979746
74416	1	0.979747
74419	1	0.979749
74420	1	0.97975
74421	2	0.979753
74424	1	0.979755
74426	1	0.979756
74427	3	0.97976
74431	1	0.979762
74440	1	0.979763
74448	1	0.979765
74450	2	0.979768
74453	2	0.979771
74517	1	0.979772
74523	2	0.979775
74534	1	0.979777
74547	1	0.979778
74577	2	0.979781
74615	1	0.979783
74620	1	0.979784
74625	1	0.979786
74633	1	0.979787
74640	1	0.979788
74656	7	0.979799
74657	1	0.9798
74658	1	0.979802
74659	1	0.979803
74661	1	0.979805
74662	1	0.979806
74664	1	0.979808
74665	1	0.979809
74672	1	0.979811
74691	1	0.979812
74693	2	0.979815
74694	1	0.979816
74698	1	0.979818
74706	2	0.979821
74715	2	0.979824
74726	1	0.979825
74738	2	0.979828
74755	1	0.97983
74760	1	0.979831
74765	1	0.979833
74766	1	0.979834
74770	1	0.979836
74775	1	0.979837
74779	1	0.979839
74789	1	0.97984
74801	1	0.979841
74805	1	0.979843
74814	1	0.979844
74815	2	0.979847
74824	2	0.97985
74825	2	0.979853
74826	3	0.979858
74828	1	0.979859
74829	1	0.979861
74835	1	0.979862
74836	2	0.979865
74845	1	0.979867
74852	1	0.979868
74862	1	0.979869
74864	1	0.979871
74870	1	0.979872
74876	1	0.979874
74882	1	0.979875
74890	1	0.979877
74891	1	0.979878
74892	1	0.97988
74896	6	0.979889
74908	1	0.97989
74915	1	0.979892
74917	1	0.979893
74922	1	0.979894
74924	1	0.979896
74926	1	0.979897
74930	1	0.979899
74931	1	0.9799
74937	1	0.979902
74947	1	0.979903
74953	1	0.979905
74954	2	0.979908
74957	3	0.979912
74958	1	0.979914
74961	1	0.979915
74965	1	0.979917
74972	1	0.979918
74973	1	0.97992
74974	1	0.979921
74978	1	0.979922
74985	1	0.979924
74987	1	0.979925
74996	1	0.979927
74997	1	0.979928
74998	2	0.979931
75006	2	0.979934
75013	1	0.979936
75025	1	0.979937
75027	1	0.979939
75030	1	0.97994
75036	1	0.979942
75044	1	0.979943
75050	1	0.979945
75055	1	0.979946
75058	1	0.979948
75059	4	0.979953
75062	1	0.979955
75084	1	0.979956
75086	1	0.979958
75091	1	0.979959
75092	2	0.979962
75095	1	0.979964
75116	1	0.979965
75126	1	0.979967
75129	2	0.97997
75141	1	0.979971
75142	1	0.979973
75143	1	0.979974
75145	1	0.979975
75151	1	0.979977
75154	1	0.979978
75156	1	0.97998
75158	1	0.979981
75161	1	0.979983
75166	1	0.979984
75169	1	0.979986
75170	1	0.979987
75171	2	0.97999
75172	3	0.979995
75176	1	0.979996
75184	1	0.979998
75187	1	0.979999
75188	1	0.980001
75189	1	0.980002
75190	3	0.980006
75191	2	0.980009
75192	3	0.980014
75193	1	0.980015
75194	1	0.980017
75196	1	0.980018
75197	1	0.98002
75199	2	0.980023
75200	1	0.980024
75202	4	0.98003
75204	2	0.980033
75208	2	0.980036
75209	1	0.980037
75212	2	0.98004
75214	4	0.980046
75215	1	0.980048
75221	1	0.980049
75222	3	0.980054
75223	1	0.980055
75234	1	0.980056
75251	1	0.980058
75252	1	0.980059
75258	1	0.980061
75259	1	0.980062
75270	4	0.980068
75273	1	0.98007
75275	1	0.980071
75280	3	0.980076
75283	1	0.980077
75292	5	0.980084
75305	1	0.980086
75306	1	0.980087
75310	1	0.980089
75315	1	0.98009
75317	1	0.980092
75318	1	0.980093
75320	1	0.980095
75329	1	0.980096
75334	1	0.980098
75339	1	0.980099
75340	1	0.980101
75342	1	0.980102
75351	2	0.980105
75357	2	0.980108
75361	1	0.98011
75362	1	0.980111
75365	2	0.980114
75372	1	0.980115
75375	1	0.980117
75377	1	0.980118
75379	1	0.98012
75380	1	0.980121
75383	1	0.980123
75387	1	0.980124
75390	1	0.980126
75392	1	0.980127
75404	1	0.980129
75413	1	0.98013
75421	1	0.980132
75424	1	0.980133
75431	1	0.980135
75435	1	0.980136
75436	1	0.980137
75443	1	0.980139
75458	1	0.98014
75465	1	0.980142
75470	1	0.980143
75481	1	0.980145
75485	1	0.980146
75486	1	0.980148
75500	4	0.980154
75502	1	0.980155
75554	2	0.980158
75556	1	0.98016
75567	1	0.980161
75580	1	0.980163
75588	1	0.980164
75592	1	0.980165
75595	1	0.980167
75596	1	0.980168
75605	3	0.980173
75606	1	0.980174
75631	2	0.980177
75632	1	0.980179
75652	1	0.98018
75661	1	0.980182
75673	1	0.980183
75676	1	0.980185
75700	1	0.980186
75709	1	0.980188
75728	2	0.980191
75729	1	0.980192
75731	1	0.980193
75733	1	0.980195
75741	1	0.980196
75743	1	0.980198
75746	1	0.980199
75771	1	0.980201
75781	7	0.980211
75783	2	0.980214
75785	1	0.980216
75790	2	0.980218
75800	2	0.980221
75801	1	0.980223
75805	1	0.980224
75809	2	0.980227
75815	2	0.98023
75825	1	0.980232
75830	1	0.980233
75831	1	0.980235
75845	1	0.980236
75847	1	0.980238
75852	2	0.980241
75863	1	0.980242
75865	1	0.980244
75867	2	0.980246
75874	1	0.980248
75877	1	0.980249
75880	2	0.980252
75884	1	0.980254
75889	1	0.980255
75898	1	0.980257
75924	1	0.980258
75962	1	0.98026
75981	1	0.980261
75982	1	0.980263
75984	1	0.980264
75989	1	0.980266
75991	1	0.980267
75996	1	0.980269
76001	3	0.980273
76003	1	0.980274
76010	1	0.980276
76019	1	0.980277
76024	1	0.980279
76034	1	0.98028
76074	1	0.980282
76078	1	0.980283
76079	1	0.980285
76142	1	0.980286
76148	1	0.980288
76149	2	0.980291
76177	1	0.980292
76186	1	0.980294
76220	1	0.980295
76236	2	0.980298
76261	1	0.980299
76262	1	0.980301
76263	2	0.980304
76265	1	0.980305
76276	1	0.980307
76283	2	0.98031
76294	1	0.980311
76298	1	0.980313
76311	1	0.980314
76319	1	0.980316
76337	1	0.980317
76348	1	0.980319
76369	1	0.98032
76387	1	0.980322
76388	1	0.980323
76390	1	0.980325
76393	1	0.980326
76398	1	0.980327
76402	1	0.980329
76405	1	0.98033
76412	1	0.980332
76413	1	0.980333
76418	2	0.980336
76423	1	0.980338
76426	1	0.980339
76429	1	0.980341
76435	3	0.980345
76445	1	0.980347
76461	1	0.980348
76471	1	0.98035
76480	1	0.980351
76495	1	0.980353
76506	1	0.980354
76507	1	0.980355
76508	1	0.980357
76521	1	0.980358
76522	1	0.98036
76532	1	0.980361
76547	3	0.980366
76562	1	0.980367
76581	1	0.980369
76589	1	0.98037
76590	1	0.980372
76591	1	0.980373
76594	2	0.980376
76601	3	0.98038
76618	1	0.980382
76631	1	0.980383
76632	1	0.980385
76651	2	0.980388
76656	1	0.980389
76661	1	0.980391
76687	2	0.980394
76708	1	0.980395
76779	2	0.980398
76802	1	0.9804
76830	1	0.980401
76837	2	0.980404
76839	2	0.980407
76841	2	0.98041
76842	1	0.980411
76845	2	0.980414
76850	1	0.980416
76870	1	0.980417
76871	1	0.980419
76872	1	0.98042
76879	1	0.980422
76880	5	0.980429
76887	1	0.980431
76890	1	0.980432
76894	6	0.980441
76898	2	0.980444
76910	3	0.980448
76914	1	0.98045
76918	1	0.980451
76922	3	0.980456
76925	1	0.980457
76932	1	0.980459
76952	1	0.98046
76960	1	0.980461
76973	1	0.980463
76985	1	0.980464
76987	1	0.980466
76989	1	0.980467
76992	1	0.980469
76998	3	0.980473
77006	1	0.980475
77012	2	0.980478
77016	1	0.980479
77021	1	0.980481
77033	1	0.980482
77038	1	0.980484
77040	1	0.980485
77050	2	0.980488
77053	1	0.980489
77055	1	0.980491
77058	1	0.980492
77063	2	0.980495
77064	1	0.980497
77078	1	0.980498
77080	1	0.9805
77083	1	0.980501
77085	2	0.980504
77086	1	0.980506
77118	1	0.980507
77120	1	0.980509
77121	1	0.98051
77163	3	0.980515
77170	1	0.980516
77172	1	0.980517
77179	1	0.980519
77185	1	0.98052
77188	1	0.980522
77194	1	0.980523
77268	1	0.980525
77309	1	0.980526
77319	1	0.980528
77392	1	0.980529
77394	1	0.980531
77423	1	0.980532
77443	1	0.980534
77456	1	0.980535
77460	1	0.980537
77489	1	0.980538
77511	2	0.980541
77554	1	0.980542
77571	1	0.980544
77573	1	0.980545
77574	1	0.980547
77579	1	0.980548
77590	1	0.98055
77592	1	0.980551
77605	1	0.980553
77635	1	0.980554
77641	1	0.980556
77644	1	0.980557
77645	2	0.98056
77647	1	0.980562
77648	1	0.980563
77650	1	0.980565
77652	1	0.980566
77657	1	0.980568
77669	1	0.980569
77670	2	0.980572
77672	1	0.980573
77673	1	0.980575
77676	1	0.980576
77700	1	0.980578
77703	1	0.980579
77707	1	0.980581
77709	4	0.980587
77712	1	0.980588
77720	1	0.98059
77733	1	0.980591
77734	1	0.980593
77742	1	0.980594
77743	1	0.980596
77755	1	0.980597
77762	1	0.980598
77769	2	0.980601
77772	1	0.980603
77773	1	0.980604
77779	1	0.980606
77789	2	0.980609
77799	1	0.98061
77802	2	0.980613
77806	3	0.980618
77808	1	0.980619
77810	2	0.980622
77811	1	0.980623
77814	1	0.980625
77816	1	0.980626
77817	2	0.980629
77824	2	0.980632
77827	2	0.980635
77828	3	0.98064
77830	1	0.980641
77833	1	0.980643
77835	1	0.980644
77836	1	0.980646
77837	1	0.980647
77846	2	0.98065
77856	1	0.980651
77859	2	0.980654
77873	1	0.980656
77874	1	0.980657
77880	2	0.98066
77883	1	0.980662
77886	1	0.980663
77888	1	0.980665
77893	1	0.980666
77897	1	0.980668
77898	1	0.980669
77902	1	0.980671
77913	2	0.980674
77915	1	0.980675
77917	1	0.980677
77920	3	0.980681
77944	2	0.980684
77953	1	0.980685
77958	1	0.980687
77967	1	0.980688
77980	1	0.98069
77981	3	0.980694
77985	1	0.980696
77996	1	0.980697
78021	1	0.980699
78025	2	0.980702
78026	1	0.980703
78027	1	0.980704
78030	1	0.980706
78041	1	0.980707
78048	1	0.980709
78054	1	0.98071
78058	1	0.980712
78060	2	0.980715
78061	1	0.980716
78062	1	0.980718
78068	1	0.980719
78069	1	0.980721
78071	2	0.980724
78072	1	0.980725
78077	1	0.980727
78078	1	0.980728
78079	3	0.980732
78081	3	0.980737
78082	2	0.98074
78084	1	0.980741
78085	1	0.980743
78087	2	0.980746
78088	2	0.980749
78096	2	0.980752
78097	1	0.980753
78098	1	0.980755
78100	1	0.980756
78113	1	0.980758
78114	1	0.980759
78116	1	0.98076
78117	1	0.980762
78118	2	0.980765
78122	3	0.980769
78194	1	0.980771
78204	2	0.980774
78211	1	0.980775
78215	1	0.980777
78218	2	0.98078
78219	2	0.980783
78222	1	0.980784
78234	2	0.980787
78239	1	0.980788
78247	2	0.980791
78254	1	0.980793
78255	2	0.980796
78261	1	0.980797
78262	2	0.9808
78264	2	0.980803
78268	2	0.980806
78278	1	0.980808
78282	1	0.980809
78286	1	0.980811
78292	1	0.980812
78299	1	0.980813
78300	1	0.980815
78303	1	0.980816
78306	1	0.980818
78318	2	0.980821
78320	4	0.980827
78331	1	0.980828
78357	1	0.98083
78365	1	0.980831
78380	1	0.980833
78384	1	0.980834
78385	1	0.980836
78391	1	0.980837
78392	2	0.98084
78393	1	0.980841
78413	2	0.980844
78438	1	0.980846
78443	1	0.980847
78450	2	0.98085
78454	2	0.980853
78471	1	0.980855
78474	2	0.980858
78475	1	0.980859
78481	1	0.980861
78484	1	0.980862
78485	1	0.980864
78487	1	0.980865
78488	2	0.980868
78504	1	0.980869
78512	3	0.980874
78520	1	0.980875
78525	1	0.980877
78540	1	0.980878
78544	2	0.980881
78546	1	0.980883
78547	2	0.980886
78557	1	0.980887
78558	1	0.980889
78560	1	0.98089
78566	1	0.980892
78572	1	0.980893
78578	2	0.980896
78579	1	0.980897
78588	1	0.980899
78599	1	0.9809
78600	2	0.980903
78618	1	0.980905
78626	2	0.980908
78627	1	0.980909
78628	1	0.980911
78633	1	0.980912
78664	2	0.980915
78668	2	0.980918
78672	3	0.980922
78679	1	0.980924
78683	1	0.980925
78684	1	0.980927
78686	1	0.980928
78691	2	0.980931
78699	2	0.980934
78700	1	0.980936
78707	1	0.980937
78710	1	0.980939
78718	1	0.98094
78720	1	0.980942
78731	1	0.980943
78732	1	0.980945
78734	1	0.980946
78743	1	0.980947
78744	1	0.980949
78750	1	0.98095
78751	1	0.980952
78776	1	0.980953
78782	1	0.980955
78787	1	0.980956
78797	1	0.980958
78799	1	0.980959
78800	2	0.980962
78809	1	0.980964
78810	2	0.980967
78811	1	0.980968
78812	7	0.980978
78816	1	0.98098
78817	1	0.980981
78818	2	0.980984
78819	1	0.980986
78821	1	0.980987
78829	1	0.980989
78831	2	0.980992
78832	2	0.980995
78834	3	0.980999
78836	2	0.981002
78841	1	0.981003
78843	1	0.981005
78844	1	0.981006
78847	1	0.981008
78848	1	0.981009
78850	5	0.981017
78851	1	0.981018
78856	1	0.98102
78858	1	0.981021
78871	1	0.981023
78875	3	0.981027
78878	3	0.981031
78879	2	0.981034
78880	3	0.981039
78882	1	0.98104
78883	2	0.981043
78885	1	0.981045
78886	2	0.981048
78887	1	0.981049
78889	2	0.981052
78890	1	0.981054
78891	2	0.981056
78892	7	0.981067
78894	1	0.981068
78901	2	0.981071
78902	1	0.981073
78908	1	0.981074
78911	1	0.981076
78917	1	0.981077
78919	1	0.981079
78920	1	0.98108
78921	1	0.981082
78924	1	0.981083
78925	1	0.981084
78929	2	0.981087
78930	1	0.981089
78931	1	0.98109
78938	1	0.981092
78946	1	0.981093
78947	1	0.981095
78952	1	0.981096
78960	1	0.981098
78969	1	0.981099
78973	2	0.981102
78980	3	0.981107
78983	1	0.981108
78984	1	0.981109
78995	1	0.981111
79000	1	0.981112
79039	1	0.981114
79048	1	0.981115
79069	1	0.981117
79084	1	0.981118
79096	1	0.98112
79100	1	0.981121
79109	1	0.981123
79110	1	0.981124
79113	1	0.981126
79116	1	0.981127
79119	3	0.981132
79129	1	0.981133
79133	1	0.981135
79136	1	0.981136
79140	1	0.981137
79166	3	0.981142
79172	1	0.981143
79175	4	0.981149
79176	1	0.981151
79177	9	0.981164
79178	2	0.981167
79179	7	0.981177
79180	1	0.981179
79184	3	0.981183
79187	1	0.981185
79192	2	0.981188
79199	2	0.98119
79201	1	0.981192
79202	1	0.981193
79203	1	0.981195
79205	1	0.981196
79206	1	0.981198
79208	4	0.981204
79210	2	0.981207
79212	1	0.981208
79213	1	0.98121
79216	2	0.981213
79217	1	0.981214
79218	1	0.981216
79219	1	0.981217
79220	1	0.981218
79222	5	0.981226
79223	1	0.981227
79225	3	0.981232
79229	3	0.981236
79231	2	0.981239
79232	1	0.981241
79233	1	0.981242
79239	1	0.981244
79244	1	0.981245
79246	1	0.981246
79247	1	0.981248
79249	2	0.981251
79252	1	0.981252
79261	2	0.981255
79263	2	0.981258
79265	1	0.98126
79268	1	0.981261
79270	1	0.981263
79272	1	0.981264
79273	2	0.981267
79274	1	0.981269
79278	1	0.98127
79279	2	0.981273
79288	1	0.981274
79293	2	0.981277
79297	1	0.981279
79298	3	0.981283
79303	1	0.981285
79304	1	0.981286
79308	1	0.981288
79309	2	0.981291
79311	1	0.981292
79313	1	0.981294
79322	1	0.981295
79323	1	0.981297
79324	1	0.981298
79331	1	0.981299
79332	3	0.981304
79333	1	0.981305
79339	1	0.981307
79343	1	0.981308
79344	2	0.981311
79345	2	0.981314
79346	1	0.981316
79347	1	0.981317
79349	1	0.981319
79350	1	0.98132
79356	3	0.981325
79358	2	0.981327
79359	2	0.98133
79363	1	0.981332
79364	1	0.981333
79366	1	0.981335
79369	1	0.981336
79370	1	0.981338
79375	3	0.981342
79383	1	0.981344
79389	1	0.981345
79394	3	0.98135
79408	1	0.981351
79411	1	0.981352
79412	1	0.981354
79414	1	0.981355
79415	1	0.981357
79416	2	0.98136
79417	1	0.981361
79418	1	0.981363
79423	2	0.981366
79426	1	0.981367
79427	2	0.98137
79429	1	0.981372
79430	1	0.981373
79431	1	0.981375
79433	3	0.981379
79437	1	0.98138
79439	2	0.981383
79447	5	0.981391
79454	2	0.981394
79460	1	0.981395
79476	1	0.981397
79477	2	0.9814
79517	1	0.981401
79518	1	0.981403
79521	1	0.981404
79523	1	0.981406
79525	2	0.981408
79531	1	0.98141
79536	1	0.981411
79542	1	0.981413
79546	1	0.981414
79547	1	0.981416
79553	1	0.981417
79561	2	0.98142
79564	1	0.981422
79570	1	0.981423
79573	2	0.981426
79575	2	0.981429
79576	5	0.981436
79578	3	0.981441
79583	1	0.981442
79584	1	0.981444
79585	1	0.981445
79590	1	0.981447
79603	1	0.981448
79605	1	0.98145
79615	3	0.981454
79617	1	0.981456
79619	1	0.981457
79620	1	0.981459
79623	1	0.98146
79627	2	0.981463
79631	1	0.981464
79632	2	0.981467
79633	1	0.981469
79638	5	0.981476
79639	1	0.981478
79641	1	0.981479
79648	1	0.981481
79651	4	0.981486
79658	3	0.981491
79659	1	0.981492
79670	1	0.981494
79671	1	0.981495
79675	1	0.981497
79676	2	0.9815
79677	1	0.981501
79678	1	0.981503
79679	1	0.981504
79680	1	0.981506
79681	2	0.981509
79684	1	0.98151
79685	2	0.981513
79688	1	0.981514
79692	1	0.981516
79702	1	0.981517
79704	1	0.981519
79705	1	0.98152
79706	1	0.981522
79708	1	0.981523
79715	1	0.981525
79720	1	0.981526
79721	4	0.981532
79733	1	0.981534
79734	1	0.981535
79735	1	0.981537
79792	1	0.981538
79794	1	0.98154
79796	2	0.981542
79804	1	0.981544
79809	1	0.981545
79814	1	0.981547
79842	3	0.981551
79881	3	0.981556
79884	2	0.981559
79892	1	0.98156
79903	1	0.981562
79906	1	0.981563
79908	1	0.981565
79910	1	0.981566
79911	1	0.981567
79913	1	0.981569
79914	1	0.98157
79928	1	0.981572
79932	2	0.981575
79935	1	0.981576
79936	2	0.981579
79941	1	0.981581
79945	1	0.981582
79952	1	0.981584
79958	1	0.981585
79959	1	0.981587
79962	1	0.981588
79985	1	0.98159
79987	1	0.981591
79990	1	0.981593
79991	1	0.981594
79996	1	0.981595
80000	1	0.981597
80001	1	0.981598
80004	1	0.9816
80007	1	0.981601
80012	1	0.981603
80019	3	0.981607
80032	1	0.981609
80042	1	0.98161
80053	1	0.981612
80062	1	0.981613
80073	1	0.981615
80085	1	0.981616
80097	1	0.981618
80105	1	0.981619
80112	2	0.981622
80118	1	0.981623
80125	1	0.981625
80126	2	0.981628
80136	1	0.981629
80137	1	0.981631
80138	1	0.981632
80140	2	0.981635
80151	1	0.981637
80153	1	0.981638
80166	1	0.98164
80168	1	0.981641
80170	1	0.981643
80179	1	0.981644
80182	2	0.981647
80194	1	0.981648
80196	1	0.98165
80275	2	0.981653
80292	3	0.981657
80295	1	0.981659
80304	1	0.98166
80315	1	0.981662
80322	1	0.981663
80357	3	0.981668
80360	1	0.981669
80365	1	0.981671
80373	1	0.981672
80374	1	0.981674
80376	1	0.981675
80380	1	0.981676
80389	1	0.981678
80393	1	0.981679
80423	1	0.981681
80443	1	0.981682
80461	1	0.981684
80464	1	0.981685
80466	25	0.981722
80467	2	0.981725
80471	3	0.981729
80472	1	0.981731
80473	4	0.981737
80476	1	0.981738
80481	1	0.98174
80497	1	0.981741
80501	1	0.981743
80507	2	0.981746
80515	1	0.981747
80516	6	0.981756
80517	5	0.981763
80518	2	0.981766
80530	1	0.981768
80531	2	0.981771
80532	4	0.981777
80533	3	0.981781
80535	1	0.981783
80541	2	0.981785
80546	1	0.981787
80552	1	0.981788
80560	1	0.98179
80562	2	0.981793
80565	1	0.981794
80567	1	0.981796
80568	1	0.981797
80575	2	0.9818
80581	1	0.981802
80586	1	0.981803
80588	1	0.981805
80591	1	0.981806
80593	2	0.981809
80594	1	0.98181
80597	2	0.981813
80603	1	0.981815
80615	1	0.981816
80618	1	0.981818
80621	2	0.981821
80623	1	0.981822
80627	1	0.981824
80632	1	0.981825
80637	2	0.981828
80640	1	0.98183
80647	1	0.981831
80651	1	0.981833
80652	2	0.981836
80653	1	0.981837
80656	1	0.981838
80657	1	0.98184
80681	2	0.981843
80686	1	0.981844
80700	2	0.981847
80706	1	0.981849
80728	3	0.981853
80741	1	0.981855
80746	1	0.981856
80748	1	0.981858
80755	1	0.981859
80757	2	0.981862
80758	1	0.981864
80793	1	0.981865
80796	1	0.981866
80816	2	0.981869
80819	2	0.981872
80821	3	0.981877
80825	1	0.981878
80826	1	0.98188
80828	1	0.981881
80831	1	0.981883
80832	2	0.981886
80837	2	0.981889
80840	1	0.98189
80842	1	0.981891
80844	1	0.981893
80845	1	0.981894
80856	1	0.981896
80859	1	0.981897
80861	3	0.981902
80873	1	0.981903
80874	1	0.981905
80880	1	0.981906
80894	1	0.981908
80901	1	0.981909
80914	1	0.981911
80915	3	0.981915
80916	1	0.981917
80922	2	0.981919
80926	1	0.981921
80927	2	0.981924
80950	1	0.981925
80958	1	0.981927
80977	1	0.981928
80988	1	0.98193
80989	1	0.981931
80992	1	0.981933
81009	1	0.981934
81020	1	0.981936
81026	3	0.98194
81050	1	0.981942
81064	1	0.981943
81095	1	0.981945
81112	1	0.981946
81122	1	0.981947
81123	1	0.981949
81125	1	0.98195
81128	1	0.981952
81129	1	0.981953
81134	1	0.981955
81136	1	0.981956
81141	1	0.981958
81147	1	0.981959
81173	2	0.981962
81174	1	0.981964
81179	1	0.981965
81180	1	0.981967
81184	1	0.981968
81205	1	0.98197
81216	1	0.981971
81217	1	0.981972
81234	1	0.981974
81248	1	0.981975
81249	1	0.981977
81251	1	0.981978
81252	2	0.981981
81253	3	0.981986
81254	1	0.981987
81255	1	0.981989
81256	1	0.98199
81269	1	0.981992
81272	1	0.981993
81295	1	0.981995
81298	1	0.981996
81308	1	0.981998
81316	1	0.981999
81317	1	0.982
81336	1	0.982002
81350	1	0.982003
81351	1	0.982005
81352	1	0.982006
81355	1	0.982008
81356	1	0.982009
81364	1	0.982011
81370	1	0.982012
81371	1	0.982014
81385	1	0.982015
81387	2	0.982018
81394	1	0.98202
81398	2	0.982023
81399	3	0.982027
81414	1	0.982028
81415	2	0.982031
81417	1	0.982033
81418	1	0.982034
81433	1	0.982036
81437	3	0.98204
81442	4	0.982046
81443	1	0.982048
81449	1	0.982049
81453	2	0.982052
81456	1	0.982053
81469	1	0.982055
81471	2	0.982058
81475	1	0.982059
81494	1	0.982061
81513	2	0.982064
81541	2	0.982067
81550	1	0.982068
81556	1	0.98207
81560	1	0.982071
81569	1	0.982073
81575	1	0.982074
81576	1	0.982076
81577	2	0.982079
81578	1	0.98208
81582	1	0.982081
81585	1	0.982083
81607	1	0.982084
81617	3	0.982089
81618	3	0.982093
81619	5	0.982101
81624	2	0.982104
81625	5	0.982111
81626	3	0.982115
81627	1	0.982117
81628	1	0.982118
81629	1	0.98212
81640	1	0.982121
81641	1	0.982123
81642	2	0.982126
81643	1	0.982127
81644	1	0.982129
81645	1	0.98213
81646	1	0.982132
81647	1	0.982133
81648	4	0.982139
81650	1	0.98214
81651	3	0.982145
81654	2	0.982148
81655	1	0.982149
81656	1	0.982151
81657	1	0.982152
81659	1	0.982154
81662	1	0.982155
81666	1	0.982157
81667	1	0.982158
81668	1	0.98216
81673	1	0.982161
81674	3	0.982165
81675	1	0.982167
81676	2	0.98217
81677	1	0.982171
81679	1	0.982173
81682	1	0.982174
81683	1	0.982176
81685	1	0.982177
81688	1	0.982179
81691	1	0.98218
81693	1	0.982182
81708	1	0.982183
81712	2	0.982186
81713	1	0.982188
81714	2	0.98219
81715	1	0.982192
81729	2	0.982195
81733	1	0.982196
81757	2	0.982199
81784	1	0.982201
81785	1	0.982202
81814	1	0.982204
81849	1	0.982205
81850	2	0.982208
81857	1	0.98221
81858	1	0.982211
81859	1	0.982213
81860	1	0.982214
81863	2	0.982217
81865	2	0.98222
81867	1	0.982221
81868	1	0.982223
81870	1	0.982224
81883	1	0.982226
81896	1	0.982227
81907	1	0.982229
81910	1	0.98223
81911	1	0.982232
81916	1	0.982233
81918	1	0.982235
81928	1	0.982236
81929	3	0.982241
81935	2	0.982243
81937	1	0.982245
81943	1	0.982246
81966	2	0.982249
81973	1	0.982251
81976	2	0.982254
81979	1	0.982255
81980	1	0.982257
81983	2	0.98226
81984	1	0.982261
81991	1	0.982263
81998	1	0.982264
82007	1	0.982266
82010	1	0.982267
82012	1	0.982269
82016	1	0.98227
82033	1	0.982271
82049	1	0.982273
82056	2	0.982276
82057	1	0.982277
82058	1	0.982279
82061	1	0.98228
82062	1	0.982282
82066	2	0.982285
82070	5	0.982292
82071	2	0.982295
82086	1	0.982296
82104	1	0.982298
82106	2	0.982301
82108	1	0.982302
82112	1	0.982304
82119	1	0.982305
82125	1	0.982307
82126	2	0.98231
82130	1	0.982311
82135	1	0.982313
82153	1	0.982314
82161	1	0.982316
82165	1	0.982317
82185	1	0.982319
82211	1	0.98232
82215	1	0.982322
82219	1	0.982323
82226	3	0.982327
82233	1	0.982329
82234	1	0.98233
82279	1	0.982332
82292	1	0.982333
82312	1	0.982335
82315	1	0.982336
82317	1	0.982338
82326	1	0.982339
82423	1	0.982341
82428	1	0.982342
82485	1	0.982344
82488	1	0.982345
82512	1	0.982347
82515	1	0.982348
82527	1	0.98235
82551	1	0.982351
82553	1	0.982352
82554	1	0.982354
82555	2	0.982357
82573	1	0.982358
82587	1	0.98236
82632	2	0.982363
82641	2	0.982366
82658	1	0.982367
82672	1	0.982369
82674	1	0.98237
82715	1	0.982372
82733	1	0.982373
82737	1	0.982375
82740	1	0.982376
82744	1	0.982377
82749	1	0.982379
82760	1	0.98238
82762	1	0.982382
82763	1	0.982383
82765	1	0.982385
82782	1	0.982386
82816	1	0.982388
82818	1	0.982389
82843	1	0.982391
82850	1	0.982392
82864	1	0.982394
82871	3	0.982398
82886	2	0.982401
82887	1	0.982403
82891	1	0.982404
82894	1	0.982405
82903	1	0.982407
82904	2	0.98241
82905	2	0.982413
82912	1	0.982414
82916	1	0.982416
82917	1	0.982417
82918	1	0.982419
82919	1	0.98242
82921	1	0.982422
82930	1	0.982423
82931	1	0.982425
82932	1	0.982426
82937	1	0.982428
82944	1	0.982429
82948	1	0.982431
82949	1	0.982432
82951	1	0.982433
82964	1	0.982435
82974	1	0.982436
83000	1	0.982438
83031	1	0.982439
83032	1	0.982441
83033	1	0.982442
83044	2	0.982445
83046	1	0.982447
83058	1	0.982448
83066	2	0.982451
83083	3	0.982456
83095	2	0.982458
83118	1	0.98246
83122	1	0.982461
83127	1	0.982463
83185	1	0.982464
83222	1	0.982466
83227	1	0.982467
83230	1	0.982469
83232	1	0.98247
83242	2	0.982473
83243	1	0.982475
83244	1	0.982476
83277	1	0.982478
83284	1	0.982479
83287	1	0.982481
83288	2	0.982484
83290	1	0.982485
83311	1	0.982486
83345	1	0.982488
83347	1	0.982489
83363	1	0.982491
83364	2	0.982494
83365	1	0.982495
83380	1	0.982497
83393	1	0.982498
83442	2	0.982501
83449	1	0.982503
83450	1	0.982504
83463	1	0.982506
83469	1	0.982507
83471	1	0.982509
83472	1	0.98251
83475	1	0.982512
83476	1	0.982513
83482	1	0.982514
83484	1	0.982516
83492	1	0.982517
83494	2	0.98252
83497	1	0.982522
83501	1	0.982523
83520	1	0.982525
83526	1	0.982526
83528	1	0.982528
83529	1	0.982529
83546	2	0.982532
83548	1	0.982534
83556	1	0.982535
83561	1	0.982537
83608	1	0.982538
83611	2	0.982541
83615	1	0.982542
83620	1	0.982544
83626	2	0.982547
83629	3	0.982551
83630	1	0.982553
83631	2	0.982556
83632	2	0.982559
83633	4	0.982565
83636	3	0.982569
83640	2	0.982572
83641	4	0.982578
83644	2	0.982581
83682	1	0.982582
83684	1	0.982584
83705	1	0.982585
83713	1	0.982587
83737	2	0.98259
83752	2	0.982593
83755	1	0.982594
83756	2	0.982597
83761	1	0.982598
83764	2	0.982601
83765	2	0.982604
83768	3	0.982609
83769	4	0.982615
83774	1	0.982616
83776	1	0.982618
83779	1	0.982619
83780	1	0.98262
83787	1	0.982622
83794	1	0.982623
83795	4	0.982629
83800	1	0.982631
83801	1	0.982632
83804	1	0.982634
83812	1	0.982635
83813	1	0.982637
83826	1	0.982638
83849	1	0.98264
83888	2	0.982643
83901	1	0.982644
83905	1	0.982646
83915	1	0.982647
83939	1	0.982648
83959	1	0.98265
83960	1	0.982651
83994	1	0.982653
83998	1	0.982654
84004	1	0.982656
84005	1	0.982657
84044	1	0.982659
84049	1	0.98266
84050	1	0.982662
84078	1	0.982663
84080	1	0.982665
84100	1	0.982666
84118	1	0.982668
84136	1	0.982669
84149	1	0.982671
84154	1	0.982672
84221	1	0.982674
84245	1	0.982675
84249	1	0.982676
84271	1	0.982678
84274	1	0.982679
84280	1	0.982681
84282	1	0.982682
84284	1	0.982684
84285	1	0.982685
84293	2	0.982688
84323	1	0.98269
84324	1	0.982691
84332	1	0.982693
84333	1	0.982694
84418	1	0.982696
84483	1	0.982697
84505	1	0.982699
84524	2	0.982701
84528	1	0.982703
84529	1	0.982704
84542	1	0.982706
84543	1	0.982707
84544	2	0.98271
84551	1	0.982712
84559	1	0.982713
84564	1	0.982715
84565	2	0.982718
84568	1	0.982719
84570	6	0.982728
84578	2	0.982731
84582	1	0.982732
84583	1	0.982734
84586	1	0.982735
84590	1	0.982737
84595	1	0.982738
84617	1	0.98274
84619	1	0.982741
84621	1	0.982743
84627	1	0.982744
84629	1	0.982746
84632	2	0.982749
84633	1	0.98275
84635	2	0.982753
84636	2	0.982756
84638	1	0.982757
84639	1	0.982759
84644	2	0.982762
84645	3	0.982766
84650	2	0.982769
84651	1	0.982771
84653	1	0.982772
84658	1	0.982774
84667	1	0.982775
84734	1	0.982777
84774	1	0.982778
84829	1	0.98278
84876	1	0.982781
84895	1	0.982782
84981	1	0.982784
84986	2	0.982787
84989	1	0.982788
84990	1	0.98279
84999	3	0.982794
85058	1	0.982796
85079	1	0.982797
85092	1	0.982799
85097	1	0.9828
85103	2	0.982803
85108	1	0.982805
85109	1	0.982806
85118	1	0.982808
85130	1	0.982809
85160	1	0.98281
85172	1	0.982812
85181	1	0.982813
85182	1	0.982815
85183	1	0.982816
85186	2	0.982819
85189	2	0.982822
85191	2	0.982825
85192	1	0.982827
85193	2	0.98283
85194	1	0.982831
85206	1	0.982833
85207	1	0.982834
85210	1	0.982836
85221	1	0.982837
85228	1	0.982838
85229	1	0.98284
85232	1	0.982841
85233	1	0.982843
85234	2	0.982846
85252	1	0.982847
85258	1	0.982849
85271	1	0.98285
85277	1	0.982852
85284	2	0.982855
85285	3	0.982859
85286	2	0.982862
85289	2	0.982865
85290	1	0.982866
85292	1	0.982868
85301	2	0.982871
85302	1	0.982872
85309	3	0.982877
85310	2	0.98288
85315	2	0.982883
85320	1	0.982884
85321	1	0.982886
85322	1	0.982887
85323	1	0.982889
85324	2	0.982891
85328	1	0.982893
85331	3	0.982897
85335	1	0.982899
85336	5	0.982906
85337	2	0.982909
85338	2	0.982912
85341	1	0.982914
85342	1	0.982915
85344	1	0.982917
85346	2	0.982919
85349	1	0.982921
85350	1	0.982922
85356	1	0.982924
85360	1	0.982925
85362	1	0.982927
85363	1	0.982928
85367	1	0.98293
85368	2	0.982933
85386	1	0.982934
85387	3	0.982939
85389	2	0.982942
85402	1	0.982943
85403	1	0.982944
85405	1	0.982946
85420	1	0.982947
85422	1	0.982949
85432	2	0.982952
85435	1	0.982953
85437	1	0.982955
85438	3	0.982959
85441	1	0.982961
85445	1	0.982962
85447	1	0.982964
85448	1	0.982965
85452	1	0.982967
85454	2	0.98297
85455	2	0.982972
85456	1	0.982974
85458	2	0.982977
85459	3	0.982981
85465	1	0.982983
85467	1	0.982984
85473	2	0.982987
85498	1	0.982989
85504	2	0.982992
85510	1	0.982993
85518	1	0.982995
85528	2	0.982998
85531	3	0.983002
85563	1	0.983003
85579	2	0.983006
85580	2	0.983009
85581	1	0.983011
85582	1	0.983012
85583	1	0.983014
85585	1	0.983015
85586	2	0.983018
85587	3	0.983023
85589	2	0.983025
85590	2	0.983028
85591	1	0.98303
85592	4	0.983036
85596	2	0.983039
85597	2	0.983042
85598	1	0.983043
85608	3	0.983048
85609	2	0.983051
85610	1	0.983052
85611	1	0.983053
85612	1	0.983055
85613	1	0.983056
85614	1	0.983058
85620	1	0.983059
85627	1	0.983061
85634	1	0.983062
85638	1	0.983064
85640	1	0.983065
85641	3	0.98307
85645	1	0.983071
85649	1	0.983073
85652	1	0.983074
85656	1	0.983076
85699	1	0.983077
85703	1	0.983079
85707	1	0.98308
85710	1	0.983081
85714	1	0.983083
85716	1	0.983084
85719	2	0.983087
85721	1	0.983089
85741	1	0.98309
85745	1	0.983092
85750	1	0.983093
85751	1	0.983095
85754	3	0.983099
85755	1	0.983101
85762	1	0.983102
85767	1	0.983104
85773	1	0.983105
85774	1	0.983106
85776	1	0.983108
85795	2	0.983111
85803	1	0.983112
85811	1	0.983114
85821	1	0.983115
85826	1	0.983117
85827	2	0.98312
85829	1	0.983121
85831	1	0.983123
85833	1	0.983124
85834	1	0.983126
85842	1	0.983127
85845	1	0.983129
85849	1	0.98313
85856	1	0.983132
85859	1	0.983133
85860	1	0.983134
85861	1	0.983136
85873	1	0.983137
85898	1	0.983139
85923	1	0.98314
85935	2	0.983143
85937	1	0.983145
85945	1	0.983146
85946	1	0.983148
85948	1	0.983149
85954	1	0.983151
85957	1	0.983152
85962	1	0.983154
85967	1	0.983155
85977	1	0.983157
85978	1	0.983158
85983	1	0.98316
85986	1	0.983161
85991	1	0.983162
85994	1	0.983164
86015	1	0.983165
86019	1	0.983167
86022	1	0.983168
86029	1	0.98317
86031	2	0.983173
86033	1	0.983174
86042	1	0.983176
86076	1	0.983177
86104	1	0.983179
86105	1	0.98318
86108	4	0.983186
86114	1	0.983187
86117	2	0.98319
86118	1	0.983192
86119	1	0.983193
86120	1	0.983195
86123	1	0.983196
86128	6	0.983205
86132	1	0.983207
86146	1	0.983208
86148	2	0.983211
86149	1	0.983213
86152	2	0.983215
86154	1	0.983217
86182	2	0.98322
86208	1	0.983221
86213	1	0.983223
86216	1	0.983224
86218	4	0.98323
86221	2	0.983233
86223	2	0.983236
86225	1	0.983238
86236	1	0.983239
86241	2	0.983242
86242	2	0.983245
86243	3	0.983249
86245	1	0.983251
86261	1	0.983252
86265	5	0.98326
86266	1	0.983261
86275	1	0.983263
86277	2	0.983266
86296	1	0.983267
86308	1	0.983268
86324	1	0.98327
86325	3	0.983274
86326	1	0.983276
86333	1	0.983277
86334	1	0.983279
86335	1	0.98328
86343	1	0.983282
86355	1	0.983283
86357	1	0.983285
86366	1	0.983286
86368	1	0.983288
86369	2	0.983291
86373	1	0.983292
86375	1	0.983294
86376	1	0.983295
86378	4	0.983301
86379	1	0.983302
86380	3	0.983307
86387	1	0.983308
86394	2	0.983311
86419	1	0.983313
86421	1	0.983314
86425	1	0.983316
86427	2	0.983319
86428	1	0.98332
86429	1	0.983322
86430	3	0.983326
86432	4	0.983332
86442	1	0.983333
86450	2	0.983336
86453	1	0.983338
86454	1	0.983339
86457	1	0.983341
86462	1	0.983342
86463	1	0.983344
86467	4	0.983349
86471	1	0.983351
86482	2	0.983354
86483	1	0.983355
86484	1	0.983357
86490	2	0.98336
86494	2	0.983363
86498	1	0.983364
86514	2	0.983367
86521	1	0.983369
86522	1	0.98337
86524	1	0.983372
86527	1	0.983373
86531	2	0.983376
86561	1	0.983377
86569	1	0.983379
86572	3	0.983383
86575	1	0.983385
86583	1	0.983386
86584	2	0.983389
86598	1	0.983391
86599	2	0.983394
86601	1	0.983395
86606	1	0.983397
86627	1	0.983398
86631	1	0.9834
86641	1	0.983401
86645	1	0.983403
86647	2	0.983405
86649	1	0.983407
86654	1	0.983408
86659	1	0.98341
86660	1	0.983411
86664	1	0.983413
86686	1	0.983414
86694	1	0.983416
86727	2	0.983419
86755	1	0.98342
86768	1	0.983422
86774	2	0.983425
86783	1	0.983426
86808	1	0.983428
86819	1	0.983429
86880	1	0.98343
86910	1	0.983432
86912	1	0.983433
86918	2	0.983436
86919	1	0.983438
86920	1	0.983439
86986	4	0.983445
87018	2	0.983448
87020	1	0.98345
87041	1	0.983451
87096	3	0.983456
87099	1	0.983457
87105	1	0.983458
87112	1	0.98346
87127	1	0.983461
87128	2	0.983464
87131	1	0.983466
87163	1	0.983467
87193	1	0.983469
87197	1	0.98347
87199	1	0.983472
87200	1	0.983473
87202	8	0.983485
87204	1	0.983486
87205	1	0.983488
87207	1	0.983489
87208	1	0.983491
87209	1	0.983492
87218	7	0.983503
87219	2	0.983506
87221	2	0.983509
87222	1	0.98351
87223	1	0.983511
87224	1	0.983513
87225	1	0.983514
87226	1	0.983516
87227	2	0.983519
87228	2	0.983522
87230	3	0.983526
87233	1	0.983528
87248	2	0.983531
87253	1	0.983532
87254	1	0.983534
87255	2	0.983537
87258	3	0.983541
87260	1	0.983542
87268	1	0.983544
87293	1	0.983545
87331	1	0.983547
87345	1	0.983548
87347	1	0.98355
87351	2	0.983553
87367	1	0.983554
87369	1	0.983556
87392	1	0.983557
87393	1	0.983559
87420	1	0.98356
87426	2	0.983563
87448	1	0.983565
87454	1	0.983566
87455	1	0.983567
87456	1	0.983569
87457	4	0.983575
87464	1	0.983576
87465	1	0.983578
87466	1	0.983579
87467	1	0.983581
87468	1	0.983582
87469	1	0.983584
87471	1	0.983585
87476	2	0.983588
87479	1	0.98359
87489	3	0.983594
87490	2	0.983597
87499	2	0.9836
87502	2	0.983603
87503	1	0.983604
87504	1	0.983606
87505	2	0.983609
87506	1	0.98361
87509	1	0.983612
87513	1	0.983613
87514	5	0.98362
87515	2	0.983623
87520	1	0.983625
87523	3	0.983629
87524	2	0.983632
87526	1	0.983634
87527	4	0.98364
87532	1	0.983641
87533	1	0.983643
87534	2	0.983645
87535	2	0.983648
87536	2	0.983651
87537	2	0.983654
87539	3	0.983659
87540	8	0.983671
87541	5	0.983678
87542	3	0.983682
87543	2	0.983685
87546	1	0.983687
87550	1	0.983688
87551	1	0.98369
87554	1	0.983691
87555	2	0.983694
87556	4	0.9837
87557	1	0.983701
87560	1	0.983703
87567	4	0.983709
87569	1	0.98371
87600	1	0.983712
87603	2	0.983715
87604	17	0.98374
87609	1	0.983741
87612	1	0.983743
87615	1	0.983744
87623	1	0.983746
87624	2	0.983749
87625	1	0.98375
87626	1	0.983752
87628	1	0.983753
87630	2	0.983756
87641	1	0.983757
87642	1	0.983759
87647	3	0.983763
87654	2	0.983766
87658	1	0.983768
87659	2	0.983771
87666	1	0.983772
87673	1	0.983774
87681	1	0.983775
87692	1	0.983777
87720	5	0.983784
87735	1	0.983785
87739	3	0.98379
87753	1	0.983791
87771	1	0.983793
87781	1	0.983794
87784	2	0.983797
87793	1	0.983799
87794	1	0.9838
87796	1	0.983802
87809	1	0.983803
87826	1	0.983805
87829	1	0.983806
87849	1	0.983807
87862	1	0.983809
87864	1	0.98381
87866	1	0.983812
87867	1	0.983813
87868	1	0.983815
87879	1	0.983816
87882	1	0.983818
87903	1	0.983819
87917	1	0.983821
87932	2	0.983824
87934	1	0.983825
87949	1	0.983827
87951	1	0.983828
87953	1	0.98383
87961	1	0.983831
87962	1	0.983833
87975	2	0.983835
87980	1	0.983837
87983	1	0.983838
87989	1	0.98384
87999	1	0.983841
88004	1	0.983843
88011	1	0.983844
88012	2	0.983847
88020	2	0.98385
88022	1	0.983852
88038	1	0.983853
88055	1	0.983855
88060	2	0.983858
88069	1	0.983859
88071	2	0.983862
88072	1	0.983863
88088	1	0.983865
88089	1	0.983866
88095	1	0.983868
88098	1	0.983869
88099	1	0.983871
88111	1	0.983872
88113	2	0.983875
88132	4	0.983881
88141	1	0.983883
88147	1	0.983884
88148	1	0.983886
88150	1	0.983887
88153	1	0.983888
88154	1	0.98389
88160	1	0.983891
88171	2	0.983894
88172	1	0.983896
88189	1	0.983897
88201	1	0.983899
88232	1	0.9839
88233	1	0.983902
88242	1	0.983903
88243	1	0.983905
88249	1	0.983906
88254	1	0.983908
88262	1	0.983909
88299	1	0.983911
88325	3	0.983915
88326	1	0.983916
88328	1	0.983918
88337	1	0.983919
88345	1	0.983921
88358	1	0.983922
88376	1	0.983924
88386	1	0.983925
88388	1	0.983927
88397	1	0.983928
88412	1	0.98393
88416	7	0.98394
88417	2	0.983943
88418	6	0.983952
88421	2	0.983955
88422	1	0.983956
88423	3	0.983961
88425	1	0.983962
88429	3	0.983967
88430	1	0.983968
88434	1	0.983969
88439	2	0.983972
88440	3	0.983977
88442	2	0.98398
88446	4	0.983986
88448	1	0.983987
88463	2	0.98399
88464	2	0.983993
88465	3	0.983997
88466	1	0.983999
88468	3	0.984003
88470	2	0.984006
88475	1	0.984008
88480	1	0.984009
88482	1	0.984011
88483	1	0.984012
88485	1	0.984014
88501	1	0.984015
88558	1	0.984017
88560	1	0.984018
88572	1	0.98402
88576	1	0.984021
88578	1	0.984023
88587	1	0.984024
88597	1	0.984025
88609	2	0.984028
88610	1	0.98403
88614	1	0.984031
88615	3	0.984036
88616	2	0.984039
88617	1	0.98404
88633	1	0.984042
88634	1	0.984043
88638	1	0.984045
88641	1	0.984046
88663	1	0.984048
88670	1	0.984049
88673	1	0.98405
88682	1	0.984052
88692	1	0.984053
88695	1	0.984055
88703	1	0.984056
88705	1	0.984058
88712	2	0.984061
88728	2	0.984064
88788	1	0.984065
88791	1	0.984067
88847	1	0.984068
88854	1	0.98407
88862	1	0.984071
88912	1	0.984073
88917	1	0.984074
88918	1	0.984076
88924	3	0.98408
88926	1	0.984081
88928	1	0.984083
88929	3	0.984087
88932	1	0.984089
88934	2	0.984092
88950	1	0.984093
88963	1	0.984095
88969	1	0.984096
88970	1	0.984098
88975	1	0.984099
88978	1	0.984101
88979	1	0.984102
88987	1	0.984104
88989	1	0.984105
89011	1	0.984106
89019	1	0.984108
89022	1	0.984109
89027	1	0.984111
89054	1	0.984112
89059	1	0.984114
89085	1	0.984115
89101	1	0.984117
89102	1	0.984118
89104	1	0.98412
89127	2	0.984123
89128	1	0.984124
89132	3	0.984129
89134	1	0.98413
89159	1	0.984131
89219	1	0.984133
89224	1	0.984134
89275	2	0.984137
89305	1	0.984139
89310	2	0.984142
89312	1	0.984143
89346	1	0.984145
89366	2	0.984148
89406	5	0.984155
89408	1	0.984157
89413	1	0.984158
89428	1	0.984159
89452	1	0.984161
89461	1	0.984162
89463	1	0.984164
89464	1	0.984165
89466	1	0.984167
89478	1	0.984168
89484	1	0.98417
89488	1	0.984171
89520	1	0.984173
89542	3	0.984177
89543	1	0.984179
89552	1	0.98418
89553	2	0.984183
89561	3	0.984187
89563	1	0.984189
89570	2	0.984192
89572	1	0.984193
89583	1	0.984195
89599	1	0.984196
89605	1	0.984198
89612	1	0.984199
89626	1	0.984201
89630	1	0.984202
89631	1	0.984204
89645	1	0.984205
89654	1	0.984207
89669	1	0.984208
89678	1	0.98421
89683	1	0.984211
89703	3	0.984215
89710	1	0.984217
89728	1	0.984218
89729	1	0.98422
89733	1	0.984221
89734	1	0.984223
89736	1	0.984224
89740	1	0.984226
89749	1	0.984227
89753	1	0.984229
89772	1	0.98423
89773	1	0.984232
89786	1	0.984233
89788	1	0.984235
89802	1	0.984236
89810	1	0.984238
89819	1	0.984239
89825	2	0.984242
89830	1	0.984243
89839	1	0.984245
89846	2	0.984248
89847	1	0.984249
89851	1	0.984251
89863	1	0.984252
89864	1	0.984254
89873	1	0.984255
89880	1	0.984257
89882	1	0.984258
89899	1	0.98426
89900	1	0.984261
89920	1	0.984263
89927	1	0.984264
89934	4	0.98427
89943	1	0.984271
89980	3	0.984276
89983	1	0.984277
89996	1	0.984279
89997	2	0.984282
90017	1	0.984283
90024	1	0.984285
90026	1	0.984286
90027	1	0.984288
90043	1	0.984289
90071	1	0.984291
90081	1	0.984292
90085	2	0.984295
90090	1	0.984296
90095	1	0.984298
90110	1	0.984299
90112	1	0.984301
90131	1	0.984302
90139	1	0.984304
90141	1	0.984305
90161	2	0.984308
90167	1	0.98431
90171	1	0.984311
90186	1	0.984313
90187	1	0.984314
90193	1	0.984316
90208	1	0.984317
90233	1	0.984319
90243	1	0.98432
90246	1	0.984321
90251	2	0.984324
90255	1	0.984326
90263	1	0.984327
90265	1	0.984329
90270	1	0.98433
90353	1	0.984332
90363	2	0.984335
90370	1	0.984336
90374	3	0.984341
90375	1	0.984342
90377	1	0.984344
90378	4	0.984349
90389	1	0.984351
90396	1	0.984352
90398	1	0.984354
90401	3	0.984358
90406	2	0.984361
90440	1	0.984363
90455	1	0.984364
90459	1	0.984366
90461	1	0.984367
90466	1	0.984369
90471	1	0.98437
90500	1	0.984372
90501	2	0.984374
90506	1	0.984376
90517	1	0.984377
90542	1	0.984379
90563	1	0.98438
90580	2	0.984383
90595	1	0.984385
90597	2	0.984388
90598	1	0.984389
90599	1	0.984391
90601	6	0.9844
90610	1	0.984401
90613	1	0.984402
90614	1	0.984404
90616	2	0.984407
90621	1	0.984408
90623	1	0.98441
90624	2	0.984413
90628	1	0.984414
90631	1	0.984416
90632	1	0.984417
90652	1	0.984419
90664	1	0.98442
90682	1	0.984422
90694	1	0.984423
90696	1	0.984425
90716	1	0.984426
90717	1	0.984428
90718	1	0.984429
90733	1	0.98443
90739	2	0.984433
90780	2	0.984436
90846	1	0.984438
90847	1	0.984439
90858	1	0.984441
90862	1	0.984442
90869	1	0.984444
90870	1	0.984445
90872	1	0.984447
90895	1	0.984448
90902	1	0.98445
90930	1	0.984451
90953	1	0.984453
90961	1	0.984454
90984	2	0.984457
90995	1	0.984458
91003	1	0.98446
91004	1	0.984461
91019	2	0.984464
91044	1	0.984466
91071	2	0.984469
91080	1	0.98447
91092	1	0.984472
91095	1	0.984473
91096	1	0.984475
91097	2	0.984478
91115	1	0.984479
91127	1	0.984481
91163	1	0.984482
91164	1	0.984483
91170	1	0.984485
91181	1	0.984486
91185	1	0.984488
91197	1	0.984489
91204	1	0.984491
91208	1	0.984492
91210	1	0.984494
91288	1	0.984495
91289	1	0.984497
91290	1	0.984498
91304	1	0.9845
91311	1	0.984501
91320	1	0.984503
91366	1	0.984504
91370	2	0.984507
91374	1	0.984509
91393	2	0.984511
91396	1	0.984513
91401	1	0.984514
91406	1	0.984516
91409	1	0.984517
91424	1	0.984519
91430	1	0.98452
91435	1	0.984522
91438	1	0.984523
91442	1	0.984525
91503	1	0.984526
91520	1	0.984528
91536	1	0.984529
91563	1	0.984531
91568	1	0.984532
91572	1	0.984534
91582	1	0.984535
91635	2	0.984538
91642	1	0.984539
91693	1	0.984541
91723	1	0.984542
91736	1	0.984544
91746	3	0.984548
91747	1	0.98455
91748	2	0.984553
91749	1	0.984554
91750	1	0.984556
91754	1	0.984557
91757	1	0.984559
91758	1	0.98456
91760	1	0.984562
91782	2	0.984564
91785	1	0.984566
91787	2	0.984569
91791	2	0.984572
91798	1	0.984573
91799	1	0.984575
91800	3	0.984579
91801	1	0.984581
91804	3	0.984585
91805	2	0.984588
91806	1	0.98459
91813	1	0.984591
91818	1	0.984592
91823	1	0.984594
91826	2	0.984597
91838	1	0.984598
91839	1	0.9846
91843	1	0.984601
91852	1	0.984603
91869	1	0.984604
91888	1	0.984606
91911	1	0.984607
91914	1	0.984609
91923	2	0.984612
91944	1	0.984613
91959	1	0.984615
91967	1	0.984616
91984	4	0.984622
91992	1	0.984623
91994	1	0.984625
92002	2	0.984628
92011	2	0.984631
92016	2	0.984634
92020	1	0.984635
92021	1	0.984637
92024	1	0.984638
92026	1	0.98464
92028	1	0.984641
92029	1	0.984643
92039	1	0.984644
92043	1	0.984645
92045	2	0.984648
92050	1	0.98465
92052	1	0.984651
92053	1	0.984653
92055	1	0.984654
92056	1	0.984656
92062	1	0.984657
92068	1	0.984659
92073	1	0.98466
92094	1	0.984662
92097	2	0.984665
92105	1	0.984666
92110	1	0.984668
92111	1	0.984669
92128	1	0.984671
92136	1	0.984672
92179	1	0.984673
92204	1	0.984675
92207	1	0.984676
92258	1	0.984678
92259	1	0.984679
92336	1	0.984681
92372	1	0.984682
92390	1	0.984684
92401	1	0.984685
92409	1	0.984687
92413	1	0.984688
92431	1	0.98469
92438	1	0.984691
92456	1	0.984693
92472	1	0.984694
92476	1	0.984696
92510	1	0.984697
92519	1	0.984698
92523	1	0.9847
92528	2	0.984703
92535	2	0.984706
92538	1	0.984707
92544	1	0.984709
92598	1	0.98471
92619	1	0.984712
92679	1	0.984713
92722	1	0.984715
92782	3	0.984719
92823	1	0.984721
92882	1	0.984722
92894	1	0.984724
92902	4	0.984729
92903	2	0.984732
92909	3	0.984737
92926	1	0.984738
92942	1	0.98474
92985	1	0.984741
92991	1	0.984743
92995	1	0.984744
93083	1	0.984746
93084	1	0.984747
93106	1	0.984749
93109	1	0.98475
93148	2	0.984753
93151	1	0.984754
93160	2	0.984757
93161	3	0.984762
93169	1	0.984763
93170	2	0.984766
93189	1	0.984768
93191	1	0.984769
93265	1	0.984771
93323	1	0.984772
93422	1	0.984774
93429	1	0.984775
93430	1	0.984777
93534	1	0.984778
93537	1	0.984779
93557	1	0.984781
93589	2	0.984784
93591	2	0.984787
93598	1	0.984788
93606	1	0.98479
93639	1	0.984791
93665	1	0.984793
93696	1	0.984794
93703	1	0.984796
93707	1	0.984797
93729	1	0.984799
93738	1	0.9848
93744	1	0.984802
93763	1	0.984803
93764	1	0.984805
93765	1	0.984806
93799	1	0.984807
93804	1	0.984809
93808	1	0.98481
93823	1	0.984812
93831	1	0.984813
93843	1	0.984815
93852	1	0.984816
93869	1	0.984818
93870	1	0.984819
93876	2	0.984822
93889	1	0.984824
93898	1	0.984825
93929	1	0.984827
93954	1	0.984828
93962	1	0.98483
93968	1	0.984831
93988	1	0.984833
93992	1	0.984834
93993	1	0.984835
94013	1	0.984837
94020	1	0.984838
94022	1	0.98484
94023	2	0.984843
94025	1	0.984844
94031	1	0.984846
94038	1	0.984847
94042	1	0.984849
94086	1	0.98485
94098	1	0.984852
94101	1	0.984853
94119	2	0.984856
94123	2	0.984859
94135	1	0.98486
94136	1	0.984862
94143	1	0.984863
94144	1	0.984865
94174	1	0.984866
94186	1	0.984868
94189	1	0.984869
94195	1	0.984871
94200	1	0.984872
94201	1	0.984874
94218	3	0.984878
94223	1	0.98488
94228	1	0.984881
94230	1	0.984883
94231	1	0.984884
94249	6	0.984893
94250	3	0.984897
94251	2	0.9849
94257	1	0.984902
94258	3	0.984906
94261	2	0.984909
94262	1	0.984911
94265	1	0.984912
94268	2	0.984915
94272	1	0.984916
94274	1	0.984918
94280	2	0.984921
94283	2	0.984924
94284	2	0.984927
94298	3	0.984931
94301	1	0.984933
94302	3	0.984937
94304	2	0.98494
94309	4	0.984946
94312	4	0.984952
94314	1	0.984953
94334	1	0.984955
94368	1	0.984956
94373	1	0.984958
94376	1	0.984959
94390	1	0.984961
94392	1	0.984962
94393	1	0.984964
94394	2	0.984967
94398	1	0.984968
94399	1	0.984969
94418	1	0.984971
94427	1	0.984972
94445	1	0.984974
94456	1	0.984975
94458	1	0.984977
94467	1	0.984978
94469	1	0.98498
94485	1	0.984981
94487	1	0.984983
94504	1	0.984984
94509	1	0.984986
94555	1	0.984987
94563	1	0.984989
94568	1	0.98499
94673	1	0.984992
94683	1	0.984993
94725	1	0.984995
94749	1	0.984996
94751	1	0.984997
94770	1	0.984999
94783	1	0.985
94793	1	0.985002
94825	1	0.985003
94829	1	0.985005
94842	1	0.985006
94849	1	0.985008
94854	1	0.985009
94863	1	0.985011
94902	2	0.985014
94918	1	0.985015
94974	1	0.985017
94994	1	0.985018
95007	1	0.98502
95009	1	0.985021
95018	1	0.985022
95025	1	0.985024
95069	1	0.985025
95072	1	0.985027
95223	1	0.985028
95232	1	0.98503
95309	1	0.985031
95318	1	0.985033
95350	1	0.985034
95391	1	0.985036
95399	1	0.985037
95479	1	0.985039
95492	1	0.98504
95498	1	0.985042
95524	1	0.985043
95529	1	0.985045
95533	1	0.985046
95554	1	0.985048
95571	1	0.985049
95583	1	0.98505
95594	1	0.985052
95598	1	0.985053
95632	1	0.985055
95683	1	0.985056
95685	1	0.985058
95690	1	0.985059
95701	1	0.985061
95718	2	0.985064
95719	1	0.985065
95727	1	0.985067
95752	1	0.985068
95756	1	0.98507
95765	1	0.985071
95785	1	0.985073
95787	1	0.985074
95798	1	0.985076
95801	1	0.985077
95805	5	0.985084
95806	1	0.985086
95807	1	0.985087
95810	1	0.985089
95815	3	0.985093
95824	1	0.985095
95830	1	0.985096
95835	2	0.985099
95842	1	0.985101
95844	1	0.985102
95846	2	0.985105
95848	1	0.985106
95859	1	0.985108
95886	2	0.985111
95888	1	0.985112
95890	2	0.985115
95896	1	0.985117
95898	1	0.985118
95902	1	0.98512
95922	1	0.985121
95923	1	0.985123
95926	2	0.985126
95927	1	0.985127
95941	1	0.985129
95949	2	0.985131
95953	1	0.985133
95956	1	0.985134
95957	2	0.985137
95960	1	0.985139
95980	1	0.98514
95981	1	0.985142
95995	1	0.985143
96003	1	0.985145
96004	1	0.985146
96006	1	0.985148
96037	1	0.985149
96040	2	0.985152
96066	1	0.985154
96068	1	0.985155
96072	1	0.985157
96080	1	0.985158
96083	1	0.985159
96086	1	0.985161
96089	1	0.985162
96108	1	0.985164
96117	1	0.985165
96129	1	0.985167
96138	1	0.985168
96150	1	0.98517
96154	1	0.985171
96158	1	0.985173
96163	2	0.985176
96168	1	0.985177
96186	1	0.985179
96193	1	0.98518
96215	1	0.985182
96217	1	0.985183
96239	1	0.985184
96241	1	0.985186
96257	1	0.985187
96259	1	0.985189
96283	1	0.98519
96312	2	0.985193
96313	1	0.985195
96314	2	0.985198
96315	2	0.985201
96321	1	0.985202
96323	1	0.985204
96326	1	0.985205
96331	1	0.985207
96336	1	0.985208
96353	1	0.98521
96361	1	0.985211
96362	9	0.985224
96363	1	0.985226
96366	1	0.985227
96373	2	0.98523
96378	1	0.985232
96384	1	0.985233
96404	1	0.985235
96414	1	0.985236
96425	1	0.985238
96446	2	0.98524
96447	1	0.985242
96457	1	0.985243
96461	1	0.985245
96474	1	0.985246
96485	1	0.985248
96496	1	0.985249
96499	1	0.985251
96518	1	0.985252
96566	1	0.985254
96596	2	0.985257
96607	1	0.985258
96611	3	0.985263
96614	1	0.985264
96619	1	0.985265
96635	1	0.985267
96639	1	0.985268
96640	5	0.985276
96649	1	0.985277
96659	1	0.985279
96675	1	0.98528
96681	2	0.985283
96682	1	0.985285
96688	3	0.985289
96709	1	0.985291
96710	1	0.985292
96721	1	0.985293
96722	1	0.985295
96735	1	0.985296
96738	1	0.985298
96763	1	0.985299
96769	2	0.985302
96805	1	0.985304
96812	1	0.985305
96830	1	0.985307
96836	1	0.985308
96889	1	0.98531
97053	1	0.985311
97062	1	0.985313
97082	1	0.985314
97086	1	0.985316
97114	3	0.98532
97115	15	0.985342
97116	1	0.985344
97117	5	0.985351
97118	5	0.985358
97119	6	0.985367
97120	3	0.985372
97146	1	0.985373
97150	1	0.985374
97165	1	0.985376
97173	1	0.985377
97208	2	0.98538
97223	3	0.985385
97253	1	0.985386
97265	1	0.985388
97268	1	0.985389
97269	1	0.985391
97275	1	0.985392
97277	1	0.985394
97281	1	0.985395
97288	1	0.985397
97298	2	0.9854
97300	2	0.985402
97308	1	0.985404
97313	1	0.985405
97316	1	0.985407
97337	2	0.98541
97346	1	0.985411
97356	1	0.985413
97370	2	0.985416
97387	1	0.985417
97390	1	0.985419
97393	1	0.98542
97400	1	0.985422
97408	1	0.985423
97409	1	0.985425
97413	1	0.985426
97416	1	0.985427
97419	1	0.985429
97425	1	0.98543
97437	1	0.985432
97442	1	0.985433
97443	4	0.985439
97444	1	0.985441
97450	1	0.985442
97462	1	0.985444
97465	1	0.985445
97475	1	0.985447
97479	2	0.98545
97480	1	0.985451
97488	1	0.985453
97496	1	0.985454
97499	1	0.985455
97500	3	0.98546
97503	1	0.985461
97513	1	0.985463
97525	1	0.985464
97526	1	0.985466
97527	1	0.985467
97530	1	0.985469
97533	1	0.98547
97541	1	0.985472
97544	1	0.985473
97545	1	0.985475
97571	1	0.985476
97577	1	0.985478
97579	3	0.985482
97580	1	0.985483
97581	1	0.985485
97603	1	0.985486
97626	1	0.985488
97636	1	0.985489
97646	1	0.985491
97653	1	0.985492
97672	1	0.985494
97673	1	0.985495
97674	1	0.985497
97678	1	0.985498
97680	1	0.9855
97694	1	0.985501
97713	1	0.985503
97730	1	0.985504
97731	1	0.985506
97738	1	0.985507
97739	2	0.98551
97740	2	0.985513
97752	1	0.985514
97757	5	0.985522
97776	1	0.985523
97791	2	0.985526
97792	2	0.985529
97793	1	0.985531
97794	1	0.985532
97795	1	0.985534
97796	2	0.985536
97798	2	0.985539
97809	1	0.985541
97812	1	0.985542
97814	1	0.985544
97815	2	0.985547
97822	1	0.985548
97827	1	0.98555
97829	1	0.985551
97838	3	0.985556
97844	1	0.985557
97867	2	0.98556
97873	1	0.985562
97881	1	0.985563
97883	1	0.985564
97894	1	0.985566
97899	1	0.985567
97904	2	0.98557
97906	1	0.985572
97920	1	0.985573
97931	1	0.985575
97933	1	0.985576
97941	1	0.985578
97958	2	0.985581
97960	1	0.985582
97961	2	0.985585
97967	1	0.985587
97973	1	0.985588
97976	1	0.985589
97977	1	0.985591
97978	1	0.985592
97984	1	0.985594
97987	1	0.985595
97988	1	0.985597
97990	1	0.985598
97992	1	0.9856
97994	1	0.985601
98003	1	0.985603
98022	1	0.985604
98032	1	0.985606
98036	1	0.985607
98040	2	0.98561
98041	1	0.985612
98084	1	0.985613
98089	1	0.985615
98092	1	0.985616
98094	1	0.985617
98096	1	0.985619
98097	1	0.98562
98116	1	0.985622
98117	2	0.985625
98118	1	0.985626
98135	1	0.985628
98138	1	0.985629
98140	1	0.985631
98142	1	0.985632
98145	1	0.985634
98146	1	0.985635
98182	1	0.985637
98191	1	0.985638
98192	1	0.98564
98202	1	0.985641
98217	2	0.985644
98219	1	0.985645
98233	1	0.985647
98235	1	0.985648
98236	1	0.98565
98237	1	0.985651
98243	1	0.985653
98267	1	0.985654
98290	1	0.985656
98299	1	0.985657
98302	1	0.985659
98305	1	0.98566
98310	1	0.985662
98316	1	0.985663
98318	1	0.985665
98326	1	0.985666
98327	1	0.985668
98337	2	0.98567
98357	1	0.985672
98360	1	0.985673
98367	1	0.985675
98369	1	0.985676
98379	1	0.985678
98380	1	0.985679
98386	2	0.985682
98391	1	0.985684
98394	3	0.985688
98396	1	0.98569
98398	1	0.985691
98399	1	0.985693
98401	1	0.985694
98407	1	0.985696
98408	1	0.985697
98412	2	0.9857
98414	1	0.985701
98417	2	0.985704
98422	1	0.985706
98423	1	0.985707
98428	1	0.985709
98448	1	0.98571
98451	1	0.985712
98457	1	0.985713
98460	1	0.985715
98461	1	0.985716
98466	1	0.985718
98468	1	0.985719
98470	1	0.985721
98472	1	0.985722
98476	1	0.985724
98478	1	0.985725
98479	1	0.985726
98481	1	0.985728
98486	1	0.985729
98488	1	0.985731
98496	1	0.985732
98505	1	0.985734
98506	1	0.985735
98514	4	0.985741
98515	1	0.985743
98517	3	0.985747
98518	1	0.985749
98519	2	0.985751
98523	1	0.985753
98531	1	0.985754
98532	1	0.985756
98541	1	0.985757
98542	1	0.985759
98546	1	0.98576
98548	1	0.985762
98550	1	0.985763
98560	1	0.985765
98562	1	0.985766
98564	2	0.985769
98565	2	0.985772
98566	2	0.985775
98569	2	0.985778
98570	1	0.985779
98579	1	0.985781
98581	1	0.985782
98583	1	0.985784
98589	1	0.985785
98619	1	0.985787
98635	1	0.985788
98654	1	0.98579
98660	1	0.985791
98664	1	0.985793
98687	2	0.985796
98688	2	0.985799
98690	1	0.9858
98699	2	0.985803
98707	1	0.985805
98729	1	0.985806
98732	1	0.985807
98733	1	0.985809
98742	1	0.98581
98744	1	0.985812
98749	1	0.985813
98751	1	0.985815
98759	1	0.985816
98771	1	0.985818
98773	1	0.985819
98780	1	0.985821
98783	2	0.985824
98788	1	0.985825
98792	1	0.985827
98799	2	0.98583
98809	2	0.985832
98821	2	0.985835
98822	1	0.985837
98823	1	0.985838
98839	1	0.98584
98856	1	0.985841
98867	1	0.985843
98887	1	0.985844
98893	2	0.985847
98903	2	0.98585
98905	1	0.985852
98909	1	0.985853
98910	1	0.985855
98920	1	0.985856
98930	1	0.985858
98933	1	0.985859
98935	1	0.98586
98941	1	0.985862
98942	1	0.985863
98944	1	0.985865
98949	1	0.985866
98954	1	0.985868
98962	1	0.985869
98979	1	0.985871
98980	2	0.985874
98982	1	0.985875
98984	1	0.985877
98985	2	0.98588
98986	1	0.985881
98990	1	0.985883
98995	1	0.985884
98997	1	0.985885
98998	2	0.985888
99000	3	0.985893
99001	1	0.985894
99008	2	0.985897
99009	1	0.985899
99015	1	0.9859
99017	2	0.985903
99018	1	0.985905
99019	1	0.985906
99021	1	0.985908
99024	2	0.985911
99025	1	0.985912
99027	1	0.985913
99028	1	0.985915
99031	2	0.985918
99033	1	0.985919
99039	1	0.985921
99040	2	0.985924
99042	2	0.985927
99043	1	0.985928
99044	1	0.98593
99045	1	0.985931
99046	2	0.985934
99047	2	0.985937
99049	2	0.98594
99051	2	0.985943
99052	1	0.985944
99054	1	0.985946
99055	1	0.985947
99056	1	0.985949
99057	2	0.985952
99063	1	0.985953
99068	1	0.985955
99078	1	0.985956
99080	2	0.985959
99089	1	0.985961
99153	1	0.985962
99200	1	0.985964
99202	1	0.985965
99222	1	0.985966
99238	4	0.985972
99251	1	0.985974
99273	1	0.985975
99307	1	0.985977
99308	1	0.985978
99310	1	0.98598
99315	2	0.985983
99332	1	0.985984
99333	1	0.985986
99335	2	0.985989
99338	1	0.98599
99345	1	0.985992
99349	1	0.985993
99351	1	0.985994
99358	1	0.985996
99364	1	0.985997
99365	1	0.985999
99370	1	0.986
99372	3	0.986005
99373	1	0.986006
99382	1	0.986008
99395	1	0.986009
99406	1	0.986011
99424	1	0.986012
99433	1	0.986014
99452	1	0.986015
99453	1	0.986017
99455	1	0.986018
99474	1	0.98602
99513	1	0.986021
99519	1	0.986022
99552	1	0.986024
99570	1	0.986025
99571	1	0.986027
99595	1	0.986028
99600	1	0.98603
99615	1	0.986031
99709	1	0.986033
99712	1	0.986034
99737	1	0.986036
99756	2	0.986039
99757	2	0.986042
99760	2	0.986045
99772	1	0.986046
99784	1	0.986047
99786	1	0.986049
99789	1	0.98605
99812	1	0.986052
99816	2	0.986055
99819	1	0.986056
99820	1	0.986058
99822	4	0.986064
99824	2	0.986067
99826	1	0.986068
99827	1	0.98607
99830	2	0.986073
99831	1	0.986074
99833	1	0.986075
99838	1	0.986077
99843	1	0.986078
99850	1	0.98608
99865	1	0.986081
99872	1	0.986083
99874	1	0.986084
99875	2	0.986087
99882	1	0.986089
99886	1	0.98609
99888	1	0.986092
99891	1	0.986093
99909	1	0.986095
99943	1	0.986096
99946	1	0.986098
99952	1	0.986099
99955	1	0.986101
99959	1	0.986102
99978	1	0.986103
99986	1	0.986105
100056	1	0.986106
100067	1	0.986108
100068	1	0.986109
100088	1	0.986111
100106	1	0.986112
100108	1	0.986114
100110	1	0.986115
100116	1	0.986117
100127	1	0.986118
100137	1	0.98612
100140	1	0.986121
100147	1	0.986123
100148	1	0.986124
100150	1	0.986126
100158	2	0.986128
100162	1	0.98613
100196	1	0.986131
100204	2	0.986134
100222	1	0.986136
100228	1	0.986137
100233	1	0.986139
100250	1	0.98614
100279	2	0.986143
100285	6	0.986152
100289	1	0.986154
100292	1	0.986155
100295	1	0.986156
100311	1	0.986158
100321	1	0.986159
100323	1	0.986161
100332	1	0.986162
100339	2	0.986165
100341	1	0.986167
100343	1	0.986168
100345	1	0.98617
100350	1	0.986171
100352	1	0.986173
100362	1	0.986174
100383	1	0.986176
100387	1	0.986177
100395	1	0.986179
100398	1	0.98618
100402	1	0.986182
100422	1	0.986183
100464	2	0.986186
100470	1	0.986187
100494	1	0.986189
100501	1	0.98619
100504	1	0.986192
100525	1	0.986193
100526	1	0.986195
100530	1	0.986196
100531	1	0.986198
100537	1	0.986199
100538	1	0.986201
100547	1	0.986202
100551	1	0.986204
100552	1	0.986205
100556	1	0.986207
100568	1	0.986208
100577	1	0.986209
100588	1	0.986211
100590	1	0.986212
100599	1	0.986214
100602	1	0.986215
100618	1	0.986217
100626	1	0.986218
100628	2	0.986221
100629	2	0.986224
100630	8	0.986236
100633	1	0.986237
100634	1	0.986239
100681	1	0.98624
100691	1	0.986242
100698	1	0.986243
100706	1	0.986245
100736	3	0.986249
100750	1	0.986251
100752	1	0.986252
100763	1	0.986254
100773	2	0.986257
100785	1	0.986258
100799	1	0.98626
100813	1	0.986261
100815	2	0.986264
100829	2	0.986267
100852	1	0.986268
100856	1	0.98627
100861	2	0.986273
100884	1	0.986274
100892	1	0.986276
100925	1	0.986277
100927	1	0.986279
100928	1	0.98628
100943	1	0.986282
100996	1	0.986283
100997	1	0.986285
101002	1	0.986286
101008	2	0.986289
101010	1	0.98629
101012	1	0.986292
101016	1	0.986293
101017	1	0.986295
101026	1	0.986296
101031	1	0.986298
101032	2	0.986301
101041	1	0.986302
101044	1	0.986304
101048	2	0.986307
101059	1	0.986308
101062	1	0.98631
101067	1	0.986311
101068	4	0.986317
101069	2	0.98632
101071	3	0.986324
101075	1	0.986326
101101	1	0.986327
101102	1	0.986329
101106	1	0.98633
101108	1	0.986332
101113	1	0.986333
101116	2	0.986336
101118	1	0.986338
101123	1	0.986339
101125	1	0.986341
101132	1	0.986342
101137	1	0.986344
101143	1	0.986345
101145	1	0.986346
101164	1	0.986348
101167	1	0.986349
101169	1	0.986351
101173	1	0.986352
101177	1	0.986354
101180	1	0.986355
101189	1	0.986357
101190	1	0.986358
101191	1	0.98636
101195	1	0.986361
101209	1	0.986363
101216	1	0.986364
101220	1	0.986366
101223	2	0.986369
101225	1	0.98637
101238	1	0.986371
101239	1	0.986373
101241	2	0.986376
101242	1	0.986377
101243	1	0.986379
101246	1	0.98638
101247	3	0.986385
101249	2	0.986388
101257	1	0.986389
101270	3	0.986394
101274	1	0.986395
101275	1	0.986397
101277	1	0.986398
101279	1	0.986399
101283	1	0.986401
101284	1	0.986402
101291	1	0.986404
101297	1	0.986405
101316	2	0.986408
101317	1	0.98641
101334	1	0.986411
101342	1	0.986413
101344	3	0.986417
101345	1	0.986419
101358	1	0.98642
101365	1	0.986422
101372	1	0.986423
101399	1	0.986425
101403	3	0.986429
101407	2	0.986432
101415	1	0.986433
101418	1	0.986435
101425	1	0.986436
101432	1	0.986438
101433	1	0.986439
101444	1	0.986441
101454	1	0.986442
101459	1	0.986444
101466	1	0.986445
101514	1	0.986447
101570	1	0.986448
101582	1	0.98645
101587	6	0.986458
101588	2	0.986461
101592	1	0.986463
101607	2	0.986466
101611	1	0.986467
101612	1	0.986469
101613	1	0.98647
101740	1	0.986472
101798	1	0.986473
101801	1	0.986475
101828	1	0.986476
101829	1	0.986478
101844	2	0.98648
101845	1	0.986482
101863	1	0.986483
101879	1	0.986485
101899	1	0.986486
101905	1	0.986488
101906	1	0.986489
101928	1	0.986491
101929	1	0.986492
101952	1	0.986494
101958	1	0.986495
101961	1	0.986497
101968	1	0.986498
101969	3	0.986503
101978	1	0.986504
102013	3	0.986508
102015	1	0.98651
102021	1	0.986511
102023	1	0.986513
102028	1	0.986514
102031	1	0.986516
102033	1	0.986517
102036	1	0.986519
102048	1	0.98652
102054	3	0.986525
102059	2	0.986528
102081	1	0.986529
102095	1	0.986531
102178	1	0.986532
102179	1	0.986533
102180	2	0.986536
102214	2	0.986539
102234	2	0.986542
102288	1	0.986544
102337	1	0.986545
102353	1	0.986547
102389	1	0.986548
102413	1	0.98655
102414	1	0.986551
102429	1	0.986553
102434	3	0.986557
102435	1	0.986559
102436	1	0.98656
102438	2	0.986563
102439	2	0.986566
102484	1	0.986567
102492	1	0.986569
102493	1	0.98657
102494	2	0.986573
102500	1	0.986575
102515	1	0.986576
102529	1	0.986578
102589	1	0.986579
102599	1	0.986581
102603	1	0.986582
102635	1	0.986584
102690	1	0.986585
102695	1	0.986587
102697	2	0.986589
102706	1	0.986591
102708	2	0.986594
102720	1	0.986595
102748	1	0.986597
102763	1	0.986598
102791	1	0.9866
102843	1	0.986601
102844	2	0.986604
102887	2	0.986607
102921	1	0.986609
102932	2	0.986612
102939	2	0.986614
102973	1	0.986616
103016	1	0.986617
103037	1	0.986619
103081	3	0.986623
103082	1	0.986625
103084	1	0.986626
103122	1	0.986628
103162	1	0.986629
103204	1	0.986631
103208	1	0.986632
103225	1	0.986634
103230	1	0.986635
103235	1	0.986637
103246	1	0.986638
103255	1	0.98664
103267	1	0.986641
103282	1	0.986642
103284	2	0.986645
103286	1	0.986647
103287	1	0.986648
103288	1	0.98665
103295	1	0.986651
103296	2	0.986654
103297	1	0.986656
103299	3	0.98666
103300	1	0.986662
103301	2	0.986665
103302	2	0.986668
103306	1	0.986669
103310	1	0.98667
103314	1	0.986672
103317	1	0.986673
103320	2	0.986676
103321	1	0.986678
103325	1	0.986679
103331	1	0.986681
103345	2	0.986684
103348	1	0.986685
103359	1	0.986687
103368	2	0.98669
103394	1	0.986691
103398	1	0.986693
103401	1	0.986694
103408	1	0.986695
103435	2	0.986698
103436	1	0.9867
103453	2	0.986703
103474	1	0.986704
103485	1	0.986706
103489	1	0.986707
103518	1	0.986709
103519	1	0.98671
103541	3	0.986715
103543	1	0.986716
103548	3	0.986721
103555	1	0.986722
103556	2	0.986725
103619	1	0.986726
103623	1	0.986728
103747	1	0.986729
103774	1	0.986731
103776	1	0.986732
103899	1	0.986734
103937	2	0.986737
103973	1	0.986738
103978	2	0.986741
103991	1	0.986743
104062	1	0.986744
104091	1	0.986746
104122	1	0.986747
104194	1	0.986749
104196	1	0.98675
104211	1	0.986751
104222	1	0.986753
104232	1	0.986754
104240	1	0.986756
104244	1	0.986757
104270	1	0.986759
104287	1	0.98676
104288	1	0.986762
104290	1	0.986763
104291	1	0.986765
104293	1	0.986766
104305	1	0.986768
104309	1	0.986769
104324	1	0.986771
104329	1	0.986772
104341	6	0.986781
104344	3	0.986785
104367	1	0.986787
104393	2	0.98679
104395	1	0.986791
104397	1	0.986793
104400	1	0.986794
104405	1	0.986796
104407	1	0.986797
104410	1	0.986799
104431	1	0.9868
104461	1	0.986802
104464	1	0.986803
104468	1	0.986804
104470	2	0.986807
104473	1	0.986809
104474	1	0.98681
104479	2	0.986813
104480	1	0.986815
104482	3	0.986819
104493	1	0.986821
104494	2	0.986824
104495	1	0.986825
104501	1	0.986827
104504	1	0.986828
104512	1	0.98683
104515	1	0.986831
104521	1	0.986832
104523	1	0.986834
104539	1	0.986835
104542	1	0.986837
104561	1	0.986838
104588	1	0.98684
104616	1	0.986841
104627	1	0.986843
104670	1	0.986844
104712	1	0.986846
104737	1	0.986847
104747	1	0.986849
104751	1	0.98685
104801	1	0.986852
104810	1	0.986853
104823	1	0.986855
104880	1	0.986856
104895	1	0.986857
104905	1	0.986859
104910	2	0.986862
104913	1	0.986863
104927	1	0.986865
104944	1	0.986866
104950	2	0.986869
104953	1	0.986871
104954	2	0.986874
104955	1	0.986875
104962	1	0.986877
104967	1	0.986878
104969	1	0.98688
104978	1	0.986881
105016	1	0.986883
105017	1	0.986884
105036	2	0.986887
105038	1	0.986888
105047	1	0.98689
105048	1	0.986891
105069	2	0.986894
105071	1	0.986896
105104	2	0.986899
105105	1	0.9869
105117	1	0.986902
105124	1	0.986903
105125	1	0.986905
105141	1	0.986906
105147	1	0.986908
105160	1	0.986909
105163	6	0.986918
105172	1	0.986919
105174	1	0.986921
105197	2	0.986924
105198	1	0.986925
105208	1	0.986927
105212	1	0.986928
105214	1	0.98693
105225	1	0.986931
105227	1	0.986933
105235	4	0.986938
105264	1	0.98694
105269	1	0.986941
105273	1	0.986943
105274	1	0.986944
105276	2	0.986947
105282	2	0.98695
105291	3	0.986955
105299	2	0.986958
105308	1	0.986959
105463	1	0.986961
105705	1	0.986962
105780	1	0.986964
105842	1	0.986965
106032	1	0.986966
106167	1	0.986968
106171	1	0.986969
106210	1	0.986971
106211	1	0.986972
106215	1	0.986974
106217	2	0.986977
106221	1	0.986978
106222	6	0.986987
106225	2	0.98699
106231	9	0.987003
106236	1	0.987005
106239	1	0.987006
106240	1	0.987008
106314	1	0.987009
106316	2	0.987012
106320	1	0.987014
106324	1	0.987015
106345	1	0.987017
106363	1	0.987018
106364	2	0.987021
106401	1	0.987022
106402	2	0.987025
106416	1	0.987027
106436	1	0.987028
106439	1	0.98703
106452	1	0.987031
106481	1	0.987033
106531	1	0.987034
106539	1	0.987036
106541	1	0.987037
106558	1	0.987039
106572	1	0.98704
106585	1	0.987042
106589	1	0.987043
106591	1	0.987045
106619	1	0.987046
106624	1	0.987047
106625	1	0.987049
106688	1	0.98705
106709	1	0.987052
106733	1	0.987053
106736	1	0.987055
106751	1	0.987056
106752	1	0.987058
106767	1	0.987059
106775	1	0.987061
106782	1	0.987062
106784	1	0.987064
106786	1	0.987065
106811	1	0.987067
106814	1	0.987068
106824	1	0.98707
106827	1	0.987071
106829	1	0.987073
106832	3	0.987077
106836	1	0.987078
106848	2	0.987081
106894	1	0.987083
106896	1	0.987084
106900	2	0.987087
106902	1	0.987089
106904	2	0.987092
106906	1	0.987093
106908	2	0.987096
106945	1	0.987098
106954	1	0.987099
106955	1	0.9871
106964	1	0.987102
106966	1	0.987103
106972	1	0.987105
106974	2	0.987108
106975	1	0.987109
106978	1	0.987111
106979	1	0.987112
106981	1	0.987114
106982	1	0.987115
106986	1	0.987117
106991	2	0.98712
106992	2	0.987123
106993	2	0.987126
106994	1	0.987127
106997	4	0.987133
106999	1	0.987134
107002	1	0.987136
107006	1	0.987137
107010	1	0.987139
107014	1	0.98714
107015	2	0.987143
107016	2	0.987146
107019	1	0.987148
107022	1	0.987149
107031	2	0.987152
107033	2	0.987155
107052	1	0.987156
107061	1	0.987158
107074	1	0.987159
107081	1	0.987161
107085	2	0.987164
107086	1	0.987165
107087	1	0.987167
107095	1	0.987168
107099	1	0.98717
107100	1	0.987171
107101	2	0.987174
107102	2	0.987177
107109	1	0.987179
107121	1	0.98718
107127	6	0.987189
107132	3	0.987193
107135	1	0.987195
107136	1	0.987196
107137	1	0.987198
107139	1	0.987199
107140	1	0.987201
107142	1	0.987202
107143	1	0.987204
107144	1	0.987205
107149	1	0.987207
107161	1	0.987208
107171	1	0.987209
107174	1	0.987211
107175	1	0.987212
107177	3	0.987217
107178	1	0.987218
107181	1	0.98722
107193	1	0.987221
107201	2	0.987224
107202	1	0.987226
107217	1	0.987227
107220	1	0.987229
107247	1	0.98723
107250	1	0.987232
107258	1	0.987233
107281	1	0.987235
107285	1	0.987236
107291	1	0.987237
107292	1	0.987239
107299	1	0.98724
107317	1	0.987242
107319	2	0.987245
107320	1	0.987246
107324	2	0.987249
107325	2	0.987252
107326	1	0.987254
107329	1	0.987255
107331	1	0.987257
107336	1	0.987258
107345	1	0.98726
107360	1	0.987261
107368	1	0.987262
107373	1	0.987264
107396	1	0.987265
107399	1	0.987267
107401	1	0.987268
107405	1	0.98727
107415	1	0.987271
107441	1	0.987273
107443	1	0.987274
107466	4	0.98728
107514	1	0.987282
107522	1	0.987283
107531	1	0.987285
107545	1	0.987286
107582	1	0.987288
107588	3	0.987292
107602	1	0.987293
107606	1	0.987295
107610	1	0.987296
107620	1	0.987298
107624	1	0.987299
107626	1	0.987301
107628	1	0.987302
107639	1	0.987304
107647	1	0.987305
107669	1	0.987307
107670	1	0.987308
107680	1	0.98731
107692	1	0.987311
107694	1	0.987313
107708	1	0.987314
107709	1	0.987316
107715	2	0.987318
107717	1	0.98732
107721	2	0.987323
107724	1	0.987324
107727	1	0.987326
107729	1	0.987327
107736	1	0.987329
107745	1	0.98733
107773	1	0.987332
107779	1	0.987333
107791	2	0.987336
107795	2	0.987339
107800	1	0.987341
107806	1	0.987342
107815	4	0.987348
107817	1	0.987349
107822	2	0.987352
107831	1	0.987354
107837	2	0.987357
107856	1	0.987358
107878	1	0.98736
107887	2	0.987363
107890	6	0.987371
107892	1	0.987373
107893	4	0.987379
107895	12	0.987397
107896	6	0.987405
107907	1	0.987407
107912	1	0.987408
107927	1	0.98741
107928	2	0.987413
107933	1	0.987414
107934	1	0.987416
107944	1	0.987417
107947	1	0.987419
107960	1	0.98742
107971	1	0.987422
107986	1	0.987423
108044	1	0.987424
108067	1	0.987426
108088	1	0.987427
108090	1	0.987429
108118	1	0.98743
108120	1	0.987432
108124	1	0.987433
108127	1	0.987435
108133	1	0.987436
108136	1	0.987438
108137	1	0.987439
108139	1	0.987441
108154	1	0.987442
108168	1	0.987444
108171	2	0.987447
108178	2	0.98745
108185	1	0.987451
108187	1	0.987452
108195	1	0.987454
108227	1	0.987455
108240	1	0.987457
108242	1	0.987458
108271	1	0.98746
108306	2	0.987463
108308	4	0.987469
108309	1	0.98747
108315	1	0.987472
108330	1	0.987473
108332	3	0.987478
108333	3	0.987482
108334	3	0.987486
108336	1	0.987488
108337	1	0.987489
108338	1	0.987491
108353	1	0.987492
108357	1	0.987494
108358	4	0.9875
108359	2	0.987503
108379	1	0.987504
108380	1	0.987505
108381	1	0.987507
108386	1	0.987508
108387	1	0.98751
108401	1	0.987511
108455	1	0.987513
108509	1	0.987514
108519	6	0.987523
108530	1	0.987525
108538	1	0.987526
108539	1	0.987528
108560	1	0.987529
108582	2	0.987532
108597	1	0.987533
108601	1	0.987535
108608	1	0.987536
108609	1	0.987538
108630	2	0.987541
108642	1	0.987542
108654	1	0.987544
108657	1	0.987545
108658	1	0.987547
108660	3	0.987551
108661	4	0.987557
108662	2	0.98756
108663	3	0.987564
108669	1	0.987566
108671	1	0.987567
108673	1	0.987569
108675	1	0.98757
108676	3	0.987575
108679	3	0.987579
108680	2	0.987582
108681	6	0.987591
108682	4	0.987597
108684	4	0.987603
108685	1	0.987604
108686	1	0.987606
108687	3	0.98761
108688	1	0.987612
108689	4	0.987617
108690	3	0.987622
108692	1	0.987623
108693	1	0.987625
108708	1	0.987626
108709	4	0.987632
108712	4	0.987638
108724	3	0.987642
108725	1	0.987644
108726	2	0.987647
108727	2	0.98765
108736	1	0.987651
108737	3	0.987656
108738	2	0.987659
108762	1	0.98766
108803	1	0.987662
108812	1	0.987663
108823	1	0.987665
108829	1	0.987666
108844	1	0.987667
108870	1	0.987669
108878	1	0.98767
108933	2	0.987673
108939	1	0.987675
108953	1	0.987676
108976	1	0.987678
109005	2	0.987681
109010	1	0.987682
109015	2	0.987685
109019	2	0.987688
109060	1	0.98769
109062	1	0.987691
109066	1	0.987693
109073	1	0.987694
109081	1	0.987695
109089	1	0.987697
109111	2	0.9877
109112	2	0.987703
109113	1	0.987704
109117	1	0.987706
109138	1	0.987707
109139	1	0.987709
109142	1	0.98771
109152	1	0.987712
109153	2	0.987715
109155	1	0.987716
109156	1	0.987718
109164	1	0.987719
109171	1	0.987721
109173	2	0.987723
109174	2	0.987726
109177	1	0.987728
109178	1	0.987729
109184	1	0.987731
109186	3	0.987735
109188	1	0.987737
109189	1	0.987738
109191	1	0.98774
109196	1	0.987741
109198	1	0.987743
109202	1	0.987744
109206	2	0.987747
109210	1	0.987748
109215	1	0.98775
109216	1	0.987751
109228	1	0.987753
109232	1	0.987754
109233	1	0.987756
109234	1	0.987757
109291	1	0.987759
109319	1	0.98776
109335	1	0.987762
109349	1	0.987763
109350	2	0.987766
109351	1	0.987768
109365	1	0.987769
109367	1	0.987771
109369	1	0.987772
109391	1	0.987774
109392	1	0.987775
109396	1	0.987776
109398	2	0.987779
109400	2	0.987782
109401	1	0.987784
109402	2	0.987787
109405	1	0.987788
109407	1	0.98779
109414	1	0.987791
109421	1	0.987793
109423	1	0.987794
109428	1	0.987796
109429	1	0.987797
109436	2	0.9878
109439	1	0.987802
109444	1	0.987803
109482	1	0.987804
109484	1	0.987806
109502	2	0.987809
109512	3	0.987813
109520	2	0.987816
109523	1	0.987818
109538	1	0.987819
109550	1	0.987821
109553	1	0.987822
109554	1	0.987824
109557	2	0.987827
109560	3	0.987831
109561	1	0.987832
109563	4	0.987838
109564	5	0.987846
109565	1	0.987847
109571	1	0.987849
109582	2	0.987852
109595	1	0.987853
109602	1	0.987855
109604	1	0.987856
109612	1	0.987857
109616	1	0.987859
109625	2	0.987862
109633	1	0.987863
109635	1	0.987865
109640	1	0.987866
109649	1	0.987868
109658	1	0.987869
109687	1	0.987871
109688	1	0.987872
109691	1	0.987874
109713	1	0.987875
109715	1	0.987877
109755	1	0.987878
109806	1	0.98788
109821	1	0.987881
109823	1	0.987883
109824	2	0.987885
109839	1	0.987887
109849	2	0.98789
109852	1	0.987891
109863	1	0.987893
109867	1	0.987894
109872	1	0.987896
109878	1	0.987897
109884	2	0.9879
109891	1	0.987902
109894	1	0.987903
109902	1	0.987905
109904	1	0.987906
109908	1	0.987908
109914	1	0.987909
109920	1	0.98791
109925	1	0.987912
109943	1	0.987913
110062	2	0.987916
110066	1	0.987918
110073	1	0.987919
110076	1	0.987921
110094	1	0.987922
110095	1	0.987924
110100	2	0.987927
110125	1	0.987928
110139	1	0.98793
110144	1	0.987931
110149	1	0.987933
110175	1	0.987934
110177	1	0.987936
110186	1	0.987937
110196	1	0.987938
110211	2	0.987941
110228	1	0.987943
110229	1	0.987944
110233	1	0.987946
110250	1	0.987947
110262	1	0.987949
110314	1	0.98795
110344	1	0.987952
110402	1	0.987953
110405	2	0.987956
110429	1	0.987958
110441	1	0.987959
110458	1	0.987961
110502	1	0.987962
110504	1	0.987964
110527	1	0.987965
110537	1	0.987966
110581	1	0.987968
110582	1	0.987969
110583	2	0.987972
110597	1	0.987974
110601	1	0.987975
110611	1	0.987977
110615	1	0.987978
110623	1	0.98798
110625	1	0.987981
110633	1	0.987983
110653	4	0.987989
110654	6	0.987997
110655	1	0.987999
110656	1	0.988
110659	1	0.988002
110668	1	0.988003
110702	1	0.988005
110704	1	0.988006
110727	1	0.988008
110737	1	0.988009
110764	1	0.988011
110783	1	0.988012
110808	1	0.988014
110816	1	0.988015
110830	1	0.988017
110842	1	0.988018
110849	1	0.988019
110864	1	0.988021
110877	1	0.988022
110888	1	0.988024
110913	1	0.988025
110914	2	0.988028
110919	1	0.98803
110920	1	0.988031
110926	1	0.988033
110930	1	0.988034
110942	1	0.988036
110964	1	0.988037
110965	1	0.988039
110977	1	0.98804
110994	1	0.988042
111010	1	0.988043
111011	1	0.988044
111028	1	0.988046
111030	2	0.988049
111036	1	0.98805
111059	1	0.988052
111074	2	0.988055
111079	3	0.988059
111084	1	0.988061
111088	2	0.988064
111120	1	0.988065
111138	2	0.988068
111139	1	0.98807
111142	1	0.988071
111173	1	0.988072
111176	1	0.988074
111181	1	0.988075
111194	1	0.988077
111205	1	0.988078
111211	2	0.988081
111222	1	0.988083
111224	4	0.988089
111232	2	0.988092
111233	2	0.988095
111250	1	0.988096
111266	1	0.988098
111271	1	0.988099
111283	1	0.9881
111305	1	0.988102
111325	1	0.988103
111329	1	0.988105
111363	1	0.988106
111397	1	0.988108
111398	1	0.988109
111404	2	0.988112
111419	1	0.988114
111483	1	0.988115
111485	3	0.98812
111512	4	0.988125
111513	3	0.98813
111528	1	0.988131
111530	3	0.988136
111550	1	0.988137
111560	1	0.988139
111565	3	0.988143
111571	2	0.988146
111602	1	0.988148
111612	1	0.988149
111613	2	0.988152
111641	1	0.988153
111751	1	0.988155
111753	1	0.988156
111782	3	0.988161
111823	3	0.988165
111867	1	0.988167
111874	2	0.98817
111886	1	0.988171
111888	1	0.988173
111915	1	0.988174
111931	1	0.988176
111945	1	0.988177
111960	1	0.988179
111996	1	0.98818
112001	1	0.988181
112034	1	0.988183
112057	1	0.988184
112100	1	0.988186
112138	3	0.98819
112162	1	0.988192
112187	2	0.988195
112189	2	0.988198
112191	1	0.988199
112192	1	0.988201
112196	1	0.988202
112202	1	0.988204
112209	1	0.988205
112235	1	0.988206
112238	1	0.988208
112249	3	0.988212
112264	1	0.988214
112265	2	0.988217
112278	1	0.988218
112428	1	0.98822
112432	1	0.988221
112439	1	0.988223
112469	1	0.988224
112512	1	0.988226
112546	1	0.988227
112559	1	0.988229
112569	1	0.98823
112585	1	0.988232
112601	1	0.988233
112604	1	0.988234
112610	1	0.988236
112626	1	0.988237
112635	1	0.988239
112656	1	0.98824
112657	1	0.988242
112667	1	0.988243
112697	1	0.988245
112714	1	0.988246
112728	1	0.988248
112733	1	0.988249
112757	1	0.988251
112794	1	0.988252
112800	1	0.988254
112802	1	0.988255
112843	1	0.988257
112850	1	0.988258
112886	1	0.98826
112897	1	0.988261
112920	1	0.988262
112928	1	0.988264
112954	1	0.988265
112995	2	0.988268
112996	1	0.98827
113007	1	0.988271
113037	1	0.988273
113089	1	0.988274
113126	2	0.988277
113127	1	0.988279
113146	1	0.98828
113157	3	0.988285
113200	1	0.988286
113206	1	0.988287
113217	1	0.988289
113219	1	0.98829
113235	1	0.988292
113272	1	0.988293
113289	1	0.988295
113296	1	0.988296
113309	1	0.988298
113317	1	0.988299
113321	1	0.988301
113336	1	0.988302
113339	1	0.988304
113381	1	0.988305
113382	1	0.988307
113399	1	0.988308
113420	1	0.98831
113474	1	0.988311
113476	1	0.988313
113477	1	0.988314
113483	1	0.988315
113495	1	0.988317
113511	1	0.988318
113521	1	0.98832
113568	1	0.988321
113587	1	0.988323
113592	2	0.988326
113604	1	0.988327
113606	5	0.988335
113607	1	0.988336
113608	1	0.988338
113617	1	0.988339
113648	1	0.988341
113687	1	0.988342
113701	1	0.988343
113708	1	0.988345
113741	1	0.988346
113753	1	0.988348
113759	1	0.988349
113787	2	0.988352
113789	1	0.988354
113799	1	0.988355
113841	1	0.988357
113851	5	0.988364
113866	1	0.988366
113872	1	0.988367
113894	1	0.988368
113929	1	0.98837
113930	1	0.988371
113937	1	0.988373
113939	1	0.988374
113941	1	0.988376
113942	1	0.988377
113944	1	0.988379
113949	1	0.98838
113953	1	0.988382
113999	1	0.988383
114004	1	0.988385
114018	2	0.988388
114024	1	0.988389
114031	1	0.988391
114032	1	0.988392
114039	1	0.988394
114046	1	0.988395
114050	1	0.988396
114053	1	0.988398
114061	1	0.988399
114086	1	0.988401
114087	1	0.988402
114093	1	0.988404
114094	1	0.988405
114134	1	0.988407
114194	2	0.98841
114406	1	0.988411
114430	1	0.988413
114465	1	0.988414
114503	1	0.988416
114512	1	0.988417
114516	1	0.988419
114517	1	0.98842
114529	2	0.988423
114538	1	0.988424
114539	1	0.988426
114617	1	0.988427
114621	2	0.98843
114631	1	0.988432
114692	3	0.988436
114717	1	0.988438
114739	1	0.988439
114745	1	0.988441
114776	1	0.988442
114784	1	0.988444
114940	1	0.988445
114973	1	0.988447
114977	1	0.988448
114982	1	0.988449
114984	1	0.988451
115013	1	0.988452
115027	1	0.988454
115131	1	0.988455
115140	1	0.988457
115164	1	0.988458
115202	1	0.98846
115232	1	0.988461
115258	1	0.988463
115303	1	0.988464
115353	1	0.988466
115428	1	0.988467
115449	1	0.988469
115451	1	0.98847
115503	1	0.988472
115547	1	0.988473
115561	1	0.988475
115567	1	0.988476
115570	2	0.988479
115574	1	0.98848
115587	1	0.988482
115624	1	0.988483
115634	1	0.988485
115638	2	0.988488
115645	1	0.988489
115650	1	0.988491
115664	1	0.988492
115667	1	0.988494
115668	1	0.988495
115681	1	0.988497
115682	1	0.988498
115703	3	0.988503
115710	1	0.988504
115711	1	0.988505
115717	1	0.988507
115731	1	0.988508
115732	1	0.98851
115733	1	0.988511
115743	2	0.988514
115746	1	0.988516
115756	1	0.988517
115769	1	0.988519
115788	1	0.98852
115789	3	0.988525
115790	1	0.988526
115801	2	0.988529
115869	1	0.98853
115870	1	0.988532
115961	1	0.988533
115966	1	0.988535
116109	1	0.988536
116119	1	0.988538
116126	1	0.988539
116142	1	0.988541
116225	2	0.988544
116234	1	0.988545
116241	1	0.988547
116247	1	0.988548
116280	1	0.98855
116302	1	0.988551
116303	1	0.988553
116330	1	0.988554
116340	2	0.988557
116363	1	0.988558
116371	1	0.98856
116375	1	0.988561
116385	1	0.988563
116421	1	0.988564
116426	1	0.988566
116446	1	0.988567
116462	1	0.988569
116539	1	0.98857
116542	2	0.988573
116543	1	0.988575
116550	1	0.988576
116560	1	0.988578
116570	1	0.988579
116573	3	0.988584
116579	1	0.988585
116624	2	0.988588
116653	1	0.988589
116725	1	0.988591
116779	1	0.988592
116840	1	0.988594
116875	1	0.988595
116878	1	0.988597
116884	1	0.988598
116936	1	0.9886
116939	1	0.988601
116985	1	0.988603
116987	1	0.988604
117002	1	0.988606
117050	1	0.988607
117077	1	0.988609
117080	1	0.98861
117116	1	0.988611
117138	1	0.988613
117151	1	0.988614
117153	1	0.988616
117158	1	0.988617
117163	1	0.988619
117164	1	0.98862
117181	1	0.988622
117188	1	0.988623
117196	2	0.988626
117205	1	0.988628
117216	1	0.988629
117227	2	0.988632
117229	1	0.988634
117235	1	0.988635
117238	1	0.988637
117239	2	0.988639
117240	1	0.988641
117245	1	0.988642
117246	1	0.988644
117248	1	0.988645
117249	1	0.988647
117256	1	0.988648
117258	1	0.98865
117270	1	0.988651
117275	1	0.988653
117281	2	0.988656
117283	2	0.988659
117289	2	0.988662
117292	1	0.988663
117293	1	0.988665
117294	2	0.988667
117295	2	0.98867
117296	2	0.988673
117299	1	0.988675
117310	2	0.988678
117318	2	0.988681
117327	1	0.988682
117330	1	0.988684
117341	1	0.988685
117350	1	0.988687
117359	1	0.988688
117378	1	0.98869
117416	1	0.988691
117417	1	0.988692
117432	1	0.988694
117433	1	0.988695
117440	1	0.988697
117458	1	0.988698
117466	3	0.988703
117502	2	0.988706
117504	1	0.988707
117505	1	0.988709
117512	1	0.98871
117522	1	0.988712
117529	1	0.988713
117550	1	0.988715
117569	1	0.988716
117578	1	0.988718
117592	1	0.988719
117600	1	0.98872
117613	1	0.988722
117618	3	0.988726
117629	1	0.988728
117634	3	0.988732
117641	1	0.988734
117642	2	0.988737
117659	1	0.988738
117660	2	0.988741
117696	1	0.988743
117704	1	0.988744
117751	1	0.988746
117753	2	0.988748
117769	1	0.98875
117773	1	0.988751
117777	1	0.988753
117791	1	0.988754
117821	1	0.988756
117825	1	0.988757
117835	1	0.988759
117838	2	0.988762
117856	1	0.988763
117870	1	0.988765
117875	2	0.988768
117877	1	0.988769
117929	1	0.988771
117943	2	0.988773
117950	1	0.988775
117963	1	0.988776
117978	1	0.988778
117983	1	0.988779
117990	1	0.988781
118015	1	0.988782
118017	2	0.988785
118021	1	0.988787
118030	1	0.988788
118033	1	0.98879
118034	1	0.988791
118058	1	0.988793
118081	1	0.988794
118082	1	0.988796
118092	4	0.988801
118093	1	0.988803
118094	1	0.988804
118121	1	0.988806
118164	1	0.988807
118192	1	0.988809
118208	1	0.98881
118219	1	0.988812
118235	1	0.988813
118256	1	0.988815
118264	1	0.988816
118285	1	0.988818
118296	1	0.988819
118329	1	0.988821
118340	1	0.988822
118346	1	0.988824
118350	1	0.988825
118360	1	0.988827
118396	4	0.988832
118400	1	0.988834
118416	1	0.988835
118429	2	0.988838
118433	1	0.98884
118435	1	0.988841
118454	1	0.988843
118456	1	0.988844
118459	1	0.988846
118470	1	0.988847
118472	1	0.988849
118492	1	0.98885
118496	3	0.988854
118497	2	0.988857
118499	1	0.988859
118504	1	0.98886
118513	1	0.988862
118526	2	0.988865
118539	1	0.988866
118589	1	0.988868
118604	1	0.988869
118612	1	0.988871
118615	1	0.988872
118617	1	0.988874
118624	1	0.988875
118641	1	0.988877
118651	1	0.988878
118689	1	0.98888
118692	1	0.988881
118693	1	0.988882
118694	1	0.988884
118700	1	0.988885
118718	4	0.988891
118722	1	0.988893
118723	1	0.988894
118732	1	0.988896
118734	2	0.988899
118738	1	0.9889
118747	1	0.988902
118748	1	0.988903
118757	1	0.988905
118770	1	0.988906
118779	1	0.988908
118783	1	0.988909
118792	1	0.98891
118793	3	0.988915
118796	2	0.988918
118798	1	0.988919
118801	1	0.988921
118823	1	0.988922
118827	1	0.988924
118831	1	0.988925
118833	2	0.988928
118834	1	0.98893
118858	1	0.988931
118859	1	0.988933
118862	2	0.988935
118865	1	0.988937
118890	1	0.988938
118910	1	0.98894
118911	1	0.988941
118926	1	0.988943
118941	4	0.988949
118942	1	0.98895
118958	1	0.988952
118969	1	0.988953
118979	1	0.988955
118981	1	0.988956
119057	1	0.988958
119058	1	0.988959
119067	2	0.988962
119072	1	0.988963
119116	1	0.988965
119137	1	0.988966
119167	1	0.988968
119179	1	0.988969
119184	3	0.988974
119186	1	0.988975
119188	1	0.988977
119189	1	0.988978
119191	1	0.98898
119192	1	0.988981
119194	1	0.988983
119210	1	0.988984
119222	1	0.988986
119259	1	0.988987
119261	1	0.988989
119267	1	0.98899
119275	1	0.988991
119286	1	0.988993
119309	2	0.988996
119324	1	0.988997
119325	1	0.988999
119328	1	0.989
119332	1	0.989002
119347	1	0.989003
119351	1	0.989005
119360	2	0.989008
119368	1	0.989009
119369	1	0.989011
119377	1	0.989012
119380	1	0.989014
119384	2	0.989016
119395	1	0.989018
119396	1	0.989019
119398	1	0.989021
119399	2	0.989024
119421	1	0.989025
119424	1	0.989027
119427	1	0.989028
119429	1	0.98903
119432	1	0.989031
119448	1	0.989033
119449	1	0.989034
119464	1	0.989036
119474	1	0.989037
119481	2	0.98904
119499	1	0.989042
119513	1	0.989043
119522	2	0.989046
119524	1	0.989047
119526	2	0.98905
119528	1	0.989052
119534	2	0.989055
119535	1	0.989056
119543	1	0.989058
119550	1	0.989059
119556	1	0.989061
119559	1	0.989062
119562	1	0.989064
119564	1	0.989065
119566	1	0.989067
119568	1	0.989068
119569	1	0.98907
119592	1	0.989071
119601	1	0.989072
119643	1	0.989074
119644	1	0.989075
119648	1	0.989077
119655	2	0.98908
119656	1	0.989081
119659	1	0.989083
119729	1	0.989084
119751	1	0.989086
119763	1	0.989087
119772	1	0.989089
119787	1	0.98909
119793	1	0.989092
119827	1	0.989093
119828	1	0.989095
119833	1	0.989096
119853	1	0.989097
119863	1	0.989099
119864	1	0.9891
119869	1	0.989102
119885	1	0.989103
119890	1	0.989105
119894	1	0.989106
119910	1	0.989108
119927	1	0.989109
119936	1	0.989111
119941	2	0.989114
119953	2	0.989117
119966	1	0.989118
119972	1	0.98912
119978	1	0.989121
119979	1	0.989123
120050	1	0.989124
120068	1	0.989125
120075	1	0.989127
120080	1	0.989128
120089	2	0.989131
120101	1	0.989133
120163	1	0.989134
120178	1	0.989136
120191	1	0.989137
120204	1	0.989139
120211	1	0.98914
120227	1	0.989142
120266	1	0.989143
120278	2	0.989146
120320	1	0.989148
120321	1	0.989149
120328	2	0.989152
120346	1	0.989153
120368	1	0.989155
120389	2	0.989158
120397	1	0.989159
120441	1	0.989161
120454	1	0.989162
120471	1	0.989164
120479	1	0.989165
120480	3	0.98917
120490	2	0.989173
120494	1	0.989174
120509	1	0.989176
120514	1	0.989177
120519	1	0.989178
120524	1	0.98918
120531	2	0.989183
120562	1	0.989184
120573	1	0.989186
120576	1	0.989187
120581	1	0.989189
120582	2	0.989192
120589	1	0.989193
120610	1	0.989195
120616	1	0.989196
120632	1	0.989198
120648	1	0.989199
120655	1	0.989201
120656	1	0.989202
120670	1	0.989204
120671	1	0.989205
120678	1	0.989206
120697	1	0.989208
120716	1	0.989209
120728	1	0.989211
120736	1	0.989212
120745	1	0.989214
120779	1	0.989215
120789	1	0.989217
120796	2	0.98922
120827	1	0.989221
120853	1	0.989223
120854	1	0.989224
120866	1	0.989226
120871	1	0.989227
120890	1	0.989229
120904	1	0.98923
120927	1	0.989232
120938	1	0.989233
120947	1	0.989234
120949	1	0.989236
120956	1	0.989237
120959	2	0.98924
120967	1	0.989242
120968	1	0.989243
120971	1	0.989245
120975	1	0.989246
120983	1	0.989248
120989	1	0.989249
120990	1	0.989251
120992	3	0.989255
120993	1	0.989257
121013	1	0.989258
121021	1	0.989259
121022	1	0.989261
121023	1	0.989262
121027	1	0.989264
121031	1	0.989265
121043	1	0.989267
121065	1	0.989268
121106	1	0.98927
121203	1	0.989271
121237	1	0.989273
121280	1	0.989274
121281	1	0.989276
121293	1	0.989277
121308	1	0.989279
121332	1	0.98928
121340	1	0.989282
121343	1	0.989283
121346	1	0.989285
121435	1	0.989286
121537	2	0.989289
121546	1	0.98929
121636	2	0.989293
121648	1	0.989295
121808	2	0.989298
121811	1	0.989299
121820	1	0.989301
121837	2	0.989304
121850	1	0.989305
121934	1	0.989307
121943	1	0.989308
122129	1	0.98931
122142	1	0.989311
122145	3	0.989315
122146	1	0.989317
122147	2	0.98932
122152	1	0.989321
122213	1	0.989323
122235	1	0.989324
122237	2	0.989327
122255	1	0.989329
122396	1	0.98933
122418	1	0.989332
122426	1	0.989333
122428	1	0.989335
122438	1	0.989336
122440	2	0.989339
122467	1	0.98934
122503	1	0.989342
122511	1	0.989343
122561	1	0.989345
122568	1	0.989346
122639	1	0.989348
122667	1	0.989349
122736	1	0.989351
122748	1	0.989352
122823	1	0.989354
122879	1	0.989355
122926	1	0.989357
122928	1	0.989358
122939	1	0.98936
122972	1	0.989361
122979	1	0.989363
122987	1	0.989364
123003	1	0.989366
123019	1	0.989367
123071	1	0.989368
123074	1	0.98937
123087	1	0.989371
123089	1	0.989373
123091	1	0.989374
123111	1	0.989376
123124	1	0.989377
123126	1	0.989379
123128	1	0.98938
123130	1	0.989382
123136	1	0.989383
123261	1	0.989385
123290	1	0.989386
123295	1	0.989388
123305	1	0.989389
123307	1	0.989391
123355	1	0.989392
123420	1	0.989394
123426	1	0.989395
123441	1	0.989396
123444	1	0.989398
123447	4	0.989404
123449	1	0.989405
123450	5	0.989413
123497	3	0.989417
123516	1	0.989419
123572	1	0.98942
123622	1	0.989421
123627	4	0.989427
123628	1	0.989429
123638	1	0.98943
123653	2	0.989433
123686	1	0.989435
123690	1	0.989436
123744	1	0.989438
123756	1	0.989439
123800	1	0.989441
123830	1	0.989442
123835	1	0.989444
123873	1	0.989445
123899	1	0.989447
123911	2	0.989449
123929	1	0.989451
123957	1	0.989452
123959	1	0.989454
123964	2	0.989457
123965	2	0.98946
123966	1	0.989461
124015	1	0.989463
124022	1	0.989464
124027	1	0.989466
124032	1	0.989467
124048	1	0.989469
124091	1	0.98947
124092	1	0.989472
124160	1	0.989473
124190	1	0.989475
124195	1	0.989476
124236	1	0.989477
124261	1	0.989479
124280	1	0.98948
124283	1	0.989482
124285	6	0.989491
124298	1	0.989492
124299	1	0.989494
124440	1	0.989495
124456	1	0.989497
124491	1	0.989498
124505	1	0.9895
124681	1	0.989501
124693	1	0.989502
124714	1	0.989504
124716	1	0.989505
124722	1	0.989507
124726	1	0.989508
124730	1	0.98951
124738	1	0.989511
124756	2	0.989514
124775	1	0.989516
124777	1	0.989517
124798	1	0.989519
124810	1	0.98952
124813	1	0.989522
124818	2	0.989525
124819	2	0.989528
124835	1	0.989529
124844	1	0.98953
124857	1	0.989532
124886	1	0.989533
124887	2	0.989536
124888	2	0.989539
124889	1	0.989541
124892	1	0.989542
124901	1	0.989544
124906	1	0.989545
124911	1	0.989547
124922	1	0.989548
124970	1	0.98955
124983	1	0.989551
124993	1	0.989553
124996	1	0.989554
124999	1	0.989556
125019	1	0.989557
125023	1	0.989558
125030	1	0.98956
125035	1	0.989561
125038	1	0.989563
125040	2	0.989566
125044	2	0.989569
125051	1	0.98957
125052	1	0.989572
125057	1	0.989573
125087	1	0.989575
125146	1	0.989576
125150	2	0.989579
125162	2	0.989582
125163	1	0.989583
125176	1	0.989585
125227	1	0.989586
125258	1	0.989588
125301	1	0.989589
125320	1	0.989591
125350	1	0.989592
125355	2	0.989595
125416	1	0.989597
125427	1	0.989598
125487	1	0.9896
125527	1	0.989601
125577	1	0.989603
125623	1	0.989604
125681	1	0.989606
125710	1	0.989607
125717	3	0.989611
125728	1	0.989613
125743	1	0.989614
125757	1	0.989616
125766	1	0.989617
125827	1	0.989619
125858	1	0.98962
125936	1	0.989622
125951	2	0.989625
125989	1	0.989626
126002	1	0.989628
126048	1	0.989629
126053	1	0.989631
126060	2	0.989634
126099	1	0.989635
126149	1	0.989637
126155	1	0.989638
126158	1	0.989639
126162	3	0.989644
126165	1	0.989645
126172	1	0.989647
126173	1	0.989648
126174	1	0.98965
126182	2	0.989653
126183	1	0.989654
126186	1	0.989656
126203	1	0.989657
126234	1	0.989659
126269	1	0.98966
126270	1	0.989662
126282	1	0.989663
126329	1	0.989664
126341	1	0.989666
126349	2	0.989669
126352	2	0.989672
126354	3	0.989676
126362	1	0.989678
126375	1	0.989679
126406	1	0.989681
126417	1	0.989682
126418	1	0.989684
126421	1	0.989685
126438	1	0.989687
126440	1	0.989688
126448	2	0.989691
126454	2	0.989694
126510	1	0.989695
126536	2	0.989698
126635	1	0.9897
126683	1	0.989701
126728	1	0.989703
126756	1	0.989704
126760	1	0.989706
126769	2	0.989709
126813	1	0.98971
126830	1	0.989712
126836	1	0.989713
126841	1	0.989715
126842	1	0.989716
126860	1	0.989718
126869	1	0.989719
126906	1	0.98972
126910	1	0.989722
126917	1	0.989723
126921	1	0.989725
126922	1	0.989726
126929	1	0.989728
126936	2	0.989731
126937	3	0.989735
126938	2	0.989738
126939	1	0.98974
126943	1	0.989741
126947	1	0.989743
126952	1	0.989744
126959	1	0.989745
126961	1	0.989747
126970	1	0.989748
126981	1	0.98975
126993	1	0.989751
126995	2	0.989754
127001	1	0.989756
127005	1	0.989757
127009	1	0.989759
127051	4	0.989765
127087	1	0.989766
127099	1	0.989768
127107	1	0.989769
127144	1	0.989771
127176	2	0.989773
127198	1	0.989775
127227	1	0.989776
127272	1	0.989778
127287	1	0.989779
127301	1	0.989781
127321	1	0.989782
127335	1	0.989784
127337	3	0.989788
127338	1	0.98979
127350	1	0.989791
127455	1	0.989793
127508	1	0.989794
127519	1	0.989796
127543	1	0.989797
127569	1	0.989799
127695	1	0.9898
127795	2	0.989803
127805	1	0.989804
127823	2	0.989807
127828	2	0.98981
127831	3	0.989815
127833	1	0.989816
127840	2	0.989819
127854	2	0.989822
127876	1	0.989824
127905	3	0.989828
127908	1	0.989829
127924	1	0.989831
127930	1	0.989832
127936	1	0.989834
127952	1	0.989835
127963	1	0.989837
127970	3	0.989841
127979	1	0.989843
127999	2	0.989846
128032	1	0.989847
128044	1	0.989849
128045	1	0.98985
128050	1	0.989852
128124	1	0.989853
128130	3	0.989857
128132	3	0.989862
128135	2	0.989865
128136	1	0.989866
128137	2	0.989869
128138	3	0.989874
128139	1	0.989875
128140	1	0.989877
128142	7	0.989887
128143	2	0.98989
128146	5	0.989897
128147	3	0.989902
128148	4	0.989907
128149	1	0.989909
128154	1	0.98991
128156	1	0.989912
128206	1	0.989913
128227	1	0.989915
128233	1	0.989916
128246	1	0.989918
128248	1	0.989919
128252	1	0.989921
128256	2	0.989924
128260	2	0.989927
128267	1	0.989928
128277	1	0.98993
128283	1	0.989931
128286	1	0.989933
128289	1	0.989934
128291	2	0.989937
128293	1	0.989938
128295	2	0.989941
128296	4	0.989947
128299	1	0.989949
128303	2	0.989952
128314	1	0.989953
128322	2	0.989956
128323	2	0.989959
128346	2	0.989962
128351	1	0.989963
128357	1	0.989965
128359	1	0.989966
128360	1	0.989968
128362	1	0.989969
128378	1	0.989971
128383	1	0.989972
128386	2	0.989975
128420	1	0.989977
128429	1	0.989978
128437	1	0.98998
128438	1	0.989981
128439	1	0.989983
128440	1	0.989984
128442	1	0.989986
128445	1	0.989987
128450	2	0.98999
128453	4	0.989996
128458	2	0.989999
128462	1	0.99
128511	1	0.990002
128537	1	0.990003
128545	1	0.990005
128555	1	0.990006
128556	1	0.990008
128660	1	0.990009
128689	2	0.990012
128772	1	0.990014
128774	1	0.990015
128842	1	0.990016
128868	1	0.990018
128881	2	0.990021
128886	1	0.990022
128891	1	0.990024
128893	1	0.990025
128921	1	0.990027
128949	3	0.990031
128976	1	0.990033
128980	1	0.990034
129030	1	0.990036
129059	1	0.990037
129069	1	0.990039
129077	1	0.99004
129078	1	0.990042
129113	1	0.990043
129123	2	0.990046
129129	1	0.990047
129132	1	0.990049
129153	1	0.99005
129163	1	0.990052
129166	1	0.990053
129178	1	0.990055
129203	1	0.990056
129204	1	0.990058
129216	1	0.990059
129230	1	0.990061
129235	1	0.990062
129246	1	0.990064
129305	1	0.990065
129312	1	0.990067
129316	1	0.990068
129325	1	0.990069
129326	1	0.990071
129365	1	0.990072
129384	1	0.990074
129385	1	0.990075
129389	1	0.990077
129390	1	0.990078
129392	1	0.99008
129393	1	0.990081
129394	1	0.990083
129396	1	0.990084
129397	1	0.990086
129398	1	0.990087
129403	1	0.990089
129409	1	0.99009
129420	1	0.990092
129446	3	0.990096
129449	1	0.990097
129453	1	0.990099
129454	1	0.9901
129489	3	0.990105
129496	1	0.990106
129498	1	0.990108
129504	3	0.990112
129514	1	0.990114
129525	1	0.990115
129533	1	0.990117
129536	1	0.990118
129555	1	0.99012
129559	1	0.990121
129579	1	0.990123
129598	1	0.990124
129599	3	0.990128
129613	1	0.99013
129627	2	0.990133
129639	1	0.990134
129640	3	0.990139
129645	2	0.990142
129655	1	0.990143
129661	1	0.990145
129680	2	0.990148
129689	1	0.990149
129691	1	0.99015
129694	1	0.990152
129699	1	0.990153
129700	1	0.990155
129701	1	0.990156
129704	2	0.990159
129706	1	0.990161
129711	2	0.990164
129713	2	0.990167
129714	2	0.99017
129715	2	0.990173
129716	1	0.990174
129717	1	0.990176
129718	4	0.990181
129719	1	0.990183
129720	1	0.990184
129721	5	0.990192
129723	2	0.990195
129724	4	0.990201
129725	2	0.990203
129726	6	0.990212
129727	4	0.990218
129728	1	0.99022
129729	1	0.990221
129730	2	0.990224
129732	1	0.990226
129734	1	0.990227
129736	2	0.99023
129742	1	0.990231
129746	1	0.990233
129747	1	0.990234
129757	1	0.990236
129765	1	0.990237
129769	2	0.99024
129770	1	0.990242
129772	3	0.990246
129773	3	0.990251
129774	1	0.990252
129776	2	0.990255
129784	1	0.990257
129796	1	0.990258
129799	1	0.990259
129804	1	0.990261
129806	1	0.990262
129831	1	0.990264
129849	2	0.990267
129871	1	0.990268
129882	1	0.99027
129884	2	0.990273
129885	1	0.990274
129903	2	0.990277
129907	1	0.990279
129912	1	0.99028
129917	1	0.990282
129924	1	0.990283
129934	1	0.990284
129969	1	0.990286
129972	1	0.990287
129990	1	0.990289
130001	1	0.99029
130012	1	0.990292
130044	1	0.990293
130052	1	0.990295
130053	1	0.990296
130076	2	0.990299
130091	1	0.990301
130093	1	0.990302
130095	1	0.990304
130099	1	0.990305
130101	1	0.990307
130108	1	0.990308
130114	1	0.99031
130123	1	0.990311
130130	1	0.990312
130205	1	0.990314
130218	1	0.990315
130222	2	0.990318
130247	1	0.99032
130268	1	0.990321
130354	1	0.990323
130380	1	0.990324
130475	1	0.990326
130485	1	0.990327
130555	1	0.990329
130583	1	0.99033
130625	1	0.990332
130630	1	0.990333
130634	1	0.990335
130681	1	0.990336
130687	1	0.990338
130690	1	0.990339
130724	1	0.99034
130725	2	0.990343
130809	1	0.990345
130814	1	0.990346
130819	2	0.990349
130969	1	0.990351
130995	1	0.990352
131075	1	0.990354
131091	1	0.990355
131145	1	0.990357
131149	3	0.990361
131225	1	0.990363
131226	1	0.990364
131227	1	0.990365
131237	2	0.990368
131241	1	0.99037
131246	2	0.990373
131250	1	0.990374
131342	1	0.990376
131354	1	0.990377
131357	1	0.990379
131390	1	0.99038
131391	1	0.990382
131396	2	0.990385
131402	1	0.990386
131415	1	0.990388
131426	1	0.990389
131468	1	0.990391
131470	1	0.990392
131529	1	0.990393
131545	1	0.990395
131636	1	0.990396
131669	1	0.990398
131706	1	0.990399
131715	1	0.990401
131729	2	0.990404
131761	1	0.990405
131769	1	0.990407
131904	1	0.990408
131941	1	0.99041
131998	1	0.990411
132011	1	0.990413
132032	1	0.990414
132033	1	0.990416
132040	1	0.990417
132061	4	0.990423
132077	1	0.990424
132091	1	0.990426
132119	2	0.990429
132128	1	0.99043
132140	1	0.990432
132151	1	0.990433
132162	1	0.990435
132166	1	0.990436
132167	1	0.990438
132169	1	0.990439
132201	1	0.990441
132203	1	0.990442
132215	1	0.990444
132237	1	0.990445
132316	1	0.990446
132330	1	0.990448
132387	1	0.990449
132456	2	0.990452
132491	1	0.990454
132519	1	0.990455
132536	1	0.990457
132575	1	0.990458
132579	3	0.990463
132580	1	0.990464
132641	1	0.990466
132646	1	0.990467
132685	1	0.990469
132696	1	0.99047
132837	1	0.990472
132839	1	0.990473
132864	1	0.990474
132866	1	0.990476
132867	1	0.990477
132888	1	0.990479
132896	1	0.99048
132915	1	0.990482
132921	1	0.990483
132923	1	0.990485
132931	1	0.990486
132943	1	0.990488
132961	1	0.990489
132977	1	0.990491
132998	1	0.990492
133004	1	0.990494
133036	1	0.990495
133056	1	0.990497
133065	1	0.990498
133075	1	0.9905
133206	1	0.990501
133306	1	0.990502
133308	1	0.990504
133326	1	0.990505
133337	1	0.990507
133359	1	0.990508
133364	1	0.99051
133367	1	0.990511
133386	1	0.990513
133394	1	0.990514
133406	2	0.990517
133446	1	0.990519
133454	1	0.99052
133747	1	0.990522
133802	6	0.99053
133835	1	0.990532
133923	1	0.990533
133928	1	0.990535
134207	1	0.990536
134208	1	0.990538
134247	1	0.990539
134351	1	0.990541
134357	1	0.990542
134361	1	0.990544
134368	1	0.990545
134371	1	0.990547
134373	1	0.990548
134375	1	0.99055
134380	2	0.990553
134461	1	0.990554
134462	1	0.990555
134488	1	0.990557
134493	1	0.990558
134506	1	0.99056
134537	1	0.990561
134584	1	0.990563
134627	1	0.990564
134639	1	0.990566
134689	1	0.990567
134720	1	0.990569
134778	1	0.99057
134794	1	0.990572
134804	1	0.990573
134807	1	0.990575
134808	2	0.990578
134811	1	0.990579
134829	1	0.990581
134851	1	0.990582
134906	1	0.990583
134967	1	0.990585
134997	1	0.990586
134998	1	0.990588
135072	1	0.990589
135095	1	0.990591
135200	1	0.990592
135201	2	0.990595
135249	2	0.990598
135268	2	0.990601
135276	1	0.990603
135319	1	0.990604
135381	1	0.990606
135404	1	0.990607
135469	1	0.990608
135474	1	0.99061
135545	1	0.990611
135550	1	0.990613
135559	1	0.990614
135585	1	0.990616
135598	1	0.990617
135603	1	0.990619
135617	2	0.990622
135619	1	0.990623
135622	1	0.990625
135623	2	0.990628
135624	2	0.990631
135638	1	0.990632
135639	1	0.990634
135649	1	0.990635
135651	1	0.990636
135652	3	0.990641
135654	1	0.990642
135655	1	0.990644
135657	3	0.990648
135658	1	0.99065
135659	1	0.990651
135660	1	0.990653
135661	2	0.990656
135662	2	0.990659
135679	2	0.990662
135681	3	0.990666
135682	2	0.990669
135684	1	0.99067
135685	2	0.990673
135686	1	0.990675
135688	2	0.990678
135689	1	0.990679
135690	4	0.990685
135691	2	0.990688
135704	1	0.990689
135707	1	0.990691
135722	1	0.990692
135845	1	0.990694
135866	1	0.990695
135869	2	0.990698
135877	3	0.990703
135913	1	0.990704
135921	1	0.990706
135929	1	0.990707
135972	1	0.990709
135989	1	0.99071
135994	2	0.990713
135996	1	0.990715
136013	1	0.990716
136031	1	0.990717
136077	1	0.990719
136093	1	0.99072
136101	1	0.990722
136106	1	0.990723
136112	1	0.990725
136124	1	0.990726
136147	1	0.990728
136149	1	0.990729
136152	1	0.990731
136157	1	0.990732
136175	1	0.990734
136178	1	0.990735
136189	1	0.990737
136191	1	0.990738
136201	2	0.990741
136202	1	0.990743
136215	2	0.990745
136216	1	0.990747
136220	1	0.990748
136221	2	0.990751
136222	3	0.990756
136233	1	0.990757
136249	1	0.990759
136261	1	0.99076
136264	1	0.990762
136266	1	0.990763
136288	1	0.990765
136317	1	0.990766
136337	1	0.990768
136352	1	0.990769
136407	1	0.99077
136418	1	0.990772
136421	1	0.990773
136481	1	0.990775
136490	2	0.990778
136514	1	0.990779
136611	1	0.990781
136624	1	0.990782
136699	2	0.990785
136709	1	0.990787
136889	1	0.990788
136951	1	0.99079
136964	1	0.990791
136990	1	0.990793
137088	2	0.990796
137146	1	0.990797
137213	2	0.9908
137288	1	0.990801
137291	1	0.990803
137299	1	0.990804
137304	1	0.990806
137309	1	0.990807
137322	1	0.990809
137341	1	0.99081
137342	1	0.990812
137359	1	0.990813
137385	1	0.990815
137394	1	0.990816
137418	1	0.990818
137420	1	0.990819
137424	1	0.990821
137426	1	0.990822
137444	1	0.990824
137447	1	0.990825
137455	2	0.990828
137462	1	0.990829
137463	1	0.990831
137467	1	0.990832
137493	1	0.990834
137508	1	0.990835
137515	2	0.990838
137560	1	0.99084
137714	1	0.990841
137767	1	0.990843
137827	4	0.990849
137837	1	0.99085
137851	1	0.990851
137853	1	0.990853
137867	1	0.990854
137916	1	0.990856
137921	2	0.990859
137922	1	0.99086
137929	1	0.990862
137936	1	0.990863
137954	1	0.990865
137957	1	0.990866
137961	2	0.990869
137965	1	0.990871
137968	1	0.990872
137969	1	0.990874
137976	1	0.990875
137985	1	0.990877
138000	1	0.990878
138004	1	0.990879
138018	1	0.990881
138039	1	0.990882
138058	1	0.990884
138063	1	0.990885
138091	1	0.990887
138094	1	0.990888
138110	1	0.99089
138112	1	0.990891
138115	1	0.990893
138116	1	0.990894
138124	1	0.990896
138129	1	0.990897
138131	1	0.990899
138173	1	0.9909
138193	1	0.990902
138214	1	0.990903
138219	1	0.990905
138224	3	0.990909
138231	1	0.99091
138234	1	0.990912
138341	1	0.990913
138355	1	0.990915
138391	1	0.990916
138392	1	0.990918
138404	2	0.990921
138416	1	0.990922
138445	1	0.990924
138457	1	0.990925
138459	1	0.990927
138461	3	0.990931
138462	2	0.990934
138463	1	0.990935
138464	1	0.990937
138500	1	0.990938
138502	1	0.99094
138539	1	0.990941
138542	1	0.990943
138548	1	0.990944
138576	2	0.990947
138577	1	0.990949
138578	1	0.99095
138588	2	0.990953
138637	1	0.990955
138642	1	0.990956
138643	1	0.990958
138650	1	0.990959
138652	3	0.990963
138653	1	0.990965
138660	1	0.990966
138662	2	0.990969
138680	1	0.990971
138689	1	0.990972
138693	1	0.990974
138694	1	0.990975
138699	1	0.990977
138710	3	0.990981
138720	1	0.990983
138723	1	0.990984
138731	1	0.990986
138751	1	0.990987
138752	1	0.990988
138760	1	0.99099
138765	1	0.990991
138772	1	0.990993
138774	2	0.990996
138782	1	0.990997
138783	1	0.990999
138784	1	0.991
138791	1	0.991002
138793	1	0.991003
138795	1	0.991005
138798	1	0.991006
138805	1	0.991008
138806	1	0.991009
138819	1	0.991011
138824	1	0.991012
138841	1	0.991013
138852	2	0.991016
138855	1	0.991018
138863	1	0.991019
138871	1	0.991021
138879	1	0.991022
138882	1	0.991024
138884	1	0.991025
138890	1	0.991027
138898	6	0.991036
138901	1	0.991037
138903	1	0.991039
138910	1	0.99104
138912	1	0.991041
138914	1	0.991043
138918	1	0.991044
138927	1	0.991046
138953	1	0.991047
138982	1	0.991049
138984	2	0.991052
138994	1	0.991053
138995	2	0.991056
139000	2	0.991059
139001	2	0.991062
139002	1	0.991064
139003	3	0.991068
139004	1	0.991069
139005	1	0.991071
139007	3	0.991075
139008	1	0.991077
139009	1	0.991078
139012	1	0.99108
139017	1	0.991081
139040	1	0.991083
139059	1	0.991084
139092	1	0.991086
139190	1	0.991087
139223	1	0.991089
139230	1	0.99109
139242	1	0.991092
139284	1	0.991093
139291	1	0.991094
139299	1	0.991096
139304	1	0.991097
139306	1	0.991099
139339	1	0.9911
139362	2	0.991103
139385	1	0.991105
139405	1	0.991106
139406	1	0.991108
139426	1	0.991109
139447	1	0.991111
139455	1	0.991112
139486	1	0.991114
139499	1	0.991115
139522	1	0.991117
139532	1	0.991118
139545	1	0.99112
139570	1	0.991121
139588	1	0.991122
139606	1	0.991124
139626	1	0.991125
139628	1	0.991127
139653	1	0.991128
139679	1	0.99113
139680	1	0.991131
139684	1	0.991133
139693	1	0.991134
139741	1	0.991136
139753	2	0.991139
139754	2	0.991142
139756	1	0.991143
139761	1	0.991145
139778	1	0.991146
139779	4	0.991152
139783	1	0.991153
139784	1	0.991155
139788	2	0.991158
139794	1	0.991159
139804	1	0.991161
139810	1	0.991162
139812	1	0.991164
139816	1	0.991165
139820	1	0.991167
139826	1	0.991168
139841	1	0.99117
139848	1	0.991171
139895	1	0.991173
139918	1	0.991174
139928	1	0.991175
139931	2	0.991178
139936	2	0.991181
139953	1	0.991183
139973	1	0.991184
139975	1	0.991186
139976	1	0.991187
139984	2	0.99119
139991	1	0.991192
139993	1	0.991193
140006	2	0.991196
140032	1	0.991198
140035	1	0.991199
140039	1	0.991201
140040	1	0.991202
140049	1	0.991203
140055	1	0.991205
140093	1	0.991206
140110	2	0.991209
140116	1	0.991211
140135	1	0.991212
140136	1	0.991214
140143	2	0.991217
140149	1	0.991218
140161	1	0.99122
140182	1	0.991221
140212	3	0.991226
140217	1	0.991227
140322	1	0.991229
140333	1	0.99123
140347	1	0.991231
140352	1	0.991233
140379	1	0.991234
140427	1	0.991236
140441	1	0.991237
140466	1	0.991239
140469	1	0.99124
140486	1	0.991242
140494	2	0.991245
140509	1	0.991246
140517	1	0.991248
140527	1	0.991249
140539	1	0.991251
140549	1	0.991252
140576	1	0.991254
140615	1	0.991255
140638	2	0.991258
140639	3	0.991262
140640	1	0.991264
140657	1	0.991265
140669	1	0.991267
140673	1	0.991268
140685	1	0.99127
140708	1	0.991271
140717	2	0.991274
140725	1	0.991276
140745	5	0.991283
140786	1	0.991284
140809	1	0.991286
140810	1	0.991287
140838	1	0.991289
140851	1	0.99129
140900	1	0.991292
140903	1	0.991293
140912	1	0.991295
140970	1	0.991296
140974	1	0.991298
141037	1	0.991299
141087	1	0.991301
141088	1	0.991302
141114	1	0.991304
141122	1	0.991305
141123	4	0.991311
141199	1	0.991312
141259	1	0.991314
141305	1	0.991315
141420	1	0.991317
141471	1	0.991318
141472	1	0.99132
141479	1	0.991321
141483	1	0.991323
141499	1	0.991324
141511	1	0.991326
141522	3	0.99133
141523	1	0.991332
141541	1	0.991333
141550	1	0.991335
141566	1	0.991336
141586	1	0.991337
141631	3	0.991342
141655	1	0.991343
141675	1	0.991345
141795	1	0.991346
141813	2	0.991349
142031	2	0.991352
142039	1	0.991354
142065	1	0.991355
142107	1	0.991357
142133	1	0.991358
142135	1	0.99136
142141	1	0.991361
142142	1	0.991363
142153	1	0.991364
142198	1	0.991365
142215	1	0.991367
142223	1	0.991368
142247	1	0.99137
142271	1	0.991371
142276	1	0.991373
142287	1	0.991374
142292	1	0.991376
142293	1	0.991377
142295	1	0.991379
142302	1	0.99138
142317	1	0.991382
142321	1	0.991383
142328	1	0.991385
142343	2	0.991388
142356	1	0.991389
142392	1	0.991391
142395	1	0.991392
142449	1	0.991393
142455	2	0.991396
142479	1	0.991398
142509	1	0.991399
142514	1	0.991401
142518	1	0.991402
142635	1	0.991404
142732	1	0.991405
142785	1	0.991407
142946	1	0.991408
142991	1	0.99141
143037	2	0.991413
143039	1	0.991414
143101	1	0.991416
143154	1	0.991417
143229	1	0.991418
143284	1	0.99142
143320	1	0.991421
143445	1	0.991423
143485	1	0.991424
143486	1	0.991426
143504	1	0.991427
143507	3	0.991432
143511	1	0.991433
143532	1	0.991435
143603	1	0.991436
143674	1	0.991438
143713	2	0.991441
143721	1	0.991442
143831	1	0.991444
143922	1	0.991445
143998	1	0.991446
144028	1	0.991448
144035	1	0.991449
144040	1	0.991451
144082	2	0.991454
144173	1	0.991455
144175	1	0.991457
144191	1	0.991458
144196	1	0.99146
144197	1	0.991461
144209	1	0.991463
144226	2	0.991466
144362	1	0.991467
144404	1	0.991469
144411	1	0.99147
144421	1	0.991472
144424	2	0.991474
144502	1	0.991476
144514	1	0.991477
144523	1	0.991479
144534	1	0.99148
144536	1	0.991482
144538	1	0.991483
144551	1	0.991485
144560	1	0.991486
144569	1	0.991488
144572	1	0.991489
144583	1	0.991491
144584	2	0.991494
144586	1	0.991495
144596	1	0.991497
144600	1	0.991498
144601	1	0.991499
144612	1	0.991501
144616	1	0.991502
144634	1	0.991504
144635	2	0.991507
144636	1	0.991508
144639	1	0.99151
144657	1	0.991511
144660	1	0.991513
144689	1	0.991514
144697	1	0.991516
144707	1	0.991517
144711	1	0.991519
144717	1	0.99152
144718	1	0.991522
144733	2	0.991525
144737	3	0.991529
144751	1	0.99153
144752	1	0.991532
144757	1	0.991533
144763	1	0.991535
144781	1	0.991536
144785	1	0.991538
144789	1	0.991539
144790	1	0.991541
144797	1	0.991542
144836	1	0.991544
144861	1	0.991545
144958	1	0.991547
144976	1	0.991548
145068	1	0.99155
145079	1	0.991551
145109	1	0.991553
145123	1	0.991554
145139	1	0.991555
145177	1	0.991557
145179	2	0.99156
145199	1	0.991561
145202	1	0.991563
145210	1	0.991564
145212	1	0.991566
145228	1	0.991567
145232	1	0.991569
145243	1	0.99157
145255	1	0.991572
145327	1	0.991573
145341	1	0.991575
145384	1	0.991576
145387	1	0.991578
145397	1	0.991579
145412	1	0.99158
145531	1	0.991582
145540	1	0.991583
145541	1	0.991585
145546	1	0.991586
145560	1	0.991588
145614	1	0.991589
145658	1	0.991591
145668	1	0.991592
145674	1	0.991594
145692	1	0.991595
145718	1	0.991597
145760	3	0.991601
145851	1	0.991603
145893	2	0.991606
145972	1	0.991607
146013	2	0.99161
146016	1	0.991611
146027	2	0.991614
146038	1	0.991616
146081	1	0.991617
146090	1	0.991619
146123	1	0.99162
146159	1	0.991622
146217	1	0.991623
146224	2	0.991626
146225	1	0.991628
146234	1	0.991629
146277	2	0.991632
146317	4	0.991638
146318	7	0.991648
146319	1	0.99165
146320	3	0.991654
146322	1	0.991656
146323	4	0.991661
146324	3	0.991666
146325	2	0.991669
146329	2	0.991672
146449	1	0.991673
146464	1	0.991675
146545	1	0.991676
146553	1	0.991678
146605	1	0.991679
146656	2	0.991682
146666	1	0.991684
146672	1	0.991685
146683	1	0.991687
146690	3	0.991691
146693	1	0.991692
146707	1	0.991694
146723	1	0.991695
146725	1	0.991697
146731	1	0.991698
146741	1	0.9917
146742	1	0.991701
146744	1	0.991703
146772	1	0.991704
146776	1	0.991706
146796	1	0.991707
146871	1	0.991709
146882	1	0.99171
146921	1	0.991712
146945	1	0.991713
146997	1	0.991715
147034	1	0.991716
147047	1	0.991717
147056	1	0.991719
147060	1	0.99172
147089	1	0.991722
147182	1	0.991723
147198	1	0.991725
147203	1	0.991726
147205	1	0.991728
147218	1	0.991729
147238	1	0.991731
147270	1	0.991732
147370	1	0.991734
147394	1	0.991735
147404	1	0.991737
147405	1	0.991738
147425	1	0.99174
147426	1	0.991741
147465	1	0.991742
147466	1	0.991744
147471	5	0.991751
147474	1	0.991753
147479	1	0.991754
147485	1	0.991756
147486	1	0.991757
147500	1	0.991759
147508	1	0.99176
147509	3	0.991765
147514	1	0.991766
147518	1	0.991768
147520	2	0.99177
147523	1	0.991772
147526	1	0.991773
147529	1	0.991775
147533	1	0.991776
147537	1	0.991778
147546	1	0.991779
147547	1	0.991781
147564	2	0.991784
147565	1	0.991785
147570	1	0.991787
147582	1	0.991788
147598	1	0.99179
147606	1	0.991791
147607	1	0.991793
147611	1	0.991794
147637	1	0.991796
147638	1	0.991797
147644	1	0.991798
147645	1	0.9918
147656	1	0.991801
147659	1	0.991803
147663	1	0.991804
147671	1	0.991806
147672	1	0.991807
147677	1	0.991809
147678	1	0.99181
147680	2	0.991813
147725	1	0.991815
147825	1	0.991816
147832	4	0.991822
147835	1	0.991823
147849	1	0.991825
147865	1	0.991826
147868	1	0.991828
147872	1	0.991829
147875	1	0.991831
147878	1	0.991832
147882	2	0.991835
147884	1	0.991837
147885	1	0.991838
147888	1	0.99184
147917	2	0.991843
147928	1	0.991844
147950	1	0.991846
147987	1	0.991847
147995	1	0.991849
148011	1	0.99185
148013	1	0.991851
148024	1	0.991853
148040	1	0.991854
148050	1	0.991856
148096	1	0.991857
148141	3	0.991862
148147	1	0.991863
148163	1	0.991865
148195	1	0.991866
148217	1	0.991868
148232	1	0.991869
148251	1	0.991871
148264	1	0.991872
148286	1	0.991874
148289	1	0.991875
148290	1	0.991877
148293	2	0.991879
148297	1	0.991881
148309	1	0.991882
148317	1	0.991884
148318	1	0.991885
148328	1	0.991887
148341	1	0.991888
148401	1	0.99189
148510	1	0.991891
148526	1	0.991893
148531	1	0.991894
148533	3	0.991899
148536	1	0.9919
148545	1	0.991902
148555	1	0.991903
148561	1	0.991904
148584	1	0.991906
148604	1	0.991907
148609	1	0.991909
148614	2	0.991912
148615	2	0.991915
148624	1	0.991916
148625	1	0.991918
148634	1	0.991919
148655	1	0.991921
148692	1	0.991922
148693	1	0.991924
148696	1	0.991925
148706	2	0.991928
148709	1	0.99193
148731	1	0.991931
148734	1	0.991932
148735	1	0.991934
148755	1	0.991935
148761	1	0.991937
148762	2	0.99194
148764	1	0.991941
148766	1	0.991943
148771	1	0.991944
148785	1	0.991946
148801	1	0.991947
148810	1	0.991949
148812	1	0.99195
148817	2	0.991953
148820	1	0.991955
148904	1	0.991956
148954	1	0.991958
148965	1	0.991959
148970	1	0.99196
148975	1	0.991962
148976	1	0.991963
148987	1	0.991965
149007	1	0.991966
149014	1	0.991968
149055	1	0.991969
149080	1	0.991971
149089	1	0.991972
149100	1	0.991974
149101	1	0.991975
149102	1	0.991977
149103	1	0.991978
149111	2	0.991981
149113	1	0.991983
149120	1	0.991984
149121	3	0.991988
149158	1	0.99199
149177	1	0.991991
149186	1	0.991993
149191	1	0.991994
149215	1	0.991996
149221	2	0.991999
149222	1	0.992
149224	1	0.992002
149231	1	0.992003
149239	1	0.992005
149292	1	0.992006
149296	3	0.992011
149316	1	0.992012
149327	1	0.992013
149328	1	0.992015
149331	1	0.992016
149338	1	0.992018
149351	1	0.992019
149443	2	0.992022
149470	1	0.992024
149482	1	0.992025
149502	1	0.992027
149504	1	0.992028
149518	2	0.992031
149519	1	0.992033
149521	1	0.992034
149529	1	0.992036
149534	2	0.992039
149535	1	0.99204
149541	1	0.992041
149548	1	0.992043
149552	3	0.992047
149559	1	0.992049
149561	1	0.99205
149592	1	0.992052
149629	1	0.992053
149683	3	0.992058
149700	1	0.992059
149717	1	0.992061
149733	1	0.992062
149734	1	0.992064
149737	1	0.992065
149740	1	0.992066
149742	1	0.992068
149751	2	0.992071
149752	1	0.992072
149778	1	0.992074
149791	1	0.992075
149796	1	0.992077
149804	1	0.992078
149818	1	0.99208
149892	1	0.992081
149911	1	0.992083
149912	1	0.992084
149923	1	0.992086
149924	1	0.992087
149925	2	0.99209
149926	1	0.992092
149935	1	0.992093
149969	1	0.992094
150015	1	0.992096
150042	1	0.992097
150043	1	0.992099
150048	1	0.9921
150050	2	0.992103
150075	1	0.992105
150095	1	0.992106
150142	1	0.992108
150144	1	0.992109
150146	1	0.992111
150200	1	0.992112
150214	1	0.992114
150236	2	0.992117
150250	1	0.992118
150254	1	0.99212
150257	1	0.992121
150381	1	0.992122
150386	1	0.992124
150395	1	0.992125
150420	1	0.992127
150461	1	0.992128
150474	2	0.992131
150489	1	0.992133
150518	1	0.992134
150536	2	0.992137
150537	1	0.992139
150581	1	0.99214
150667	1	0.992142
150720	1	0.992143
150733	1	0.992145
150747	1	0.992146
150752	1	0.992147
150753	1	0.992149
150765	1	0.99215
150806	2	0.992153
150825	1	0.992155
150849	1	0.992156
150858	1	0.992158
150869	1	0.992159
150888	2	0.992162
150890	2	0.992165
150892	1	0.992167
150901	6	0.992175
150902	2	0.992178
150909	2	0.992181
150916	1	0.992183
150940	1	0.992184
150965	1	0.992186
150989	1	0.992187
150992	1	0.992189
150993	1	0.99219
151001	1	0.992192
151016	1	0.992193
151032	2	0.992196
151035	2	0.992199
151059	1	0.992201
151066	3	0.992205
151067	1	0.992206
151076	2	0.992209
151077	1	0.992211
151078	1	0.992212
151087	1	0.992214
151112	1	0.992215
151113	1	0.992217
151122	1	0.992218
151127	1	0.99222
151134	1	0.992221
151136	1	0.992223
151137	1	0.992224
151139	1	0.992226
151141	1	0.992227
151146	1	0.992228
151148	1	0.99223
151155	1	0.992231
151156	2	0.992234
151161	1	0.992236
151162	1	0.992237
151184	1	0.992239
151187	2	0.992242
151188	1	0.992243
151189	1	0.992245
151201	1	0.992246
151209	1	0.992248
151210	1	0.992249
151214	1	0.992251
151234	1	0.992252
151237	1	0.992254
151263	1	0.992255
151277	1	0.992256
151362	1	0.992258
151397	1	0.992259
151398	1	0.992261
151423	1	0.992262
151425	1	0.992264
151431	1	0.992265
151444	1	0.992267
151453	1	0.992268
151497	1	0.99227
151519	2	0.992273
151548	1	0.992274
151739	1	0.992276
151754	1	0.992277
151800	1	0.992279
151826	1	0.99228
151872	2	0.992283
151893	1	0.992284
152048	1	0.992286
152050	1	0.992287
152085	1	0.992289
152108	1	0.99229
152147	1	0.992292
152148	1	0.992293
152152	1	0.992295
152156	1	0.992296
152167	1	0.992298
152179	1	0.992299
152180	1	0.992301
152183	1	0.992302
152185	1	0.992304
152187	1	0.992305
152189	2	0.992308
152190	1	0.992309
152223	1	0.992311
152290	1	0.992312
152344	1	0.992314
152399	1	0.992315
152458	1	0.992317
152505	1	0.992318
152565	1	0.99232
152633	1	0.992321
152640	1	0.992323
152667	2	0.992326
152712	1	0.992327
152787	1	0.992329
152814	1	0.99233
152844	1	0.992332
152862	1	0.992333
152890	2	0.992336
152934	1	0.992337
152966	2	0.99234
152994	1	0.992342
153009	2	0.992345
153034	1	0.992346
153038	1	0.992348
153057	1	0.992349
153094	1	0.992351
153168	1	0.992352
153171	1	0.992354
153173	1	0.992355
153215	1	0.992357
153217	1	0.992358
153238	1	0.99236
153256	1	0.992361
153288	1	0.992362
153307	1	0.992364
153313	1	0.992365
153316	2	0.992368
153333	1	0.99237
153338	1	0.992371
153435	1	0.992373
153484	2	0.992376
153485	1	0.992377
153536	1	0.992379
153538	2	0.992382
153539	2	0.992385
153544	2	0.992388
153546	1	0.992389
153547	2	0.992392
153550	1	0.992393
153551	1	0.992395
153562	1	0.992396
153594	1	0.992398
153633	1	0.992399
153640	1	0.992401
153670	1	0.992402
153672	3	0.992407
153709	1	0.992408
153719	1	0.99241
153722	1	0.992411
153731	1	0.992413
153794	1	0.992414
153804	1	0.992416
153813	1	0.992417
153832	1	0.992418
153833	2	0.992421
153834	1	0.992423
153848	1	0.992424
153849	1	0.992426
153869	2	0.992429
153878	1	0.99243
153891	1	0.992432
153943	1	0.992433
153944	1	0.992435
153946	1	0.992436
153948	1	0.992438
154025	1	0.992439
154034	1	0.992441
154068	1	0.992442
154104	1	0.992443
154231	1	0.992445
154232	1	0.992446
154243	1	0.992448
154247	1	0.992449
154283	1	0.992451
154303	1	0.992452
154305	1	0.992454
154342	1	0.992455
154346	1	0.992457
154347	1	0.992458
154354	2	0.992461
154374	1	0.992463
154380	1	0.992464
154419	1	0.992466
154420	3	0.99247
154425	1	0.992471
154452	1	0.992473
154454	2	0.992476
154457	1	0.992477
154475	1	0.992479
154495	1	0.99248
154502	1	0.992482
154517	1	0.992483
154556	1	0.992485
154662	1	0.992486
154708	2	0.992489
154847	1	0.992491
154883	1	0.992492
154890	1	0.992494
154902	1	0.992495
154911	1	0.992497
154915	1	0.992498
154923	1	0.992499
154931	1	0.992501
154951	1	0.992502
154952	1	0.992504
154953	1	0.992505
154982	1	0.992507
154996	1	0.992508
155026	1	0.99251
155027	1	0.992511
155037	1	0.992513
155174	1	0.992514
155184	2	0.992517
155194	1	0.992519
155233	1	0.99252
155271	1	0.992522
155281	1	0.992523
155334	1	0.992524
155335	1	0.992526
155337	1	0.992527
155395	3	0.992532
155410	1	0.992533
155420	1	0.992535
155427	1	0.992536
155478	2	0.992539
155495	1	0.992541
155509	4	0.992547
155515	1	0.992548
155516	1	0.99255
155519	1	0.992551
155521	1	0.992552
155532	2	0.992555
155544	1	0.992557
155585	1	0.992558
155591	1	0.99256
155601	1	0.992561
155648	1	0.992563
155664	1	0.992564
155699	1	0.992566
155706	1	0.992567
155717	2	0.99257
155718	1	0.992572
155723	1	0.992573
155760	1	0.992575
155774	1	0.992576
155816	1	0.992578
155826	1	0.992579
155832	1	0.99258
155858	2	0.992583
155901	1	0.992585
155912	1	0.992586
155969	1	0.992588
155998	1	0.992589
156001	1	0.992591
156006	1	0.992592
156033	1	0.992594
156083	1	0.992595
156112	6	0.992604
156160	1	0.992605
156221	1	0.992607
156245	1	0.992608
156264	1	0.99261
156297	1	0.992611
156305	1	0.992613
156481	1	0.992614
156586	1	0.992616
156597	1	0.992617
156831	1	0.992619
156859	1	0.99262
156881	1	0.992622
156888	1	0.992623
156906	1	0.992625
156959	2	0.992628
156987	1	0.992629
156989	1	0.992631
157007	1	0.992632
157009	1	0.992633
157061	1	0.992635
157065	1	0.992636
157088	1	0.992638
157103	1	0.992639
157104	2	0.992642
157106	1	0.992644
157116	1	0.992645
157176	1	0.992647
157188	1	0.992648
157210	1	0.99265
157211	1	0.992651
157221	1	0.992653
157224	1	0.992654
157226	1	0.992656
157231	1	0.992657
157266	1	0.992659
157267	4	0.992664
157290	1	0.992666
157316	1	0.992667
157340	1	0.992669
157344	1	0.99267
157348	1	0.992672
157438	1	0.992673
157439	1	0.992675
157479	1	0.992676
157481	1	0.992678
157512	3	0.992682
157516	1	0.992684
157535	1	0.992685
157546	1	0.992686
157561	1	0.992688
157592	1	0.992689
157593	1	0.992691
157612	1	0.992692
157682	1	0.992694
157686	1	0.992695
157703	1	0.992697
157704	2	0.9927
157743	1	0.992701
157754	1	0.992703
157775	2	0.992706
157821	1	0.992707
157830	1	0.992709
157861	1	0.99271
157886	1	0.992712
157916	1	0.992713
157942	1	0.992714
157957	1	0.992716
157991	1	0.992717
158028	2	0.99272
158087	1	0.992722
158159	1	0.992723
158176	1	0.992725
158187	1	0.992726
158236	1	0.992728
158242	1	0.992729
158266	1	0.992731
158276	1	0.992732
158307	1	0.992734
158387	1	0.992735
158408	1	0.992737
158431	1	0.992738
158514	1	0.99274
158532	1	0.992741
158549	2	0.992744
158570	2	0.992747
158612	1	0.992748
158646	1	0.99275
158647	1	0.992751
158651	1	0.992753
158660	1	0.992754
158675	1	0.992756
158678	2	0.992759
158681	1	0.99276
158695	1	0.992762
158713	1	0.992763
158717	1	0.992765
158718	1	0.992766
158719	1	0.992767
158722	1	0.992769
158729	2	0.992772
158738	1	0.992773
158746	1	0.992775
158748	1	0.992776
158751	1	0.992778
158767	1	0.992779
158777	1	0.992781
158790	2	0.992784
158799	1	0.992785
158802	1	0.992787
158803	1	0.992788
158806	1	0.99279
158809	1	0.992791
158815	1	0.992793
158816	1	0.992794
158845	1	0.992795
158860	1	0.992797
158863	2	0.9928
158864	2	0.992803
158869	1	0.992804
158896	1	0.992806
158900	1	0.992807
158901	1	0.992809
158934	1	0.99281
158947	1	0.992812
158951	1	0.992813
158977	1	0.992815
158981	1	0.992816
159001	1	0.992818
159030	2	0.992821
159041	2	0.992823
159043	1	0.992825
159051	3	0.992829
159060	1	0.992831
159073	1	0.992832
159086	1	0.992834
159092	1	0.992835
159103	1	0.992837
159108	1	0.992838
159111	1	0.99284
159114	1	0.992841
159120	1	0.992843
159122	1	0.992844
159125	1	0.992846
159126	1	0.992847
159136	1	0.992848
159146	2	0.992851
159155	1	0.992853
159160	1	0.992854
159164	1	0.992856
159197	1	0.992857
159235	1	0.992859
159237	1	0.99286
159238	1	0.992862
159241	1	0.992863
159244	1	0.992865
159253	1	0.992866
159260	1	0.992868
159263	1	0.992869
159277	1	0.992871
159288	1	0.992872
159291	1	0.992874
159293	1	0.992875
159299	1	0.992876
159327	1	0.992878
159442	1	0.992879
159479	1	0.992881
159488	1	0.992882
159537	1	0.992884
159539	2	0.992887
159543	1	0.992888
159551	1	0.99289
159567	2	0.992893
159571	1	0.992894
159598	1	0.992896
159605	1	0.992897
159607	1	0.992899
159612	1	0.9929
159618	1	0.992902
159639	1	0.992903
159665	1	0.992904
159666	1	0.992906
159722	1	0.992907
159724	1	0.992909
159735	1	0.99291
159736	1	0.992912
159737	1	0.992913
159751	1	0.992915
159781	1	0.992916
159796	1	0.992918
159826	1	0.992919
159835	1	0.992921
159836	1	0.992922
159856	1	0.992924
159857	1	0.992925
159861	1	0.992927
159893	1	0.992928
159894	1	0.992929
159901	1	0.992931
159902	8	0.992943
159904	1	0.992944
159920	1	0.992946
159926	1	0.992947
159927	1	0.992949
159929	1	0.99295
159931	1	0.992952
159958	1	0.992953
159966	4	0.992959
159967	1	0.99296
159968	2	0.992963
159970	1	0.992965
159973	1	0.992966
159978	2	0.992969
159979	5	0.992977
159981	1	0.992978
159983	2	0.992981
159991	1	0.992983
159992	1	0.992984
159993	5	0.992991
159994	3	0.992996
159995	7	0.993006
160006	1	0.993008
160010	1	0.993009
160014	2	0.993012
160015	3	0.993016
160016	2	0.993019
160017	3	0.993024
160022	1	0.993025
160024	1	0.993027
160027	1	0.993028
160028	1	0.99303
160030	1	0.993031
160034	1	0.993033
160038	1	0.993034
160084	1	0.993036
160112	2	0.993038
160116	4	0.993044
160129	1	0.993046
160140	2	0.993049
160145	2	0.993052
160147	1	0.993053
160149	1	0.993055
160158	3	0.993059
160163	3	0.993064
160167	2	0.993066
160173	1	0.993068
160176	1	0.993069
160186	3	0.993074
160215	1	0.993075
160229	2	0.993078
160242	1	0.99308
160253	1	0.993081
160265	1	0.993083
160351	2	0.993086
160402	5	0.993093
160403	1	0.993094
160447	1	0.993096
160484	1	0.993097
160485	1	0.993099
160498	1	0.9931
160500	1	0.993102
160513	1	0.993103
160543	1	0.993105
160560	2	0.993108
160562	1	0.993109
160563	1	0.993111
160566	1	0.993112
160571	3	0.993117
160580	1	0.993118
160595	1	0.993119
160625	1	0.993121
160646	1	0.993122
160653	1	0.993124
160676	1	0.993125
160690	1	0.993127
160729	1	0.993128
160750	2	0.993131
160788	1	0.993133
160821	1	0.993134
160866	1	0.993136
160867	1	0.993137
160910	1	0.993139
161007	1	0.99314
161018	1	0.993142
161030	1	0.993143
161036	1	0.993145
161063	2	0.993147
161065	1	0.993149
161069	1	0.99315
161073	1	0.993152
161207	1	0.993153
161237	1	0.993155
161278	3	0.993159
161281	1	0.993161
161354	1	0.993162
161362	1	0.993164
161385	1	0.993165
161420	1	0.993167
161433	1	0.993168
161442	1	0.99317
161454	1	0.993171
161455	1	0.993172
161458	1	0.993174
161485	1	0.993175
161583	1	0.993177
161590	1	0.993178
161594	2	0.993181
161597	1	0.993183
161625	1	0.993184
161637	1	0.993186
161715	1	0.993187
161725	1	0.993189
161749	3	0.993193
161750	2	0.993196
161756	1	0.993198
161757	1	0.993199
161759	1	0.9932
161763	1	0.993202
161797	1	0.993203
161828	1	0.993205
161845	1	0.993206
161879	1	0.993208
161882	1	0.993209
161899	1	0.993211
161906	2	0.993214
161938	1	0.993215
161940	1	0.993217
162009	1	0.993218
162021	1	0.99322
162030	1	0.993221
162061	1	0.993223
162064	1	0.993224
162099	1	0.993226
162184	1	0.993227
162190	1	0.993228
162242	1	0.99323
162280	1	0.993231
162281	1	0.993233
162403	1	0.993234
162487	3	0.993239
162588	2	0.993242
162703	2	0.993245
162786	1	0.993246
162870	1	0.993248
162915	1	0.993249
162921	1	0.993251
162952	1	0.993252
163064	1	0.993253
163146	1	0.993255
163245	1	0.993256
163364	1	0.993258
163567	1	0.993259
163664	1	0.993261
163665	1	0.993262
163675	1	0.993264
163681	1	0.993265
163700	1	0.993267
163701	1	0.993268
163765	1	0.99327
163783	1	0.993271
163803	1	0.993273
163807	1	0.993274
163815	1	0.993276
163817	1	0.993277
163820	1	0.993279
163825	1	0.99328
163827	1	0.993281
163836	1	0.993283
163842	1	0.993284
163845	1	0.993286
163867	1	0.993287
163878	1	0.993289
163896	1	0.99329
163915	1	0.993292
163962	1	0.993293
163985	1	0.993295
163988	1	0.993296
163997	1	0.993298
164031	1	0.993299
164032	1	0.993301
164034	1	0.993302
164040	2	0.993305
164076	1	0.993307
164078	1	0.993308
164079	1	0.993309
164080	1	0.993311
164083	1	0.993312
164087	1	0.993314
164232	2	0.993317
164265	1	0.993318
164288	1	0.99332
164323	1	0.993321
164475	2	0.993324
164477	1	0.993326
164523	1	0.993327
164538	1	0.993329
164613	1	0.99333
164641	1	0.993332
164729	1	0.993333
164731	1	0.993334
164735	1	0.993336
164739	2	0.993339
164740	3	0.993343
164749	1	0.993345
164754	1	0.993346
164782	2	0.993349
164832	1	0.993351
164899	1	0.993352
164906	1	0.993354
164940	1	0.993355
164955	1	0.993357
164963	1	0.993358
165095	1	0.99336
165118	1	0.993361
165153	1	0.993362
165182	1	0.993364
165205	1	0.993365
165225	1	0.993367
165235	1	0.993368
165236	1	0.99337
165238	1	0.993371
165263	2	0.993374
165265	1	0.993376
165313	1	0.993377
165319	1	0.993379
165324	1	0.99338
165354	1	0.993382
165369	1	0.993383
165374	1	0.993385
165441	1	0.993386
165443	1	0.993388
165445	1	0.993389
165482	1	0.99339
165503	1	0.993392
165577	1	0.993393
165590	1	0.993395
165620	1	0.993396
165649	1	0.993398
165654	1	0.993399
165666	1	0.993401
165723	2	0.993404
165800	1	0.993405
165807	1	0.993407
165859	1	0.993408
165860	1	0.99341
165928	1	0.993411
165974	1	0.993413
166057	1	0.993414
166069	1	0.993415
166105	1	0.993417
166212	1	0.993418
166221	1	0.99342
166223	2	0.993423
166237	1	0.993424
166245	1	0.993426
166257	1	0.993427
166275	1	0.993429
166300	3	0.993433
166307	1	0.993435
166309	1	0.993436
166346	1	0.993438
166373	1	0.993439
166379	3	0.993443
166392	5	0.993451
166395	1	0.993452
166436	1	0.993454
166445	1	0.993455
166455	1	0.993457
166457	1	0.993458
166466	1	0.99346
166487	1	0.993461
166499	1	0.993463
166500	1	0.993464
166510	1	0.993466
166533	1	0.993467
166534	1	0.993469
166538	1	0.99347
166574	1	0.993471
166696	1	0.993473
166795	2	0.993476
166796	2	0.993479
166867	1	0.99348
166875	1	0.993482
166900	1	0.993483
166934	2	0.993486
167066	1	0.993488
167069	1	0.993489
167083	1	0.993491
167108	1	0.993492
167122	1	0.993494
167128	1	0.993495
167131	1	0.993496
167151	1	0.993498
167174	1	0.993499
167210	1	0.993501
167254	1	0.993502
167286	1	0.993504
167291	1	0.993505
167307	1	0.993507
167318	1	0.993508
167319	1	0.99351
167334	1	0.993511
167354	1	0.993513
167396	1	0.993514
167468	1	0.993516
167548	1	0.993517
167666	1	0.993519
167671	1	0.99352
167696	1	0.993522
167698	1	0.993523
167834	1	0.993524
167859	3	0.993529
167879	1	0.99353
167905	1	0.993532
167916	1	0.993533
167948	1	0.993535
167981	1	0.993536
167985	1	0.993538
168015	1	0.993539
168018	1	0.993541
168039	1	0.993542
168042	1	0.993544
168044	1	0.993545
168047	2	0.993548
168051	2	0.993551
168073	1	0.993552
168085	1	0.993554
168109	1	0.993555
168284	1	0.993557
168323	1	0.993558
168329	1	0.99356
168389	1	0.993561
168456	1	0.993563
168491	1	0.993564
168497	1	0.993566
168500	1	0.993567
168538	1	0.993569
168563	1	0.99357
168683	1	0.993572
168688	1	0.993573
168708	3	0.993577
168711	1	0.993579
168713	1	0.99358
168721	1	0.993582
168725	1	0.993583
168741	1	0.993585
168792	1	0.993586
168794	1	0.993588
168795	1	0.993589
168817	1	0.993591
168901	1	0.993592
168976	1	0.993594
169076	1	0.993595
169080	1	0.993597
169081	1	0.993598
169083	1	0.9936
169086	1	0.993601
169095	1	0.993603
169107	1	0.993604
169110	1	0.993605
169119	1	0.993607
169134	1	0.993608
169141	1	0.99361
169180	1	0.993611
169362	2	0.993614
169409	2	0.993617
169451	1	0.993619
169453	1	0.99362
169503	1	0.993622
169507	1	0.993623
169538	1	0.993625
169550	1	0.993626
169577	1	0.993628
169647	1	0.993629
169715	1	0.993631
169779	1	0.993632
169802	1	0.993633
169830	1	0.993635
169838	1	0.993636
169853	1	0.993638
169871	1	0.993639
169879	1	0.993641
169891	1	0.993642
170166	1	0.993644
170172	1	0.993645
170176	1	0.993647
170183	1	0.993648
170193	1	0.99365
170196	1	0.993651
170220	1	0.993653
170234	2	0.993656
170271	1	0.993657
170298	1	0.993658
170299	1	0.99366
170307	3	0.993664
170316	1	0.993666
170323	1	0.993667
170360	1	0.993669
170382	1	0.99367
170438	1	0.993672
170450	1	0.993673
170462	2	0.993676
170511	1	0.993678
170530	1	0.993679
170607	1	0.993681
170648	1	0.993682
170651	2	0.993685
170659	1	0.993686
170661	1	0.993688
170666	1	0.993689
170675	1	0.993691
170757	1	0.993692
170784	1	0.993694
170791	1	0.993695
170879	1	0.993697
170885	1	0.993698
170887	1	0.9937
170894	1	0.993701
171004	1	0.993703
171005	1	0.993704
171006	1	0.993706
171018	1	0.993707
171020	1	0.993709
171022	1	0.99371
171030	1	0.993712
171081	1	0.993713
171097	2	0.993716
171105	1	0.993717
171118	2	0.99372
171133	1	0.993722
171156	1	0.993723
171229	1	0.993725
171293	1	0.993726
171432	1	0.993728
171440	1	0.993729
171660	1	0.993731
171664	2	0.993734
171691	1	0.993735
171699	1	0.993737
171751	1	0.993738
171788	1	0.993739
171810	1	0.993741
171944	1	0.993742
171954	1	0.993744
172149	1	0.993745
172229	1	0.993747
172247	1	0.993748
172254	1	0.99375
172260	1	0.993751
172268	1	0.993753
172278	2	0.993756
172280	1	0.993757
172281	1	0.993759
172284	1	0.99376
172288	1	0.993762
172296	1	0.993763
172335	1	0.993765
172336	1	0.993766
172373	1	0.993767
172389	1	0.993769
172421	1	0.99377
172422	1	0.993772
172423	1	0.993773
172427	1	0.993775
172443	1	0.993776
172446	1	0.993778
172447	1	0.993779
172463	1	0.993781
172464	1	0.993782
172488	3	0.993787
172504	1	0.993788
172508	1	0.99379
172532	1	0.993791
172547	1	0.993793
172563	1	0.993794
172578	1	0.993795
172582	1	0.993797
172597	1	0.993798
172609	1	0.9938
172734	1	0.993801
172819	1	0.993803
172832	1	0.993804
172906	1	0.993806
172950	2	0.993809
173139	1	0.99381
173185	1	0.993812
173291	1	0.993813
173345	1	0.993815
173365	1	0.993816
173370	1	0.993818
173379	1	0.993819
173388	1	0.99382
173528	1	0.993822
173546	1	0.993823
173550	1	0.993825
173593	2	0.993828
173599	1	0.993829
173701	1	0.993831
173724	1	0.993832
173737	1	0.993834
173776	1	0.993835
173779	1	0.993837
173855	1	0.993838
173861	1	0.99384
173882	1	0.993841
173883	3	0.993846
173888	1	0.993847
173890	1	0.993848
173899	1	0.99385
173933	1	0.993851
173946	1	0.993853
173949	1	0.993854
173958	1	0.993856
173965	1	0.993857
173991	3	0.993862
174007	1	0.993863
174008	1	0.993865
174031	2	0.993868
174032	1	0.993869
174033	1	0.993871
174035	3	0.993875
174037	2	0.993878
174061	1	0.993879
174063	1	0.993881
174072	2	0.993884
174091	1	0.993885
174138	1	0.993887
174152	1	0.993888
174164	1	0.99389
174203	1	0.993891
174233	2	0.993894
174295	1	0.993896
174318	1	0.993897
174319	1	0.993899
174328	1	0.9939
174343	1	0.993901
174369	1	0.993903
174382	2	0.993906
174416	1	0.993907
174469	1	0.993909
174488	2	0.993912
174493	1	0.993913
174510	1	0.993915
174521	1	0.993916
174551	1	0.993918
174559	1	0.993919
174662	1	0.993921
174663	2	0.993924
174665	2	0.993927
174666	2	0.993929
174673	1	0.993931
174678	1	0.993932
174744	1	0.993934
174758	1	0.993935
174771	4	0.993941
174799	1	0.993943
174838	1	0.993944
174840	1	0.993946
174875	1	0.993947
174881	1	0.993949
174889	1	0.99395
174893	1	0.993952
174975	1	0.993953
174981	1	0.993955
175004	1	0.993956
175042	1	0.993957
175089	1	0.993959
175161	1	0.99396
175270	1	0.993962
175360	1	0.993963
175432	3	0.993968
175506	1	0.993969
175507	1	0.993971
175605	1	0.993972
175649	1	0.993974
175697	1	0.993975
175732	1	0.993977
175744	1	0.993978
175752	1	0.99398
175764	1	0.993981
175784	1	0.993982
175789	1	0.993984
175791	2	0.993987
175892	2	0.99399
175947	1	0.993991
175954	1	0.993993
175962	1	0.993994
176071	1	0.993996
176083	1	0.993997
176092	1	0.993999
176115	1	0.994
176246	1	0.994002
176306	1	0.994003
176307	1	0.994005
176309	1	0.994006
176310	1	0.994008
176344	1	0.994009
176415	1	0.99401
176542	2	0.994013
176566	2	0.994016
176569	1	0.994018
176578	1	0.994019
176630	1	0.994021
176659	1	0.994022
176808	1	0.994024
176902	1	0.994025
176987	1	0.994027
177024	1	0.994028
177096	1	0.99403
177104	1	0.994031
177143	1	0.994033
177155	1	0.994034
177157	1	0.994036
177211	1	0.994037
177220	1	0.994038
177223	1	0.99404
177259	1	0.994041
177297	1	0.994043
177303	1	0.994044
177357	1	0.994046
177372	1	0.994047
177472	1	0.994049
177500	5	0.994056
177519	1	0.994058
177520	1	0.994059
177550	1	0.994061
177551	1	0.994062
177586	1	0.994063
177589	1	0.994065
177604	1	0.994066
177633	1	0.994068
177635	1	0.994069
177664	1	0.994071
177707	1	0.994072
177749	1	0.994074
177753	1	0.994075
177862	1	0.994077
177867	1	0.994078
177973	1	0.99408
178135	1	0.994081
178157	1	0.994083
178166	1	0.994084
178197	1	0.994086
178230	1	0.994087
178243	1	0.994089
178248	1	0.99409
178301	2	0.994093
178349	1	0.994094
178368	1	0.994096
178384	1	0.994097
178385	1	0.994099
178386	1	0.9941
178448	1	0.994102
178459	1	0.994103
178467	1	0.994105
178512	2	0.994108
178521	2	0.994111
178555	1	0.994112
178581	1	0.994114
178584	1	0.994115
178587	1	0.994117
178667	1	0.994118
178680	2	0.994121
178719	1	0.994122
178722	1	0.994124
178723	1	0.994125
178727	1	0.994127
178731	1	0.994128
178801	1	0.99413
178802	1	0.994131
178811	2	0.994134
178824	1	0.994136
178827	2	0.994139
178830	1	0.99414
178845	1	0.994142
178854	1	0.994143
178858	1	0.994144
178859	1	0.994146
178869	1	0.994147
178873	3	0.994152
178877	1	0.994153
178903	1	0.994155
178961	1	0.994156
178967	1	0.994158
178990	1	0.994159
179027	1	0.994161
179037	1	0.994162
179049	2	0.994165
179060	1	0.994167
179079	1	0.994168
179097	1	0.99417
179266	2	0.994172
179276	1	0.994174
179294	1	0.994175
179300	1	0.994177
179307	1	0.994178
179319	1	0.99418
179325	1	0.994181
179346	1	0.994183
179354	1	0.994184
179365	1	0.994186
179370	1	0.994187
179393	1	0.994189
179407	1	0.99419
179455	2	0.994193
179456	1	0.994195
179486	1	0.994196
179516	1	0.994198
179554	1	0.994199
179597	1	0.9942
179610	1	0.994202
179618	2	0.994205
179627	1	0.994206
179726	1	0.994208
179727	1	0.994209
179729	3	0.994214
179746	1	0.994215
179756	1	0.994217
179775	1	0.994218
179777	1	0.99422
179781	1	0.994221
179879	1	0.994223
179894	1	0.994224
179896	1	0.994225
179898	1	0.994227
179911	1	0.994228
179930	1	0.99423
179968	1	0.994231
179985	1	0.994233
180009	1	0.994234
180070	1	0.994236
180121	1	0.994237
180126	1	0.994239
180150	1	0.99424
180163	1	0.994242
180283	1	0.994243
180327	1	0.994245
180335	1	0.994246
180350	1	0.994248
180435	1	0.994249
180436	1	0.994251
180484	4	0.994256
180504	1	0.994258
180554	2	0.994261
180566	1	0.994262
180567	1	0.994264
180586	1	0.994265
180588	1	0.994267
180676	3	0.994271
180740	1	0.994273
180773	1	0.994274
180806	1	0.994276
180845	1	0.994277
180894	1	0.994279
180912	1	0.99428
180920	1	0.994281
180988	1	0.994283
181020	1	0.994284
181045	1	0.994286
181064	1	0.994287
181083	1	0.994289
181099	1	0.99429
181106	1	0.994292
181107	2	0.994295
181120	2	0.994298
181146	1	0.994299
181191	1	0.994301
181211	1	0.994302
181232	1	0.994304
181255	1	0.994305
181258	1	0.994306
181305	1	0.994308
181345	2	0.994311
181346	1	0.994312
181374	1	0.994314
181396	2	0.994317
181397	2	0.99432
181407	1	0.994321
181427	1	0.994323
181430	3	0.994327
181450	1	0.994329
181471	1	0.99433
181473	1	0.994332
181521	1	0.994333
181540	1	0.994334
181543	1	0.994336
181658	1	0.994337
181675	1	0.994339
181725	1	0.99434
181727	1	0.994342
181730	1	0.994343
181772	1	0.994345
181789	1	0.994346
181834	1	0.994348
181904	1	0.994349
181924	1	0.994351
181990	1	0.994352
182000	1	0.994354
182013	1	0.994355
182060	2	0.994358
182066	1	0.99436
182073	1	0.994361
182085	1	0.994362
182128	1	0.994364
182171	1	0.994365
182185	1	0.994367
182186	1	0.994368
182197	1	0.99437
182211	1	0.994371
182224	1	0.994373
182284	1	0.994374
182286	1	0.994376
182327	1	0.994377
182335	1	0.994379
182357	1	0.99438
182416	1	0.994382
182429	1	0.994383
182626	1	0.994385
182664	1	0.994386
182854	1	0.994387
183035	1	0.994389
183050	1	0.99439
183053	1	0.994392
183080	1	0.994393
183082	1	0.994395
183178	1	0.994396
183231	1	0.994398
183302	1	0.994399
183305	1	0.994401
183307	1	0.994402
183316	1	0.994404
183318	1	0.994405
183337	1	0.994407
183410	1	0.994408
183465	1	0.99441
183490	1	0.994411
183497	1	0.994413
183498	1	0.994414
183548	1	0.994415
183674	2	0.994418
183703	1	0.99442
183705	1	0.994421
183816	1	0.994423
184026	1	0.994424
184085	1	0.994426
184092	1	0.994427
184095	1	0.994429
184139	1	0.99443
184382	1	0.994432
184393	1	0.994433
184412	1	0.994435
184539	1	0.994436
184559	2	0.994439
184562	2	0.994442
184566	1	0.994443
184681	1	0.994445
184786	1	0.994446
184823	1	0.994448
184845	1	0.994449
184882	1	0.994451
184990	1	0.994452
185029	1	0.994454
185084	1	0.994455
185085	2	0.994458
185156	1	0.99446
185200	4	0.994466
185251	1	0.994467
185321	1	0.994468
185402	1	0.99447
185420	1	0.994471
185433	1	0.994473
185436	2	0.994476
185465	1	0.994477
185479	1	0.994479
185602	1	0.99448
185644	1	0.994482
185659	1	0.994483
185719	1	0.994485
185720	1	0.994486
185744	1	0.994488
185750	1	0.994489
185754	1	0.994491
185793	2	0.994494
185852	1	0.994495
185853	1	0.994496
185876	1	0.994498
185880	1	0.994499
185886	1	0.994501
185899	1	0.994502
185910	1	0.994504
185974	1	0.994505
185977	1	0.994507
186049	1	0.994508
186050	1	0.99451
186116	1	0.994511
186166	1	0.994513
186228	2	0.994516
186262	1	0.994517
186387	1	0.994519
186479	2	0.994522
186511	1	0.994523
186574	1	0.994524
186577	1	0.994526
186591	4	0.994532
186664	2	0.994535
186701	1	0.994536
186702	1	0.994538
186711	1	0.994539
186739	1	0.994541
186833	1	0.994542
186891	2	0.994545
186899	1	0.994547
186953	1	0.994548
187022	1	0.994549
187049	1	0.994551
187092	1	0.994552
187162	2	0.994555
187197	1	0.994557
187343	1	0.994558
187369	1	0.99456
187422	1	0.994561
187450	1	0.994563
187465	2	0.994566
187484	1	0.994567
187488	1	0.994569
187499	1	0.99457
187502	1	0.994572
187503	1	0.994573
187512	1	0.994575
187518	2	0.994577
187519	1	0.994579
187525	1	0.99458
187529	1	0.994582
187530	1	0.994583
187537	1	0.994585
187540	1	0.994586
187541	1	0.994588
187563	1	0.994589
187579	1	0.994591
187624	1	0.994592
187689	1	0.994594
187702	1	0.994595
187712	1	0.994597
187724	3	0.994601
187726	1	0.994602
187733	1	0.994604
187834	1	0.994605
187881	1	0.994607
187922	1	0.994608
187927	1	0.99461
187930	1	0.994611
188125	1	0.994613
188257	1	0.994614
188294	1	0.994616
188374	2	0.994619
188497	1	0.99462
188516	1	0.994622
188520	1	0.994623
188562	1	0.994625
188573	1	0.994626
188669	1	0.994628
188681	1	0.994629
188683	1	0.99463
188686	1	0.994632
188707	1	0.994633
188732	1	0.994635
188755	1	0.994636
188764	1	0.994638
188856	1	0.994639
188898	1	0.994641
188913	1	0.994642
188941	1	0.994644
189025	1	0.994645
189086	1	0.994647
189170	1	0.994648
189184	1	0.99465
189263	1	0.994651
189384	1	0.994653
189399	1	0.994654
189424	2	0.994657
189570	1	0.994658
189626	1	0.99466
189681	1	0.994661
189701	1	0.994663
189706	1	0.994664
189750	1	0.994666
189820	1	0.994667
189821	1	0.994669
189824	1	0.99467
189828	1	0.994672
189836	1	0.994673
189859	1	0.994675
189900	1	0.994676
189914	1	0.994678
189918	1	0.994679
190031	1	0.994681
190092	1	0.994682
190105	1	0.994683
190167	1	0.994685
190206	1	0.994686
190219	1	0.994688
190246	1	0.994689
190251	2	0.994692
190278	1	0.994694
190279	1	0.994695
190310	1	0.994697
190321	1	0.994698
190349	2	0.994701
190396	1	0.994703
190407	1	0.994704
190408	1	0.994706
190412	1	0.994707
190413	2	0.99471
190427	1	0.994711
190451	1	0.994713
190510	1	0.994714
190511	1	0.994716
190632	1	0.994717
190633	1	0.994719
190661	1	0.99472
190689	1	0.994722
190705	1	0.994723
190758	1	0.994725
190781	2	0.994728
190787	1	0.994729
190794	1	0.994731
190810	1	0.994732
190828	1	0.994734
190870	1	0.994735
190909	1	0.994737
190946	1	0.994738
190971	2	0.994741
191008	2	0.994744
191097	3	0.994748
191107	1	0.99475
191121	1	0.994751
191253	1	0.994753
191254	1	0.994754
191456	1	0.994756
191474	1	0.994757
191482	1	0.994759
191535	2	0.994762
191578	1	0.994763
191589	2	0.994766
191602	1	0.994767
191607	1	0.994769
191639	2	0.994772
191696	1	0.994773
191697	1	0.994775
191912	1	0.994776
191950	1	0.994778
191969	1	0.994779
192047	1	0.994781
192083	1	0.994782
192123	1	0.994784
192136	2	0.994787
192137	1	0.994788
192140	2	0.994791
192158	1	0.994792
192199	1	0.994794
192222	1	0.994795
192252	1	0.994797
192258	1	0.994798
192337	1	0.9948
192346	1	0.994801
192361	2	0.994804
192378	1	0.994806
192382	5	0.994813
192384	1	0.994815
192385	1	0.994816
192387	2	0.994819
192402	1	0.99482
192403	2	0.994823
192404	2	0.994826
192405	2	0.994829
192407	3	0.994834
192408	1	0.994835
192415	1	0.994837
192433	1	0.994838
192438	1	0.99484
192440	1	0.994841
192441	2	0.994844
192446	1	0.994845
192455	1	0.994847
192456	1	0.994848
192461	3	0.994853
192463	5	0.99486
192464	1	0.994862
192465	3	0.994866
192466	1	0.994868
192468	3	0.994872
192469	1	0.994873
192497	1	0.994875
192544	1	0.994876
192590	1	0.994878
192698	1	0.994879
192724	1	0.994881
192742	1	0.994882
192774	1	0.994884
192779	1	0.994885
192792	1	0.994887
192793	1	0.994888
192867	1	0.99489
192883	1	0.994891
192884	1	0.994893
192902	1	0.994894
193032	1	0.994896
193033	1	0.994897
193193	1	0.994899
193219	1	0.9949
193220	2	0.994903
193271	1	0.994904
193272	1	0.994906
193278	1	0.994907
193281	1	0.994909
193282	1	0.99491
193336	1	0.994912
193520	1	0.994913
193524	1	0.994915
193580	1	0.994916
193587	1	0.994918
193650	2	0.994921
193709	1	0.994922
193712	1	0.994924
193717	1	0.994925
193739	1	0.994926
193771	1	0.994928
193819	1	0.994929
193820	2	0.994932
193821	1	0.994934
193839	1	0.994935
193842	2	0.994938
193862	1	0.99494
193868	1	0.994941
193882	1	0.994943
193900	1	0.994944
193933	3	0.994949
193935	1	0.99495
193956	4	0.994956
193998	1	0.994957
194084	1	0.994959
194107	1	0.99496
194120	1	0.994962
194125	1	0.994963
194205	1	0.994965
194214	1	0.994966
194241	1	0.994968
194245	1	0.994969
194290	1	0.994971
194329	2	0.994974
194409	1	0.994975
194415	1	0.994977
194431	1	0.994978
194507	1	0.99498
194519	1	0.994981
194630	1	0.994982
194636	2	0.994985
194653	1	0.994987
194721	1	0.994988
194807	1	0.99499
194844	1	0.994991
194904	1	0.994993
194965	1	0.994994
194979	1	0.994996
195018	1	0.994997
195026	1	0.994999
195053	1	0.995
195136	1	0.995002
195139	1	0.995003
195248	1	0.995005
195264	1	0.995006
195490	2	0.995009
195560	1	0.99501
195618	1	0.995012
195630	1	0.995013
195631	1	0.995015
195642	1	0.995016
195644	1	0.995018
195645	1	0.995019
195753	1	0.995021
195849	1	0.995022
196031	1	0.995024
196036	1	0.995025
196052	2	0.995028
196098	1	0.99503
196117	1	0.995031
196155	1	0.995033
196171	1	0.995034
196172	1	0.995035
196178	1	0.995037
196186	1	0.995038
196209	1	0.99504
196235	1	0.995041
196238	1	0.995043
196246	1	0.995044
196353	1	0.995046
196363	1	0.995047
196366	1	0.995049
196576	1	0.99505
196577	1	0.995052
196578	1	0.995053
196580	2	0.995056
196605	1	0.995058
196618	1	0.995059
196699	1	0.995061
196777	1	0.995062
196785	1	0.995063
196805	1	0.995065
196920	1	0.995066
196958	1	0.995068
197092	1	0.995069
197115	1	0.995071
197199	1	0.995072
197202	1	0.995074
197209	1	0.995075
197215	1	0.995077
197227	1	0.995078
197240	1	0.99508
197294	1	0.995081
197310	1	0.995083
197428	1	0.995084
197471	1	0.995086
197573	1	0.995087
197581	1	0.995088
197595	1	0.99509
197703	1	0.995091
197717	1	0.995093
197819	1	0.995094
197887	1	0.995096
197894	1	0.995097
197925	1	0.995099
198018	1	0.9951
198037	1	0.995102
198052	1	0.995103
198053	1	0.995105
198056	1	0.995106
198128	1	0.995108
198151	2	0.995111
198154	1	0.995112
198215	1	0.995114
198238	1	0.995115
198244	1	0.995116
198271	1	0.995118
198272	1	0.995119
198282	1	0.995121
198287	1	0.995122
198300	1	0.995124
198317	1	0.995125
198330	1	0.995127
198333	1	0.995128
198340	1	0.99513
198376	1	0.995131
198380	1	0.995133
198389	1	0.995134
198417	1	0.995136
198454	1	0.995137
198495	1	0.995139
198576	1	0.99514
198749	2	0.995143
198754	1	0.995144
198765	1	0.995146
198791	1	0.995147
198809	1	0.995149
198957	1	0.99515
199007	1	0.995152
199029	1	0.995153
199054	1	0.995155
199066	1	0.995156
199167	1	0.995158
199366	1	0.995159
199370	2	0.995162
199464	1	0.995164
199550	1	0.995165
199580	1	0.995167
199631	1	0.995168
199670	1	0.995169
199684	1	0.995171
199745	1	0.995172
199748	1	0.995174
199751	1	0.995175
199798	2	0.995178
199820	1	0.99518
199835	1	0.995181
199853	1	0.995183
199878	1	0.995184
199934	1	0.995186
199951	1	0.995187
199969	2	0.99519
199983	2	0.995193
199984	1	0.995195
200055	1	0.995196
200063	1	0.995197
200067	4	0.995203
200090	1	0.995205
200092	1	0.995206
200102	1	0.995208
200157	3	0.995212
200197	1	0.995214
200220	1	0.995215
200223	1	0.995217
200228	1	0.995218
200229	1	0.99522
200243	1	0.995221
200249	1	0.995223
200251	1	0.995224
200266	2	0.995227
200269	1	0.995228
200309	1	0.99523
200340	1	0.995231
200370	2	0.995234
200379	1	0.995236
200417	1	0.995237
200450	1	0.995239
200491	1	0.99524
200516	1	0.995242
200567	1	0.995243
200635	1	0.995245
200732	1	0.995246
200751	1	0.995248
200752	1	0.995249
200755	1	0.99525
200758	1	0.995252
200772	1	0.995253
200793	1	0.995255
200794	1	0.995256
200832	1	0.995258
200869	1	0.995259
200891	1	0.995261
200928	3	0.995265
201002	1	0.995267
201033	2	0.99527
201040	3	0.995274
201049	1	0.995276
201052	1	0.995277
201053	1	0.995278
201105	1	0.99528
201118	1	0.995281
201221	1	0.995283
201234	1	0.995284
201264	1	0.995286
201291	1	0.995287
201294	1	0.995289
201333	1	0.99529
201353	1	0.995292
201372	1	0.995293
201491	1	0.995295
201516	1	0.995296
201617	1	0.995298
201657	1	0.995299
201876	1	0.995301
201901	1	0.995302
201903	1	0.995304
201990	1	0.995305
202037	1	0.995306
202196	1	0.995308
202231	1	0.995309
202339	1	0.995311
202393	2	0.995314
202404	1	0.995315
202415	1	0.995317
202420	1	0.995318
202460	1	0.99532
202492	1	0.995321
202552	1	0.995323
202555	1	0.995324
202632	1	0.995326
202664	1	0.995327
202729	1	0.995329
202755	1	0.99533
202763	1	0.995331
202765	1	0.995333
202811	1	0.995334
202817	1	0.995336
202838	1	0.995337
202856	1	0.995339
202874	1	0.99534
202912	1	0.995342
202943	1	0.995343
202964	1	0.995345
203000	1	0.995346
203001	1	0.995348
203085	1	0.995349
203096	1	0.995351
203144	1	0.995352
203192	1	0.995354
203222	1	0.995355
203227	1	0.995357
203364	1	0.995358
203397	2	0.995361
203410	1	0.995362
203463	1	0.995364
203472	1	0.995365
203587	1	0.995367
203632	3	0.995371
203649	1	0.995373
203652	4	0.995379
203654	2	0.995382
203655	1	0.995383
203667	1	0.995385
203715	1	0.995386
203738	1	0.995387
203759	1	0.995389
203772	1	0.99539
203777	1	0.995392
203786	1	0.995393
203846	1	0.995395
203963	1	0.995396
204007	1	0.995398
204028	1	0.995399
204072	1	0.995401
204130	2	0.995404
204190	1	0.995405
204227	1	0.995407
204333	1	0.995408
204399	1	0.99541
204448	1	0.995411
204591	3	0.995415
204646	1	0.995417
204782	1	0.995418
204806	1	0.99542
204820	1	0.995421
204821	1	0.995423
204822	1	0.995424
204829	1	0.995426
204886	1	0.995427
204903	1	0.995429
204928	1	0.99543
205047	1	0.995432
205117	1	0.995433
205184	1	0.995435
205195	1	0.995436
205212	2	0.995439
205258	2	0.995442
205358	2	0.995445
205359	1	0.995446
205421	2	0.995449
205441	1	0.995451
205447	1	0.995452
205484	1	0.995454
205515	1	0.995455
205529	1	0.995457
205549	1	0.995458
205574	2	0.995461
205589	1	0.995463
205620	1	0.995464
205622	1	0.995466
205629	1	0.995467
205640	1	0.995468
205662	1	0.99547
205743	2	0.995473
205776	2	0.995476
205794	1	0.995477
205803	1	0.995479
205833	1	0.99548
205864	1	0.995482
205889	1	0.995483
205935	1	0.995485
205939	1	0.995486
206011	1	0.995488
206057	1	0.995489
206061	1	0.995491
206096	1	0.995492
206121	1	0.995493
206124	1	0.995495
206151	1	0.995496
206210	1	0.995498
206214	1	0.995499
206253	1	0.995501
206289	1	0.995502
206636	1	0.995504
206659	1	0.995505
206700	1	0.995507
206703	1	0.995508
206704	2	0.995511
206729	1	0.995513
206733	1	0.995514
206746	1	0.995516
206763	1	0.995517
206782	1	0.995519
206790	1	0.99552
206802	1	0.995521
206834	3	0.995526
206845	1	0.995527
206869	1	0.995529
206873	1	0.99553
206897	1	0.995532
206946	1	0.995533
206970	1	0.995535
207011	1	0.995536
207012	1	0.995538
207070	1	0.995539
207095	2	0.995542
207107	1	0.995544
207111	1	0.995545
207123	1	0.995547
207128	1	0.995548
207132	1	0.995549
207152	1	0.995551
207153	1	0.995552
207221	1	0.995554
207245	1	0.995555
207299	1	0.995557
207321	1	0.995558
207351	1	0.99556
207383	1	0.995561
207389	1	0.995563
207390	1	0.995564
207543	2	0.995567
207547	1	0.995569
207571	2	0.995572
207587	3	0.995576
207595	2	0.995579
207597	1	0.99558
207605	1	0.995582
207719	2	0.995585
207726	1	0.995586
207731	1	0.995588
207783	1	0.995589
207804	2	0.995592
208121	1	0.995594
208184	1	0.995595
208425	1	0.995597
208434	1	0.995598
208487	1	0.9956
208520	3	0.995604
208535	1	0.995605
208552	1	0.995607
208572	2	0.99561
208669	1	0.995611
208671	1	0.995613
208696	1	0.995614
208702	1	0.995616
208893	1	0.995617
208953	1	0.995619
209021	1	0.99562
209062	1	0.995622
209184	1	0.995623
209189	1	0.995625
209206	1	0.995626
209212	1	0.995628
209233	1	0.995629
209241	1	0.99563
209242	3	0.995635
209243	1	0.995636
209245	2	0.995639
209251	1	0.995641
209263	2	0.995644
209264	1	0.995645
209265	1	0.995647
209272	2	0.99565
209273	1	0.995651
209343	1	0.995653
209436	1	0.995654
209439	1	0.995655
209443	1	0.995657
209468	2	0.99566
209483	1	0.995661
209501	2	0.995664
209502	1	0.995666
209557	1	0.995667
209563	1	0.995669
209672	1	0.99567
209728	4	0.995676
209806	2	0.995679
209898	1	0.995681
209915	1	0.995682
209936	1	0.995683
209939	1	0.995685
210020	1	0.995686
210024	1	0.995688
210028	1	0.995689
210065	1	0.995691
210105	1	0.995692
210112	1	0.995694
210163	1	0.995695
210198	1	0.995697
210230	1	0.995698
210255	1	0.9957
210267	1	0.995701
210277	1	0.995703
210280	1	0.995704
210315	1	0.995706
210371	1	0.995707
210372	6	0.995716
210436	1	0.995717
210444	1	0.995719
210468	1	0.99572
210510	1	0.995722
210520	1	0.995723
210537	1	0.995725
210549	1	0.995726
210612	1	0.995728
210617	1	0.995729
210638	2	0.995732
210721	1	0.995734
210744	2	0.995736
210798	1	0.995738
210799	1	0.995739
210863	1	0.995741
210873	1	0.995742
210878	2	0.995745
210955	1	0.995747
210981	1	0.995748
211048	1	0.99575
211061	1	0.995751
211099	1	0.995753
211151	1	0.995754
211186	1	0.995756
211188	1	0.995757
211193	1	0.995759
211220	1	0.99576
211222	1	0.995762
211266	1	0.995763
211291	1	0.995764
211293	1	0.995766
211311	1	0.995767
211321	1	0.995769
211332	1	0.99577
211361	1	0.995772
211550	1	0.995773
211589	1	0.995775
211628	3	0.995779
211639	1	0.995781
211663	1	0.995782
211857	1	0.995784
211883	1	0.995785
211919	1	0.995787
211933	1	0.995788
211976	2	0.995791
212024	1	0.995792
212132	1	0.995794
212187	2	0.995797
212245	1	0.995798
212338	1	0.9958
212360	1	0.995801
212388	1	0.995803
212530	1	0.995804
212545	1	0.995806
212709	1	0.995807
212824	1	0.995809
212920	1	0.99581
212926	1	0.995812
212986	1	0.995813
213020	1	0.995815
213027	1	0.995816
213051	1	0.995817
213054	1	0.995819
213079	1	0.99582
213124	1	0.995822
213237	1	0.995823
213293	1	0.995825
213317	2	0.995828
213326	1	0.995829
213330	1	0.995831
213337	1	0.995832
213349	1	0.995834
213361	1	0.995835
213415	1	0.995837
213426	4	0.995843
213457	1	0.995844
213458	1	0.995845
213483	2	0.995848
213545	1	0.99585
213554	1	0.995851
213639	8	0.995863
213664	1	0.995865
213827	1	0.995866
213863	1	0.995868
214026	1	0.995869
214154	1	0.995871
214297	1	0.995872
214572	2	0.995875
214574	2	0.995878
214575	1	0.995879
214793	1	0.995881
214807	1	0.995882
214819	1	0.995884
214835	1	0.995885
214863	1	0.995887
214927	1	0.995888
214935	1	0.99589
214946	1	0.995891
214947	1	0.995893
215007	1	0.995894
215015	1	0.995896
215019	5	0.995903
215020	1	0.995904
215146	1	0.995906
215162	1	0.995907
215241	2	0.99591
215330	1	0.995912
215422	1	0.995913
215425	1	0.995915
215439	1	0.995916
215511	1	0.995918
215550	1	0.995919
215571	1	0.995921
215573	1	0.995922
215583	1	0.995924
215615	1	0.995925
215616	1	0.995926
215715	1	0.995928
215775	3	0.995932
215835	1	0.995934
215850	1	0.995935
215904	1	0.995937
215916	1	0.995938
215947	1	0.99594
215958	1	0.995941
215962	2	0.995944
215997	1	0.995946
216085	1	0.995947
216113	1	0.995949
216257	1	0.99595
216361	1	0.995952
216416	1	0.995953
216617	1	0.995954
216723	1	0.995956
216909	1	0.995957
217018	1	0.995959
217300	1	0.99596
217314	1	0.995962
217321	1	0.995963
217394	1	0.995965
217400	1	0.995966
217532	1	0.995968
217610	1	0.995969
217623	1	0.995971
217667	1	0.995972
217668	1	0.995974
217726	1	0.995975
217757	2	0.995978
217864	1	0.995979
217895	2	0.995982
217898	1	0.995984
217955	1	0.995985
218033	1	0.995987
218038	1	0.995988
218200	1	0.99599
218409	1	0.995991
218477	2	0.995994
218478	1	0.995996
218500	1	0.995997
218512	4	0.996003
218513	2	0.996006
218524	2	0.996009
218547	1	0.99601
218559	1	0.996012
218561	2	0.996015
218576	5	0.996022
218594	1	0.996024
218625	1	0.996025
218657	1	0.996027
218852	1	0.996028
218948	1	0.99603
219060	1	0.996031
219169	1	0.996033
219194	1	0.996034
219210	12	0.996052
219240	2	0.996055
219299	1	0.996056
219383	1	0.996058
219439	1	0.996059
219606	1	0.99606
219697	1	0.996062
219748	1	0.996063
219797	1	0.996065
219805	1	0.996066
219898	1	0.996068
219957	1	0.996069
220032	1	0.996071
220051	1	0.996072
220061	1	0.996074
220062	4	0.99608
220099	1	0.996081
220118	1	0.996083
220133	2	0.996086
220135	1	0.996087
220136	1	0.996088
220137	1	0.99609
220149	1	0.996091
220150	1	0.996093
220152	1	0.996094
220154	3	0.996099
220183	1	0.9961
220209	1	0.996102
220223	1	0.996103
220356	1	0.996105
220463	1	0.996106
220577	1	0.996108
220583	1	0.996109
220609	1	0.996111
220780	1	0.996112
220800	1	0.996114
220843	1	0.996115
220968	1	0.996116
220986	2	0.996119
220987	1	0.996121
221038	1	0.996122
221091	1	0.996124
221092	1	0.996125
221098	1	0.996127
221124	1	0.996128
221194	1	0.99613
221245	1	0.996131
221327	1	0.996133
221332	1	0.996134
221358	1	0.996136
221415	1	0.996137
221464	1	0.996139
221503	1	0.99614
221527	1	0.996141
221531	1	0.996143
221545	1	0.996144
221550	1	0.996146
221558	1	0.996147
221583	1	0.996149
221627	1	0.99615
221641	1	0.996152
221642	1	0.996153
221645	1	0.996155
221657	2	0.996158
221658	2	0.996161
221731	1	0.996162
221828	1	0.996164
221936	1	0.996165
221939	2	0.996168
221942	1	0.996169
221954	1	0.996171
221955	1	0.996172
221973	1	0.996174
222190	1	0.996175
222206	1	0.996177
222593	1	0.996178
223152	1	0.99618
223158	1	0.996181
223167	1	0.996183
223184	1	0.996184
223211	1	0.996186
223242	1	0.996187
223249	1	0.996189
223259	1	0.99619
223294	2	0.996193
223298	1	0.996195
223299	2	0.996197
223300	1	0.996199
223305	1	0.9962
223307	1	0.996202
223310	1	0.996203
223311	1	0.996205
223315	1	0.996206
223329	1	0.996208
223331	1	0.996209
223332	1	0.996211
223334	1	0.996212
223336	1	0.996214
223337	1	0.996215
223349	2	0.996218
223351	3	0.996222
223352	3	0.996227
223353	1	0.996228
223357	1	0.99623
223358	1	0.996231
223384	1	0.996233
223485	1	0.996234
223502	1	0.996236
223507	2	0.996239
223544	1	0.99624
223550	1	0.996242
223563	1	0.996243
223616	1	0.996245
223643	1	0.996246
223748	1	0.996248
223787	1	0.996249
223856	1	0.99625
223858	1	0.996252
223861	1	0.996253
223872	1	0.996255
223895	1	0.996256
223948	1	0.996258
223974	1	0.996259
223998	1	0.996261
224024	1	0.996262
224074	2	0.996265
224076	1	0.996267
224106	1	0.996268
224148	1	0.99627
224176	1	0.996271
224235	1	0.996273
224285	1	0.996274
224342	1	0.996276
224383	1	0.996277
224421	1	0.996278
224427	1	0.99628
224431	1	0.996281
224432	1	0.996283
224556	1	0.996284
224574	2	0.996287
224988	32	0.996334
225071	1	0.996336
225185	1	0.996337
225297	1	0.996339
225315	1	0.99634
225379	1	0.996342
225381	1	0.996343
225390	1	0.996345
225504	1	0.996346
225509	1	0.996348
225514	1	0.996349
225547	1	0.996351
225629	1	0.996352
225638	2	0.996355
225641	1	0.996357
225838	1	0.996358
225900	1	0.996359
226013	1	0.996361
226042	1	0.996362
226043	1	0.996364
226065	1	0.996365
226180	1	0.996367
226285	1	0.996368
226289	1	0.99637
226315	1	0.996371
226363	1	0.996373
226387	2	0.996376
226509	1	0.996377
226516	1	0.996379
226527	1	0.99638
226528	1	0.996382
226532	1	0.996383
226570	2	0.996386
226678	1	0.996387
226726	1	0.996389
226877	1	0.99639
226960	1	0.996392
226964	2	0.996395
226977	1	0.996396
226987	1	0.996398
227022	1	0.996399
227185	1	0.996401
227260	1	0.996402
227452	1	0.996404
227504	1	0.996405
227506	1	0.996407
227532	4	0.996412
227714	1	0.996414
227773	1	0.996415
227873	1	0.996417
227919	1	0.996418
227942	1	0.99642
227946	1	0.996421
227947	1	0.996423
227949	1	0.996424
227971	1	0.996426
227983	1	0.996427
228009	1	0.996429
228056	1	0.99643
228080	1	0.996432
228117	1	0.996433
228135	1	0.996435
228228	1	0.996436
228338	1	0.996438
228348	1	0.996439
228433	1	0.99644
228568	1	0.996442
228572	1	0.996443
228665	1	0.996445
228725	1	0.996446
228758	6	0.996455
228759	2	0.996458
228769	1	0.99646
228779	1	0.996461
228835	1	0.996463
228941	1	0.996464
228973	1	0.996465
228986	1	0.996467
229023	1	0.996468
229068	3	0.996473
229083	1	0.996474
229088	3	0.996479
229127	1	0.99648
229431	1	0.996482
229432	1	0.996483
229508	1	0.996485
229646	1	0.996486
229668	1	0.996488
229677	1	0.996489
229705	1	0.996491
229708	1	0.996492
229792	1	0.996493
229854	1	0.996495
229891	1	0.996496
229936	1	0.996498
229995	2	0.996501
229997	1	0.996502
230006	2	0.996505
230028	1	0.996507
230032	1	0.996508
230053	1	0.99651
230054	1	0.996511
230134	2	0.996514
230411	1	0.996516
230436	1	0.996517
230523	1	0.996519
230534	1	0.99652
230550	1	0.996521
230573	1	0.996523
230575	1	0.996524
230634	1	0.996526
230729	1	0.996527
230795	1	0.996529
230797	1	0.99653
230819	1	0.996532
230926	1	0.996533
230947	1	0.996535
231165	1	0.996536
231259	2	0.996539
231300	2	0.996542
231368	1	0.996544
231436	1	0.996545
231748	1	0.996546
232022	1	0.996548
232080	1	0.996549
232167	1	0.996551
232292	1	0.996552
232364	1	0.996554
232396	1	0.996555
232448	1	0.996557
232533	1	0.996558
232566	1	0.99656
232676	1	0.996561
232723	1	0.996563
232752	1	0.996564
232753	1	0.996566
232767	1	0.996567
232777	1	0.996569
232838	1	0.99657
232909	1	0.996572
233009	1	0.996573
233017	1	0.996574
233057	1	0.996576
233064	1	0.996577
233066	1	0.996579
233068	1	0.99658
233080	1	0.996582
233089	1	0.996583
233164	1	0.996585
233166	1	0.996586
233169	1	0.996588
233187	1	0.996589
233188	1	0.996591
233189	1	0.996592
233205	2	0.996595
233223	5	0.996602
233227	2	0.996605
233230	2	0.996608
233290	1	0.99661
233292	2	0.996613
233320	1	0.996614
233585	1	0.996616
233802	1	0.996617
233820	1	0.996619
233893	1	0.99662
234097	1	0.996622
234125	1	0.996623
234156	1	0.996625
234177	1	0.996626
234287	1	0.996627
234407	1	0.996629
234475	1	0.99663
234476	1	0.996632
234599	1	0.996633
234640	1	0.996635
234648	1	0.996636
234672	2	0.996639
234902	1	0.996641
235163	1	0.996642
235164	1	0.996644
235176	1	0.996645
235242	1	0.996647
235267	1	0.996648
235270	1	0.99665
235328	1	0.996651
235330	1	0.996653
235389	1	0.996654
235520	1	0.996655
235541	1	0.996657
235553	1	0.996658
235593	1	0.99666
236221	1	0.996661
236398	1	0.996663
236554	1	0.996664
236596	1	0.996666
236605	1	0.996667
236608	1	0.996669
236609	3	0.996673
236610	1	0.996675
236611	1	0.996676
236612	2	0.996679
236616	1	0.996681
236746	1	0.996682
236789	1	0.996683
236867	1	0.996685
236945	1	0.996686
236958	1	0.996688
237005	1	0.996689
237010	1	0.996691
237184	1	0.996692
237280	1	0.996694
237283	1	0.996695
237329	1	0.996697
237352	1	0.996698
237423	1	0.9967
237545	1	0.996701
237555	1	0.996703
237638	1	0.996704
237691	1	0.996706
237697	1	0.996707
237807	1	0.996708
237850	1	0.99671
237963	1	0.996711
237964	1	0.996713
238042	1	0.996714
238246	1	0.996716
238250	1	0.996717
238296	2	0.99672
238302	1	0.996722
238337	1	0.996723
238346	2	0.996726
238352	1	0.996728
238355	1	0.996729
238493	1	0.996731
238512	1	0.996732
238804	1	0.996734
238813	1	0.996735
238817	1	0.996736
238818	2	0.996739
238821	2	0.996742
238834	1	0.996744
238839	1	0.996745
238876	1	0.996747
238909	1	0.996748
239053	1	0.99675
239136	1	0.996751
239304	2	0.996754
239306	1	0.996756
239516	1	0.996757
239740	1	0.996759
239756	1	0.99676
239889	1	0.996761
239974	1	0.996763
240067	1	0.996764
240083	2	0.996767
240104	1	0.996769
240157	1	0.99677
240241	1	0.996772
240475	1	0.996773
240498	1	0.996775
240570	1	0.996776
240715	1	0.996778
240935	1	0.996779
240979	1	0.996781
241098	1	0.996782
241109	1	0.996784
241308	1	0.996785
241352	1	0.996787
241434	1	0.996788
241494	1	0.996789
241619	1	0.996791
241665	1	0.996792
241673	1	0.996794
241689	1	0.996795
241871	1	0.996797
241878	1	0.996798
241966	1	0.9968
242007	1	0.996801
242026	1	0.996803
242146	4	0.996809
242147	5	0.996816
242229	1	0.996817
242253	1	0.996819
242328	1	0.99682
242472	1	0.996822
242547	1	0.996823
242550	1	0.996825
242584	1	0.996826
242585	1	0.996828
242616	1	0.996829
242632	2	0.996832
242634	2	0.996835
242635	3	0.99684
242636	4	0.996845
242638	2	0.996848
242639	23	0.996882
242673	1	0.996884
242675	1	0.996885
242676	1	0.996887
242695	1	0.996888
242768	1	0.99689
242874	1	0.996891
242937	1	0.996893
243005	1	0.996894
243075	1	0.996896
243207	1	0.996897
243208	1	0.996898
243241	1	0.9969
243281	1	0.996901
243324	1	0.996903
243337	1	0.996904
243384	1	0.996906
243580	1	0.996907
243823	1	0.996909
243869	1	0.99691
243880	1	0.996912
243881	1	0.996913
243894	1	0.996915
243908	1	0.996916
244087	1	0.996918
244124	1	0.996919
244260	1	0.996921
244344	2	0.996923
244457	1	0.996925
244500	1	0.996926
244528	1	0.996928
244583	1	0.996929
244625	1	0.996931
244710	1	0.996932
244825	1	0.996934
245009	1	0.996935
245015	1	0.996937
245077	1	0.996938
245095	1	0.99694
245188	2	0.996943
245239	1	0.996944
245298	1	0.996946
245300	1	0.996947
245424	1	0.996949
245447	1	0.99695
245496	1	0.996951
245636	1	0.996953
245657	2	0.996956
245658	1	0.996957
245667	1	0.996959
245673	1	0.99696
245675	1	0.996962
245687	1	0.996963
245724	1	0.996965
245742	1	0.996966
245748	4	0.996972
245774	1	0.996974
245793	1	0.996975
245825	1	0.996977
245844	1	0.996978
245845	2	0.996981
245850	1	0.996982
245857	1	0.996984
245908	2	0.996987
245915	1	0.996988
245919	1	0.99699
245933	1	0.996991
245963	1	0.996993
246049	1	0.996994
246152	3	0.996999
246155	1	0.997
246163	1	0.997002
246171	1	0.997003
246345	1	0.997004
246443	1	0.997006
246472	1	0.997007
246693	1	0.997009
246745	1	0.99701
246782	1	0.997012
246787	1	0.997013
246830	1	0.997015
246837	1	0.997016
246838	1	0.997018
246839	1	0.997019
246895	1	0.997021
246910	1	0.997022
246913	1	0.997024
246924	1	0.997025
246939	1	0.997027
246970	1	0.997028
247011	1	0.99703
247026	1	0.997031
247060	1	0.997032
247127	1	0.997034
247214	1	0.997035
247258	1	0.997037
247463	1	0.997038
247522	1	0.99704
247634	1	0.997041
247637	1	0.997043
247676	2	0.997046
247712	1	0.997047
247747	1	0.997049
247777	1	0.99705
247946	1	0.997052
247969	1	0.997053
248179	1	0.997055
248241	1	0.997056
248288	1	0.997058
248361	1	0.997059
248375	1	0.99706
248454	1	0.997062
248640	1	0.997063
248655	1	0.997065
248782	1	0.997066
248783	1	0.997068
248859	1	0.997069
248986	1	0.997071
248990	1	0.997072
249002	1	0.997074
249102	1	0.997075
249111	1	0.997077
249113	2	0.99708
249383	1	0.997081
249386	1	0.997083
249515	1	0.997084
249686	1	0.997085
249694	1	0.997087
249697	1	0.997088
249723	1	0.99709
249733	1	0.997091
249734	1	0.997093
249876	1	0.997094
249940	1	0.997096
249954	1	0.997097
249992	1	0.997099
250046	1	0.9971
250083	1	0.997102
250122	1	0.997103
250464	1	0.997105
250585	1	0.997106
250590	1	0.997108
250599	1	0.997109
250660	1	0.997111
250735	2	0.997113
250864	1	0.997115
250880	1	0.997116
250941	1	0.997118
250959	1	0.997119
251597	1	0.997121
251694	1	0.997122
251770	1	0.997124
251801	1	0.997125
251902	1	0.997127
251957	1	0.997128
252034	1	0.99713
252114	1	0.997131
252117	1	0.997133
252291	1	0.997134
252315	1	0.997136
252321	1	0.997137
252331	1	0.997139
252712	1	0.99714
252827	1	0.997141
252855	1	0.997143
252864	1	0.997144
252869	1	0.997146
252957	1	0.997147
252981	1	0.997149
253052	1	0.99715
253166	1	0.997152
253289	1	0.997153
253308	1	0.997155
253327	1	0.997156
253448	1	0.997158
253486	2	0.997161
253593	1	0.997162
253639	1	0.997164
253655	1	0.997165
253690	1	0.997166
253703	1	0.997168
253708	1	0.997169
253710	1	0.997171
253711	1	0.997172
253713	1	0.997174
253797	1	0.997175
253919	1	0.997177
253956	1	0.997178
253987	1	0.99718
254171	1	0.997181
254237	1	0.997183
254263	2	0.997186
254305	1	0.997187
254711	2	0.99719
254719	1	0.997192
254762	1	0.997193
254781	1	0.997194
254928	1	0.997196
255163	1	0.997197
255213	1	0.997199
255278	1	0.9972
255461	1	0.997202
255476	1	0.997203
255512	1	0.997205
255569	1	0.997206
255626	1	0.997208
255648	1	0.997209
255670	1	0.997211
255676	1	0.997212
255711	1	0.997214
255743	1	0.997215
255919	1	0.997217
255935	1	0.997218
255946	1	0.99722
255947	1	0.997221
255950	8	0.997233
255964	1	0.997234
256142	1	0.997236
256186	1	0.997237
256209	1	0.997239
256217	1	0.99724
256220	1	0.997242
256245	1	0.997243
256251	1	0.997245
256282	1	0.997246
256307	1	0.997247
256310	1	0.997249
256322	1	0.99725
256454	1	0.997252
256742	1	0.997253
256879	3	0.997258
256964	2	0.997261
256968	1	0.997262
256974	1	0.997264
256986	1	0.997265
256989	1	0.997267
257061	1	0.997268
257130	1	0.99727
257158	1	0.997271
257315	1	0.997273
257374	1	0.997274
257392	1	0.997275
257393	1	0.997277
257396	2	0.99728
257397	1	0.997281
257399	2	0.997284
257400	2	0.997287
257403	1	0.997289
257404	4	0.997295
257407	1	0.997296
257408	1	0.997298
257409	1	0.997299
257488	1	0.997301
257499	1	0.997302
257781	1	0.997303
257797	1	0.997305
257860	1	0.997306
257940	1	0.997308
258020	1	0.997309
258047	1	0.997311
258237	1	0.997312
258283	1	0.997314
258287	1	0.997315
258325	1	0.997317
258371	1	0.997318
258425	2	0.997321
258486	1	0.997323
258548	1	0.997324
258549	1	0.997326
258560	1	0.997327
258580	1	0.997328
258694	1	0.99733
258706	1	0.997331
258848	1	0.997333
258911	1	0.997334
258924	3	0.997339
259003	1	0.99734
259070	1	0.997342
259121	1	0.997343
259141	1	0.997345
259158	1	0.997346
259159	1	0.997348
259372	1	0.997349
259442	1	0.997351
259474	1	0.997352
259488	2	0.997355
259605	1	0.997356
259772	1	0.997358
260169	1	0.997359
260234	1	0.997361
260249	1	0.997362
260398	1	0.997364
260485	1	0.997365
260499	1	0.997367
260525	1	0.997368
261109	1	0.99737
261183	1	0.997371
261191	1	0.997373
261424	2	0.997376
261505	1	0.997377
261560	1	0.997379
261562	1	0.99738
261580	1	0.997382
261653	2	0.997384
262152	1	0.997386
262294	1	0.997387
262437	1	0.997389
262677	1	0.99739
262889	1	0.997392
262897	2	0.997395
262935	1	0.997396
262998	1	0.997398
263030	1	0.997399
263159	3	0.997404
263160	3	0.997408
263165	1	0.997409
263172	1	0.997411
263175	1	0.997412
263176	1	0.997414
263180	1	0.997415
263182	1	0.997417
263186	1	0.997418
263522	1	0.99742
263695	1	0.997421
263708	1	0.997423
263723	1	0.997424
263794	1	0.997426
263837	1	0.997427
263876	1	0.997429
263917	1	0.99743
264041	1	0.997432
264045	1	0.997433
264095	1	0.997435
264145	1	0.997436
264231	1	0.997437
264262	1	0.997439
264269	1	0.99744
264277	1	0.997442
264336	1	0.997443
264367	1	0.997445
264428	2	0.997448
264494	1	0.997449
264511	1	0.997451
264520	1	0.997452
264690	1	0.997454
264870	1	0.997455
264878	1	0.997457
264904	1	0.997458
264948	2	0.997461
265044	1	0.997463
265081	1	0.997464
265123	1	0.997465
265196	1	0.997467
265212	1	0.997468
265243	1	0.99747
265335	1	0.997471
265431	1	0.997473
265503	1	0.997474
265711	1	0.997476
265717	1	0.997477
265771	1	0.997479
265790	1	0.99748
265835	1	0.997482
265844	1	0.997483
265966	1	0.997485
265969	1	0.997486
266039	1	0.997488
266065	1	0.997489
266112	3	0.997493
266125	1	0.997495
266228	1	0.997496
266329	1	0.997498
266356	1	0.997499
266431	1	0.997501
266444	1	0.997502
266451	1	0.997504
266485	1	0.997505
266502	1	0.997507
266507	1	0.997508
266691	1	0.99751
266854	1	0.997511
266922	1	0.997513
266953	1	0.997514
266997	1	0.997516
267001	1	0.997517
267104	1	0.997518
267289	1	0.99752
267301	1	0.997521
267396	1	0.997523
267425	2	0.997526
267551	1	0.997527
267597	2	0.99753
267600	1	0.997532
267653	2	0.997535
267670	1	0.997536
267703	1	0.997538
267754	1	0.997539
267767	1	0.997541
267846	1	0.997542
267848	1	0.997544
267924	1	0.997545
268126	1	0.997546
268131	3	0.997551
268132	4	0.997557
268133	7	0.997567
268134	2	0.99757
268149	1	0.997571
268169	1	0.997573
268203	1	0.997574
268218	1	0.997576
268326	1	0.997577
268556	1	0.997579
268604	1	0.99758
268624	1	0.997582
268713	1	0.997583
268725	3	0.997588
268726	1	0.997589
268730	1	0.997591
268747	1	0.997592
268829	1	0.997594
268912	1	0.997595
268954	1	0.997597
268986	1	0.997598
269019	1	0.997599
269105	1	0.997601
269220	1	0.997602
269345	1	0.997604
269388	1	0.997605
269390	1	0.997607
269461	1	0.997608
269473	1	0.99761
269479	1	0.997611
269497	1	0.997613
269502	1	0.997614
269592	2	0.997617
269601	1	0.997619
269605	1	0.99762
269644	1	0.997622
269805	3	0.997626
269927	1	0.997627
269937	3	0.997632
269939	5	0.997639
270105	1	0.997641
270140	1	0.997642
270169	1	0.997644
270215	1	0.997645
270220	1	0.997647
270222	1	0.997648
270290	1	0.99765
270293	1	0.997651
270363	1	0.997652
270847	1	0.997654
270913	1	0.997655
271093	1	0.997657
271190	2	0.99766
271205	1	0.997661
271537	1	0.997663
271811	1	0.997664
271847	1	0.997666
271915	1	0.997667
272143	1	0.997669
272324	1	0.99767
272372	1	0.997672
272390	1	0.997673
272712	1	0.997675
272715	1	0.997676
272974	1	0.997678
273132	1	0.997679
273316	3	0.997683
273479	1	0.997685
273525	1	0.997686
273703	1	0.997688
273859	1	0.997689
274051	1	0.997691
274117	1	0.997692
274132	1	0.997694
274147	1	0.997695
274148	1	0.997697
274150	1	0.997698
274180	1	0.9977
274220	1	0.997701
274232	1	0.997703
274317	1	0.997704
274334	1	0.997706
274392	1	0.997707
274405	1	0.997708
274487	2	0.997711
274573	1	0.997713
274616	1	0.997714
274633	1	0.997716
274707	1	0.997717
274766	1	0.997719
274895	1	0.99772
274985	1	0.997722
275063	1	0.997723
275255	1	0.997725
275272	1	0.997726
275412	1	0.997728
275528	1	0.997729
275829	1	0.997731
275933	1	0.997732
276001	1	0.997733
276157	1	0.997735
276179	2	0.997738
276291	1	0.997739
276534	1	0.997741
276577	1	0.997742
276872	1	0.997744
276887	1	0.997745
276888	1	0.997747
276952	1	0.997748
276974	1	0.99775
276976	1	0.997751
277138	1	0.997753
277141	1	0.997754
277256	1	0.997756
277293	4	0.997761
277322	1	0.997763
277358	1	0.997764
277383	1	0.997766
277408	1	0.997767
277529	1	0.997769
277658	1	0.99777
277676	1	0.997772
277785	1	0.997773
277875	1	0.997775
277928	1	0.997776
278067	1	0.997778
278208	1	0.997779
278323	1	0.997781
278693	1	0.997782
278743	1	0.997784
278777	2	0.997787
278789	1	0.997788
278875	1	0.997789
278889	1	0.997791
278941	1	0.997792
278953	1	0.997794
279030	1	0.997795
279073	1	0.997797
279197	1	0.997798
279211	1	0.9978
279485	1	0.997801
279548	1	0.997803
279654	1	0.997804
279776	2	0.997807
279777	1	0.997809
280184	1	0.99781
280209	1	0.997812
280214	1	0.997813
280369	1	0.997814
280513	1	0.997816
280588	1	0.997817
280625	1	0.997819
280759	1	0.99782
281107	2	0.997823
281193	1	0.997825
281246	1	0.997826
281532	1	0.997828
281534	1	0.997829
281691	1	0.997831
281775	1	0.997832
281782	1	0.997834
281793	1	0.997835
282077	1	0.997837
282133	1	0.997838
282197	2	0.997841
282235	1	0.997842
282841	1	0.997844
282887	1	0.997845
283040	1	0.997847
283296	1	0.997848
283456	1	0.99785
283824	1	0.997851
283984	1	0.997853
284248	1	0.997854
284271	1	0.997856
284417	1	0.997857
284666	1	0.997859
284833	1	0.99786
284859	1	0.997862
285063	1	0.997863
285083	1	0.997865
285102	1	0.997866
285206	1	0.997868
285228	1	0.997869
285263	1	0.99787
285276	1	0.997872
285282	1	0.997873
285324	1	0.997875
285343	1	0.997876
285418	2	0.997879
285545	1	0.997881
285554	1	0.997882
285612	2	0.997885
285870	1	0.997887
285901	1	0.997888
285927	1	0.99789
285936	1	0.997891
285938	1	0.997893
286132	1	0.997894
286229	1	0.997895
286409	1	0.997897
286475	1	0.997898
286678	3	0.997903
286829	1	0.997904
286964	1	0.997906
287010	2	0.997909
287028	1	0.99791
287054	1	0.997912
287133	1	0.997913
287157	1	0.997915
287163	1	0.997916
287164	1	0.997918
287310	1	0.997919
287604	2	0.997922
287932	1	0.997923
288017	1	0.997925
288054	1	0.997926
288059	2	0.997929
288141	1	0.997931
288440	1	0.997932
288454	2	0.997935
288458	1	0.997937
288461	1	0.997938
288480	2	0.997941
288481	1	0.997943
288642	1	0.997944
288693	1	0.997946
288749	1	0.997947
288775	1	0.997949
288795	1	0.99795
288867	1	0.997951
288943	1	0.997953
289509	1	0.997954
289589	1	0.997956
289688	1	0.997957
290380	1	0.997959
290420	1	0.99796
290456	1	0.997962
290632	1	0.997963
290676	1	0.997965
290828	1	0.997966
290839	1	0.997968
291105	2	0.997971
291111	1	0.997972
291145	1	0.997974
291245	1	0.997975
291372	1	0.997976
291458	1	0.997978
291764	1	0.997979
291935	1	0.997981
292033	1	0.997982
292038	1	0.997984
292116	1	0.997985
292175	1	0.997987
292275	1	0.997988
292415	1	0.99799
292699	1	0.997991
292795	1	0.997993
292898	1	0.997994
293006	1	0.997996
293169	1	0.997997
293366	1	0.997999
293475	1	0.998
293577	1	0.998002
293770	1	0.998003
293932	1	0.998004
294032	1	0.998006
294033	1	0.998007
294162	1	0.998009
294330	1	0.99801
294444	1	0.998012
294446	1	0.998013
294505	1	0.998015
294625	1	0.998016
294830	1	0.998018
295083	1	0.998019
295137	1	0.998021
295236	1	0.998022
295250	1	0.998024
295253	1	0.998025
295260	1	0.998027
295342	2	0.99803
295343	2	0.998032
295344	1	0.998034
295366	1	0.998035
295369	1	0.998037
295420	1	0.998038
295493	2	0.998041
295700	1	0.998043
296008	1	0.998044
296148	1	0.998046
296167	1	0.998047
296284	1	0.998049
296285	1	0.99805
296299	2	0.998053
296679	1	0.998055
296712	1	0.998056
296843	1	0.998057
296906	1	0.998059
297180	3	0.998063
297259	1	0.998065
297313	1	0.998066
297326	1	0.998068
297342	1	0.998069
297518	1	0.998071
297600	1	0.998072
297634	1	0.998074
297690	1	0.998075
297777	1	0.998077
298037	1	0.998078
298114	1	0.99808
298232	1	0.998081
298371	1	0.998083
298374	1	0.998084
298387	1	0.998085
298672	1	0.998087
298853	1	0.998088
299056	1	0.99809
299065	1	0.998091
299163	1	0.998093
299239	1	0.998094
299259	1	0.998096
299393	1	0.998097
299499	1	0.998099
299504	1	0.9981
299507	1	0.998102
299601	1	0.998103
299698	1	0.998105
299806	1	0.998106
299863	1	0.998108
299944	2	0.998111
300275	1	0.998112
300299	1	0.998113
300333	1	0.998115
300612	1	0.998116
300759	1	0.998118
300919	1	0.998119
300987	1	0.998121
301138	1	0.998122
301363	1	0.998124
301665	1	0.998125
302170	1	0.998127
302206	1	0.998128
302223	1	0.99813
302453	1	0.998131
302825	1	0.998133
302862	1	0.998134
303035	1	0.998136
303104	1	0.998137
303305	1	0.998138
303442	1	0.99814
303468	1	0.998141
303472	1	0.998143
303560	1	0.998144
303626	1	0.998146
303741	1	0.998147
303781	1	0.998149
303849	1	0.99815
303906	1	0.998152
303943	1	0.998153
304020	1	0.998155
304066	1	0.998156
304068	1	0.998158
304093	1	0.998159
304243	1	0.998161
304326	1	0.998162
304341	1	0.998164
304353	1	0.998165
304435	1	0.998166
304523	1	0.998168
304565	1	0.998169
304568	1	0.998171
304623	1	0.998172
304682	1	0.998174
304779	1	0.998175
304985	1	0.998177
305046	1	0.998178
305180	1	0.99818
305222	1	0.998181
305296	6	0.99819
305350	1	0.998192
305417	1	0.998193
305466	1	0.998194
305555	1	0.998196
305573	2	0.998199
305598	1	0.9982
305893	1	0.998202
306171	1	0.998203
306303	1	0.998205
306601	1	0.998206
306665	1	0.998208
306666	1	0.998209
306672	1	0.998211
306674	1	0.998212
306698	1	0.998214
306703	1	0.998215
306727	1	0.998217
306836	1	0.998218
307169	1	0.998219
307233	1	0.998221
307236	1	0.998222
307264	1	0.998224
307330	1	0.998225
307457	1	0.998227
307812	1	0.998228
307871	1	0.99823
308118	1	0.998231
308129	1	0.998233
308273	1	0.998234
308286	1	0.998236
308299	1	0.998237
308318	1	0.998239
308374	1	0.99824
308450	1	0.998242
308564	1	0.998243
308609	1	0.998245
308630	1	0.998246
308836	1	0.998247
308910	1	0.998249
308963	2	0.998252
308981	1	0.998253
309177	1	0.998255
309338	1	0.998256
309340	1	0.998258
309351	1	0.998259
309472	1	0.998261
309481	1	0.998262
309526	1	0.998264
309536	1	0.998265
309543	1	0.998267
309605	2	0.99827
309626	1	0.998271
309727	1	0.998273
309762	1	0.998274
309773	1	0.998275
309774	1	0.998277
309873	1	0.998278
310056	1	0.99828
310062	1	0.998281
310144	1	0.998283
310239	1	0.998284
310474	1	0.998286
310538	1	0.998287
310588	1	0.998289
310688	1	0.99829
310741	1	0.998292
310746	1	0.998293
310748	1	0.998295
310749	1	0.998296
310781	1	0.998298
310822	1	0.998299
310830	1	0.9983
310858	2	0.998303
310957	1	0.998305
310985	1	0.998306
311196	1	0.998308
311878	1	0.998309
312008	1	0.998311
312137	1	0.998312
312152	1	0.998314
312390	1	0.998315
312398	1	0.998317
312698	1	0.998318
312704	1	0.99832
312819	1	0.998321
312822	1	0.998323
312823	1	0.998324
312837	2	0.998327
312912	1	0.998328
313323	1	0.99833
313636	1	0.998331
313839	1	0.998333
313848	1	0.998334
314032	1	0.998336
314070	1	0.998337
314158	1	0.998339
314415	1	0.99834
314434	1	0.998342
314751	1	0.998343
314867	1	0.998345
315004	1	0.998346
315143	1	0.998348
315157	1	0.998349
315353	1	0.998351
315456	1	0.998352
315534	1	0.998354
315640	1	0.998355
315684	1	0.998356
316143	1	0.998358
316168	1	0.998359
316387	1	0.998361
316494	2	0.998364
316737	1	0.998365
316758	1	0.998367
316848	1	0.998368
316992	1	0.99837
317091	1	0.998371
317146	1	0.998373
317194	1	0.998374
317385	1	0.998376
317533	1	0.998377
317571	1	0.998379
317958	1	0.99838
318059	1	0.998381
318071	1	0.998383
318291	1	0.998384
318364	1	0.998386
318504	1	0.998387
318563	1	0.998389
318787	1	0.99839
319176	1	0.998392
319478	1	0.998393
319544	1	0.998395
319687	1	0.998396
319897	1	0.998398
319942	1	0.998399
319990	1	0.998401
320002	1	0.998402
320098	1	0.998404
320100	1	0.998405
320384	1	0.998407
320881	4	0.998412
321028	1	0.998414
321188	2	0.998417
321189	1	0.998418
321191	2	0.998421
321194	1	0.998423
321346	1	0.998424
321390	1	0.998426
321826	1	0.998427
322136	1	0.998429
322147	1	0.99843
322254	1	0.998432
322549	1	0.998433
322606	1	0.998435
322640	1	0.998436
322919	1	0.998437
323359	1	0.998439
323363	1	0.99844
323365	3	0.998445
323366	1	0.998446
323553	1	0.998448
323572	1	0.998449
323588	2	0.998452
323634	1	0.998454
323638	2	0.998457
323744	1	0.998458
323807	1	0.99846
323941	1	0.998461
324110	1	0.998462
325108	1	0.998464
325362	1	0.998465
325457	1	0.998467
325548	1	0.998468
325564	1	0.99847
326103	1	0.998471
326248	2	0.998474
326251	1	0.998476
326403	1	0.998477
326484	1	0.998479
326523	1	0.99848
326635	1	0.998482
326729	1	0.998483
326926	1	0.998485
327067	1	0.998486
327286	1	0.998488
327595	2	0.99849
327609	1	0.998492
327687	1	0.998493
327725	1	0.998495
328134	1	0.998496
328251	1	0.998498
328389	1	0.998499
328455	1	0.998501
328456	1	0.998502
328638	1	0.998504
328798	1	0.998505
329006	1	0.998507
329041	2	0.99851
329137	1	0.998511
329145	1	0.998513
329180	1	0.998514
329249	1	0.998516
329592	1	0.998517
329596	1	0.998518
329638	1	0.99852
329770	1	0.998521
330063	1	0.998523
330723	1	0.998524
330765	1	0.998526
331309	1	0.998527
331378	1	0.998529
331557	1	0.99853
331753	2	0.998533
331836	1	0.998535
331871	1	0.998536
331872	2	0.998539
332344	1	0.998541
332501	1	0.998542
332685	1	0.998543
332768	1	0.998545
332984	1	0.998546
333025	1	0.998548
333106	1	0.998549
333107	1	0.998551
333108	2	0.998554
333109	1	0.998555
333241	1	0.998557
333402	1	0.998558
333454	1	0.99856
333494	1	0.998561
333547	1	0.998563
333552	1	0.998564
333704	1	0.998566
333878	1	0.998567
334183	1	0.998569
334260	2	0.998571
334296	1	0.998573
334556	1	0.998574
334587	1	0.998576
334588	1	0.998577
334604	1	0.998579
334697	1	0.99858
334746	1	0.998582
334989	1	0.998583
335466	1	0.998585
335790	1	0.998586
336083	1	0.998588
336188	1	0.998589
336264	1	0.998591
336308	1	0.998592
336534	1	0.998594
336549	1	0.998595
337057	1	0.998597
337412	1	0.998598
337653	1	0.998599
337808	1	0.998601
337888	1	0.998602
337921	1	0.998604
338353	1	0.998605
338726	1	0.998607
339751	1	0.998608
339891	1	0.99861
340107	1	0.998611
340138	1	0.998613
340149	1	0.998614
340393	1	0.998616
340545	1	0.998617
340550	1	0.998619
340840	1	0.99862
340857	1	0.998622
340996	1	0.998623
341050	1	0.998624
341191	1	0.998626
341243	1	0.998627
341305	2	0.99863
341308	2	0.998633
341436	1	0.998635
341485	1	0.998636
341606	1	0.998638
342014	1	0.998639
342044	1	0.998641
342074	1	0.998642
342255	1	0.998644
342260	1	0.998645
342548	1	0.998647
342714	1	0.998648
342803	1	0.99865
343484	1	0.998651
343611	1	0.998652
344098	2	0.998655
344197	1	0.998657
344361	1	0.998658
344462	1	0.99866
344498	1	0.998661
345104	1	0.998663
345310	1	0.998664
345315	2	0.998667
345316	1	0.998669
345321	4	0.998675
345898	1	0.998676
345946	1	0.998678
346058	1	0.998679
346407	1	0.99868
346481	1	0.998682
346563	1	0.998683
346694	1	0.998685
346758	1	0.998686
346909	1	0.998688
347002	1	0.998689
347035	1	0.998691
347040	1	0.998692
347296	1	0.998694
347401	1	0.998695
347458	1	0.998697
347459	1	0.998698
347463	1	0.9987
347480	1	0.998701
347583	1	0.998703
347612	1	0.998704
347634	1	0.998705
347689	1	0.998707
347825	1	0.998708
347901	1	0.99871
347921	1	0.998711
347993	1	0.998713
348079	1	0.998714
348366	1	0.998716
348649	1	0.998717
348650	3	0.998722
348823	1	0.998723
348833	1	0.998725
348834	1	0.998726
349940	1	0.998728
350154	1	0.998729
350358	1	0.998731
351125	1	0.998732
351581	1	0.998733
351673	1	0.998735
351677	1	0.998736
351678	1	0.998738
351701	1	0.998739
351868	1	0.998741
352191	1	0.998742
352775	1	0.998744
353144	1	0.998745
353178	1	0.998747
353261	1	0.998748
353837	1	0.99875
353870	1	0.998751
353874	1	0.998753
354114	1	0.998754
354116	1	0.998756
354513	1	0.998757
354592	1	0.998759
355445	1	0.99876
355506	1	0.998761
355555	1	0.998763
355567	1	0.998764
356333	1	0.998766
356445	1	0.998767
356524	1	0.998769
356672	2	0.998772
356905	1	0.998773
356956	1	0.998775
356960	1	0.998776
357236	1	0.998778
357569	1	0.998779
357758	1	0.998781
358064	1	0.998782
358170	1	0.998784
359207	1	0.998785
359373	1	0.998786
359498	1	0.998788
359972	1	0.998789
360095	1	0.998791
360246	1	0.998792
360569	1	0.998794
360626	1	0.998795
361051	3	0.9988
361273	1	0.998801
362139	2	0.998804
363131	1	0.998806
363150	1	0.998807
363174	1	0.998809
363200	1	0.99881
363574	1	0.998812
363632	1	0.998813
363651	1	0.998814
363752	1	0.998816
363784	1	0.998817
363860	1	0.998819
363972	1	0.99882
364055	1	0.998822
364155	1	0.998823
364188	1	0.998825
364191	1	0.998826
364794	1	0.998828
365467	1	0.998829
365487	1	0.998831
365509	1	0.998832
365655	1	0.998834
366189	1	0.998835
366191	1	0.998837
366205	1	0.998838
366253	1	0.99884
366614	2	0.998842
366804	1	0.998844
367103	1	0.998845
367410	1	0.998847
368025	1	0.998848
368058	1	0.99885
368219	1	0.998851
368412	1	0.998853
368526	1	0.998854
368550	1	0.998856
368560	1	0.998857
368567	1	0.998859
368845	1	0.99886
368852	1	0.998862
368889	1	0.998863
369035	1	0.998865
369145	1	0.998866
369252	2	0.998869
369291	1	0.99887
369324	1	0.998872
369472	1	0.998873
369546	1	0.998875
369558	1	0.998876
369903	1	0.998878
369970	1	0.998879
370307	1	0.998881
370397	1	0.998882
370403	1	0.998884
370416	1	0.998885
370621	1	0.998887
371254	1	0.998888
371373	1	0.99889
371870	1	0.998891
373595	2	0.998894
373684	1	0.998895
373908	1	0.998897
373979	1	0.998898
373991	1	0.9989
374041	1	0.998901
374883	1	0.998903
375092	1	0.998904
375122	1	0.998906
375382	1	0.998907
375956	1	0.998909
375970	1	0.99891
376066	1	0.998912
376229	1	0.998913
376554	1	0.998915
376816	1	0.998916
376979	1	0.998918
376983	1	0.998919
377083	1	0.99892
377171	1	0.998922
377182	1	0.998923
377282	1	0.998925
377466	1	0.998926
377546	1	0.998928
377895	1	0.998929
377927	1	0.998931
378057	1	0.998932
378740	1	0.998934
378778	1	0.998935
379044	1	0.998937
379149	1	0.998938
379176	1	0.99894
379256	1	0.998941
379432	1	0.998943
379960	1	0.998944
379967	1	0.998946
381116	1	0.998947
381117	3	0.998951
381118	1	0.998953
381450	1	0.998954
381845	1	0.998956
382311	1	0.998957
382684	1	0.998959
383157	1	0.99896
383192	1	0.998962
383198	1	0.998963
383202	1	0.998965
383206	2	0.998968
383208	1	0.998969
383214	1	0.998971
383259	1	0.998972
383277	3	0.998976
383278	1	0.998978
383335	1	0.998979
383339	1	0.998981
383374	1	0.998982
383376	1	0.998984
383379	1	0.998985
383390	1	0.998987
383461	1	0.998988
383475	1	0.99899
383478	1	0.998991
383490	1	0.998993
383499	2	0.998996
383500	1	0.998997
383509	1	0.998999
383511	1	0.999
383527	1	0.999001
383531	1	0.999003
383532	1	0.999004
383545	1	0.999006
383550	1	0.999007
383634	1	0.999009
383728	1	0.99901
383891	1	0.999012
383892	1	0.999013
384656	1	0.999015
384675	1	0.999016
384677	1	0.999018
384806	1	0.999019
384832	1	0.999021
384938	1	0.999022
385052	1	0.999024
385338	1	0.999025
385908	3	0.999029
385909	1	0.999031
385918	1	0.999032
385970	1	0.999034
385973	1	0.999035
386015	2	0.999038
386039	1	0.99904
386052	1	0.999041
386235	1	0.999043
386899	1	0.999044
388259	1	0.999046
388441	1	0.999047
388535	1	0.999049
388575	1	0.99905
388630	1	0.999052
389021	3	0.999056
389041	1	0.999057
389042	1	0.999059
389324	1	0.99906
389333	1	0.999062
389909	1	0.999063
389912	1	0.999065
390018	1	0.999066
390500	1	0.999068
390958	3	0.999072
390959	1	0.999074
391099	1	0.999075
391167	1	0.999077
391175	1	0.999078
391221	1	0.99908
391799	1	0.999081
392595	1	0.999082
392605	1	0.999084
392952	1	0.999085
393113	1	0.999087
393184	1	0.999088
393235	1	0.99909
393395	1	0.999091
393784	1	0.999093
393787	1	0.999094
394804	1	0.999096
395092	1	0.999097
395204	1	0.999099
395403	1	0.9991
396227	1	0.999102
396254	1	0.999103
396516	2	0.999106
396573	1	0.999108
396864	1	0.999109
396893	1	0.99911
396981	1	0.999112
397354	1	0.999113
397498	1	0.999115
397636	1	0.999116
397732	1	0.999118
397936	1	0.999119
398239	1	0.999121
398240	2	0.999124
398535	2	0.999127
398876	1	0.999128
399004	1	0.99913
399179	1	0.999131
399301	1	0.999133
399374	1	0.999134
399694	1	0.999136
399793	1	0.999137
400121	1	0.999138
402622	1	0.99914
402635	1	0.999141
402835	1	0.999143
403161	1	0.999144
403680	1	0.999146
404008	1	0.999147
404057	1	0.999149
404269	1	0.99915
404914	1	0.999152
405803	1	0.999153
405955	1	0.999155
406032	1	0.999156
406124	1	0.999158
406338	1	0.999159
406494	1	0.999161
406620	1	0.999162
407464	1	0.999163
407516	1	0.999165
407631	1	0.999166
408632	1	0.999168
408937	1	0.999169
409061	1	0.999171
410593	1	0.999172
410655	1	0.999174
411151	1	0.999175
411172	1	0.999177
411838	1	0.999178
412410	1	0.99918
413324	1	0.999181
413513	1	0.999183
413561	1	0.999184
414226	1	0.999186
414512	1	0.999187
414634	1	0.999189
414814	1	0.99919
415193	1	0.999191
415253	1	0.999193
415725	1	0.999194
416407	1	0.999196
416634	1	0.999197
416710	1	0.999199
416728	1	0.9992
416866	1	0.999202
417388	1	0.999203
418940	1	0.999205
420022	1	0.999206
420073	1	0.999208
420150	1	0.999209
420161	1	0.999211
420545	1	0.999212
421386	1	0.999214
421554	1	0.999215
421610	1	0.999217
422984	1	0.999218
422987	1	0.999219
423462	2	0.999222
423809	1	0.999224
423856	1	0.999225
423865	1	0.999227
423927	1	0.999228
423971	1	0.99923
423995	1	0.999231
424066	1	0.999233
424182	1	0.999234
424614	1	0.999236
425038	1	0.999237
425140	1	0.999239
425310	1	0.99924
426201	1	0.999242
426500	1	0.999243
426648	1	0.999244
426887	1	0.999246
427350	1	0.999247
427363	1	0.999249
427638	1	0.99925
427853	1	0.999252
428032	1	0.999253
428767	1	0.999255
428930	1	0.999256
429389	1	0.999258
429919	1	0.999259
430186	1	0.999261
431420	1	0.999262
431535	1	0.999264
431953	1	0.999265
432060	2	0.999268
432062	1	0.99927
432687	1	0.999271
432710	1	0.999272
432858	1	0.999274
433143	1	0.999275
434234	1	0.999277
435397	1	0.999278
435865	1	0.99928
436502	1	0.999281
437144	1	0.999283
437341	1	0.999284
437358	1	0.999286
437637	1	0.999287
437657	1	0.999289
437695	1	0.99929
437986	1	0.999292
438186	1	0.999293
439647	1	0.999295
439662	2	0.999298
440369	1	0.999299
440523	1	0.9993
440525	1	0.999302
440687	1	0.999303
440946	1	0.999305
441230	1	0.999306
443049	1	0.999308
443208	1	0.999309
443210	1	0.999311
443438	1	0.999312
444884	1	0.999314
445865	1	0.999315
446240	1	0.999317
447010	1	0.999318
447064	1	0.99932
447066	1	0.999321
447095	1	0.999323
447136	1	0.999324
447179	1	0.999325
448370	2	0.999328
448586	1	0.99933
448688	1	0.999331
449831	1	0.999333
449916	1	0.999334
451067	1	0.999336
451116	2	0.999339
451546	1	0.99934
451714	1	0.999342
452291	1	0.999343
452430	1	0.999345
455032	1	0.999346
455506	1	0.999348
456020	1	0.999349
456887	1	0.999351
457292	1	0.999352
457332	1	0.999353
458094	1	0.999355
458453	1	0.999356
458846	1	0.999358
459564	1	0.999359
460913	2	0.999362
461470	1	0.999364
461471	1	0.999365
461473	1	0.999367
461543	1	0.999368
461638	2	0.999371
461675	1	0.999373
461680	1	0.999374
461716	1	0.999376
462254	1	0.999377
462321	1	0.999379
462443	1	0.99938
462608	1	0.999381
463164	1	0.999383
463694	1	0.999384
463723	1	0.999386
463732	1	0.999387
463876	1	0.999389
464034	1	0.99939
464231	1	0.999392
464624	1	0.999393
464713	1	0.999395
465441	1	0.999396
467116	2	0.999399
467160	1	0.999401
467595	1	0.999402
468106	1	0.999404
468382	1	0.999405
468954	1	0.999406
469975	1	0.999408
470298	1	0.999409
471086	1	0.999411
471459	1	0.999412
472141	1	0.999414
473208	1	0.999415
473252	1	0.999417
473292	1	0.999418
473561	1	0.99942
473859	1	0.999421
473951	1	0.999423
474479	1	0.999424
475364	1	0.999426
475667	1	0.999427
475946	1	0.999429
476029	1	0.99943
477346	1	0.999432
477733	1	0.999433
478766	1	0.999434
478799	2	0.999437
478804	4	0.999443
478809	6	0.999452
478814	8	0.999464
478815	8	0.999476
478816	2	0.999479
478823	1	0.99948
478824	1	0.999482
478825	5	0.999489
478829	1	0.99949
478830	1	0.999492
478833	2	0.999495
478834	2	0.999498
478972	1	0.999499
479864	1	0.999501
480494	1	0.999502
480504	1	0.999504
480856	1	0.999505
481646	1	0.999507
481917	1	0.999508
482655	1	0.99951
482737	1	0.999511
482747	1	0.999513
482870	1	0.999514
483883	1	0.999515
484738	1	0.999517
486109	1	0.999518
486350	1	0.99952
486603	1	0.999521
486624	1	0.999523
488173	2	0.999526
489308	1	0.999527
489341	1	0.999529
489797	1	0.99953
491489	1	0.999532
493832	1	0.999533
495565	1	0.999535
496328	1	0.999536
496489	1	0.999538
496794	1	0.999539
497718	1	0.999541
498516	1	0.999542
499086	1	0.999543
500198	1	0.999545
500329	1	0.999546
504056	1	0.999548
504235	2	0.999551
504239	2	0.999554
504695	1	0.999555
504924	1	0.999557
505673	1	0.999558
506131	1	0.99956
507976	1	0.999561
507980	1	0.999563
508001	1	0.999564
508689	1	0.999566
508791	1	0.999567
509411	1	0.999568
509492	1	0.99957
509924	1	0.999571
513042	1	0.999573
513806	1	0.999574
514109	1	0.999576
514410	1	0.999577
514419	1	0.999579
514582	1	0.99958
515514	1	0.999582
515551	1	0.999583
515682	1	0.999585
516005	1	0.999586
516329	1	0.999588
517715	1	0.999589
518966	1	0.999591
519371	1	0.999592
520792	1	0.999594
523413	1	0.999595
523638	1	0.999596
523931	1	0.999598
524547	1	0.999599
525359	1	0.999601
525552	1	0.999602
526639	1	0.999604
527878	1	0.999605
527879	1	0.999607
528206	1	0.999608
528771	1	0.99961
531390	1	0.999611
532249	1	0.999613
532251	2	0.999616
534726	1	0.999617
534996	1	0.999619
535902	1	0.99962
536051	1	0.999622
536274	2	0.999624
536483	1	0.999626
536887	1	0.999627
537038	1	0.999629
537039	1	0.99963
537040	2	0.999633
537185	1	0.999635
537992	1	0.999636
539050	1	0.999638
539333	1	0.999639
540121	1	0.999641
540393	1	0.999642
540606	1	0.999644
541532	1	0.999645
542064	1	0.999647
542545	1	0.999648
543138	1	0.999649
543374	1	0.999651
543881	1	0.999652
544188	1	0.999654
544642	1	0.999655
545165	1	0.999657
545311	1	0.999658
546245	1	0.99966
546515	1	0.999661
546517	1	0.999663
546520	1	0.999664
546611	1	0.999666
548346	1	0.999667
548776	1	0.999669
549740	1	0.99967
550704	1	0.999672
552509	1	0.999673
552511	2	0.999676
552519	1	0.999677
552525	2	0.99968
552526	2	0.999683
552557	1	0.999685
552560	1	0.999686
552565	1	0.999688
552570	1	0.999689
552571	1	0.999691
552646	1	0.999692
552965	1	0.999694
554200	1	0.999695
554761	1	0.999697
556677	1	0.999698
557571	1	0.9997
557684	1	0.999701
557985	1	0.999703
557986	1	0.999704
557990	1	0.999705
557992	1	0.999707
557999	1	0.999708
558016	1	0.99971
558023	1	0.999711
558024	1	0.999713
558071	1	0.999714
558087	3	0.999719
558092	1	0.99972
558132	1	0.999722
560425	1	0.999723
560586	1	0.999725
560647	1	0.999726
563831	2	0.999729
565820	1	0.99973
567748	1	0.999732
567959	2	0.999735
571904	1	0.999736
572600	4	0.999742
572971	1	0.999744
574338	1	0.999745
574616	3	0.99975
574745	1	0.999751
575338	1	0.999753
576523	1	0.999754
576597	1	0.999756
578207	1	0.999757
578469	1	0.999758
578908	1	0.99976
579894	1	0.999761
580318	1	0.999763
583060	1	0.999764
583064	1	0.999766
583067	2	0.999769
583814	1	0.99977
584253	1	0.999772
587124	1	0.999773
587347	1	0.999775
587688	1	0.999776
588230	1	0.999778
589875	1	0.999779
590372	2	0.999782
590426	1	0.999784
590442	1	0.999785
590458	1	0.999786
590472	1	0.999788
590490	1	0.999789
590510	1	0.999791
590523	1	0.999792
593398	1	0.999794
594919	1	0.999795
599978	1	0.999797
602406	1	0.999798
604069	1	0.9998
606605	1	0.999801
607114	1	0.999803
607172	1	0.999804
607189	2	0.999807
607195	1	0.999809
607273	2	0.999811
607276	2	0.999814
614731	1	0.999816
614827	1	0.999817
615051	1	0.999819
617748	1	0.99982
619027	1	0.999822
619868	1	0.999823
620488	1	0.999825
621674	1	0.999826
623130	1	0.999828
626104	1	0.999829
626597	1	0.999831
627860	1	0.999832
632672	1	0.999834
635090	2	0.999837
636387	1	0.999838
640704	1	0.999839
644404	1	0.999841
646913	1	0.999842
649598	1	0.999844
653718	1	0.999845
654690	1	0.999847
655069	1	0.999848
655071	1	0.99985
655084	1	0.999851
655137	1	0.999853
660186	2	0.999856
660187	2	0.999859
660189	1	0.99986
660195	1	0.999862
660202	1	0.999863
660242	1	0.999865
660245	1	0.999866
660735	1	0.999867
660831	1	0.999869
675329	1	0.99987
675685	1	0.999872
676323	1	0.999873
690488	1	0.999875
699652	38	0.999931
699653	26	0.999969
702482	1	0.999971
702744	1	0.999972
706666	1	0.999973
707009	1	0.999975
707014	1	0.999976
707017	1	0.999978
707019	1	0.999979
707023	1	0.999981
707028	1	0.999982
707029	1	0.999984
707032	2	0.999987
707034	5	0.999994
707039	1	0.999996
707047	2	0.999999
745813	1	1
