#distance	count	cdf
1	11383	0.0660424
2	2976	0.0833087
3	4230	0.10785
4	8137	0.15506
5	8988	0.207207
6	8528	0.256685
7	8772	0.307579
8	7740	0.352485
9	5903	0.386734
10	3690	0.408142
11	2229	0.421075
12	1821	0.43164
13	1680	0.441387
14	1911	0.452474
15	1850	0.463208
16	1617	0.472589
17	1340	0.480364
18	1124	0.486885
19	982	0.492582
20	924	0.497943
21	846	0.502852
22	732	0.507099
23	789	0.511676
24	731	0.515917
25	655	0.519718
26	645	0.52346
27	604	0.526964
28	508	0.529911
29	485	0.532725
30	464	0.535417
31	477	0.538185
32	472	0.540923
33	456	0.543569
34	406	0.545924
35	420	0.548361
36	417	0.550781
37	342	0.552765
38	324	0.554645
39	322	0.556513
40	306	0.558288
41	341	0.560267
42	354	0.562321
43	295	0.564032
44	284	0.56568
45	271	0.567252
46	291	0.56894
47	284	0.570588
48	264	0.57212
49	300	0.57386
50	261	0.575375
51	218	0.576639
52	210	0.577858
53	229	0.579186
54	216	0.58044
55	224	0.581739
56	240	0.583132
57	210	0.58435
58	197	0.585493
59	179	0.586532
60	202	0.587704
61	212	0.588934
62	178	0.589966
63	182	0.591022
64	201	0.592188
65	173	0.593192
66	177	0.594219
67	158	0.595136
68	175	0.596151
69	173	0.597155
70	164	0.598106
71	160	0.599035
72	159	0.599957
73	154	0.600851
74	147	0.601703
75	174	0.602713
76	152	0.603595
77	158	0.604512
78	137	0.605306
79	149	0.606171
80	115	0.606838
81	137	0.607633
82	138	0.608434
83	167	0.609402
84	153	0.61029
85	105	0.610899
86	150	0.61177
87	132	0.612535
88	117	0.613214
89	127	0.613951
90	130	0.614705
91	120	0.615402
92	107	0.616022
93	121	0.616724
94	104	0.617328
95	125	0.618053
96	105	0.618662
97	108	0.619289
98	88	0.619799
99	99	0.620374
100	103	0.620971
101	129	0.62172
102	124	0.622439
103	115	0.623106
104	94	0.623652
105	95	0.624203
106	102	0.624795
107	102	0.625387
108	92	0.62592
109	103	0.626518
110	101	0.627104
111	106	0.627719
112	98	0.628287
113	120	0.628984
114	80	0.629448
115	84	0.629935
116	94	0.630481
117	86	0.63098
118	99	0.631554
119	110	0.632192
120	107	0.632813
121	84	0.6333
122	90	0.633822
123	85	0.634316
124	92	0.634849
125	79	0.635308
126	96	0.635865
127	90	0.636387
128	70	0.636793
129	93	0.637333
130	92	0.637866
131	81	0.638336
132	57	0.638667
133	95	0.639218
134	68	0.639613
135	102	0.640204
136	73	0.640628
137	100	0.641208
138	83	0.64169
139	78	0.642142
140	90	0.642664
141	78	0.643117
142	78	0.64357
143	74	0.643999
144	83	0.64448
145	79	0.644939
146	73	0.645362
147	81	0.645832
148	64	0.646204
149	66	0.646586
150	78	0.647039
151	69	0.647439
152	61	0.647793
153	78	0.648246
154	65	0.648623
155	68	0.649017
156	59	0.64936
157	73	0.649783
158	69	0.650184
159	55	0.650503
160	51	0.650799
161	82	0.651274
162	75	0.65171
163	56	0.652034
164	62	0.652394
165	65	0.652771
166	68	0.653166
167	59	0.653508
168	58	0.653845
169	78	0.654297
170	51	0.654593
171	60	0.654941
172	63	0.655307
173	55	0.655626
174	74	0.656055
175	55	0.656374
176	57	0.656705
177	65	0.657082
178	58	0.657419
179	53	0.657726
180	61	0.65808
181	54	0.658393
182	58	0.65873
183	42	0.658973
184	61	0.659327
185	53	0.659635
186	51	0.659931
187	45	0.660192
188	57	0.660523
189	46	0.660789
190	46	0.661056
191	56	0.661381
192	56	0.661706
193	59	0.662048
194	60	0.662397
195	54	0.66271
196	62	0.66307
197	47	0.663342
198	69	0.663743
199	64	0.664114
200	53	0.664421
201	50	0.664711
202	52	0.665013
203	49	0.665297
204	49	0.665582
205	56	0.665907
206	28	0.666069
207	63	0.666435
208	44	0.66669
209	42	0.666934
210	44	0.667189
211	41	0.667427
212	38	0.667647
213	56	0.667972
214	47	0.668245
215	54	0.668558
216	43	0.668808
217	42	0.669051
218	43	0.669301
219	50	0.669591
220	50	0.669881
221	55	0.6702
222	51	0.670496
223	48	0.670774
224	39	0.671001
225	37	0.671215
226	49	0.6715
227	42	0.671743
228	46	0.67201
229	52	0.672312
230	40	0.672544
231	42	0.672788
232	44	0.673043
233	26	0.673194
234	49	0.673478
235	50	0.673768
236	39	0.673994
237	45	0.674255
238	46	0.674522
239	45	0.674783
240	34	0.674981
241	43	0.67523
242	50	0.67552
243	39	0.675747
244	42	0.67599
245	30	0.676164
246	44	0.67642
247	51	0.676715
248	60	0.677064
249	41	0.677301
250	37	0.677516
251	50	0.677806
252	36	0.678015
253	38	0.678236
254	41	0.678473
255	32	0.678659
256	54	0.678972
257	40	0.679204
258	45	0.679466
259	49	0.67975
260	31	0.67993
261	33	0.680121
262	54	0.680434
263	47	0.680707
264	61	0.681061
265	34	0.681258
266	35	0.681461
267	35	0.681664
268	30	0.681838
269	54	0.682152
270	42	0.682395
271	42	0.682639
272	31	0.682819
273	34	0.683016
274	44	0.683272
275	37	0.683486
276	26	0.683637
277	47	0.68391
278	37	0.684124
279	28	0.684287
280	31	0.684467
281	34	0.684664
282	33	0.684855
283	28	0.685018
284	36	0.685227
285	28	0.685389
286	54	0.685703
287	36	0.685911
288	36	0.68612
289	42	0.686364
290	37	0.686579
291	43	0.686828
292	29	0.686996
293	33	0.687188
294	37	0.687402
295	33	0.687594
296	40	0.687826
297	20	0.687942
298	27	0.688099
299	36	0.688308
300	50	0.688598
301	33	0.688789
302	27	0.688946
303	34	0.689143
304	43	0.689392
305	43	0.689642
306	25	0.689787
307	25	0.689932
308	33	0.690124
309	32	0.690309
310	46	0.690576
311	31	0.690756
312	35	0.690959
313	27	0.691116
314	32	0.691301
315	34	0.691499
316	32	0.691684
317	32	0.69187
318	33	0.692061
319	23	0.692195
320	31	0.692375
321	40	0.692607
322	33	0.692798
323	30	0.692972
324	34	0.693169
325	30	0.693344
326	37	0.693558
327	40	0.69379
328	21	0.693912
329	25	0.694057
330	42	0.694301
331	35	0.694504
332	27	0.694661
333	20	0.694777
334	39	0.695003
335	27	0.69516
336	31	0.695339
337	34	0.695537
338	29	0.695705
339	31	0.695885
340	32	0.69607
341	37	0.696285
342	39	0.696511
343	36	0.69672
344	33	0.696912
345	35	0.697115
346	32	0.6973
347	33	0.697492
348	38	0.697712
349	28	0.697875
350	39	0.698101
351	41	0.698339
352	36	0.698548
353	31	0.698728
354	35	0.698931
355	24	0.69907
356	19	0.69918
357	16	0.699273
358	29	0.699441
359	22	0.699569
360	45	0.69983
361	18	0.699934
362	28	0.700097
363	28	0.700259
364	27	0.700416
365	25	0.700561
366	18	0.700665
367	29	0.700834
368	29	0.701002
369	25	0.701147
370	32	0.701333
371	19	0.701443
372	24	0.701582
373	34	0.701779
374	25	0.701924
375	20	0.702041
376	22	0.702168
377	25	0.702313
378	35	0.702516
379	32	0.702702
380	22	0.70283
381	29	0.702998
382	28	0.70316
383	21	0.703282
384	26	0.703433
385	29	0.703601
386	26	0.703752
387	29	0.70392
388	35	0.704123
389	30	0.704297
390	33	0.704489
391	24	0.704628
392	21	0.70475
393	30	0.704924
394	30	0.705098
395	21	0.70522
396	29	0.705388
397	35	0.705591
398	26	0.705742
399	26	0.705893
400	22	0.706021
401	32	0.706206
402	29	0.706374
403	18	0.706479
404	33	0.70667
405	18	0.706775
406	26	0.706926
407	27	0.707082
408	27	0.707239
409	32	0.707425
410	27	0.707581
411	35	0.707784
412	27	0.707941
413	17	0.70804
414	33	0.708231
415	25	0.708376
416	22	0.708504
417	23	0.708637
418	29	0.708805
419	24	0.708945
420	24	0.709084
421	36	0.709293
422	27	0.709449
423	22	0.709577
424	30	0.709751
425	24	0.70989
426	34	0.710088
427	24	0.710227
428	23	0.71036
429	30	0.710534
430	28	0.710697
431	24	0.710836
432	13	0.710912
433	24	0.711051
434	38	0.711271
435	22	0.711399
436	29	0.711567
437	18	0.711672
438	29	0.71184
439	27	0.711996
440	26	0.712147
441	25	0.712292
442	22	0.71242
443	20	0.712536
444	26	0.712687
445	32	0.712873
446	24	0.713012
447	17	0.71311
448	21	0.713232
449	14	0.713313
450	27	0.71347
451	31	0.71365
452	19	0.71376
453	19	0.71387
454	13	0.713946
455	33	0.714137
456	35	0.71434
457	21	0.714462
458	17	0.714561
459	10	0.714619
460	19	0.714729
461	20	0.714845
462	18	0.71495
463	28	0.715112
464	18	0.715216
465	23	0.71535
466	31	0.71553
467	21	0.715652
468	19	0.715762
469	13	0.715837
470	17	0.715936
471	24	0.716075
472	14	0.716156
473	24	0.716296
474	20	0.716412
475	30	0.716586
476	13	0.716661
477	26	0.716812
478	22	0.71694
479	21	0.717061
480	21	0.717183
481	26	0.717334
482	26	0.717485
483	18	0.717589
484	21	0.717711
485	17	0.71781
486	24	0.717949
487	18	0.718054
488	25	0.718199
489	18	0.718303
490	21	0.718425
491	24	0.718564
492	14	0.718645
493	15	0.718732
494	11	0.718796
495	17	0.718895
496	17	0.718993
497	18	0.719098
498	19	0.719208
499	24	0.719347
500	28	0.71951
501	22	0.719638
502	23	0.719771
503	20	0.719887
504	18	0.719991
505	24	0.720131
506	23	0.720264
507	23	0.720398
508	21	0.720519
509	23	0.720653
510	20	0.720769
511	20	0.720885
512	20	0.721001
513	25	0.721146
514	16	0.721239
515	20	0.721355
516	22	0.721482
517	19	0.721593
518	17	0.721691
519	17	0.72179
520	19	0.7219
521	16	0.721993
522	14	0.722074
523	14	0.722156
524	23	0.722289
525	26	0.72244
526	19	0.72255
527	25	0.722695
528	12	0.722765
529	34	0.722962
530	25	0.723107
531	17	0.723206
532	16	0.723298
533	23	0.723432
534	18	0.723536
535	14	0.723618
536	25	0.723763
537	17	0.723861
538	21	0.723983
539	15	0.72407
540	12	0.72414
541	14	0.724221
542	27	0.724378
543	20	0.724494
544	14	0.724575
545	29	0.724743
546	12	0.724813
547	28	0.724975
548	20	0.725091
549	20	0.725207
550	10	0.725265
551	19	0.725376
552	14	0.725457
553	20	0.725573
554	11	0.725637
555	14	0.725718
556	30	0.725892
557	20	0.726008
558	21	0.72613
559	13	0.726205
560	19	0.726315
561	16	0.726408
562	17	0.726507
563	15	0.726594
564	14	0.726675
565	16	0.726768
566	17	0.726867
567	26	0.727017
568	16	0.72711
569	18	0.727215
570	16	0.727308
571	20	0.727424
572	19	0.727534
573	12	0.727603
574	18	0.727708
575	15	0.727795
576	17	0.727894
577	16	0.727986
578	19	0.728097
579	15	0.728184
580	17	0.728282
581	14	0.728363
582	9	0.728416
583	19	0.728526
584	21	0.728648
585	20	0.728764
586	16	0.728857
587	11	0.72892
588	14	0.729002
589	13	0.729077
590	17	0.729176
591	21	0.729298
592	19	0.729408
593	21	0.72953
594	20	0.729646
595	14	0.729727
596	20	0.729843
597	16	0.729936
598	16	0.730029
599	18	0.730133
600	10	0.730191
601	12	0.730261
602	14	0.730342
603	8	0.730388
604	16	0.730481
605	23	0.730615
606	16	0.730707
607	17	0.730806
608	14	0.730887
609	18	0.730992
610	13	0.731067
611	15	0.731154
612	12	0.731224
613	19	0.731334
614	13	0.731409
615	13	0.731485
616	13	0.73156
617	20	0.731676
618	17	0.731775
619	16	0.731868
620	11	0.731932
621	20	0.732048
622	9	0.7321
623	22	0.732228
624	15	0.732315
625	22	0.732442
626	9	0.732494
627	16	0.732587
628	20	0.732703
629	14	0.732784
630	19	0.732895
631	13	0.73297
632	17	0.733069
633	19	0.733179
634	17	0.733278
635	20	0.733394
636	21	0.733516
637	18	0.73362
638	10	0.733678
639	12	0.733748
640	6	0.733782
641	12	0.733852
642	24	0.733991
643	24	0.734131
644	13	0.734206
645	14	0.734287
646	13	0.734363
647	12	0.734432
648	16	0.734525
649	12	0.734595
650	20	0.734711
651	16	0.734804
652	21	0.734925
653	15	0.735012
654	22	0.73514
655	9	0.735192
656	8	0.735239
657	20	0.735355
658	14	0.735436
659	20	0.735552
660	9	0.735604
661	16	0.735697
662	13	0.735772
663	24	0.735912
664	10	0.73597
665	20	0.736086
666	12	0.736155
667	14	0.736237
668	18	0.736341
669	9	0.736393
670	13	0.736469
671	13	0.736544
672	15	0.736631
673	17	0.73673
674	10	0.736788
675	12	0.736857
676	12	0.736927
677	17	0.737026
678	15	0.737113
679	11	0.737176
680	22	0.737304
681	12	0.737374
682	11	0.737438
683	14	0.737519
684	23	0.737652
685	16	0.737745
686	11	0.737809
687	17	0.737908
688	14	0.737989
689	12	0.738058
690	18	0.738163
691	22	0.73829
692	19	0.738401
693	15	0.738488
694	12	0.738557
695	18	0.738662
696	14	0.738743
697	8	0.738789
698	13	0.738865
699	14	0.738946
700	12	0.739016
701	17	0.739114
702	16	0.739207
703	11	0.739271
704	12	0.739341
705	13	0.739416
706	19	0.739526
707	13	0.739602
708	21	0.739723
709	17	0.739822
710	21	0.739944
711	18	0.740048
712	18	0.740153
713	17	0.740251
714	6	0.740286
715	10	0.740344
716	12	0.740414
717	19	0.740524
718	13	0.7406
719	15	0.740687
720	9	0.740739
721	17	0.740837
722	13	0.740913
723	14	0.740994
724	16	0.741087
725	15	0.741174
726	17	0.741273
727	15	0.74136
728	5	0.741389
729	14	0.74147
730	11	0.741534
731	11	0.741597
732	17	0.741696
733	17	0.741795
734	10	0.741853
735	9	0.741905
736	11	0.741969
737	13	0.742044
738	16	0.742137
739	8	0.742183
740	10	0.742241
741	12	0.742311
742	11	0.742375
743	9	0.742427
744	10	0.742485
745	10	0.742543
746	15	0.74263
747	9	0.742682
748	8	0.742729
749	16	0.742822
750	11	0.742885
751	15	0.742973
752	10	0.743031
753	10	0.743089
754	13	0.743164
755	14	0.743245
756	18	0.74335
757	9	0.743402
758	18	0.743506
759	11	0.74357
760	10	0.743628
761	14	0.743709
762	5	0.743738
763	9	0.743791
764	17	0.743889
765	15	0.743976
766	16	0.744069
767	15	0.744156
768	9	0.744208
769	7	0.744249
770	10	0.744307
771	10	0.744365
772	14	0.744446
773	13	0.744522
774	13	0.744597
775	13	0.744672
776	12	0.744742
777	11	0.744806
778	10	0.744864
779	11	0.744928
780	17	0.745026
781	12	0.745096
782	10	0.745154
783	13	0.745229
784	7	0.74527
785	22	0.745398
786	15	0.745485
787	14	0.745566
788	13	0.745641
789	12	0.745711
790	12	0.745781
791	10	0.745839
792	7	0.745879
793	12	0.745949
794	11	0.746013
795	7	0.746053
796	16	0.746146
797	9	0.746198
798	17	0.746297
799	8	0.746343
800	10	0.746401
801	13	0.746477
802	13	0.746552
803	21	0.746674
804	8	0.746721
805	7	0.746761
806	6	0.746796
807	17	0.746895
808	16	0.746987
809	14	0.747069
810	10	0.747127
811	12	0.747196
812	17	0.747295
813	13	0.74737
814	11	0.747434
815	22	0.747562
816	13	0.747637
817	20	0.747753
818	20	0.747869
819	7	0.74791
820	19	0.74802
821	20	0.748136
822	14	0.748217
823	11	0.748281
824	10	0.748339
825	14	0.74842
826	11	0.748484
827	16	0.748577
828	8	0.748624
829	12	0.748693
830	8	0.74874
831	12	0.748809
832	10	0.748867
833	8	0.748914
834	7	0.748954
835	11	0.749018
836	14	0.749099
837	11	0.749163
838	11	0.749227
839	14	0.749308
840	16	0.749401
841	9	0.749453
842	14	0.749534
843	11	0.749598
844	9	0.74965
845	11	0.749714
846	12	0.749784
847	9	0.749836
848	11	0.7499
849	10	0.749958
850	18	0.750062
851	10	0.75012
852	14	0.750202
853	12	0.750271
854	15	0.750358
855	8	0.750405
856	13	0.75048
857	7	0.750521
858	15	0.750608
859	14	0.750689
860	10	0.750747
861	7	0.750788
862	13	0.750863
863	12	0.750933
864	21	0.751054
865	8	0.751101
866	16	0.751194
867	15	0.751281
868	11	0.751345
869	11	0.751408
870	10	0.751466
871	17	0.751565
872	16	0.751658
873	13	0.751733
874	14	0.751815
875	10	0.751873
876	15	0.75196
877	12	0.752029
878	9	0.752081
879	13	0.752157
880	10	0.752215
881	12	0.752284
882	16	0.752377
883	20	0.752493
884	4	0.752517
885	12	0.752586
886	12	0.752656
887	12	0.752725
888	14	0.752807
889	21	0.752928
890	14	0.75301
891	22	0.753137
892	7	0.753178
893	7	0.753219
894	7	0.753259
895	10	0.753317
896	15	0.753404
897	6	0.753439
898	13	0.753514
899	13	0.75359
900	9	0.753642
901	10	0.7537
902	18	0.753805
903	12	0.753874
904	13	0.75395
905	10	0.754008
906	14	0.754089
907	16	0.754182
908	8	0.754228
909	8	0.754275
910	8	0.754321
911	13	0.754396
912	13	0.754472
913	12	0.754541
914	7	0.754582
915	12	0.754652
916	12	0.754721
917	13	0.754797
918	16	0.75489
919	16	0.754982
920	14	0.755064
921	6	0.755098
922	9	0.755151
923	8	0.755197
924	7	0.755238
925	8	0.755284
926	16	0.755377
927	8	0.755423
928	18	0.755528
929	10	0.755586
930	11	0.75565
931	8	0.755696
932	14	0.755777
933	9	0.755829
934	11	0.755893
935	10	0.755951
936	13	0.756027
937	9	0.756079
938	9	0.756131
939	12	0.756201
940	9	0.756253
941	12	0.756323
942	9	0.756375
943	13	0.75645
944	10	0.756508
945	13	0.756584
946	4	0.756607
947	13	0.756682
948	12	0.756752
949	6	0.756787
950	7	0.756827
951	6	0.756862
952	15	0.756949
953	10	0.757007
954	7	0.757048
955	11	0.757112
956	9	0.757164
957	10	0.757222
958	7	0.757262
959	7	0.757303
960	5	0.757332
961	12	0.757402
962	11	0.757466
963	8	0.757512
964	4	0.757535
965	11	0.757599
966	11	0.757663
967	8	0.757709
968	13	0.757785
969	7	0.757825
970	11	0.757889
971	5	0.757918
972	10	0.757976
973	8	0.758022
974	7	0.758063
975	9	0.758115
976	15	0.758202
977	9	0.758255
978	8	0.758301
979	7	0.758342
980	5	0.758371
981	11	0.758434
982	5	0.758463
983	12	0.758533
984	6	0.758568
985	14	0.758649
986	1	0.758655
987	13	0.75873
988	14	0.758812
989	12	0.758881
990	8	0.758928
991	13	0.759003
992	15	0.75909
993	7	0.759131
994	7	0.759171
995	12	0.759241
996	8	0.759287
997	10	0.759345
998	6	0.75938
999	7	0.759421
1000	8	0.759467
1001	10	0.759525
1002	9	0.759577
1003	9	0.75963
1004	8	0.759676
1005	18	0.75978
1006	17	0.759879
1007	12	0.759949
1008	16	0.760042
1009	12	0.760111
1010	10	0.760169
1011	5	0.760198
1012	11	0.760262
1013	11	0.760326
1014	5	0.760355
1015	10	0.760413
1016	19	0.760523
1017	8	0.76057
1018	10	0.760628
1019	8	0.760674
1020	16	0.760767
1021	13	0.760842
1022	11	0.760906
1023	12	0.760976
1024	11	0.761039
1025	10	0.761097
1026	9	0.76115
1027	8	0.761196
1028	12	0.761266
1029	7	0.761306
1030	11	0.76137
1031	8	0.761417
1032	3	0.761434
1033	9	0.761486
1034	10	0.761544
1035	7	0.761585
1036	2	0.761596
1037	14	0.761678
1038	10	0.761736
1039	7	0.761776
1040	15	0.761863
1041	8	0.76191
1042	7	0.76195
1043	13	0.762026
1044	8	0.762072
1045	12	0.762142
1046	12	0.762211
1047	9	0.762264
1048	7	0.762304
1049	9	0.762356
1050	7	0.762397
1051	10	0.762455
1052	6	0.76249
1053	9	0.762542
1054	9	0.762594
1055	12	0.762664
1056	10	0.762722
1057	9	0.762774
1058	6	0.762809
1059	9	0.762861
1060	9	0.762913
1061	6	0.762948
1062	10	0.763006
1063	11	0.76307
1064	10	0.763128
1065	7	0.763169
1066	5	0.763198
1067	11	0.763262
1068	9	0.763314
1069	6	0.763349
1070	7	0.763389
1071	13	0.763465
1072	8	0.763511
1073	7	0.763552
1074	10	0.76361
1075	7	0.76365
1076	11	0.763714
1077	9	0.763766
1078	14	0.763848
1079	10	0.763906
1080	12	0.763975
1081	5	0.764004
1082	10	0.764062
1083	5	0.764091
1084	5	0.76412
1085	7	0.764161
1086	10	0.764219
1087	11	0.764283
1088	9	0.764335
1089	16	0.764428
1090	16	0.764521
1091	5	0.76455
1092	12	0.764619
1093	7	0.76466
1094	9	0.764712
1095	14	0.764793
1096	6	0.764828
1097	7	0.764869
1098	8	0.764915
1099	6	0.76495
1100	8	0.764996
1101	5	0.765025
1102	10	0.765083
1103	5	0.765112
1104	9	0.765165
1105	7	0.765205
1106	12	0.765275
1107	10	0.765333
1108	5	0.765362
1109	6	0.765397
1110	7	0.765437
1111	6	0.765472
1112	9	0.765524
1113	10	0.765582
1114	14	0.765664
1115	9	0.765716
1116	10	0.765774
1117	5	0.765803
1118	7	0.765843
1119	9	0.765896
1120	6	0.76593
1121	7	0.765971
1122	9	0.766023
1123	10	0.766081
1124	8	0.766128
1125	5	0.766157
1126	12	0.766226
1127	8	0.766273
1128	13	0.766348
1129	8	0.766395
1130	7	0.766435
1131	8	0.766482
1132	11	0.766545
1133	13	0.766621
1134	12	0.76669
1135	4	0.766714
1136	10	0.766772
1137	19	0.766882
1138	4	0.766905
1139	10	0.766963
1140	15	0.76705
1141	7	0.767091
1142	8	0.767137
1143	13	0.767213
1144	9	0.767265
1145	16	0.767358
1146	11	0.767421
1147	6	0.767456
1148	13	0.767532
1149	6	0.767567
1150	9	0.767619
1151	2	0.76763
1152	10	0.767688
1153	11	0.767752
1154	9	0.767804
1155	9	0.767857
1156	6	0.767891
1157	8	0.767938
1158	9	0.76799
1159	11	0.768054
1160	7	0.768095
1161	11	0.768158
1162	7	0.768199
1163	8	0.768245
1164	12	0.768315
1165	8	0.768361
1166	12	0.768431
1167	7	0.768472
1168	4	0.768495
1169	9	0.768547
1170	13	0.768622
1171	6	0.768657
1172	3	0.768675
1173	9	0.768727
1174	13	0.768802
1175	12	0.768872
1176	6	0.768907
1177	5	0.768936
1178	11	0.769
1179	13	0.769075
1180	6	0.76911
1181	8	0.769156
1182	5	0.769185
1183	8	0.769232
1184	8	0.769278
1185	6	0.769313
1186	6	0.769348
1187	6	0.769383
1188	9	0.769435
1189	6	0.76947
1190	7	0.76951
1191	10	0.769568
1192	7	0.769609
1193	7	0.769649
1194	5	0.769678
1195	9	0.769731
1196	11	0.769794
1197	9	0.769847
1198	7	0.769887
1199	6	0.769922
1200	3	0.769939
1201	4	0.769963
1202	6	0.769998
1203	7	0.770038
1204	5	0.770067
1205	6	0.770102
1206	7	0.770143
1207	9	0.770195
1208	10	0.770253
1209	8	0.770299
1210	7	0.77034
1211	5	0.770369
1212	3	0.770386
1213	6	0.770421
1214	8	0.770467
1215	9	0.77052
1216	7	0.77056
1217	6	0.770595
1218	6	0.77063
1219	4	0.770653
1220	4	0.770676
1221	7	0.770717
1222	8	0.770763
1223	2	0.770775
1224	4	0.770798
1225	4	0.770821
1226	4	0.770845
1227	5	0.770874
1228	9	0.770926
1229	13	0.771001
1230	7	0.771042
1231	7	0.771082
1232	6	0.771117
1233	11	0.771181
1234	9	0.771233
1235	7	0.771274
1236	10	0.771332
1237	14	0.771413
1238	7	0.771454
1239	7	0.771494
1240	3	0.771512
1241	5	0.771541
1242	9	0.771593
1243	3	0.77161
1244	6	0.771645
1245	12	0.771715
1246	5	0.771744
1247	3	0.771761
1248	9	0.771813
1249	5	0.771842
1250	16	0.771935
1251	10	0.771993
1252	6	0.772028
1253	7	0.772069
1254	4	0.772092
1255	9	0.772144
1256	4	0.772167
1257	9	0.77222
1258	4	0.772243
1259	8	0.772289
1260	12	0.772359
1261	6	0.772394
1262	7	0.772434
1263	9	0.772486
1264	8	0.772533
1265	7	0.772574
1266	7	0.772614
1267	9	0.772666
1268	10	0.772724
1269	5	0.772753
1270	3	0.772771
1271	5	0.7728
1272	12	0.772869
1273	8	0.772916
1274	7	0.772956
1275	4	0.77298
1276	6	0.773014
1277	10	0.773072
1278	11	0.773136
1279	2	0.773148
1280	5	0.773177
1281	9	0.773229
1282	6	0.773264
1283	12	0.773334
1284	12	0.773403
1285	4	0.773426
1286	9	0.773479
1287	6	0.773513
1288	5	0.773542
1289	7	0.773583
1290	9	0.773635
1291	4	0.773658
1292	6	0.773693
1293	13	0.773769
1294	6	0.773804
1295	9	0.773856
1296	12	0.773925
1297	7	0.773966
1298	9	0.774018
1299	10	0.774076
1300	4	0.774099
1301	5	0.774128
1302	3	0.774146
1303	8	0.774192
1304	12	0.774262
1305	8	0.774308
1306	16	0.774401
1307	4	0.774424
1308	7	0.774465
1309	4	0.774488
1310	5	0.774517
1311	4	0.77454
1312	6	0.774575
1313	7	0.774616
1314	8	0.774662
1315	9	0.774714
1316	10	0.774772
1317	7	0.774813
1318	7	0.774854
1319	6	0.774888
1320	5	0.774917
1321	9	0.77497
1322	6	0.775004
1323	12	0.775074
1324	8	0.775121
1325	3	0.775138
1326	5	0.775167
1327	7	0.775208
1328	8	0.775254
1329	12	0.775324
1330	10	0.775382
1331	3	0.775399
1332	6	0.775434
1333	7	0.775474
1334	9	0.775527
1335	8	0.775573
1336	10	0.775631
1337	6	0.775666
1338	4	0.775689
1339	5	0.775718
1340	4	0.775741
1341	5	0.77577
1342	5	0.775799
1343	5	0.775828
1344	5	0.775857
1345	7	0.775898
1346	2	0.77591
1347	6	0.775944
1348	2	0.775956
1349	9	0.776008
1350	10	0.776066
1351	4	0.776089
1352	1	0.776095
1353	2	0.776107
1354	4	0.77613
1355	7	0.776171
1356	2	0.776182
1357	7	0.776223
1358	7	0.776263
1359	7	0.776304
1360	10	0.776362
1361	3	0.77638
1362	2	0.776391
1363	6	0.776426
1364	6	0.776461
1365	6	0.776496
1366	8	0.776542
1367	6	0.776577
1368	8	0.776623
1369	8	0.77667
1370	5	0.776699
1371	10	0.776757
1372	5	0.776786
1373	5	0.776815
1374	8	0.776861
1375	5	0.77689
1376	5	0.776919
1377	7	0.77696
1378	4	0.776983
1379	6	0.777018
1380	6	0.777053
1381	6	0.777087
1382	7	0.777128
1383	6	0.777163
1384	8	0.777209
1385	8	0.777256
1386	3	0.777273
1387	8	0.777319
1388	11	0.777383
1389	7	0.777424
1390	10	0.777482
1391	7	0.777522
1392	2	0.777534
1393	7	0.777575
1394	7	0.777615
1395	6	0.77765
1396	5	0.777679
1397	5	0.777708
1398	3	0.777726
1399	8	0.777772
1400	7	0.777813
1401	6	0.777847
1402	2	0.777859
1403	8	0.777905
1404	10	0.777963
1405	9	0.778016
1406	5	0.778045
1407	4	0.778068
1408	6	0.778103
1409	10	0.778161
1410	6	0.778196
1411	7	0.778236
1412	5	0.778265
1413	12	0.778335
1414	7	0.778375
1415	4	0.778399
1416	4	0.778422
1417	8	0.778468
1418	11	0.778532
1419	8	0.778578
1420	4	0.778602
1421	10	0.77866
1422	8	0.778706
1423	6	0.778741
1424	5	0.77877
1425	7	0.778811
1426	3	0.778828
1427	11	0.778892
1428	7	0.778932
1429	10	0.77899
1430	9	0.779043
1431	6	0.779077
1432	4	0.779101
1433	8	0.779147
1434	4	0.77917
1435	7	0.779211
1436	6	0.779246
1437	5	0.779275
1438	3	0.779292
1439	9	0.779344
1440	2	0.779356
1441	7	0.779396
1442	5	0.779426
1443	7	0.779466
1444	3	0.779484
1445	6	0.779518
1446	6	0.779553
1448	7	0.779594
1449	7	0.779634
1450	10	0.779692
1451	6	0.779727
1452	4	0.77975
1453	6	0.779785
1454	6	0.77982
1455	5	0.779849
1456	15	0.779936
1457	7	0.779977
1458	4	0.78
1459	6	0.780035
1460	11	0.780099
1461	6	0.780133
1462	6	0.780168
1463	9	0.78022
1464	4	0.780244
1465	7	0.780284
1466	7	0.780325
1467	4	0.780348
1468	11	0.780412
1469	10	0.78047
1470	5	0.780499
1471	8	0.780545
1472	6	0.78058
1473	11	0.780644
1474	13	0.780719
1475	8	0.780766
1476	9	0.780818
1477	7	0.780859
1478	6	0.780893
1479	9	0.780946
1480	6	0.78098
1481	6	0.781015
1482	7	0.781056
1483	10	0.781114
1484	13	0.781189
1485	5	0.781218
1486	6	0.781253
1487	5	0.781282
1488	9	0.781334
1489	10	0.781392
1490	3	0.78141
1491	2	0.781421
1492	3	0.781439
1493	5	0.781468
1494	6	0.781503
1495	7	0.781543
1496	8	0.78159
1497	7	0.78163
1498	8	0.781677
1499	1	0.781682
1500	4	0.781706
1501	4	0.781729
1502	3	0.781746
1503	1	0.781752
1504	9	0.781804
1505	13	0.78188
1506	5	0.781909
1507	4	0.781932
1508	10	0.78199
1509	9	0.782042
1510	9	0.782094
1511	7	0.782135
1512	8	0.782181
1513	6	0.782216
1514	3	0.782234
1515	6	0.782268
1516	5	0.782297
1517	4	0.782321
1518	7	0.782361
1519	6	0.782396
1520	9	0.782448
1521	8	0.782495
1522	6	0.782529
1523	6	0.782564
1524	2	0.782576
1525	10	0.782634
1526	2	0.782646
1527	7	0.782686
1528	6	0.782721
1529	6	0.782756
1530	8	0.782802
1531	6	0.782837
1532	8	0.782883
1533	6	0.782918
1534	4	0.782941
1535	9	0.782994
1536	7	0.783034
1537	9	0.783086
1538	4	0.78311
1539	7	0.78315
1540	7	0.783191
1541	8	0.783237
1542	7	0.783278
1543	5	0.783307
1544	8	0.783353
1545	4	0.783377
1546	6	0.783411
1547	7	0.783452
1548	9	0.783504
1549	7	0.783545
1550	11	0.783609
1551	5	0.783638
1552	16	0.78373
1553	1	0.783736
1554	10	0.783794
1555	2	0.783806
1556	9	0.783858
1557	3	0.783876
1558	8	0.783922
1559	8	0.783968
1560	7	0.784009
1561	8	0.784055
1562	5	0.784084
1563	7	0.784125
1564	7	0.784166
1565	6	0.7842
1566	7	0.784241
1567	5	0.78427
1568	9	0.784322
1569	5	0.784351
1570	6	0.784386
1571	4	0.784409
1572	4	0.784432
1573	8	0.784479
1574	6	0.784514
1575	3	0.784531
1576	4	0.784554
1577	3	0.784572
1578	8	0.784618
1579	6	0.784653
1580	7	0.784694
1581	11	0.784757
1582	9	0.78481
1583	9	0.784862
1584	7	0.784902
1585	10	0.78496
1586	4	0.784984
1587	4	0.785007
1588	9	0.785059
1589	5	0.785088
1590	6	0.785123
1591	7	0.785164
1592	2	0.785175
1593	10	0.785233
1594	9	0.785285
1595	6	0.78532
1596	5	0.785349
1597	9	0.785401
1598	10	0.785459
1599	9	0.785512
1600	10	0.78557
1601	6	0.785604
1602	8	0.785651
1603	6	0.785686
1604	9	0.785738
1605	8	0.785784
1606	5	0.785813
1607	7	0.785854
1608	5	0.785883
1609	5	0.785912
1610	9	0.785964
1611	5	0.785993
1612	7	0.786034
1613	4	0.786057
1614	5	0.786086
1615	4	0.786109
1616	5	0.786138
1617	4	0.786161
1618	5	0.78619
1619	6	0.786225
1620	5	0.786254
1621	2	0.786266
1622	3	0.786283
1623	1	0.786289
1624	3	0.786306
1625	3	0.786324
1626	3	0.786341
1627	5	0.78637
1628	5	0.786399
1629	6	0.786434
1630	5	0.786463
1631	4	0.786486
1632	3	0.786504
1633	3	0.786521
1634	4	0.786544
1635	1	0.78655
1636	3	0.786568
1637	3	0.786585
1638	5	0.786614
1639	5	0.786643
1640	5	0.786672
1641	6	0.786707
1642	4	0.78673
1643	5	0.786759
1644	4	0.786782
1645	7	0.786823
1646	8	0.786869
1647	5	0.786898
1648	6	0.786933
1649	5	0.786962
1650	8	0.787009
1651	8	0.787055
1652	8	0.787101
1653	3	0.787119
1654	5	0.787148
1655	2	0.787159
1656	8	0.787206
1657	8	0.787252
1658	4	0.787275
1659	3	0.787293
1660	3	0.78731
1661	3	0.787328
1662	6	0.787362
1663	5	0.787391
1664	6	0.787426
1665	6	0.787461
1666	6	0.787496
1667	8	0.787542
1668	4	0.787565
1669	12	0.787635
1670	11	0.787699
1671	3	0.787716
1672	5	0.787745
1673	1	0.787751
1674	5	0.78778
1675	2	0.787792
1676	2	0.787803
1677	2	0.787815
1678	4	0.787838
1679	7	0.787879
1680	2	0.78789
1681	3	0.787908
1682	5	0.787937
1683	5	0.787966
1684	3	0.787983
1685	3	0.788001
1686	3	0.788018
1687	8	0.788064
1688	6	0.788099
1689	6	0.788134
1690	3	0.788151
1691	5	0.78818
1692	8	0.788227
1693	6	0.788262
1694	2	0.788273
1695	3	0.788291
1696	8	0.788337
1697	1	0.788343
1698	8	0.788389
1699	11	0.788453
1700	6	0.788488
1701	5	0.788517
1702	12	0.788587
1703	6	0.788621
1704	6	0.788656
1705	4	0.788679
1706	2	0.788691
1707	8	0.788737
1708	3	0.788755
1709	9	0.788807
1710	7	0.788848
1711	4	0.788871
1712	4	0.788894
1713	6	0.788929
1714	6	0.788964
1715	5	0.788993
1716	6	0.789028
1717	5	0.789057
1718	7	0.789097
1719	6	0.789132
1720	1	0.789138
1721	8	0.789184
1722	3	0.789202
1723	3	0.789219
1724	5	0.789248
1725	3	0.789265
1726	3	0.789283
1727	1	0.789289
1728	1	0.789294
1729	2	0.789306
1730	8	0.789352
1731	3	0.78937
1732	7	0.78941
1733	6	0.789445
1734	5	0.789474
1735	9	0.789527
1736	3	0.789544
1737	5	0.789573
1738	1	0.789579
1739	2	0.78959
1740	4	0.789614
1741	4	0.789637
1742	6	0.789672
1743	4	0.789695
1744	5	0.789724
1745	5	0.789753
1746	4	0.789776
1747	8	0.789822
1748	2	0.789834
1749	4	0.789857
1750	4	0.78988
1751	1	0.789886
1752	6	0.789921
1753	3	0.789938
1754	4	0.789962
1755	3	0.789979
1756	3	0.789996
1757	4	0.79002
1758	2	0.790031
1759	5	0.79006
1760	6	0.790095
1761	2	0.790107
1762	6	0.790142
1763	2	0.790153
1764	2	0.790165
1765	5	0.790194
1766	5	0.790223
1767	2	0.790234
1768	6	0.790269
1769	6	0.790304
1770	4	0.790327
1771	4	0.79035
1772	4	0.790374
1773	3	0.790391
1774	10	0.790449
1775	9	0.790501
1776	8	0.790548
1777	6	0.790582
1778	8	0.790629
1779	7	0.790669
1780	2	0.790681
1781	6	0.790716
1782	9	0.790768
1783	8	0.790815
1784	5	0.790844
1785	5	0.790873
1786	5	0.790902
1787	9	0.790954
1788	4	0.790977
1790	7	0.791018
1791	9	0.79107
1792	4	0.791093
1793	3	0.79111
1794	7	0.791151
1795	6	0.791186
1796	4	0.791209
1797	7	0.79125
1798	5	0.791279
1799	9	0.791331
1800	3	0.791348
1801	6	0.791383
1802	3	0.791401
1804	3	0.791418
1805	2	0.79143
1806	7	0.79147
1807	6	0.791505
1808	11	0.791569
1809	6	0.791604
1810	6	0.791638
1811	5	0.791667
1812	3	0.791685
1813	3	0.791702
1814	7	0.791743
1815	5	0.791772
1816	3	0.791789
1817	7	0.79183
1818	8	0.791876
1819	2	0.791888
1820	7	0.791928
1821	9	0.791981
1822	3	0.791998
1823	2	0.79201
1824	7	0.79205
1825	8	0.792097
1826	5	0.792126
1827	5	0.792155
1828	4	0.792178
1829	1	0.792184
1830	2	0.792195
1831	4	0.792219
1832	1	0.792224
1833	7	0.792265
1834	7	0.792306
1835	2	0.792317
1836	2	0.792329
1837	5	0.792358
1838	8	0.792404
1839	6	0.792439
1840	3	0.792456
1841	2	0.792468
1843	1	0.792474
1844	1	0.79248
1845	6	0.792514
1846	5	0.792543
1847	5	0.792572
1848	3	0.79259
1849	5	0.792619
1850	6	0.792654
1851	4	0.792677
1852	2	0.792689
1853	3	0.792706
1854	2	0.792718
1855	4	0.792741
1856	2	0.792752
1857	5	0.792781
1858	6	0.792816
1859	6	0.792851
1861	1	0.792857
1862	7	0.792897
1863	4	0.792921
1864	4	0.792944
1865	4	0.792967
1866	6	0.793002
1867	7	0.793042
1868	5	0.793071
1869	6	0.793106
1870	3	0.793124
1871	6	0.793158
1872	11	0.793222
1873	6	0.793257
1874	7	0.793298
1875	7	0.793338
1877	1	0.793344
1878	11	0.793408
1879	3	0.793425
1880	5	0.793454
1881	3	0.793472
1882	1	0.793478
1883	7	0.793518
1884	2	0.79353
1885	3	0.793547
1886	2	0.793559
1887	4	0.793582
1888	8	0.793628
1889	3	0.793646
1890	1	0.793652
1891	10	0.79371
1892	6	0.793744
1893	5	0.793773
1894	3	0.793791
1895	3	0.793808
1896	5	0.793837
1897	6	0.793872
1898	3	0.793889
1899	4	0.793913
1900	7	0.793953
1901	3	0.793971
1902	5	0.794
1903	5	0.794029
1904	4	0.794052
1905	3	0.794069
1906	4	0.794093
1907	4	0.794116
1908	1	0.794122
1909	7	0.794162
1910	10	0.79422
1911	5	0.794249
1912	7	0.79429
1913	3	0.794307
1914	7	0.794348
1915	5	0.794377
1916	9	0.794429
1917	5	0.794458
1918	5	0.794487
1919	4	0.79451
1920	6	0.794545
1921	1	0.794551
1922	2	0.794563
1923	6	0.794597
1924	2	0.794609
1925	4	0.794632
1926	2	0.794644
1927	5	0.794673
1928	4	0.794696
1929	3	0.794713
1930	8	0.79476
1931	6	0.794795
1932	4	0.794818
1933	9	0.79487
1934	12	0.79494
1935	8	0.794986
1936	3	0.795003
1937	3	0.795021
1938	3	0.795038
1939	6	0.795073
1940	7	0.795114
1941	2	0.795125
1942	4	0.795148
1943	4	0.795172
1945	2	0.795183
1946	2	0.795195
1947	10	0.795253
1948	3	0.79527
1949	4	0.795294
1950	7	0.795334
1951	3	0.795352
1952	7	0.795392
1953	10	0.79545
1954	6	0.795485
1955	9	0.795537
1956	5	0.795566
1957	4	0.795589
1958	2	0.795601
1959	3	0.795618
1960	1	0.795624
1961	3	0.795642
1962	7	0.795682
1963	4	0.795705
1964	8	0.795752
1965	4	0.795775
1966	6	0.79581
1967	4	0.795833
1968	6	0.795868
1969	8	0.795914
1970	5	0.795943
1971	2	0.795955
1972	9	0.796007
1973	5	0.796036
1975	3	0.796054
1976	5	0.796083
1977	3	0.7961
1978	2	0.796112
1979	4	0.796135
1980	8	0.796181
1981	8	0.796228
1982	3	0.796245
1983	3	0.796262
1984	1	0.796268
1985	3	0.796286
1986	2	0.796297
1987	4	0.79632
1988	6	0.796355
1989	6	0.79639
1990	5	0.796419
1991	3	0.796437
1992	4	0.79646
1993	5	0.796489
1994	2	0.7965
1995	2	0.796512
1996	4	0.796535
1997	5	0.796564
1998	6	0.796599
1999	4	0.796622
2000	4	0.796645
2001	9	0.796698
2002	2	0.796709
2003	4	0.796732
2004	2	0.796744
2005	6	0.796779
2006	3	0.796796
2007	2	0.796808
2008	1	0.796814
2009	4	0.796837
2010	2	0.796848
2011	5	0.796877
2012	7	0.796918
2013	6	0.796953
2014	2	0.796964
2015	11	0.797028
2016	2	0.79704
2017	2	0.797052
2018	10	0.79711
2019	6	0.797144
2020	2	0.797156
2021	3	0.797173
2022	3	0.797191
2023	3	0.797208
2024	2	0.79722
2025	1	0.797226
2026	7	0.797266
2028	4	0.797289
2029	4	0.797313
2030	2	0.797324
2031	1	0.79733
2032	7	0.797371
2033	5	0.7974
2034	4	0.797423
2035	3	0.79744
2036	7	0.797481
2037	4	0.797504
2038	6	0.797539
2039	7	0.797579
2040	4	0.797603
2041	7	0.797643
2042	4	0.797666
2043	1	0.797672
2044	7	0.797713
2045	1	0.797719
2046	4	0.797742
2047	6	0.797777
2048	5	0.797806
2049	2	0.797817
2050	3	0.797835
2051	6	0.79787
2052	5	0.797899
2053	7	0.797939
2054	3	0.797957
2055	2	0.797968
2056	5	0.797997
2057	5	0.798026
2058	4	0.798049
2059	4	0.798073
2060	2	0.798084
2061	5	0.798113
2062	3	0.798131
2063	6	0.798165
2065	7	0.798206
2066	2	0.798218
2067	6	0.798252
2068	6	0.798287
2069	6	0.798322
2070	2	0.798334
2071	7	0.798374
2072	5	0.798403
2073	3	0.798421
2074	7	0.798461
2075	2	0.798473
2076	5	0.798502
2077	5	0.798531
2078	3	0.798548
2079	3	0.798566
2080	2	0.798577
2081	4	0.798601
2082	3	0.798618
2083	2	0.79863
2084	2	0.798641
2085	7	0.798682
2086	3	0.798699
2087	2	0.798711
2088	4	0.798734
2089	6	0.798769
2090	5	0.798798
2091	2	0.798809
2092	3	0.798827
2093	2	0.798838
2094	6	0.798873
2095	3	0.798891
2096	1	0.798896
2097	5	0.798925
2098	5	0.798955
2099	3	0.798972
2100	2	0.798984
2101	6	0.799018
2102	6	0.799053
2103	2	0.799065
2104	7	0.799105
2105	3	0.799123
2106	3	0.79914
2107	6	0.799175
2108	4	0.799198
2109	1	0.799204
2110	5	0.799233
2111	2	0.799245
2112	4	0.799268
2113	1	0.799274
2114	6	0.799308
2115	4	0.799332
2116	5	0.799361
2117	3	0.799378
2118	4	0.799401
2119	3	0.799419
2120	1	0.799424
2121	3	0.799442
2122	4	0.799465
2123	3	0.799482
2124	2	0.799494
2125	3	0.799511
2126	4	0.799535
2127	3	0.799552
2128	7	0.799593
2129	3	0.79961
2130	2	0.799622
2131	3	0.799639
2132	1	0.799645
2133	3	0.799662
2134	4	0.799686
2135	2	0.799697
2136	3	0.799715
2137	3	0.799732
2138	5	0.799761
2139	5	0.79979
2140	5	0.799819
2141	2	0.799831
2142	4	0.799854
2143	4	0.799877
2144	3	0.799894
2145	3	0.799912
2146	2	0.799923
2147	5	0.799952
2148	4	0.799976
2149	6	0.80001
2150	9	0.800063
2151	3	0.80008
2152	3	0.800097
2153	7	0.800138
2154	8	0.800184
2155	1	0.80019
2156	3	0.800208
2157	2	0.800219
2158	5	0.800248
2160	5	0.800277
2161	3	0.800295
2162	4	0.800318
2163	3	0.800335
2164	3	0.800353
2165	2	0.800364
2166	3	0.800382
2167	3	0.800399
2168	4	0.800422
2169	3	0.80044
2170	3	0.800457
2171	1	0.800463
2172	1	0.800469
2173	4	0.800492
2174	2	0.800504
2175	4	0.800527
2176	5	0.800556
2177	1	0.800562
2178	4	0.800585
2179	4	0.800608
2180	4	0.800631
2181	1	0.800637
2182	5	0.800666
2183	4	0.800689
2184	4	0.800712
2185	4	0.800736
2186	4	0.800759
2187	3	0.800776
2188	6	0.800811
2189	7	0.800852
2190	2	0.800863
2191	3	0.800881
2192	4	0.800904
2193	2	0.800916
2194	4	0.800939
2195	1	0.800945
2196	3	0.800962
2197	4	0.800985
2198	4	0.801008
2199	4	0.801032
2200	4	0.801055
2201	2	0.801066
2202	7	0.801107
2203	5	0.801136
2204	1	0.801142
2206	1	0.801148
2207	3	0.801165
2208	1	0.801171
2209	2	0.801182
2210	4	0.801206
2211	6	0.80124
2212	6	0.801275
2213	2	0.801287
2214	4	0.80131
2215	5	0.801339
2216	4	0.801362
2217	3	0.80138
2218	4	0.801403
2219	4	0.801426
2220	3	0.801443
2221	2	0.801455
2222	2	0.801467
2223	3	0.801484
2224	4	0.801507
2225	6	0.801542
2226	5	0.801571
2227	5	0.8016
2228	7	0.801641
2229	3	0.801658
2230	5	0.801687
2231	2	0.801699
2232	5	0.801728
2233	1	0.801734
2234	6	0.801768
2235	3	0.801786
2236	4	0.801809
2237	3	0.801826
2238	1	0.801832
2239	2	0.801844
2240	2	0.801855
2241	2	0.801867
2242	10	0.801925
2243	5	0.801954
2244	4	0.801977
2245	4	0.802
2246	2	0.802012
2247	1	0.802018
2248	2	0.802029
2249	5	0.802058
2250	4	0.802082
2251	3	0.802099
2252	6	0.802134
2253	4	0.802157
2254	5	0.802186
2255	3	0.802204
2256	4	0.802227
2257	7	0.802267
2258	1	0.802273
2259	5	0.802302
2260	5	0.802331
2261	3	0.802349
2262	2	0.80236
2263	3	0.802378
2264	2	0.802389
2265	5	0.802418
2266	2	0.80243
2267	4	0.802453
2268	4	0.802476
2269	5	0.802505
2270	6	0.80254
2271	5	0.802569
2272	3	0.802586
2273	2	0.802598
2274	8	0.802644
2275	4	0.802668
2276	1	0.802673
2277	9	0.802726
2278	5	0.802755
2279	6	0.80279
2280	3	0.802807
2281	3	0.802824
2282	5	0.802853
2283	2	0.802865
2284	4	0.802888
2285	4	0.802911
2286	8	0.802958
2287	5	0.802987
2288	1	0.802993
2289	1	0.802998
2290	1	0.803004
2291	3	0.803022
2292	2	0.803033
2293	2	0.803045
2294	6	0.80308
2295	7	0.80312
2296	3	0.803138
2297	5	0.803167
2298	2	0.803178
2299	2	0.80319
2300	4	0.803213
2301	4	0.803236
2302	4	0.803259
2303	3	0.803277
2304	2	0.803288
2305	5	0.803317
2306	6	0.803352
2307	6	0.803387
2308	4	0.80341
2309	5	0.803439
2310	3	0.803457
2311	5	0.803486
2312	3	0.803503
2313	6	0.803538
2314	6	0.803573
2315	2	0.803584
2316	2	0.803596
2317	3	0.803613
2318	3	0.803631
2319	4	0.803654
2320	2	0.803666
2321	2	0.803677
2322	4	0.8037
2323	4	0.803724
2324	2	0.803735
2325	4	0.803758
2326	1	0.803764
2327	3	0.803782
2328	7	0.803822
2329	5	0.803851
2330	2	0.803863
2331	4	0.803886
2332	3	0.803903
2333	3	0.803921
2334	6	0.803956
2335	4	0.803979
2336	3	0.803996
2337	2	0.804008
2338	6	0.804043
2339	2	0.804054
2340	5	0.804083
2341	1	0.804089
2342	4	0.804112
2343	7	0.804153
2344	6	0.804188
2345	4	0.804211
2346	3	0.804228
2347	4	0.804252
2348	3	0.804269
2349	5	0.804298
2350	2	0.80431
2351	3	0.804327
2352	1	0.804333
2353	2	0.804344
2354	2	0.804356
2355	2	0.804368
2356	2	0.804379
2357	4	0.804402
2358	3	0.80442
2359	6	0.804455
2360	3	0.804472
2361	3	0.804489
2362	1	0.804495
2363	5	0.804524
2364	3	0.804542
2365	3	0.804559
2366	6	0.804594
2367	2	0.804606
2368	7	0.804646
2369	6	0.804681
2370	3	0.804698
2371	3	0.804716
2372	3	0.804733
2373	4	0.804756
2374	4	0.80478
2375	1	0.804785
2376	3	0.804803
2377	1	0.804809
2378	2	0.80482
2379	1	0.804826
2380	4	0.804849
2381	5	0.804878
2382	2	0.80489
2383	1	0.804896
2384	5	0.804925
2385	5	0.804954
2386	6	0.804988
2387	5	0.805017
2388	3	0.805035
2390	2	0.805046
2391	1	0.805052
2392	2	0.805064
2393	5	0.805093
2394	3	0.80511
2395	4	0.805133
2397	5	0.805162
2399	6	0.805197
2400	5	0.805226
2401	5	0.805255
2402	4	0.805279
2403	1	0.805284
2404	1	0.80529
2405	1	0.805296
2406	4	0.805319
2407	7	0.80536
2408	3	0.805377
2409	1	0.805383
2410	6	0.805418
2411	1	0.805424
2412	4	0.805447
2413	2	0.805458
2414	1	0.805464
2415	2	0.805476
2416	3	0.805493
2417	3	0.805511
2418	3	0.805528
2419	1	0.805534
2420	2	0.805545
2421	4	0.805569
2422	6	0.805603
2423	2	0.805615
2424	3	0.805632
2425	3	0.80565
2426	7	0.80569
2427	2	0.805702
2428	3	0.805719
2429	2	0.805731
2430	3	0.805748
2431	2	0.80576
2432	5	0.805789
2433	3	0.805806
2434	4	0.80583
2435	3	0.805847
2436	1	0.805853
2438	6	0.805888
2439	3	0.805905
2440	4	0.805928
2441	4	0.805952
2442	5	0.805981
2443	4	0.806004
2444	7	0.806044
2445	3	0.806062
2446	5	0.806091
2447	2	0.806102
2448	4	0.806126
2449	1	0.806131
2450	2	0.806143
2451	5	0.806172
2453	11	0.806236
2454	3	0.806253
2455	6	0.806288
2456	5	0.806317
2457	3	0.806334
2458	4	0.806358
2459	1	0.806363
2460	4	0.806387
2461	5	0.806416
2462	2	0.806427
2463	3	0.806445
2464	3	0.806462
2465	4	0.806485
2466	6	0.80652
2467	3	0.806538
2468	3	0.806555
2469	6	0.80659
2470	6	0.806625
2471	1	0.80663
2472	3	0.806648
2473	5	0.806677
2474	4	0.8067
2475	2	0.806712
2476	3	0.806729
2477	7	0.80677
2478	3	0.806787
2479	1	0.806793
2480	2	0.806804
2481	4	0.806828
2482	1	0.806833
2483	2	0.806845
2484	4	0.806868
2485	4	0.806891
2486	5	0.80692
2487	5	0.806949
2488	2	0.806961
2489	10	0.807019
2490	3	0.807036
2491	4	0.80706
2492	5	0.807089
2493	4	0.807112
2494	3	0.807129
2495	4	0.807153
2496	3	0.80717
2497	4	0.807193
2499	4	0.807216
2500	3	0.807234
2501	3	0.807251
2503	3	0.807269
2504	1	0.807274
2506	5	0.807303
2507	3	0.807321
2508	3	0.807338
2509	3	0.807356
2510	6	0.80739
2511	2	0.807402
2512	3	0.807419
2513	3	0.807437
2514	2	0.807448
2515	2	0.80746
2516	4	0.807483
2517	6	0.807518
2518	2	0.80753
2519	1	0.807535
2520	4	0.807559
2521	6	0.807593
2522	2	0.807605
2523	4	0.807628
2524	5	0.807657
2525	4	0.80768
2526	1	0.807686
2527	3	0.807704
2528	3	0.807721
2529	4	0.807744
2530	3	0.807762
2531	2	0.807773
2532	2	0.807785
2533	8	0.807831
2534	3	0.807849
2535	4	0.807872
2536	4	0.807895
2537	2	0.807907
2538	2	0.807918
2539	5	0.807947
2540	2	0.807959
2541	4	0.807982
2542	4	0.808005
2543	2	0.808017
2544	5	0.808046
2545	4	0.808069
2546	1	0.808075
2547	4	0.808098
2548	5	0.808127
2549	2	0.808139
2550	4	0.808162
2551	6	0.808197
2552	2	0.808208
2553	3	0.808226
2554	2	0.808237
2555	1	0.808243
2556	2	0.808255
2557	3	0.808272
2558	2	0.808284
2559	2	0.808295
2560	2	0.808307
2561	5	0.808336
2562	6	0.808371
2563	2	0.808383
2564	2	0.808394
2565	2	0.808406
2566	2	0.808417
2567	1	0.808423
2569	4	0.808446
2570	5	0.808475
2571	3	0.808493
2572	7	0.808533
2573	4	0.808557
2574	5	0.808586
2575	1	0.808591
2576	5	0.80862
2577	1	0.808626
2578	4	0.808649
2579	3	0.808667
2580	2	0.808678
2581	2	0.80869
2582	4	0.808713
2583	3	0.808731
2584	9	0.808783
2585	3	0.8088
2586	2	0.808812
2587	4	0.808835
2588	1	0.808841
2589	4	0.808864
2591	2	0.808876
2592	2	0.808887
2593	2	0.808899
2594	4	0.808922
2595	6	0.808957
2596	2	0.808968
2597	3	0.808986
2598	5	0.809015
2599	5	0.809044
2600	4	0.809067
2601	1	0.809073
2602	5	0.809102
2603	6	0.809137
2604	5	0.809166
2605	3	0.809183
2606	4	0.809206
2607	1	0.809212
2608	7	0.809253
2610	9	0.809305
2611	4	0.809328
2612	6	0.809363
2613	3	0.80938
2614	4	0.809404
2615	4	0.809427
2616	5	0.809456
2617	1	0.809462
2618	6	0.809496
2619	4	0.80952
2620	5	0.809549
2622	3	0.809566
2624	4	0.809589
2625	3	0.809607
2626	2	0.809618
2627	3	0.809636
2628	8	0.809682
2629	1	0.809688
2630	3	0.809705
2631	1	0.809711
2632	4	0.809734
2633	3	0.809752
2634	1	0.809758
2635	2	0.809769
2636	3	0.809787
2637	2	0.809798
2638	2	0.80981
2639	4	0.809833
2640	3	0.80985
2641	1	0.809856
2642	2	0.809868
2643	2	0.809879
2644	1	0.809885
2645	6	0.80992
2646	1	0.809926
2647	1	0.809932
2648	3	0.809949
2649	5	0.809978
2650	4	0.810001
2651	4	0.810024
2652	6	0.810059
2653	3	0.810077
2654	4	0.8101
2655	2	0.810111
2656	2	0.810123
2657	1	0.810129
2658	5	0.810158
2659	4	0.810181
2660	9	0.810233
2661	2	0.810245
2662	5	0.810274
2663	1	0.81028
2664	1	0.810286
2665	2	0.810297
2666	4	0.81032
2667	1	0.810326
2668	1	0.810332
2669	4	0.810355
2670	3	0.810373
2671	1	0.810378
2673	5	0.810407
2674	3	0.810425
2675	5	0.810454
2676	2	0.810465
2677	3	0.810483
2678	4	0.810506
2679	4	0.810529
2680	2	0.810541
2681	2	0.810552
2682	8	0.810599
2683	4	0.810622
2684	3	0.810639
2685	1	0.810645
2686	1	0.810651
2687	3	0.810668
2688	1	0.810674
2689	5	0.810703
2690	6	0.810738
2691	3	0.810755
2692	1	0.810761
2693	3	0.810779
2694	1	0.810784
2697	3	0.810802
2698	3	0.810819
2699	2	0.810831
2700	4	0.810854
2701	4	0.810877
2702	2	0.810889
2704	5	0.810918
2705	3	0.810935
2706	4	0.810959
2707	4	0.810982
2708	2	0.810993
2709	1	0.810999
2710	3	0.811017
2711	5	0.811046
2713	4	0.811069
2714	5	0.811098
2715	3	0.811115
2716	4	0.811138
2717	1	0.811144
2718	7	0.811185
2719	4	0.811208
2720	2	0.81122
2721	4	0.811243
2722	2	0.811254
2723	3	0.811272
2724	4	0.811295
2725	4	0.811318
2726	3	0.811336
2727	2	0.811347
2728	3	0.811365
2729	6	0.811399
2730	6	0.811434
2731	2	0.811446
2732	1	0.811452
2733	3	0.811469
2734	6	0.811504
2735	2	0.811515
2736	2	0.811527
2737	1	0.811533
2739	1	0.811539
2740	4	0.811562
2741	3	0.811579
2742	3	0.811597
2743	2	0.811608
2744	3	0.811626
2746	6	0.811661
2747	3	0.811678
2748	3	0.811695
2749	3	0.811713
2750	3	0.81173
2751	1	0.811736
2752	2	0.811748
2753	3	0.811765
2754	1	0.811771
2755	7	0.811811
2756	4	0.811835
2757	2	0.811846
2758	2	0.811858
2760	2	0.811869
2761	2	0.811881
2762	3	0.811898
2763	2	0.81191
2764	1	0.811916
2765	3	0.811933
2766	2	0.811945
2767	4	0.811968
2768	5	0.811997
2769	3	0.812014
2770	4	0.812038
2771	1	0.812043
2772	3	0.812061
2774	3	0.812078
2775	4	0.812101
2776	3	0.812119
2777	4	0.812142
2778	3	0.81216
2779	2	0.812171
2780	1	0.812177
2781	5	0.812206
2782	4	0.812229
2783	2	0.812241
2784	1	0.812247
2785	7	0.812287
2786	7	0.812328
2787	2	0.812339
2788	6	0.812374
2789	4	0.812397
2790	6	0.812432
2791	1	0.812438
2792	4	0.812461
2793	2	0.812473
2794	4	0.812496
2795	3	0.812513
2796	2	0.812525
2797	2	0.812537
2798	4	0.81256
2800	4	0.812583
2801	2	0.812595
2802	7	0.812635
2804	4	0.812658
2805	3	0.812676
2806	5	0.812705
2807	3	0.812722
2808	2	0.812734
2809	2	0.812745
2810	4	0.812769
2811	5	0.812798
2812	3	0.812815
2813	4	0.812838
2814	3	0.812856
2815	5	0.812885
2816	1	0.812891
2817	4	0.812914
2818	3	0.812931
2819	2	0.812943
2820	6	0.812978
2821	1	0.812983
2822	4	0.813007
2823	1	0.813012
2824	3	0.81303
2825	3	0.813047
2826	3	0.813065
2827	3	0.813082
2828	1	0.813088
2829	5	0.813117
2830	1	0.813123
2831	4	0.813146
2833	2	0.813157
2834	4	0.813181
2835	4	0.813204
2836	3	0.813221
2837	1	0.813227
2838	3	0.813244
2839	2	0.813256
2840	1	0.813262
2841	1	0.813268
2842	2	0.813279
2843	3	0.813297
2844	6	0.813331
2845	2	0.813343
2846	1	0.813349
2847	6	0.813384
2848	4	0.813407
2849	1	0.813413
2850	2	0.813424
2851	4	0.813448
2852	3	0.813465
2853	2	0.813477
2854	2	0.813488
2855	9	0.81354
2856	6	0.813575
2857	2	0.813587
2858	2	0.813598
2859	3	0.813616
2860	1	0.813622
2861	3	0.813639
2862	3	0.813656
2863	2	0.813668
2864	2	0.81368
2866	4	0.813703
2867	1	0.813709
2869	2	0.81372
2870	4	0.813743
2871	6	0.813778
2872	6	0.813813
2873	1	0.813819
2874	3	0.813836
2876	3	0.813854
2877	3	0.813871
2878	3	0.813888
2879	1	0.813894
2880	3	0.813912
2881	2	0.813923
2882	2	0.813935
2884	2	0.813946
2885	6	0.813981
2886	2	0.813993
2887	1	0.813999
2888	2	0.81401
2889	1	0.814016
2890	1	0.814022
2891	4	0.814045
2892	2	0.814057
2893	2	0.814068
2894	3	0.814086
2895	2	0.814097
2896	2	0.814109
2897	3	0.814126
2898	5	0.814155
2899	4	0.814179
2900	3	0.814196
2901	2	0.814208
2902	1	0.814213
2903	4	0.814237
2904	4	0.81426
2905	2	0.814271
2906	2	0.814283
2908	2	0.814295
2909	2	0.814306
2910	2	0.814318
2911	3	0.814335
2912	2	0.814347
2913	2	0.814358
2914	1	0.814364
2915	4	0.814387
2916	6	0.814422
2917	1	0.814428
2918	2	0.81444
2919	1	0.814445
2921	2	0.814457
2922	1	0.814463
2923	4	0.814486
2924	3	0.814503
2925	1	0.814509
2926	3	0.814527
2927	4	0.81455
2928	2	0.814561
2929	7	0.814602
2930	3	0.814619
2931	2	0.814631
2932	4	0.814654
2934	4	0.814678
2935	9	0.81473
2936	3	0.814747
2937	1	0.814753
2938	1	0.814759
2939	3	0.814776
2940	2	0.814788
2941	2	0.814799
2942	4	0.814823
2943	3	0.81484
2944	3	0.814857
2945	3	0.814875
2946	2	0.814886
2947	1	0.814892
2948	2	0.814904
2949	2	0.814915
2950	6	0.81495
2951	1	0.814956
2952	3	0.814973
2954	3	0.814991
2955	1	0.814997
2956	2	0.815008
2957	5	0.815037
2958	1	0.815043
2959	3	0.81506
2961	2	0.815072
2962	4	0.815095
2963	7	0.815136
2964	1	0.815142
2965	1	0.815147
2966	6	0.815182
2967	2	0.815194
2968	1	0.8152
2969	3	0.815217
2970	5	0.815246
2971	3	0.815263
2972	3	0.815281
2973	3	0.815298
2974	3	0.815316
2976	4	0.815339
2977	1	0.815345
2978	5	0.815374
2979	2	0.815385
2980	1	0.815391
2982	4	0.815414
2983	2	0.815426
2984	2	0.815438
2985	1	0.815443
2986	2	0.815455
2988	5	0.815484
2989	2	0.815496
2990	1	0.815501
2991	4	0.815525
2992	4	0.815548
2993	4	0.815571
2994	4	0.815594
2995	3	0.815612
2996	1	0.815617
2998	1	0.815623
2999	2	0.815635
3000	1	0.815641
3001	4	0.815664
3002	1	0.81567
3003	2	0.815681
3004	2	0.815693
3005	3	0.81571
3006	5	0.815739
3007	2	0.815751
3008	2	0.815762
3009	2	0.815774
3010	6	0.815809
3011	2	0.81582
3012	4	0.815844
3013	4	0.815867
3014	4	0.81589
3015	4	0.815913
3016	2	0.815925
3017	1	0.815931
3018	3	0.815948
3019	2	0.81596
3020	4	0.815983
3021	4	0.816006
3022	2	0.816018
3023	4	0.816041
3025	2	0.816053
3026	3	0.81607
3027	2	0.816082
3028	1	0.816087
3029	3	0.816105
3030	4	0.816128
3031	2	0.81614
3032	3	0.816157
3033	1	0.816163
3034	5	0.816192
3035	1	0.816198
3036	2	0.816209
3037	3	0.816227
3038	1	0.816232
3039	3	0.81625
3040	1	0.816256
3041	3	0.816273
3042	5	0.816302
3043	4	0.816325
3044	3	0.816343
3045	4	0.816366
3046	6	0.816401
3048	1	0.816406
3049	3	0.816424
3050	1	0.81643
3051	1	0.816435
3052	3	0.816453
3053	2	0.816464
3054	4	0.816488
3055	1	0.816493
3056	2	0.816505
3057	1	0.816511
3058	3	0.816528
3059	8	0.816575
3060	2	0.816586
3061	1	0.816592
3062	2	0.816604
3063	1	0.81661
3064	2	0.816621
3065	5	0.81665
3066	2	0.816662
3067	1	0.816668
3068	2	0.816679
3069	4	0.816702
3070	3	0.81672
3071	1	0.816726
3072	4	0.816749
3073	3	0.816766
3075	1	0.816772
3076	2	0.816784
3077	4	0.816807
3078	1	0.816813
3079	1	0.816818
3080	5	0.816847
3081	3	0.816865
3082	2	0.816876
3083	1	0.816882
3084	3	0.8169
3085	5	0.816929
3086	2	0.81694
3087	2	0.816952
3088	4	0.816975
3089	2	0.816987
3090	2	0.816998
3091	3	0.817016
3092	4	0.817039
3093	3	0.817056
3094	4	0.817079
3095	1	0.817085
3096	1	0.817091
3097	2	0.817103
3098	1	0.817108
3099	2	0.81712
3100	2	0.817132
3101	2	0.817143
3102	5	0.817172
3103	1	0.817178
3104	6	0.817213
3105	3	0.81723
3106	3	0.817248
3107	4	0.817271
3108	1	0.817277
3109	1	0.817283
3110	4	0.817306
3111	4	0.817329
3112	6	0.817364
3113	1	0.81737
3114	3	0.817387
3115	1	0.817393
3116	5	0.817422
3117	2	0.817433
3118	1	0.817439
3119	2	0.817451
3120	3	0.817468
3121	3	0.817486
3122	2	0.817497
3123	4	0.81752
3124	1	0.817526
3125	3	0.817544
3129	4	0.817567
3131	2	0.817578
3132	1	0.817584
3133	1	0.81759
3135	2	0.817602
3136	5	0.817631
3137	3	0.817648
3138	1	0.817654
3139	3	0.817671
3140	5	0.8177
3141	3	0.817718
3142	5	0.817747
3143	1	0.817752
3145	2	0.817764
3146	4	0.817787
3148	1	0.817793
3149	5	0.817822
3150	1	0.817828
3151	3	0.817845
3152	1	0.817851
3154	3	0.817869
3156	1	0.817874
3157	2	0.817886
3158	5	0.817915
3159	1	0.817921
3160	2	0.817932
3161	3	0.81795
3162	3	0.817967
3163	4	0.81799
3164	6	0.818025
3165	1	0.818031
3166	3	0.818048
3169	3	0.818066
3170	2	0.818077
3171	3	0.818095
3172	4	0.818118
3173	6	0.818153
3174	3	0.81817
3176	3	0.818188
3177	1	0.818193
3178	2	0.818205
3179	1	0.818211
3180	2	0.818222
3181	1	0.818228
3182	1	0.818234
3183	3	0.818251
3184	1	0.818257
3185	4	0.81828
3186	5	0.818309
3187	2	0.818321
3188	1	0.818327
3189	5	0.818356
3190	3	0.818373
3191	1	0.818379
3192	1	0.818385
3193	6	0.81842
3195	1	0.818425
3197	4	0.818449
3198	3	0.818466
3199	3	0.818484
3200	2	0.818495
3201	5	0.818524
3202	2	0.818536
3203	1	0.818542
3204	3	0.818559
3205	1	0.818565
3206	1	0.818571
3207	3	0.818588
3208	4	0.818611
3209	5	0.81864
3210	6	0.818675
3211	3	0.818692
3212	1	0.818698
3213	4	0.818721
3215	4	0.818745
3217	7	0.818785
3218	1	0.818791
3219	2	0.818803
3220	2	0.818814
3222	1	0.81882
3223	1	0.818826
3224	1	0.818832
3225	1	0.818837
3226	1	0.818843
3227	2	0.818855
3228	3	0.818872
3229	6	0.818907
3230	2	0.818919
3231	4	0.818942
3232	2	0.818953
3233	1	0.818959
3234	2	0.818971
3235	2	0.818982
3236	2	0.818994
3237	1	0.819
3238	2	0.819011
3239	4	0.819035
3240	3	0.819052
3241	4	0.819075
3242	1	0.819081
3243	2	0.819093
3244	4	0.819116
3245	6	0.819151
3246	1	0.819157
3247	3	0.819174
3248	1	0.81918
3249	3	0.819197
3251	4	0.81922
3252	2	0.819232
3253	2	0.819244
3254	1	0.819249
3255	2	0.819261
3256	4	0.819284
3257	1	0.81929
3258	3	0.819307
3259	1	0.819313
3260	1	0.819319
3261	1	0.819325
3262	1	0.819331
3263	1	0.819336
3264	2	0.819348
3265	2	0.81936
3266	1	0.819365
3267	4	0.819389
3268	3	0.819406
3270	1	0.819412
3271	2	0.819423
3272	3	0.819441
3273	3	0.819458
3274	3	0.819476
3275	3	0.819493
3276	1	0.819499
3277	1	0.819505
3278	3	0.819522
3279	2	0.819534
3280	2	0.819545
3281	4	0.819568
3282	1	0.819574
3283	4	0.819597
3285	3	0.819615
3286	2	0.819626
3288	1	0.819632
3289	3	0.81965
3290	5	0.819679
3291	4	0.819702
3292	3	0.819719
3293	4	0.819743
3294	2	0.819754
3295	2	0.819766
3296	1	0.819772
3297	5	0.819801
3298	3	0.819818
3299	3	0.819835
3300	1	0.819841
3301	2	0.819853
3302	3	0.81987
3303	2	0.819882
3304	5	0.819911
3305	4	0.819934
3306	5	0.819963
3308	4	0.819986
3309	1	0.819992
3310	3	0.820009
3311	3	0.820027
3312	1	0.820033
3313	2	0.820044
3314	1	0.82005
3315	2	0.820062
3316	5	0.820091
3317	2	0.820102
3318	5	0.820131
3319	1	0.820137
3320	2	0.820149
3321	5	0.820178
3322	5	0.820207
3323	2	0.820218
3324	1	0.820224
3325	6	0.820259
3326	4	0.820282
3327	1	0.820288
3329	3	0.820305
3330	2	0.820317
3331	3	0.820334
3332	4	0.820358
3333	3	0.820375
3334	2	0.820387
3335	2	0.820398
3336	1	0.820404
3337	1	0.82041
3339	3	0.820427
3340	3	0.820445
3341	1	0.82045
3343	1	0.820456
3344	3	0.820474
3345	6	0.820508
3346	4	0.820532
3347	1	0.820537
3348	5	0.820566
3349	1	0.820572
3350	1	0.820578
3351	5	0.820607
3352	3	0.820624
3353	1	0.82063
3354	3	0.820648
3355	1	0.820653
3356	1	0.820659
3357	2	0.820671
3358	2	0.820682
3359	5	0.820711
3360	2	0.820723
3362	1	0.820729
3364	1	0.820735
3365	6	0.820769
3366	1	0.820775
3367	1	0.820781
3368	2	0.820793
3369	1	0.820798
3370	1	0.820804
3371	2	0.820816
3372	2	0.820827
3373	2	0.820839
3374	1	0.820845
3375	3	0.820862
3376	3	0.82088
3377	1	0.820885
3378	3	0.820903
3379	6	0.820938
3380	1	0.820943
3381	1	0.820949
3382	2	0.820961
3383	2	0.820973
3384	4	0.820996
3385	2	0.821007
3386	2	0.821019
3388	2	0.821031
3389	1	0.821036
3390	4	0.82106
3391	5	0.821089
3392	3	0.821106
3393	1	0.821112
3394	1	0.821118
3395	2	0.821129
3396	2	0.821141
3397	3	0.821158
3398	2	0.82117
3399	1	0.821176
3400	4	0.821199
3402	3	0.821216
3403	3	0.821234
3404	2	0.821245
3405	4	0.821268
3407	1	0.821274
3408	2	0.821286
3409	3	0.821303
3410	1	0.821309
3411	1	0.821315
3412	4	0.821338
3413	4	0.821361
3414	7	0.821402
3415	6	0.821437
3417	3	0.821454
3419	3	0.821471
3420	1	0.821477
3421	3	0.821495
3422	1	0.8215
3423	4	0.821524
3424	2	0.821535
3425	1	0.821541
3426	4	0.821564
3427	3	0.821582
3428	3	0.821599
3430	3	0.821617
3432	3	0.821634
3433	1	0.82164
3434	1	0.821646
3435	4	0.821669
3436	2	0.82168
3437	4	0.821704
3438	1	0.821709
3439	2	0.821721
3440	4	0.821744
3441	1	0.82175
3442	1	0.821756
3443	2	0.821767
3444	1	0.821773
3446	1	0.821779
3447	1	0.821785
3448	4	0.821808
3449	1	0.821814
3450	6	0.821849
3451	1	0.821854
3452	3	0.821872
3453	2	0.821883
3454	1	0.821889
3455	2	0.821901
3456	1	0.821907
3457	2	0.821918
3459	4	0.821941
3460	1	0.821947
3463	5	0.821976
3465	2	0.821988
3466	2	0.821999
3467	5	0.822028
3468	3	0.822046
3469	2	0.822057
3470	3	0.822075
3471	2	0.822086
3472	6	0.822121
3473	2	0.822133
3474	1	0.822139
3475	1	0.822144
3476	4	0.822168
3477	4	0.822191
3478	3	0.822208
3479	3	0.822226
3480	5	0.822255
3481	4	0.822278
3482	1	0.822284
3483	4	0.822307
3484	2	0.822319
3488	2	0.82233
3489	2	0.822342
3490	2	0.822353
3491	3	0.822371
3492	1	0.822377
3493	3	0.822394
3494	2	0.822406
3495	4	0.822429
3496	3	0.822446
3497	2	0.822458
3498	4	0.822481
3499	5	0.82251
3500	1	0.822516
3501	4	0.822539
3502	4	0.822562
3503	4	0.822585
3504	3	0.822603
3505	2	0.822614
3506	1	0.82262
3507	1	0.822626
3508	3	0.822643
3509	2	0.822655
3510	2	0.822667
3511	3	0.822684
3512	1	0.82269
3514	3	0.822707
3515	1	0.822713
3517	3	0.82273
3518	3	0.822748
3519	5	0.822777
3520	1	0.822783
3523	6	0.822817
3524	3	0.822835
3525	1	0.822841
3526	1	0.822847
3527	5	0.822876
3528	4	0.822899
3529	1	0.822905
3530	2	0.822916
3531	4	0.822939
3532	4	0.822963
3533	3	0.82298
3534	3	0.822997
3535	6	0.823032
3536	1	0.823038
3537	3	0.823055
3538	2	0.823067
3539	2	0.823079
3540	1	0.823084
3541	8	0.823131
3542	1	0.823137
3543	1	0.823142
3544	2	0.823154
3545	3	0.823171
3546	3	0.823189
3547	4	0.823212
3548	4	0.823235
3549	1	0.823241
3550	3	0.823258
3551	3	0.823276
3552	4	0.823299
3553	2	0.823311
3554	3	0.823328
3555	4	0.823351
3556	3	0.823369
3557	2	0.82338
3558	1	0.823386
3560	3	0.823403
3561	2	0.823415
3562	2	0.823427
3563	4	0.82345
3564	3	0.823467
3565	3	0.823485
3566	4	0.823508
3567	3	0.823525
3568	1	0.823531
3569	1	0.823537
3570	2	0.823549
3571	3	0.823566
3572	3	0.823583
3573	3	0.823601
3574	4	0.823624
3575	7	0.823665
3576	4	0.823688
3577	5	0.823717
3580	2	0.823728
3581	2	0.82374
3582	1	0.823746
3583	3	0.823763
3584	4	0.823786
3585	1	0.823792
3586	1	0.823798
3587	5	0.823827
3588	6	0.823862
3589	3	0.823879
3590	3	0.823897
3591	3	0.823914
3592	1	0.82392
3593	2	0.823931
3594	3	0.823949
3595	4	0.823972
3596	2	0.823984
3597	3	0.824001
3598	2	0.824013
3599	2	0.824024
3600	1	0.82403
3601	3	0.824047
3603	6	0.824082
3604	1	0.824088
3605	1	0.824094
3608	2	0.824106
3609	1	0.824111
3610	1	0.824117
3611	1	0.824123
3612	3	0.82414
3613	5	0.824169
3614	2	0.824181
3615	1	0.824187
3617	3	0.824204
3618	1	0.82421
3619	9	0.824262
3620	1	0.824268
3621	2	0.82428
3622	1	0.824285
3623	2	0.824297
3624	2	0.824309
3625	2	0.82432
3626	3	0.824338
3627	5	0.824367
3628	1	0.824372
3629	2	0.824384
3630	4	0.824407
3631	1	0.824413
3632	1	0.824419
3633	3	0.824436
3634	1	0.824442
3635	1	0.824448
3636	2	0.824459
3638	4	0.824483
3639	1	0.824488
3640	3	0.824506
3641	4	0.824529
3642	2	0.824541
3646	2	0.824552
3647	2	0.824564
3648	2	0.824575
3649	4	0.824599
3650	3	0.824616
3651	2	0.824628
3652	4	0.824651
3653	3	0.824668
3654	2	0.82468
3656	3	0.824697
3657	1	0.824703
3658	3	0.82472
3659	2	0.824732
3660	3	0.82475
3661	3	0.824767
3662	2	0.824779
3663	1	0.824784
3664	2	0.824796
3665	1	0.824802
3666	1	0.824808
3667	3	0.824825
3668	2	0.824837
3670	3	0.824854
3673	1	0.82486
3674	5	0.824889
3675	2	0.8249
3676	2	0.824912
3677	2	0.824924
3678	2	0.824935
3679	1	0.824941
3681	3	0.824958
3682	1	0.824964
3683	2	0.824976
3684	3	0.824993
3685	2	0.825005
3686	2	0.825016
3687	2	0.825028
3688	5	0.825057
3689	1	0.825063
3691	2	0.825074
3692	2	0.825086
3693	1	0.825092
3694	3	0.825109
3695	3	0.825127
3698	2	0.825138
3699	2	0.82515
3700	3	0.825167
3701	3	0.825185
3702	1	0.82519
3703	2	0.825202
3704	4	0.825225
3705	5	0.825254
3706	4	0.825277
3707	4	0.825301
3708	1	0.825306
3711	1	0.825312
3712	7	0.825353
3714	4	0.825376
3715	5	0.825405
3716	2	0.825417
3717	2	0.825428
3718	2	0.82544
3719	4	0.825463
3720	1	0.825469
3721	2	0.825481
3722	4	0.825504
3723	4	0.825527
3725	2	0.825539
3726	5	0.825568
3727	2	0.825579
3729	3	0.825597
3730	2	0.825608
3731	1	0.825614
3732	4	0.825637
3733	2	0.825649
3734	2	0.82566
3735	6	0.825695
3736	4	0.825718
3737	2	0.82573
3738	2	0.825742
3739	1	0.825747
3740	3	0.825765
3741	5	0.825794
3742	4	0.825817
3743	3	0.825834
3745	5	0.825863
3746	2	0.825875
3747	2	0.825887
3748	1	0.825892
3749	2	0.825904
3750	7	0.825945
3752	3	0.825962
3754	3	0.825979
3756	3	0.825997
3757	2	0.826009
3758	2	0.82602
3759	1	0.826026
3760	2	0.826038
3761	3	0.826055
3762	2	0.826067
3763	2	0.826078
3764	2	0.82609
3765	2	0.826101
3766	3	0.826119
3767	4	0.826142
3768	1	0.826148
3769	4	0.826171
3770	3	0.826188
3771	3	0.826206
3772	1	0.826212
3773	2	0.826223
3774	4	0.826246
3775	2	0.826258
3777	4	0.826281
3778	7	0.826322
3779	2	0.826333
3780	5	0.826362
3781	1	0.826368
3782	2	0.82638
3783	4	0.826403
3784	6	0.826438
3785	2	0.826449
3786	2	0.826461
3787	3	0.826478
3788	1	0.826484
3789	2	0.826496
3790	2	0.826507
3791	2	0.826519
3792	5	0.826548
3793	1	0.826554
3795	4	0.826577
3796	3	0.826594
3797	1	0.8266
3798	4	0.826624
3799	3	0.826641
3800	3	0.826658
3801	2	0.82667
3802	4	0.826693
3803	2	0.826705
3805	1	0.826711
3806	3	0.826728
3807	1	0.826734
3808	2	0.826745
3809	1	0.826751
3810	2	0.826763
3811	2	0.826774
3812	3	0.826792
3813	2	0.826803
3814	1	0.826809
3815	2	0.826821
3816	2	0.826832
3817	3	0.82685
3818	4	0.826873
3819	1	0.826879
3820	2	0.82689
3821	1	0.826896
3822	3	0.826914
3823	2	0.826925
3824	4	0.826948
3825	1	0.826954
3826	5	0.826983
3827	3	0.827001
3828	2	0.827012
3829	2	0.827024
3830	2	0.827035
3831	2	0.827047
3833	2	0.827059
3834	1	0.827064
3836	1	0.82707
3837	2	0.827082
3838	3	0.827099
3839	4	0.827122
3840	3	0.82714
3842	1	0.827146
3844	5	0.827175
3845	2	0.827186
3846	3	0.827204
3847	1	0.827209
3848	3	0.827227
3849	2	0.827238
3850	1	0.827244
3851	1	0.82725
3852	2	0.827262
3853	1	0.827268
3854	3	0.827285
3855	2	0.827297
3856	3	0.827314
3857	2	0.827326
3858	3	0.827343
3859	2	0.827355
3860	2	0.827366
3861	4	0.827389
3862	3	0.827407
3863	4	0.82743
3864	3	0.827447
3865	2	0.827459
3866	2	0.827471
3867	3	0.827488
3868	2	0.8275
3870	2	0.827511
3871	2	0.827523
3872	2	0.827534
3873	3	0.827552
3874	1	0.827558
3875	2	0.827569
3876	1	0.827575
3877	2	0.827587
3878	2	0.827598
3879	2	0.82761
3880	1	0.827616
3881	1	0.827621
3882	2	0.827633
3883	1	0.827639
3884	4	0.827662
3885	1	0.827668
3886	1	0.827674
3887	2	0.827685
3888	2	0.827697
3889	1	0.827703
3890	1	0.827708
3891	2	0.82772
3893	3	0.827737
3894	3	0.827755
3897	2	0.827766
3898	1	0.827772
3899	2	0.827784
3900	2	0.827795
3902	2	0.827807
3903	2	0.827819
3904	2	0.82783
3905	4	0.827853
3908	1	0.827859
3909	3	0.827877
3910	1	0.827883
3911	4	0.827906
3912	1	0.827912
3913	5	0.827941
3915	5	0.82797
3916	2	0.827981
3917	1	0.827987
3920	4	0.82801
3921	4	0.828033
3923	3	0.828051
3924	1	0.828057
3925	3	0.828074
3927	3	0.828091
3928	2	0.828103
3929	2	0.828115
3930	4	0.828138
3931	5	0.828167
3933	2	0.828178
3934	2	0.82819
3935	1	0.828196
3936	2	0.828207
3937	2	0.828219
3939	2	0.828231
3940	1	0.828236
3941	2	0.828248
3942	1	0.828254
3944	1	0.82826
3945	2	0.828271
3946	2	0.828283
3947	2	0.828294
3949	1	0.8283
3950	3	0.828318
3952	2	0.828329
3953	3	0.828347
3955	2	0.828358
3957	2	0.82837
3959	2	0.828381
3962	4	0.828405
3965	2	0.828416
3966	1	0.828422
3967	1	0.828428
3968	1	0.828434
3969	2	0.828445
3970	5	0.828474
3971	3	0.828492
3972	2	0.828503
3973	1	0.828509
3974	3	0.828527
3975	2	0.828538
3976	3	0.828556
3977	2	0.828567
3978	1	0.828573
3979	2	0.828585
3980	1	0.82859
3982	3	0.828608
3983	2	0.828619
3986	3	0.828637
3987	2	0.828648
3988	3	0.828666
3989	4	0.828689
3990	4	0.828712
3993	2	0.828724
3994	1	0.82873
3995	7	0.82877
3996	2	0.828782
3997	3	0.828799
4000	1	0.828805
4001	2	0.828817
4002	3	0.828834
4003	4	0.828857
4004	3	0.828875
4005	4	0.828898
4007	3	0.828915
4010	5	0.828944
4011	2	0.828956
4012	3	0.828973
4013	3	0.828991
4015	1	0.828996
4016	2	0.829008
4017	5	0.829037
4018	2	0.829049
4019	5	0.829078
4021	4	0.829101
4022	2	0.829112
4023	1	0.829118
4024	2	0.82913
4025	2	0.829142
4026	1	0.829147
4027	2	0.829159
4028	1	0.829165
4030	1	0.829171
4031	4	0.829194
4033	3	0.829211
4034	3	0.829229
4035	1	0.829234
4036	2	0.829246
4037	2	0.829258
4038	3	0.829275
4039	4	0.829298
4040	1	0.829304
4042	1	0.82931
4043	2	0.829321
4044	1	0.829327
4045	1	0.829333
4046	2	0.829345
4047	1	0.82935
4049	2	0.829362
4050	4	0.829385
4051	1	0.829391
4053	2	0.829403
4054	1	0.829408
4055	1	0.829414
4056	2	0.829426
4057	2	0.829437
4058	2	0.829449
4060	3	0.829466
4061	1	0.829472
4062	3	0.82949
4063	3	0.829507
4064	4	0.82953
4065	1	0.829536
4067	2	0.829548
4068	3	0.829565
4070	1	0.829571
4073	1	0.829577
4074	2	0.829588
4075	1	0.829594
4076	1	0.8296
4077	5	0.829629
4078	2	0.82964
4079	1	0.829646
4080	1	0.829652
4081	1	0.829658
4082	1	0.829664
4083	2	0.829675
4084	1	0.829681
4085	1	0.829687
4086	1	0.829693
4087	3	0.82971
4089	1	0.829716
4090	2	0.829727
4091	1	0.829733
4092	4	0.829756
4093	1	0.829762
4096	3	0.82978
4097	2	0.829791
4100	2	0.829803
4101	1	0.829809
4102	2	0.82982
4103	3	0.829838
4104	2	0.829849
4106	1	0.829855
4107	3	0.829873
4108	1	0.829878
4109	2	0.82989
4110	1	0.829896
4111	1	0.829902
4112	1	0.829907
4113	4	0.829931
4114	1	0.829936
4115	1	0.829942
4117	3	0.82996
4118	1	0.829965
4119	2	0.829977
4120	1	0.829983
4121	3	0.83
4123	4	0.830023
4125	3	0.830041
4126	1	0.830047
4127	1	0.830052
4130	2	0.830064
4131	1	0.83007
4132	2	0.830081
4133	2	0.830093
4134	3	0.83011
4135	2	0.830122
4136	3	0.830139
4137	2	0.830151
4138	3	0.830168
4139	1	0.830174
4140	1	0.83018
4141	1	0.830186
4142	1	0.830192
4143	4	0.830215
4144	1	0.830221
4145	2	0.830232
4146	1	0.830238
4149	1	0.830244
4150	3	0.830261
4151	1	0.830267
4152	1	0.830273
4154	1	0.830279
4155	4	0.830302
4156	5	0.830331
4157	2	0.830342
4158	2	0.830354
4159	2	0.830366
4160	6	0.830401
4161	1	0.830406
4162	1	0.830412
4164	9	0.830464
4165	2	0.830476
4167	1	0.830482
4168	2	0.830493
4170	1	0.830499
4171	4	0.830522
4173	1	0.830528
4174	1	0.830534
4175	1	0.83054
4176	3	0.830557
4177	3	0.830575
4178	3	0.830592
4179	3	0.830609
4181	4	0.830633
4182	3	0.83065
4183	4	0.830673
4184	3	0.830691
4185	1	0.830696
4186	1	0.830702
4187	3	0.83072
4189	2	0.830731
4190	2	0.830743
4191	2	0.830754
4193	3	0.830772
4194	1	0.830778
4195	4	0.830801
4196	2	0.830812
4197	4	0.830836
4199	3	0.830853
4200	1	0.830859
4201	2	0.83087
4202	5	0.830899
4203	3	0.830917
4204	5	0.830946
4205	1	0.830952
4206	4	0.830975
4207	1	0.830981
4208	1	0.830986
4209	3	0.831004
4210	2	0.831015
4211	4	0.831039
4213	1	0.831045
4214	1	0.83105
4215	2	0.831062
4216	3	0.831079
4217	1	0.831085
4218	1	0.831091
4220	2	0.831103
4221	2	0.831114
4222	3	0.831132
4224	1	0.831137
4225	4	0.831161
4226	2	0.831172
4227	1	0.831178
4228	1	0.831184
4229	2	0.831195
4230	1	0.831201
4231	1	0.831207
4232	3	0.831224
4233	5	0.831253
4234	1	0.831259
4235	2	0.831271
4236	1	0.831277
4237	4	0.8313
4238	3	0.831317
4239	4	0.83134
4240	1	0.831346
4241	2	0.831358
4242	1	0.831364
4243	1	0.831369
4244	1	0.831375
4245	1	0.831381
4246	1	0.831387
4247	3	0.831404
4248	3	0.831422
4249	3	0.831439
4250	2	0.831451
4251	1	0.831456
4252	3	0.831474
4253	2	0.831485
4254	4	0.831509
4255	3	0.831526
4257	2	0.831538
4258	1	0.831543
4259	1	0.831549
4260	4	0.831572
4261	2	0.831584
4262	3	0.831601
4263	2	0.831613
4264	3	0.83163
4265	2	0.831642
4267	1	0.831648
4268	2	0.83166
4269	3	0.831677
4270	3	0.831694
4271	1	0.8317
4272	2	0.831712
4273	1	0.831718
4274	3	0.831735
4275	1	0.831741
4276	1	0.831747
4277	3	0.831764
4279	1	0.83177
4280	2	0.831781
4281	6	0.831816
4282	4	0.831839
4283	2	0.831851
4284	2	0.831863
4285	6	0.831897
4286	4	0.831921
4287	2	0.831932
4289	3	0.83195
4290	6	0.831984
4291	2	0.831996
4293	2	0.832008
4295	5	0.832037
4296	3	0.832054
4297	4	0.832077
4298	6	0.832112
4299	1	0.832118
4301	2	0.832129
4302	2	0.832141
4303	1	0.832147
4304	3	0.832164
4305	3	0.832182
4306	2	0.832193
4307	2	0.832205
4308	1	0.832211
4310	1	0.832216
4311	2	0.832228
4312	3	0.832245
4313	3	0.832263
4314	1	0.832269
4315	1	0.832274
4316	2	0.832286
4317	3	0.832304
4318	1	0.832309
4319	3	0.832327
4322	1	0.832333
4323	1	0.832338
4324	1	0.832344
4325	2	0.832356
4326	3	0.832373
4327	1	0.832379
4328	2	0.832391
4329	1	0.832396
4331	2	0.832408
4332	1	0.832414
4333	1	0.83242
4334	1	0.832425
4336	4	0.832449
4337	3	0.832466
4338	4	0.832489
4339	1	0.832495
4340	1	0.832501
4341	1	0.832507
4342	1	0.832512
4343	4	0.832536
4345	2	0.832547
4346	3	0.832565
4347	1	0.83257
4348	2	0.832582
4349	1	0.832588
4350	4	0.832611
4351	2	0.832623
4352	1	0.832628
4353	1	0.832634
4354	5	0.832663
4355	2	0.832675
4356	2	0.832686
4357	2	0.832698
4358	1	0.832704
4359	2	0.832715
4360	2	0.832727
4361	3	0.832744
4362	3	0.832762
4364	4	0.832785
4365	1	0.832791
4366	1	0.832797
4367	2	0.832808
4368	2	0.83282
4369	1	0.832826
4370	1	0.832831
4371	3	0.832849
4372	3	0.832866
4373	1	0.832872
4374	2	0.832884
4375	3	0.832901
4377	1	0.832907
4378	2	0.832919
4379	3	0.832936
4380	1	0.832942
4381	2	0.832953
4382	4	0.832977
4384	2	0.832988
4385	1	0.832994
4386	2	0.833006
4387	1	0.833011
4388	2	0.833023
4389	1	0.833029
4392	5	0.833058
4394	1	0.833064
4395	2	0.833075
4396	5	0.833104
4397	1	0.83311
4398	1	0.833116
4400	4	0.833139
4401	2	0.833151
4402	2	0.833162
4403	1	0.833168
4404	1	0.833174
4405	3	0.833191
4406	2	0.833203
4407	1	0.833209
4409	2	0.83322
4411	4	0.833243
4413	3	0.833261
4414	1	0.833267
4415	3	0.833284
4416	1	0.83329
4417	3	0.833307
4418	1	0.833313
4419	2	0.833325
4420	3	0.833342
4422	2	0.833354
4423	3	0.833371
4424	1	0.833377
4425	2	0.833388
4426	3	0.833406
4427	2	0.833417
4429	2	0.833429
4430	1	0.833435
4431	3	0.833452
4432	1	0.833458
4433	1	0.833464
4436	4	0.833487
4438	1	0.833493
4439	4	0.833516
4440	1	0.833522
4441	1	0.833528
4443	1	0.833533
4444	1	0.833539
4445	7	0.83358
4446	2	0.833592
4447	1	0.833597
4448	1	0.833603
4449	1	0.833609
4451	2	0.833621
4452	4	0.833644
4455	1	0.83365
4456	1	0.833655
4457	2	0.833667
4459	1	0.833673
4460	1	0.833679
4462	1	0.833684
4464	2	0.833696
4465	5	0.833725
4466	2	0.833737
4468	2	0.833748
4469	1	0.833754
4470	2	0.833766
4473	1	0.833771
4474	4	0.833795
4475	5	0.833824
4476	2	0.833835
4477	3	0.833853
4478	1	0.833858
4479	2	0.83387
4481	3	0.833887
4482	2	0.833899
4483	2	0.833911
4485	4	0.833934
4486	1	0.83394
4487	3	0.833957
4488	3	0.833974
4489	2	0.833986
4490	2	0.833998
4491	1	0.834003
4492	1	0.834009
4493	2	0.834021
4494	1	0.834027
4495	2	0.834038
4496	1	0.834044
4498	1	0.83405
4500	1	0.834056
4501	1	0.834061
4502	1	0.834067
4503	3	0.834085
4505	3	0.834102
4506	3	0.834119
4507	4	0.834143
4508	1	0.834148
4510	3	0.834166
4511	1	0.834172
4512	3	0.834189
4513	2	0.834201
4514	2	0.834212
4515	1	0.834218
4517	2	0.83423
4518	4	0.834253
4519	5	0.834282
4520	1	0.834288
4521	2	0.834299
4524	3	0.834317
4525	2	0.834328
4526	2	0.83434
4527	3	0.834357
4528	1	0.834363
4529	1	0.834369
4530	1	0.834375
4531	1	0.834381
4533	2	0.834392
4534	2	0.834404
4535	1	0.83441
4537	2	0.834421
4538	2	0.834433
4539	3	0.83445
4541	1	0.834456
4542	2	0.834468
4543	2	0.834479
4544	2	0.834491
4545	2	0.834502
4546	2	0.834514
4547	2	0.834526
4549	2	0.834537
4550	4	0.83456
4553	1	0.834566
4554	3	0.834584
4555	1	0.834589
4557	1	0.834595
4558	1	0.834601
4559	2	0.834613
4561	1	0.834618
4562	1	0.834624
4563	1	0.83463
4564	1	0.834636
4565	3	0.834653
4566	3	0.834671
4567	1	0.834676
4568	2	0.834688
4569	1	0.834694
4570	6	0.834729
4571	3	0.834746
4572	2	0.834758
4573	2	0.834769
4574	1	0.834775
4575	6	0.83481
4576	1	0.834816
4577	1	0.834822
4578	2	0.834833
4581	2	0.834845
4582	2	0.834856
4583	1	0.834862
4584	3	0.83488
4585	6	0.834914
4586	1	0.83492
4587	1	0.834926
4588	1	0.834932
4590	1	0.834938
4591	2	0.834949
4592	1	0.834955
4594	2	0.834967
4595	4	0.83499
4596	2	0.835001
4597	1	0.835007
4598	1	0.835013
4599	3	0.83503
4602	1	0.835036
4603	3	0.835054
4606	5	0.835083
4607	2	0.835094
4608	2	0.835106
4610	2	0.835117
4611	2	0.835129
4612	4	0.835152
4613	2	0.835164
4614	3	0.835181
4615	1	0.835187
4616	2	0.835199
4617	1	0.835204
4618	2	0.835216
4619	3	0.835233
4620	1	0.835239
4621	1	0.835245
4622	1	0.835251
4623	1	0.835257
4624	1	0.835262
4625	2	0.835274
4626	1	0.83528
4627	1	0.835286
4628	2	0.835297
4629	2	0.835309
4630	2	0.83532
4633	3	0.835338
4634	1	0.835344
4636	3	0.835361
4639	1	0.835367
4640	4	0.83539
4642	1	0.835396
4643	1	0.835402
4644	3	0.835419
4645	3	0.835437
4648	1	0.835442
4649	2	0.835454
4652	1	0.83546
4655	2	0.835471
4656	1	0.835477
4657	2	0.835489
4658	3	0.835506
4659	3	0.835524
4660	3	0.835541
4661	1	0.835547
4664	2	0.835558
4668	1	0.835564
4671	1	0.83557
4672	2	0.835582
4673	2	0.835593
4674	4	0.835616
4676	2	0.835628
4677	1	0.835634
4679	3	0.835651
4680	2	0.835663
4681	1	0.835669
4682	4	0.835692
4683	2	0.835703
4687	1	0.835709
4688	5	0.835738
4689	3	0.835756
4690	1	0.835761
4693	2	0.835773
4694	2	0.835785
4695	2	0.835796
4696	1	0.835802
4697	1	0.835808
4698	1	0.835814
4700	1	0.835819
4702	2	0.835831
4703	1	0.835837
4704	2	0.835848
4705	1	0.835854
4706	2	0.835866
4708	2	0.835877
4710	2	0.835889
4711	2	0.835901
4712	1	0.835906
4713	1	0.835912
4714	1	0.835918
4715	1	0.835924
4716	6	0.835959
4717	5	0.835988
4718	3	0.836005
4719	1	0.836011
4720	3	0.836028
4721	3	0.836046
4722	1	0.836051
4723	2	0.836063
4725	2	0.836075
4727	1	0.836081
4728	4	0.836104
4729	2	0.836115
4730	1	0.836121
4732	2	0.836133
4734	1	0.836139
4735	2	0.83615
4736	3	0.836168
4737	1	0.836173
4738	1	0.836179
4739	3	0.836197
4740	1	0.836202
4741	1	0.836208
4743	2	0.83622
4745	1	0.836226
4746	2	0.836237
4747	2	0.836249
4749	1	0.836255
4751	2	0.836266
4753	3	0.836284
4754	3	0.836301
4755	3	0.836318
4757	2	0.83633
4758	2	0.836342
4760	1	0.836347
4761	2	0.836359
4762	2	0.836371
4763	2	0.836382
4764	1	0.836388
4765	2	0.8364
4766	4	0.836423
4768	1	0.836429
4769	4	0.836452
4771	1	0.836458
4772	1	0.836463
4773	1	0.836469
4774	2	0.836481
4775	1	0.836487
4776	1	0.836492
4777	1	0.836498
4779	2	0.83651
4780	2	0.836521
4781	2	0.836533
4782	4	0.836556
4783	3	0.836574
4784	2	0.836585
4786	2	0.836597
4787	2	0.836608
4788	1	0.836614
4791	4	0.836637
4794	1	0.836643
4795	1	0.836649
4796	3	0.836666
4797	1	0.836672
4798	4	0.836696
4799	2	0.836707
4800	3	0.836725
4801	1	0.83673
4803	1	0.836736
4805	3	0.836754
4806	2	0.836765
4807	4	0.836788
4808	2	0.8368
4809	1	0.836806
4811	1	0.836812
4812	3	0.836829
4813	1	0.836835
4814	1	0.836841
4815	2	0.836852
4817	1	0.836858
4818	1	0.836864
4821	4	0.836887
4822	3	0.836904
4823	1	0.83691
4824	1	0.836916
4825	1	0.836922
4826	1	0.836928
4827	1	0.836933
4828	2	0.836945
4832	1	0.836951
4833	2	0.836962
4834	2	0.836974
4836	1	0.83698
4837	3	0.836997
4839	2	0.837009
4840	1	0.837015
4841	1	0.83702
4842	3	0.837038
4843	1	0.837044
4844	2	0.837055
4845	2	0.837067
4846	2	0.837078
4847	1	0.837084
4848	1	0.83709
4849	2	0.837102
4850	4	0.837125
4851	1	0.837131
4852	3	0.837148
4853	1	0.837154
4856	1	0.83716
4857	2	0.837171
4859	1	0.837177
4860	1	0.837183
4861	3	0.8372
4863	4	0.837223
4864	3	0.837241
4866	1	0.837247
4867	2	0.837258
4869	2	0.83727
4870	3	0.837287
4871	2	0.837299
4872	1	0.837305
4874	2	0.837316
4876	2	0.837328
4877	1	0.837334
4880	1	0.83734
4881	2	0.837351
4882	3	0.837369
4883	1	0.837374
4884	3	0.837392
4885	2	0.837403
4886	2	0.837415
4887	3	0.837432
4889	2	0.837444
4890	3	0.837461
4891	1	0.837467
4893	1	0.837473
4895	1	0.837479
4896	2	0.83749
4898	3	0.837508
4899	2	0.837519
4900	1	0.837525
4901	2	0.837537
4903	1	0.837543
4904	1	0.837548
4905	2	0.83756
4906	2	0.837572
4907	4	0.837595
4909	4	0.837618
4910	2	0.83763
4912	1	0.837635
4913	1	0.837641
4914	2	0.837653
4915	3	0.83767
4916	1	0.837676
4917	2	0.837688
4918	4	0.837711
4919	2	0.837722
4920	3	0.83774
4921	2	0.837751
4922	3	0.837769
4923	2	0.83778
4924	1	0.837786
4925	3	0.837804
4926	1	0.837809
4927	1	0.837815
4929	3	0.837833
4930	3	0.83785
4931	1	0.837856
4932	2	0.837867
4933	3	0.837885
4934	1	0.837891
4935	4	0.837914
4936	2	0.837925
4937	1	0.837931
4938	3	0.837949
4939	1	0.837955
4940	5	0.837984
4941	3	0.838001
4942	1	0.838007
4944	1	0.838013
4945	1	0.838018
4946	2	0.83803
4948	2	0.838042
4949	2	0.838053
4950	2	0.838065
4951	1	0.838071
4952	1	0.838076
4953	3	0.838094
4954	2	0.838105
4956	2	0.838117
4957	1	0.838123
4958	1	0.838129
4959	1	0.838134
4961	1	0.83814
4963	1	0.838146
4964	3	0.838163
4965	1	0.838169
4966	1	0.838175
4967	1	0.838181
4968	1	0.838187
4969	1	0.838192
4970	3	0.83821
4971	1	0.838216
4972	2	0.838227
4975	1	0.838233
4976	4	0.838256
4977	1	0.838262
4978	1	0.838268
4979	3	0.838285
4980	1	0.838291
4981	2	0.838303
4982	1	0.838308
4983	2	0.83832
4984	1	0.838326
4985	2	0.838337
4986	1	0.838343
4987	2	0.838355
4988	2	0.838366
4989	1	0.838372
4990	1	0.838378
4992	1	0.838384
4993	2	0.838395
4994	2	0.838407
4995	1	0.838413
4996	1	0.838419
4997	3	0.838436
4999	1	0.838442
5000	3	0.838459
5001	1	0.838465
5002	1	0.838471
5003	3	0.838488
5005	2	0.8385
5007	1	0.838506
5008	1	0.838511
5010	1	0.838517
5011	2	0.838529
5012	2	0.83854
5014	1	0.838546
5015	2	0.838558
5016	2	0.838569
5017	1	0.838575
5018	2	0.838587
5019	3	0.838604
5021	3	0.838622
5022	1	0.838628
5023	2	0.838639
5024	1	0.838645
5025	1	0.838651
5026	1	0.838657
5027	1	0.838662
5028	2	0.838674
5029	1	0.83868
5030	2	0.838691
5031	3	0.838709
5032	2	0.83872
5033	1	0.838726
5034	2	0.838738
5035	2	0.838749
5036	1	0.838755
5038	3	0.838773
5039	3	0.83879
5040	1	0.838796
5041	2	0.838807
5042	4	0.838831
5043	1	0.838836
5044	3	0.838854
5045	1	0.83886
5046	3	0.838877
5047	1	0.838883
5048	5	0.838912
5049	3	0.838929
5050	3	0.838947
5051	3	0.838964
5052	2	0.838976
5054	1	0.838981
5055	2	0.838993
5056	2	0.839005
5057	1	0.83901
5060	1	0.839016
5061	1	0.839022
5062	6	0.839057
5063	1	0.839063
5067	2	0.839074
5068	2	0.839086
5069	4	0.839109
5070	1	0.839115
5072	3	0.839132
5073	5	0.839161
5076	1	0.839167
5077	4	0.83919
5078	2	0.839202
5079	3	0.839219
5080	3	0.839237
5083	2	0.839248
5084	2	0.83926
5086	1	0.839266
5090	1	0.839272
5091	3	0.839289
5092	3	0.839306
5093	2	0.839318
5094	1	0.839324
5095	2	0.839335
5096	1	0.839341
5097	4	0.839364
5099	1	0.83937
5100	1	0.839376
5101	1	0.839382
5102	2	0.839393
5104	2	0.839405
5105	1	0.839411
5106	1	0.839417
5107	2	0.839428
5108	3	0.839446
5109	2	0.839457
5110	1	0.839463
5111	1	0.839469
5114	2	0.83948
5115	1	0.839486
5116	1	0.839492
5117	2	0.839504
5120	3	0.839521
5121	1	0.839527
5123	5	0.839556
5124	1	0.839562
5125	1	0.839567
5126	2	0.839579
5127	1	0.839585
5128	3	0.839602
5131	1	0.839608
5132	1	0.839614
5135	3	0.839631
5136	2	0.839643
5137	1	0.839649
5141	2	0.83966
5142	3	0.839678
5143	3	0.839695
5145	3	0.839712
5146	2	0.839724
5147	1	0.83973
5148	4	0.839753
5149	2	0.839765
5151	1	0.83977
5152	2	0.839782
5153	1	0.839788
5154	2	0.839799
5155	3	0.839817
5157	1	0.839823
5158	1	0.839828
5161	1	0.839834
5163	3	0.839852
5165	1	0.839858
5166	1	0.839863
5167	1	0.839869
5168	1	0.839875
5169	1	0.839881
5170	2	0.839892
5171	4	0.839916
5172	2	0.839927
5173	1	0.839933
5176	1	0.839939
5177	1	0.839945
5178	1	0.83995
5180	2	0.839962
5181	1	0.839968
5182	3	0.839985
5183	2	0.839997
5185	2	0.840008
5186	1	0.840014
5189	3	0.840032
5190	1	0.840037
5193	3	0.840055
5194	1	0.840061
5195	1	0.840066
5196	1	0.840072
5197	3	0.84009
5201	3	0.840107
5203	1	0.840113
5206	1	0.840119
5207	1	0.840124
5208	1	0.84013
5209	3	0.840148
5210	5	0.840177
5211	1	0.840182
5212	1	0.840188
5216	1	0.840194
5217	2	0.840206
5219	1	0.840211
5220	1	0.840217
5225	1	0.840223
5226	1	0.840229
5227	2	0.84024
5228	1	0.840246
5229	1	0.840252
5230	2	0.840264
5231	3	0.840281
5233	2	0.840293
5234	1	0.840298
5236	1	0.840304
5237	3	0.840322
5241	6	0.840356
5244	3	0.840374
5245	3	0.840391
5246	2	0.840403
5247	2	0.840414
5248	1	0.84042
5250	5	0.840449
5251	1	0.840455
5253	3	0.840473
5254	1	0.840478
5255	3	0.840496
5257	1	0.840502
5258	2	0.840513
5260	3	0.840531
5261	1	0.840536
5262	2	0.840548
5264	1	0.840554
5265	1	0.84056
5266	1	0.840565
5270	1	0.840571
5272	3	0.840589
5273	2	0.8406
5275	3	0.840618
5276	1	0.840623
5277	2	0.840635
5279	1	0.840641
5281	3	0.840658
5283	3	0.840676
5284	1	0.840681
5285	1	0.840687
5286	3	0.840705
5287	1	0.84071
5288	1	0.840716
5289	1	0.840722
5290	1	0.840728
5291	1	0.840734
5292	1	0.840739
5293	1	0.840745
5294	3	0.840763
5295	1	0.840768
5296	3	0.840786
5298	1	0.840792
5300	1	0.840797
5301	1	0.840803
5303	1	0.840809
5304	2	0.840821
5306	1	0.840826
5307	2	0.840838
5309	3	0.840855
5310	1	0.840861
5311	2	0.840873
5313	2	0.840884
5314	1	0.84089
5317	2	0.840902
5318	1	0.840908
5319	3	0.840925
5320	2	0.840937
5321	3	0.840954
5322	3	0.840971
5324	1	0.840977
5325	1	0.840983
5327	1	0.840989
5328	3	0.841006
5329	1	0.841012
5330	1	0.841018
5335	2	0.841029
5338	2	0.841041
5339	4	0.841064
5340	2	0.841076
5341	3	0.841093
5342	1	0.841099
5343	1	0.841105
5346	1	0.841111
5347	1	0.841117
5349	1	0.841122
5350	4	0.841146
5351	1	0.841151
5352	3	0.841169
5353	2	0.84118
5354	1	0.841186
5355	4	0.841209
5357	1	0.841215
5359	1	0.841221
5360	1	0.841227
5361	1	0.841233
5362	5	0.841262
5363	2	0.841273
5365	2	0.841285
5366	1	0.841291
5367	4	0.841314
5369	2	0.841325
5370	2	0.841337
5371	2	0.841349
5372	1	0.841354
5375	1	0.84136
5378	2	0.841372
5379	2	0.841383
5380	2	0.841395
5381	3	0.841412
5382	1	0.841418
5383	2	0.84143
5384	2	0.841441
5385	3	0.841459
5386	1	0.841465
5388	2	0.841476
5389	4	0.841499
5390	1	0.841505
5392	1	0.841511
5395	1	0.841517
5396	1	0.841523
5397	2	0.841534
5399	1	0.84154
5400	2	0.841552
5403	1	0.841557
5404	1	0.841563
5405	3	0.841581
5406	2	0.841592
5407	1	0.841598
5408	3	0.841615
5409	1	0.841621
5410	3	0.841639
5411	2	0.84165
5412	2	0.841662
5413	1	0.841668
5414	3	0.841685
5417	2	0.841697
5419	3	0.841714
5421	2	0.841726
5422	1	0.841732
5423	2	0.841743
5424	1	0.841749
5426	1	0.841755
5427	2	0.841766
5429	1	0.841772
5430	1	0.841778
5431	2	0.84179
5432	2	0.841801
5433	1	0.841807
5434	1	0.841813
5435	1	0.841819
5436	1	0.841824
5438	2	0.841836
5439	1	0.841842
5440	5	0.841871
5441	2	0.841882
5442	3	0.8419
5445	2	0.841911
5447	3	0.841929
5448	2	0.84194
5449	4	0.841964
5451	2	0.841975
5452	2	0.841987
5453	3	0.842004
5454	2	0.842016
5455	2	0.842027
5456	2	0.842039
5457	3	0.842056
5458	2	0.842068
5460	1	0.842074
5461	1	0.84208
5463	3	0.842097
5464	1	0.842103
5465	1	0.842109
5466	1	0.842114
5467	2	0.842126
5468	1	0.842132
5469	4	0.842155
5471	1	0.842161
5472	1	0.842167
5473	3	0.842184
5475	3	0.842201
5477	2	0.842213
5479	1	0.842219
5480	3	0.842236
5481	1	0.842242
5482	2	0.842254
5483	3	0.842271
5484	1	0.842277
5488	1	0.842283
5489	2	0.842294
5490	1	0.8423
5492	2	0.842312
5494	1	0.842317
5495	2	0.842329
5496	1	0.842335
5497	3	0.842352
5499	2	0.842364
5501	3	0.842381
5502	1	0.842387
5503	3	0.842405
5504	2	0.842416
5505	2	0.842428
5506	1	0.842434
5507	1	0.842439
5508	2	0.842451
5509	1	0.842457
5510	1	0.842463
5511	2	0.842474
5512	2	0.842486
5514	1	0.842492
5516	3	0.842509
5517	2	0.842521
5518	1	0.842526
5519	4	0.84255
5520	1	0.842555
5521	1	0.842561
5526	2	0.842573
5528	2	0.842584
5529	3	0.842602
5530	1	0.842608
5531	1	0.842613
5533	1	0.842619
5534	1	0.842625
5535	2	0.842637
5536	3	0.842654
5537	2	0.842666
5538	1	0.842671
5539	1	0.842677
5541	2	0.842689
5542	1	0.842695
5543	2	0.842706
5544	1	0.842712
5546	1	0.842718
5547	2	0.842729
5548	1	0.842735
5549	6	0.84277
5552	2	0.842782
5553	2	0.842793
5555	1	0.842799
5557	1	0.842805
5558	1	0.842811
5562	2	0.842822
5563	5	0.842851
5565	4	0.842874
5566	1	0.84288
5567	2	0.842892
5569	3	0.842909
5570	4	0.842932
5572	1	0.842938
5573	3	0.842956
5574	2	0.842967
5576	2	0.842979
5578	1	0.842985
5579	2	0.842996
5582	2	0.843008
5584	2	0.84302
5586	1	0.843025
5587	1	0.843031
5589	1	0.843037
5590	1	0.843043
5591	2	0.843054
5592	1	0.84306
5593	1	0.843066
5594	1	0.843072
5596	1	0.843078
5597	4	0.843101
5598	2	0.843112
5599	1	0.843118
5602	2	0.84313
5603	3	0.843147
5604	2	0.843159
5605	3	0.843176
5606	1	0.843182
5607	1	0.843188
5609	1	0.843194
5612	2	0.843205
5613	4	0.843228
5614	1	0.843234
5615	3	0.843252
5617	1	0.843257
5618	2	0.843269
5621	1	0.843275
5622	1	0.843281
5624	1	0.843286
5625	1	0.843292
5626	1	0.843298
5629	1	0.843304
5630	3	0.843321
5631	2	0.843333
5633	1	0.843339
5634	1	0.843344
5635	1	0.84335
5636	1	0.843356
5637	2	0.843368
5638	2	0.843379
5639	1	0.843385
5640	2	0.843397
5641	2	0.843408
5642	1	0.843414
5644	1	0.84342
5647	2	0.843431
5648	1	0.843437
5650	2	0.843449
5653	1	0.843455
5654	1	0.84346
5655	1	0.843466
5656	1	0.843472
5659	2	0.843484
5660	2	0.843495
5661	1	0.843501
5663	1	0.843507
5664	1	0.843513
5665	1	0.843518
5666	1	0.843524
5669	2	0.843536
5670	1	0.843542
5671	1	0.843547
5672	1	0.843553
5673	2	0.843565
5674	1	0.843571
5675	1	0.843576
5677	1	0.843582
5678	1	0.843588
5683	1	0.843594
5686	2	0.843605
5690	2	0.843617
5692	2	0.843629
5693	2	0.84364
5694	1	0.843646
5697	1	0.843652
5698	1	0.843658
5701	1	0.843664
5702	1	0.843669
5705	2	0.843681
5706	1	0.843687
5708	2	0.843698
5712	4	0.843722
5713	1	0.843727
5714	2	0.843739
5715	3	0.843756
5716	2	0.843768
5717	4	0.843791
5718	1	0.843797
5719	3	0.843814
5721	2	0.843826
5722	3	0.843843
5724	1	0.843849
5725	3	0.843867
5726	3	0.843884
5728	1	0.84389
5730	1	0.843896
5731	3	0.843913
5732	1	0.843919
5733	1	0.843925
5735	1	0.84393
5736	1	0.843936
5737	1	0.843942
5738	3	0.843959
5742	3	0.843977
5744	1	0.843983
5745	3	0.844
5746	1	0.844006
5748	2	0.844017
5749	2	0.844029
5750	2	0.844041
5751	1	0.844046
5752	2	0.844058
5753	1	0.844064
5754	1	0.84407
5755	2	0.844081
5757	4	0.844104
5760	3	0.844122
5761	2	0.844133
5762	1	0.844139
5764	1	0.844145
5765	1	0.844151
5766	1	0.844157
5767	1	0.844162
5768	1	0.844168
5769	1	0.844174
5770	1	0.84418
5771	2	0.844191
5772	1	0.844197
5773	1	0.844203
5774	2	0.844215
5776	1	0.84422
5777	1	0.844226
5778	3	0.844244
5780	1	0.84425
5781	3	0.844267
5782	1	0.844273
5783	2	0.844284
5784	4	0.844308
5785	1	0.844313
5786	1	0.844319
5787	1	0.844325
5788	2	0.844337
5789	2	0.844348
5791	1	0.844354
5794	1	0.84436
5795	2	0.844371
5797	3	0.844389
5798	1	0.844395
5800	1	0.8444
5801	2	0.844412
5802	4	0.844435
5803	1	0.844441
5804	1	0.844447
5806	1	0.844453
5807	3	0.84447
5808	2	0.844482
5809	1	0.844487
5810	3	0.844505
5812	2	0.844516
5813	2	0.844528
5814	2	0.84454
5816	2	0.844551
5817	3	0.844569
5818	2	0.84458
5819	2	0.844592
5820	3	0.844609
5824	1	0.844615
5825	2	0.844627
5826	2	0.844638
5827	1	0.844644
5828	3	0.844661
5831	1	0.844667
5833	4	0.84469
5834	1	0.844696
5835	2	0.844708
5836	2	0.844719
5837	2	0.844731
5838	1	0.844737
5840	1	0.844743
5843	2	0.844754
5844	1	0.84476
5845	1	0.844766
5846	1	0.844772
5847	1	0.844777
5848	2	0.844789
5850	3	0.844806
5851	1	0.844812
5852	1	0.844818
5853	2	0.84483
5854	3	0.844847
5856	1	0.844853
5857	2	0.844864
5858	2	0.844876
5860	1	0.844882
5861	3	0.844899
5863	3	0.844917
5864	2	0.844928
5865	2	0.84494
5866	1	0.844946
5867	2	0.844957
5871	1	0.844963
5872	2	0.844975
5874	1	0.844981
5875	2	0.844992
5876	2	0.845004
5877	1	0.84501
5880	2	0.845021
5886	1	0.845027
5888	2	0.845039
5890	1	0.845044
5891	2	0.845056
5892	1	0.845062
5893	1	0.845068
5894	1	0.845073
5895	3	0.845091
5897	1	0.845097
5899	1	0.845102
5900	2	0.845114
5901	3	0.845131
5902	3	0.845149
5903	2	0.84516
5904	1	0.845166
5905	1	0.845172
5908	1	0.845178
5911	2	0.845189
5912	1	0.845195
5913	3	0.845213
5915	1	0.845218
5916	4	0.845242
5917	2	0.845253
5919	3	0.845271
5920	1	0.845276
5921	1	0.845282
5923	1	0.845288
5924	2	0.8453
5925	1	0.845305
5926	4	0.845329
5927	1	0.845334
5928	1	0.84534
5929	2	0.845352
5930	3	0.845369
5932	2	0.845381
5933	1	0.845387
5936	1	0.845392
5938	3	0.84541
5939	2	0.845421
5940	2	0.845433
5942	2	0.845445
5943	1	0.84545
5945	1	0.845456
5948	2	0.845468
5949	2	0.845479
5950	2	0.845491
5951	1	0.845497
5952	4	0.84552
5953	4	0.845543
5954	2	0.845555
5955	2	0.845567
5959	1	0.845572
5960	4	0.845596
5962	1	0.845601
5963	2	0.845613
5964	1	0.845619
5965	1	0.845625
5966	3	0.845642
5968	1	0.845648
5970	5	0.845677
5971	2	0.845688
5972	1	0.845694
5974	1	0.8457
5975	1	0.845706
5976	1	0.845712
5977	1	0.845717
5978	3	0.845735
5979	1	0.845741
5980	1	0.845746
5981	1	0.845752
5983	1	0.845758
5984	2	0.84577
5985	1	0.845775
5986	3	0.845793
5987	2	0.845804
5988	1	0.84581
5989	3	0.845828
5990	3	0.845845
5991	1	0.845851
5992	3	0.845868
5993	2	0.84588
5994	1	0.845886
5995	1	0.845891
5996	1	0.845897
5997	1	0.845903
5999	1	0.845909
6001	1	0.845915
6003	3	0.845932
6004	3	0.845949
6005	3	0.845967
6006	3	0.845984
6007	3	0.846002
6008	2	0.846013
6010	3	0.846031
6011	2	0.846042
6012	2	0.846054
6014	1	0.84606
6016	3	0.846077
6017	1	0.846083
6018	1	0.846089
6019	1	0.846094
6020	2	0.846106
6021	2	0.846118
6022	2	0.846129
6023	1	0.846135
6024	2	0.846147
6026	1	0.846153
6028	2	0.846164
6029	2	0.846176
6030	1	0.846182
6031	2	0.846193
6032	1	0.846199
6033	4	0.846222
6034	2	0.846234
6035	1	0.84624
6036	3	0.846257
6037	6	0.846292
6038	1	0.846298
6039	2	0.846309
6040	3	0.846327
6041	1	0.846332
6042	1	0.846338
6043	4	0.846361
6046	1	0.846367
6050	1	0.846373
6051	2	0.846385
6052	2	0.846396
6053	1	0.846402
6056	1	0.846408
6057	2	0.846419
6058	1	0.846425
6060	1	0.846431
6061	3	0.846448
6062	1	0.846454
6063	1	0.84646
6065	1	0.846466
6068	1	0.846472
6070	1	0.846477
6071	1	0.846483
6072	1	0.846489
6074	2	0.846501
6075	2	0.846512
6076	3	0.84653
6077	2	0.846541
6078	2	0.846553
6079	5	0.846582
6080	2	0.846593
6081	3	0.846611
6083	1	0.846617
6084	1	0.846622
6085	1	0.846628
6086	1	0.846634
6087	1	0.84664
6088	1	0.846646
6090	1	0.846651
6091	2	0.846663
6094	1	0.846669
6096	2	0.84668
6097	1	0.846686
6098	1	0.846692
6101	2	0.846704
6102	4	0.846727
6103	1	0.846733
6104	1	0.846738
6105	1	0.846744
6107	1	0.84675
6108	1	0.846756
6110	1	0.846762
6111	1	0.846768
6113	1	0.846773
6114	1	0.846779
6116	3	0.846797
6117	5	0.846826
6118	3	0.846843
6119	1	0.846849
6122	2	0.84686
6123	1	0.846866
6124	1	0.846872
6125	2	0.846884
6126	1	0.846889
6127	1	0.846895
6128	5	0.846924
6129	3	0.846942
6130	1	0.846947
6131	1	0.846953
6132	4	0.846976
6133	2	0.846988
6134	1	0.846994
6135	1	0.847
6137	1	0.847005
6139	1	0.847011
6140	1	0.847017
6141	2	0.847029
6143	1	0.847034
6146	3	0.847052
6147	1	0.847058
6148	3	0.847075
6150	1	0.847081
6151	2	0.847092
6152	3	0.84711
6153	2	0.847121
6154	1	0.847127
6155	1	0.847133
6156	1	0.847139
6157	1	0.847145
6165	2	0.847156
6166	1	0.847162
6167	1	0.847168
6169	3	0.847185
6170	1	0.847191
6171	1	0.847197
6173	2	0.847208
6176	3	0.847226
6179	3	0.847243
6180	2	0.847255
6181	2	0.847266
6182	3	0.847284
6184	1	0.84729
6185	2	0.847301
6186	3	0.847319
6187	2	0.84733
6188	1	0.847336
6191	1	0.847342
6192	1	0.847348
6193	1	0.847353
6194	1	0.847359
6196	1	0.847365
6197	3	0.847382
6198	1	0.847388
6200	2	0.8474
6201	1	0.847406
6202	2	0.847417
6204	2	0.847429
6206	1	0.847435
6207	1	0.847441
6208	1	0.847446
6209	3	0.847464
6210	1	0.84747
6211	3	0.847487
6212	3	0.847504
6213	1	0.84751
6214	2	0.847522
6215	3	0.847539
6216	1	0.847545
6218	1	0.847551
6219	1	0.847557
6221	1	0.847562
6222	2	0.847574
6223	3	0.847591
6224	4	0.847615
6225	1	0.84762
6228	2	0.847632
6229	3	0.847649
6230	1	0.847655
6232	1	0.847661
6233	2	0.847673
6234	1	0.847678
6235	1	0.847684
6236	3	0.847702
6237	3	0.847719
6238	2	0.847731
6239	1	0.847736
6240	1	0.847742
6241	1	0.847748
6242	1	0.847754
6243	2	0.847765
6244	2	0.847777
6245	1	0.847783
6247	1	0.847789
6249	2	0.8478
6250	2	0.847812
6252	2	0.847823
6253	1	0.847829
6254	1	0.847835
6256	1	0.847841
6259	2	0.847852
6261	2	0.847864
6262	1	0.84787
6270	4	0.847893
6271	1	0.847899
6272	3	0.847916
6274	1	0.847922
6275	1	0.847928
6276	2	0.847939
6279	1	0.847945
6280	2	0.847957
6282	1	0.847963
6284	2	0.847974
6286	3	0.847992
6287	1	0.847997
6288	1	0.848003
6289	1	0.848009
6291	1	0.848015
6292	1	0.848021
6293	1	0.848027
6295	1	0.848032
6298	1	0.848038
6300	3	0.848056
6302	1	0.848061
6303	1	0.848067
6304	2	0.848079
6306	4	0.848102
6307	4	0.848125
6311	2	0.848137
6313	2	0.848148
6315	1	0.848154
6317	2	0.848166
6318	2	0.848177
6321	1	0.848183
6322	1	0.848189
6324	1	0.848195
6325	2	0.848206
6326	1	0.848212
6327	1	0.848218
6329	1	0.848224
6331	1	0.84823
6332	1	0.848235
6333	4	0.848259
6334	3	0.848276
6335	2	0.848288
6336	2	0.848299
6339	2	0.848311
6340	2	0.848322
6341	1	0.848328
6342	1	0.848334
6343	2	0.848346
6344	1	0.848351
6347	3	0.848369
6348	7	0.848409
6349	1	0.848415
6350	3	0.848433
6353	2	0.848444
6356	1	0.84845
6358	2	0.848462
6361	1	0.848467
6362	1	0.848473
6364	2	0.848485
6365	1	0.848491
6366	1	0.848496
6368	2	0.848508
6369	3	0.848525
6370	1	0.848531
6372	1	0.848537
6374	1	0.848543
6376	2	0.848554
6377	2	0.848566
6378	2	0.848578
6380	2	0.848589
6381	1	0.848595
6382	1	0.848601
6384	3	0.848618
6385	1	0.848624
6386	1	0.84863
6390	4	0.848653
6392	2	0.848665
6395	2	0.848676
6396	1	0.848682
6398	2	0.848694
6400	1	0.8487
6402	2	0.848711
6403	1	0.848717
6408	5	0.848746
6410	2	0.848758
6412	1	0.848763
6414	1	0.848769
6415	2	0.848781
6416	2	0.848792
6419	3	0.84881
6420	2	0.848821
6421	2	0.848833
6424	1	0.848839
6426	1	0.848845
6427	1	0.84885
6428	3	0.848868
6429	1	0.848874
6431	2	0.848885
6432	3	0.848903
6433	1	0.848908
6434	2	0.84892
6436	4	0.848943
6437	1	0.848949
6438	2	0.848961
6440	1	0.848966
6442	2	0.848978
6443	2	0.84899
6444	1	0.848995
6447	1	0.849001
6450	1	0.849007
6453	1	0.849013
6455	1	0.849019
6457	2	0.84903
6459	1	0.849036
6461	1	0.849042
6462	2	0.849053
6463	1	0.849059
6464	1	0.849065
6466	1	0.849071
6467	1	0.849077
6468	1	0.849082
6469	2	0.849094
6471	2	0.849106
6473	1	0.849111
6474	2	0.849123
6475	2	0.849135
6477	1	0.84914
6478	2	0.849152
6480	1	0.849158
6481	1	0.849164
6482	1	0.849169
6483	2	0.849181
6485	1	0.849187
6486	2	0.849198
6487	2	0.84921
6488	3	0.849227
6490	1	0.849233
6491	4	0.849256
6493	1	0.849262
6494	1	0.849268
6496	1	0.849274
6497	1	0.84928
6498	1	0.849286
6500	1	0.849291
6501	2	0.849303
6503	1	0.849309
6504	2	0.84932
6505	3	0.849338
6506	2	0.849349
6508	2	0.849361
6509	1	0.849367
6510	2	0.849378
6513	1	0.849384
6514	1	0.84939
6515	1	0.849396
6516	1	0.849402
6517	2	0.849413
6519	2	0.849425
6522	1	0.849431
6523	2	0.849442
6524	2	0.849454
6525	2	0.849465
6527	1	0.849471
6529	2	0.849483
6531	1	0.849489
6533	1	0.849494
6535	3	0.849512
6536	3	0.849529
6537	1	0.849535
6540	1	0.849541
6541	2	0.849552
6542	2	0.849564
6543	1	0.84957
6544	2	0.849581
6545	3	0.849599
6547	5	0.849628
6549	1	0.849634
6552	1	0.849639
6553	2	0.849651
6554	3	0.849668
6555	2	0.84968
6556	4	0.849703
6557	2	0.849715
6558	1	0.849721
6560	2	0.849732
6561	1	0.849738
6562	2	0.84975
6564	1	0.849755
6566	1	0.849761
6567	2	0.849773
6568	2	0.849784
6569	3	0.849802
6570	3	0.849819
6571	3	0.849837
6572	2	0.849848
6573	3	0.849866
6574	2	0.849877
6578	2	0.849889
6579	3	0.849906
6580	2	0.849918
6581	4	0.849941
6582	1	0.849947
6583	4	0.84997
6584	1	0.849976
6589	1	0.849982
6590	1	0.849988
6591	1	0.849993
6592	2	0.850005
6593	1	0.850011
6594	2	0.850022
6595	2	0.850034
6596	2	0.850046
6598	1	0.850051
6600	2	0.850063
6602	1	0.850069
6604	1	0.850075
6605	1	0.85008
6607	1	0.850086
6608	2	0.850098
6609	2	0.850109
6612	4	0.850133
6614	1	0.850138
6615	1	0.850144
6616	1	0.85015
6620	1	0.850156
6622	1	0.850162
6624	1	0.850167
6625	2	0.850179
6630	1	0.850185
6631	1	0.850191
6632	1	0.850196
6635	2	0.850208
6637	1	0.850214
6640	1	0.85022
6641	2	0.850231
6643	1	0.850237
6644	2	0.850249
6645	1	0.850254
6646	3	0.850272
6651	2	0.850283
6654	2	0.850295
6655	1	0.850301
6657	1	0.850307
6658	1	0.850312
6662	2	0.850324
6663	1	0.85033
6664	1	0.850336
6666	1	0.850341
6672	1	0.850347
6673	1	0.850353
6674	2	0.850365
6675	1	0.85037
6676	1	0.850376
6678	1	0.850382
6679	1	0.850388
6680	1	0.850394
6682	1	0.850399
6683	1	0.850405
6684	1	0.850411
6687	2	0.850423
6692	4	0.850446
6694	3	0.850463
6696	3	0.850481
6697	2	0.850492
6699	2	0.850504
6701	2	0.850515
6702	1	0.850521
6706	2	0.850533
6707	4	0.850556
6711	1	0.850562
6714	1	0.850568
6717	2	0.850579
6718	1	0.850585
6721	1	0.850591
6722	3	0.850608
6723	2	0.85062
6724	2	0.850632
6725	2	0.850643
6726	1	0.850649
6727	1	0.850655
6728	2	0.850666
6729	3	0.850684
6730	1	0.85069
6733	3	0.850707
6734	1	0.850713
6735	1	0.850719
6737	2	0.85073
6739	1	0.850736
6740	3	0.850753
6742	1	0.850759
6744	2	0.850771
6746	6	0.850806
6747	3	0.850823
6748	2	0.850835
6749	1	0.85084
6750	2	0.850852
6753	3	0.850869
6754	1	0.850875
6755	2	0.850887
6758	2	0.850898
6759	2	0.85091
6761	3	0.850927
6762	1	0.850933
6763	2	0.850945
6765	1	0.850951
6766	2	0.850962
6769	1	0.850968
6771	2	0.85098
6772	1	0.850985
6773	1	0.850991
6775	2	0.851003
6776	1	0.851009
6781	1	0.851014
6782	1	0.85102
6783	1	0.851026
6784	2	0.851038
6785	2	0.851049
6786	1	0.851055
6789	1	0.851061
6790	1	0.851067
6791	2	0.851078
6792	1	0.851084
6793	2	0.851096
6796	1	0.851101
6797	1	0.851107
6802	1	0.851113
6804	1	0.851119
6805	1	0.851125
6806	2	0.851136
6807	1	0.851142
6808	3	0.851159
6810	2	0.851171
6812	2	0.851183
6814	1	0.851189
6815	2	0.8512
6816	2	0.851212
6818	2	0.851223
6819	2	0.851235
6820	1	0.851241
6821	1	0.851247
6822	1	0.851252
6823	1	0.851258
6826	2	0.85127
6827	1	0.851276
6828	1	0.851281
6829	1	0.851287
6830	2	0.851299
6833	3	0.851316
6834	1	0.851322
6835	3	0.851339
6836	2	0.851351
6838	1	0.851357
6839	1	0.851363
6840	2	0.851374
6842	3	0.851392
6845	1	0.851397
6846	2	0.851409
6847	1	0.851415
6848	1	0.851421
6849	1	0.851426
6850	1	0.851432
6851	1	0.851438
6852	2	0.85145
6853	2	0.851461
6854	3	0.851479
6855	1	0.851484
6856	4	0.851508
6857	1	0.851513
6859	1	0.851519
6860	3	0.851537
6865	1	0.851542
6866	1	0.851548
6870	2	0.85156
6871	2	0.851571
6872	1	0.851577
6873	4	0.8516
6876	2	0.851612
6877	1	0.851618
6878	4	0.851641
6879	3	0.851658
6880	1	0.851664
6881	1	0.85167
6882	1	0.851676
6884	1	0.851682
6885	1	0.851687
6888	1	0.851693
6889	2	0.851705
6890	1	0.851711
6891	1	0.851716
6892	1	0.851722
6894	2	0.851734
6895	2	0.851745
6896	1	0.851751
6897	1	0.851757
6900	1	0.851763
6901	3	0.85178
6902	1	0.851786
6905	2	0.851798
6906	1	0.851804
6907	1	0.851809
6908	1	0.851815
6909	1	0.851821
6910	3	0.851838
6911	1	0.851844
6912	1	0.85185
6913	3	0.851867
6916	2	0.851879
6918	1	0.851885
6919	1	0.851891
6921	2	0.851902
6922	1	0.851908
6923	1	0.851914
6925	2	0.851925
6926	1	0.851931
6927	1	0.851937
6928	2	0.851949
6929	1	0.851954
6930	2	0.851966
6932	3	0.851983
6933	1	0.851989
6936	3	0.852007
6938	1	0.852012
6939	3	0.85203
6940	1	0.852036
6941	2	0.852047
6943	1	0.852053
6944	1	0.852059
6945	3	0.852076
6946	3	0.852094
6947	1	0.852099
6949	1	0.852105
6950	1	0.852111
6951	1	0.852117
6952	2	0.852128
6953	1	0.852134
6954	4	0.852157
6956	3	0.852175
6957	2	0.852186
6958	1	0.852192
6959	1	0.852198
6960	1	0.852204
6961	3	0.852221
6962	1	0.852227
6963	3	0.852244
6964	1	0.85225
6968	1	0.852256
6971	1	0.852262
6973	1	0.852268
6976	1	0.852273
6980	1	0.852279
6982	1	0.852285
6983	3	0.852302
6984	2	0.852314
6985	1	0.85232
6986	1	0.852326
6988	1	0.852331
6989	2	0.852343
6990	1	0.852349
6991	1	0.852355
6992	1	0.85236
6993	4	0.852384
6994	1	0.852389
6995	1	0.852395
6996	1	0.852401
6997	1	0.852407
6998	1	0.852413
7000	1	0.852418
7002	2	0.85243
7005	1	0.852436
7007	4	0.852459
7009	1	0.852465
7011	1	0.852471
7012	2	0.852482
7013	3	0.8525
7014	2	0.852511
7017	1	0.852517
7018	2	0.852529
7020	4	0.852552
7021	1	0.852558
7022	3	0.852575
7023	1	0.852581
7026	2	0.852593
7028	5	0.852622
7029	7	0.852662
7030	3	0.85268
7031	1	0.852685
7035	1	0.852691
7036	2	0.852703
7037	1	0.852709
7038	1	0.852714
7039	2	0.852726
7040	1	0.852732
7041	1	0.852738
7044	1	0.852743
7045	1	0.852749
7047	2	0.852761
7048	1	0.852767
7049	1	0.852772
7050	2	0.852784
7051	3	0.852801
7055	2	0.852813
7056	1	0.852819
7062	2	0.85283
7063	1	0.852836
7065	1	0.852842
7066	1	0.852848
7068	1	0.852854
7069	1	0.852859
7070	1	0.852865
7071	2	0.852877
7072	1	0.852883
7073	1	0.852888
7077	1	0.852894
7080	3	0.852912
7082	1	0.852917
7083	2	0.852929
7085	4	0.852952
7086	1	0.852958
7087	2	0.85297
7088	1	0.852975
7089	1	0.852981
7092	2	0.852993
7093	3	0.85301
7094	2	0.853022
7095	2	0.853033
7096	1	0.853039
7097	1	0.853045
7100	1	0.853051
7101	2	0.853063
7104	2	0.853074
7106	1	0.85308
7108	1	0.853086
7110	2	0.853097
7118	2	0.853109
7119	1	0.853115
7122	2	0.853126
7124	2	0.853138
7126	1	0.853144
7127	1	0.85315
7128	1	0.853155
7129	1	0.853161
7133	1	0.853167
7135	2	0.853179
7136	4	0.853202
7137	1	0.853208
7139	1	0.853213
7141	1	0.853219
7144	2	0.853231
7145	2	0.853242
7151	1	0.853248
7152	1	0.853254
7153	1	0.85326
7154	3	0.853277
7156	3	0.853295
7157	1	0.8533
7158	1	0.853306
7159	1	0.853312
7161	1	0.853318
7162	2	0.853329
7165	2	0.853341
7167	1	0.853347
7169	2	0.853358
7170	1	0.853364
7171	1	0.85337
7174	2	0.853382
7175	1	0.853387
7177	1	0.853393
7178	1	0.853399
7179	1	0.853405
7180	2	0.853416
7181	1	0.853422
7182	1	0.853428
7183	1	0.853434
7186	1	0.85344
7187	1	0.853445
7188	1	0.853451
7189	2	0.853463
7194	1	0.853469
7198	3	0.853486
7199	1	0.853492
7200	2	0.853503
7201	1	0.853509
7202	3	0.853527
7204	1	0.853532
7205	1	0.853538
7206	1	0.853544
7207	3	0.853561
7208	1	0.853567
7209	5	0.853596
7210	1	0.853602
7212	1	0.853608
7217	2	0.853619
7218	1	0.853625
7219	2	0.853637
7220	1	0.853643
7221	1	0.853648
7223	3	0.853666
7224	1	0.853672
7225	1	0.853677
7226	1	0.853683
7227	1	0.853689
7228	3	0.853707
7229	1	0.853712
7230	1	0.853718
7231	1	0.853724
7232	1	0.85373
7234	1	0.853736
7235	1	0.853741
7237	1	0.853747
7238	1	0.853753
7241	1	0.853759
7244	3	0.853776
7248	1	0.853782
7252	3	0.853799
7253	1	0.853805
7254	1	0.853811
7255	1	0.853817
7256	2	0.853828
7257	1	0.853834
7258	1	0.85384
7259	1	0.853846
7261	1	0.853852
7263	2	0.853863
7265	3	0.853881
7266	3	0.853898
7268	1	0.853904
7269	1	0.85391
7271	2	0.853921
7272	1	0.853927
7273	1	0.853933
7275	2	0.853944
7276	1	0.85395
7278	1	0.853956
7280	1	0.853962
7281	1	0.853968
7282	1	0.853973
7283	3	0.853991
7286	1	0.853997
7287	2	0.854008
7288	1	0.854014
7289	3	0.854031
7290	1	0.854037
7291	2	0.854049
7293	3	0.854066
7295	2	0.854078
7296	2	0.854089
7297	1	0.854095
7298	1	0.854101
7300	1	0.854107
7302	5	0.854136
7303	1	0.854142
7306	1	0.854147
7310	1	0.854153
7311	1	0.854159
7316	1	0.854165
7319	2	0.854176
7321	3	0.854194
7324	1	0.8542
7326	3	0.854217
7332	2	0.854229
7334	1	0.854234
7335	1	0.85424
7337	3	0.854258
7341	1	0.854263
7343	3	0.854281
7344	2	0.854292
7346	1	0.854298
7347	1	0.854304
7350	1	0.85431
7355	1	0.854316
7356	1	0.854322
7357	3	0.854339
7361	1	0.854345
7364	2	0.854356
7365	1	0.854362
7366	1	0.854368
7368	2	0.85438
7369	5	0.854409
7370	2	0.85442
7371	1	0.854426
7373	1	0.854432
7374	1	0.854438
7375	1	0.854443
7376	1	0.854449
7377	4	0.854472
7380	1	0.854478
7381	2	0.85449
7382	1	0.854496
7383	1	0.854501
7384	3	0.854519
7387	2	0.85453
7389	4	0.854554
7392	1	0.854559
7393	1	0.854565
7394	3	0.854583
7395	1	0.854588
7396	2	0.8546
7401	3	0.854617
7404	2	0.854629
7406	1	0.854635
7407	1	0.854641
7411	1	0.854646
7412	1	0.854652
7413	2	0.854664
7416	2	0.854675
7418	1	0.854681
7421	1	0.854687
7428	1	0.854693
7430	1	0.854699
7433	2	0.85471
7436	1	0.854716
7438	1	0.854722
7439	1	0.854728
7440	1	0.854733
7442	2	0.854745
7443	1	0.854751
7445	1	0.854757
7447	1	0.854762
7448	2	0.854774
7450	1	0.85478
7451	1	0.854786
7452	2	0.854797
7453	3	0.854815
7454	1	0.85482
7456	2	0.854832
7457	1	0.854838
7458	3	0.854855
7460	1	0.854861
7461	3	0.854878
7463	1	0.854884
7466	1	0.85489
7468	3	0.854907
7469	2	0.854919
7471	1	0.854925
7472	1	0.854931
7473	1	0.854936
7474	2	0.854948
7476	1	0.854954
7480	2	0.854966
7483	1	0.854971
7485	2	0.854983
7486	1	0.854989
7489	2	0.855
7490	1	0.855006
7493	1	0.855012
7494	3	0.855029
7495	4	0.855053
7498	1	0.855058
7499	2	0.85507
7500	1	0.855076
7501	1	0.855082
7502	1	0.855087
7503	1	0.855093
7504	2	0.855105
7505	1	0.855111
7506	1	0.855116
7507	4	0.85514
7510	1	0.855145
7511	2	0.855157
7512	1	0.855163
7515	4	0.855186
7517	1	0.855192
7520	2	0.855203
7521	1	0.855209
7522	1	0.855215
7524	1	0.855221
7525	1	0.855227
7526	1	0.855232
7528	1	0.855238
7529	1	0.855244
7534	2	0.855256
7535	2	0.855267
7536	2	0.855279
7538	2	0.85529
7539	2	0.855302
7542	1	0.855308
7545	2	0.855319
7546	1	0.855325
7548	1	0.855331
7549	2	0.855343
7550	1	0.855348
7551	1	0.855354
7552	4	0.855377
7553	2	0.855389
7555	2	0.855401
7557	1	0.855406
7560	1	0.855412
7561	1	0.855418
7563	1	0.855424
7564	1	0.85543
7566	1	0.855435
7570	2	0.855447
7571	1	0.855453
7576	2	0.855464
7578	1	0.85547
7579	3	0.855488
7580	1	0.855493
7584	1	0.855499
7586	2	0.855511
7588	1	0.855517
7591	2	0.855528
7592	2	0.85554
7593	1	0.855546
7595	1	0.855551
7596	3	0.855569
7598	1	0.855575
7599	1	0.855581
7601	1	0.855586
7602	1	0.855592
7604	3	0.85561
7605	1	0.855615
7606	2	0.855627
7609	1	0.855633
7610	1	0.855639
7613	3	0.855656
7614	1	0.855662
7615	1	0.855668
7616	2	0.855679
7618	1	0.855685
7620	1	0.855691
7621	1	0.855697
7622	1	0.855702
7627	1	0.855708
7628	1	0.855714
7629	2	0.855726
7630	1	0.855731
7631	3	0.855749
7633	1	0.855755
7635	1	0.85576
7636	1	0.855766
7637	1	0.855772
7641	1	0.855778
7643	1	0.855784
7645	1	0.855789
7646	1	0.855795
7648	2	0.855807
7650	1	0.855813
7651	1	0.855818
7652	1	0.855824
7654	2	0.855836
7656	1	0.855842
7657	1	0.855847
7658	1	0.855853
7663	2	0.855865
7665	3	0.855882
7668	1	0.855888
7670	3	0.855905
7671	2	0.855917
7672	1	0.855923
7673	1	0.855929
7674	1	0.855934
7676	1	0.85594
7677	4	0.855963
7679	1	0.855969
7680	1	0.855975
7681	3	0.855992
7686	2	0.856004
7690	1	0.85601
7693	2	0.856021
7695	3	0.856039
7696	1	0.856045
7697	3	0.856062
7702	1	0.856068
7703	1	0.856074
7705	1	0.856079
7708	2	0.856091
7712	2	0.856103
7715	1	0.856108
7718	1	0.856114
7724	1	0.85612
7727	4	0.856143
7731	1	0.856149
7732	1	0.856155
7733	1	0.856161
7734	1	0.856166
7736	1	0.856172
7737	1	0.856178
7739	1	0.856184
7742	2	0.856195
7743	1	0.856201
7744	1	0.856207
7746	3	0.856225
7747	1	0.85623
7748	1	0.856236
7749	1	0.856242
7750	1	0.856248
7751	1	0.856254
7752	2	0.856265
7753	2	0.856277
7755	1	0.856283
7757	1	0.856288
7758	2	0.8563
7759	1	0.856306
7760	1	0.856312
7768	1	0.856317
7769	1	0.856323
7770	1	0.856329
7771	1	0.856335
7772	1	0.856341
7773	2	0.856352
7777	2	0.856364
7784	3	0.856381
7785	1	0.856387
7787	3	0.856404
7788	2	0.856416
7789	1	0.856422
7790	1	0.856428
7796	2	0.856439
7799	1	0.856445
7802	1	0.856451
7803	1	0.856457
7804	1	0.856462
7805	2	0.856474
7806	1	0.85648
7807	1	0.856486
7808	1	0.856491
7809	3	0.856509
7813	1	0.856515
7815	1	0.85652
7816	1	0.856526
7818	1	0.856532
7819	4	0.856555
7820	1	0.856561
7821	1	0.856567
7824	2	0.856578
7825	1	0.856584
7827	1	0.85659
7828	2	0.856602
7830	2	0.856613
7831	1	0.856619
7833	1	0.856625
7834	1	0.856631
7836	1	0.856636
7840	1	0.856642
7841	1	0.856648
7842	1	0.856654
7845	3	0.856671
7847	2	0.856683
7848	2	0.856694
7850	2	0.856706
7851	5	0.856735
7852	1	0.856741
7853	2	0.856752
7855	1	0.856758
7856	2	0.85677
7858	2	0.856781
7862	2	0.856793
7863	1	0.856799
7864	2	0.85681
7865	2	0.856822
7866	1	0.856828
7867	3	0.856845
7869	1	0.856851
7871	1	0.856857
7872	2	0.856869
7877	1	0.856874
7878	2	0.856886
7879	2	0.856898
7880	2	0.856909
7882	4	0.856932
7883	1	0.856938
7886	1	0.856944
7889	1	0.85695
7890	1	0.856956
7891	5	0.856985
7893	1	0.85699
7894	2	0.857002
7904	1	0.857008
7905	1	0.857014
7906	1	0.857019
7907	3	0.857037
7908	2	0.857048
7911	1	0.857054
7915	1	0.85706
7916	1	0.857066
7917	2	0.857077
7920	2	0.857089
7923	1	0.857095
7926	1	0.857101
7927	1	0.857106
7930	2	0.857118
7931	2	0.85713
7932	1	0.857135
7933	2	0.857147
7934	2	0.857159
7936	2	0.85717
7938	1	0.857176
7942	1	0.857182
7943	3	0.857199
7944	1	0.857205
7950	1	0.857211
7953	2	0.857222
7954	1	0.857228
7956	1	0.857234
7958	1	0.85724
7959	2	0.857251
7960	2	0.857263
7961	2	0.857275
7962	1	0.85728
7963	1	0.857286
7965	1	0.857292
7967	1	0.857298
7968	2	0.857309
7971	1	0.857315
7972	2	0.857327
7973	1	0.857333
7974	1	0.857338
7975	1	0.857344
7976	3	0.857362
7977	1	0.857367
7978	1	0.857373
7979	1	0.857379
7981	2	0.857391
7982	2	0.857402
7983	1	0.857408
7985	3	0.857425
7986	1	0.857431
7987	1	0.857437
7988	1	0.857443
7990	2	0.857454
7991	1	0.85746
7992	3	0.857478
7996	1	0.857484
7998	1	0.857489
8000	1	0.857495
8001	1	0.857501
8002	3	0.857518
8004	1	0.857524
8005	1	0.85753
8006	2	0.857542
8007	3	0.857559
8008	2	0.857571
8009	1	0.857576
8010	1	0.857582
8013	1	0.857588
8015	2	0.8576
8016	1	0.857605
8017	1	0.857611
8018	1	0.857617
8020	1	0.857623
8021	2	0.857634
8022	2	0.857646
8023	1	0.857652
8024	2	0.857663
8026	1	0.857669
8027	3	0.857687
8030	4	0.85771
8031	3	0.857727
8032	1	0.857733
8033	2	0.857745
8034	1	0.85775
8038	1	0.857756
8039	1	0.857762
8042	3	0.857779
8044	1	0.857785
8045	1	0.857791
8048	2	0.857803
8049	1	0.857808
8051	2	0.85782
8053	1	0.857826
8054	1	0.857832
8055	1	0.857837
8056	2	0.857849
8057	1	0.857855
8058	2	0.857866
8060	1	0.857872
8062	3	0.85789
8063	2	0.857901
8065	1	0.857907
8068	1	0.857913
8069	1	0.857919
8070	2	0.85793
8071	1	0.857936
8076	1	0.857942
8077	3	0.857959
8078	1	0.857965
8079	1	0.857971
8080	1	0.857977
8081	1	0.857982
8082	2	0.857994
8085	1	0.858
8088	2	0.858011
8089	2	0.858023
8090	1	0.858029
8092	1	0.858035
8093	2	0.858046
8094	4	0.858069
8101	1	0.858075
8103	2	0.858087
8104	1	0.858093
8105	2	0.858104
8108	1	0.85811
8110	1	0.858116
8111	2	0.858128
8112	2	0.858139
8113	1	0.858145
8114	1	0.858151
8115	1	0.858157
8119	2	0.858168
8121	1	0.858174
8122	2	0.858186
8124	1	0.858191
8127	1	0.858197
8128	1	0.858203
8129	2	0.858215
8132	1	0.85822
8139	2	0.858232
8140	2	0.858244
8141	1	0.858249
8151	1	0.858255
8152	3	0.858273
8153	1	0.858278
8156	2	0.85829
8157	1	0.858296
8158	1	0.858302
8161	1	0.858307
8164	2	0.858319
8165	1	0.858325
8166	1	0.858331
8168	2	0.858342
8170	1	0.858348
8173	3	0.858365
8174	1	0.858371
8178	1	0.858377
8182	1	0.858383
8183	2	0.858394
8185	1	0.8584
8188	1	0.858406
8190	1	0.858412
8192	1	0.858418
8193	3	0.858435
8195	1	0.858441
8197	1	0.858447
8199	1	0.858452
8202	1	0.858458
8203	1	0.858464
8205	1	0.85847
8207	1	0.858476
8209	1	0.858481
8211	1	0.858487
8214	1	0.858493
8216	2	0.858505
8218	1	0.85851
8219	1	0.858516
8221	1	0.858522
8222	1	0.858528
8224	1	0.858534
8225	2	0.858545
8227	1	0.858551
8228	3	0.858568
8232	2	0.85858
8233	1	0.858586
8236	1	0.858592
8237	1	0.858597
8238	2	0.858609
8239	2	0.858621
8241	1	0.858626
8245	1	0.858632
8247	1	0.858638
8249	1	0.858644
8250	2	0.858655
8251	1	0.858661
8252	2	0.858673
8255	1	0.858679
8256	1	0.858684
8258	3	0.858702
8259	1	0.858708
8261	1	0.858713
8262	1	0.858719
8264	1	0.858725
8267	1	0.858731
8270	1	0.858737
8273	4	0.85876
8277	1	0.858766
8281	1	0.858772
8282	1	0.858777
8284	1	0.858783
8285	1	0.858789
8286	3	0.858806
8287	1	0.858812
8294	1	0.858818
8296	2	0.85883
8297	1	0.858835
8298	1	0.858841
8300	1	0.858847
8302	1	0.858853
8307	1	0.858859
8310	1	0.858864
8312	1	0.85887
8313	2	0.858882
8316	1	0.858888
8317	1	0.858893
8319	1	0.858899
8321	2	0.858911
8322	1	0.858917
8327	2	0.858928
8328	3	0.858946
8329	1	0.858951
8331	5	0.85898
8332	1	0.858986
8333	1	0.858992
8336	2	0.859004
8337	1	0.859009
8338	1	0.859015
8347	1	0.859021
8349	2	0.859033
8351	1	0.859038
8352	1	0.859044
8354	1	0.85905
8358	1	0.859056
8361	2	0.859067
8362	1	0.859073
8364	1	0.859079
8365	1	0.859085
8366	1	0.859091
8367	2	0.859102
8368	1	0.859108
8369	1	0.859114
8371	1	0.85912
8372	1	0.859125
8374	1	0.859131
8375	1	0.859137
8378	1	0.859143
8379	1	0.859149
8380	2	0.85916
8381	1	0.859166
8384	2	0.859178
8386	1	0.859183
8388	2	0.859195
8389	1	0.859201
8390	1	0.859207
8393	1	0.859212
8395	1	0.859218
8400	1	0.859224
8402	1	0.85923
8404	2	0.859241
8405	3	0.859259
8406	1	0.859265
8407	1	0.85927
8408	3	0.859288
8409	2	0.859299
8410	1	0.859305
8411	2	0.859317
8414	1	0.859323
8415	1	0.859328
8419	1	0.859334
8421	1	0.85934
8423	1	0.859346
8424	1	0.859352
8425	1	0.859358
8426	2	0.859369
8427	1	0.859375
8428	4	0.859398
8429	2	0.85941
8431	4	0.859433
8433	1	0.859439
8434	1	0.859445
8437	1	0.85945
8438	1	0.859456
8441	1	0.859462
8442	3	0.859479
8443	4	0.859503
8447	1	0.859508
8448	1	0.859514
8450	1	0.85952
8451	1	0.859526
8452	1	0.859532
8454	1	0.859537
8456	2	0.859549
8458	1	0.859555
8460	1	0.859561
8461	1	0.859566
8462	2	0.859578
8464	1	0.859584
8465	2	0.859595
8466	1	0.859601
8467	2	0.859613
8468	1	0.859619
8471	2	0.85963
8473	1	0.859636
8475	1	0.859642
8476	1	0.859648
8478	2	0.859659
8480	1	0.859665
8481	1	0.859671
8486	2	0.859682
8487	1	0.859688
8489	3	0.859706
8490	2	0.859717
8491	2	0.859729
8494	1	0.859735
8495	1	0.85974
8498	3	0.859758
8499	3	0.859775
8500	3	0.859793
8501	1	0.859798
8502	1	0.859804
8503	2	0.859816
8504	1	0.859822
8505	2	0.859833
8506	1	0.859839
8508	2	0.859851
8510	2	0.859862
8511	1	0.859868
8512	1	0.859874
8513	1	0.85988
8516	1	0.859885
8517	1	0.859891
8520	1	0.859897
8521	2	0.859909
8524	1	0.859914
8529	1	0.85992
8530	1	0.859926
8531	1	0.859932
8532	1	0.859938
8534	1	0.859943
8537	2	0.859955
8540	1	0.859961
8541	2	0.859972
8542	2	0.859984
8543	1	0.85999
8544	2	0.860002
8547	1	0.860007
8550	2	0.860019
8551	1	0.860025
8552	2	0.860036
8553	1	0.860042
8557	1	0.860048
8558	1	0.860054
8559	3	0.860071
8561	1	0.860077
8562	2	0.860089
8564	1	0.860094
8565	1	0.8601
8567	1	0.860106
8569	1	0.860112
8570	1	0.860118
8571	1	0.860123
8573	1	0.860129
8575	2	0.860141
8580	2	0.860152
8581	1	0.860158
8583	2	0.86017
8586	2	0.860181
8588	3	0.860199
8590	1	0.860205
8591	1	0.86021
8594	2	0.860222
8595	2	0.860234
8596	1	0.860239
8598	2	0.860251
8602	1	0.860257
8605	1	0.860263
8607	2	0.860274
8613	1	0.86028
8614	1	0.860286
8617	1	0.860292
8618	1	0.860297
8621	3	0.860315
8624	1	0.860321
8625	1	0.860326
8626	2	0.860338
8629	1	0.860344
8630	2	0.860355
8631	1	0.860361
8632	1	0.860367
8633	1	0.860373
8636	1	0.860379
8637	1	0.860384
8638	2	0.860396
8639	1	0.860402
8640	1	0.860408
8641	2	0.860419
8643	1	0.860425
8644	1	0.860431
8646	1	0.860437
8651	1	0.860442
8652	1	0.860448
8655	2	0.86046
8656	1	0.860466
8657	1	0.860471
8658	2	0.860483
8659	1	0.860489
8660	1	0.860495
8662	1	0.8605
8665	1	0.860506
8666	1	0.860512
8667	1	0.860518
8669	1	0.860524
8673	2	0.860535
8678	2	0.860547
8685	1	0.860553
8687	1	0.860558
8689	1	0.860564
8693	1	0.86057
8694	1	0.860576
8696	1	0.860582
8697	2	0.860593
8699	1	0.860599
8703	2	0.860611
8705	1	0.860617
8706	2	0.860628
8710	3	0.860646
8712	3	0.860663
8714	2	0.860675
8715	1	0.86068
8717	2	0.860692
8719	1	0.860698
8721	1	0.860704
8722	1	0.860709
8723	1	0.860715
8724	1	0.860721
8725	4	0.860744
8727	1	0.86075
8728	1	0.860756
8731	1	0.860762
8734	1	0.860767
8735	1	0.860773
8736	2	0.860785
8737	1	0.860791
8740	1	0.860796
8741	1	0.860802
8742	1	0.860808
8749	4	0.860831
8753	1	0.860837
8755	2	0.860849
8756	2	0.86086
8757	3	0.860878
8760	2	0.860889
8762	1	0.860895
8763	1	0.860901
8767	1	0.860907
8768	3	0.860924
8769	1	0.86093
8770	3	0.860947
8771	1	0.860953
8772	1	0.860959
8773	2	0.86097
8777	1	0.860976
8778	1	0.860982
8779	2	0.860994
8780	1	0.860999
8781	1	0.861005
8786	1	0.861011
8787	1	0.861017
8788	1	0.861023
8791	2	0.861034
8794	1	0.86104
8795	1	0.861046
8798	1	0.861052
8799	2	0.861063
8803	2	0.861075
8804	1	0.861081
8807	1	0.861086
8808	4	0.86111
8809	2	0.861121
8811	1	0.861127
8816	1	0.861133
8817	2	0.861144
8821	1	0.86115
8822	1	0.861156
8825	2	0.861168
8826	3	0.861185
8827	1	0.861191
8828	1	0.861197
8829	1	0.861202
8830	2	0.861214
8832	1	0.86122
8833	1	0.861226
8836	1	0.861231
8837	2	0.861243
8839	4	0.861266
8840	1	0.861272
8844	1	0.861278
8849	1	0.861284
8851	2	0.861295
8852	2	0.861307
8853	1	0.861313
8855	1	0.861319
8857	1	0.861324
8858	1	0.86133
8859	1	0.861336
8860	1	0.861342
8864	1	0.861348
8865	3	0.861365
8868	1	0.861371
8870	1	0.861377
8872	1	0.861382
8874	1	0.861388
8877	1	0.861394
8878	2	0.861406
8879	1	0.861411
8881	2	0.861423
8883	1	0.861429
8884	1	0.861435
8887	2	0.861446
8888	1	0.861452
8889	3	0.861469
8891	2	0.861481
8892	2	0.861493
8894	1	0.861498
8896	1	0.861504
8897	2	0.861516
8900	1	0.861522
8902	2	0.861533
8904	1	0.861539
8905	1	0.861545
8906	1	0.861551
8907	3	0.861568
8910	2	0.86158
8911	1	0.861585
8912	1	0.861591
8913	1	0.861597
8914	1	0.861603
8916	3	0.86162
8917	1	0.861626
8919	1	0.861632
8920	1	0.861638
8922	4	0.861661
8926	1	0.861667
8928	2	0.861678
8929	2	0.86169
8930	2	0.861701
8935	1	0.861707
8937	3	0.861725
8941	1	0.86173
8942	1	0.861736
8943	1	0.861742
8947	1	0.861748
8948	1	0.861754
8951	2	0.861765
8952	1	0.861771
8954	1	0.861777
8957	1	0.861783
8965	1	0.861788
8966	2	0.8618
8967	1	0.861806
8968	1	0.861812
8970	1	0.861817
8971	1	0.861823
8973	2	0.861835
8974	1	0.861841
8977	1	0.861846
8981	3	0.861864
8982	1	0.86187
8984	2	0.861881
8986	1	0.861887
8987	1	0.861893
8988	3	0.86191
8990	1	0.861916
8992	1	0.861922
8993	2	0.861934
8999	2	0.861945
9002	1	0.861951
9006	1	0.861957
9013	1	0.861963
9019	1	0.861968
9020	2	0.86198
9021	3	0.861997
9022	2	0.862009
9023	1	0.862015
9025	1	0.862021
9028	1	0.862026
9029	1	0.862032
9030	1	0.862038
9031	1	0.862044
9035	1	0.86205
9036	1	0.862055
9037	2	0.862067
9040	1	0.862073
9041	1	0.862079
9042	1	0.862084
9043	1	0.86209
9044	1	0.862096
9045	1	0.862102
9051	1	0.862108
9056	2	0.862119
9057	1	0.862125
9060	1	0.862131
9061	2	0.862142
9062	1	0.862148
9066	1	0.862154
9067	1	0.86216
9072	1	0.862166
9075	1	0.862171
9077	1	0.862177
9080	2	0.862189
9082	1	0.862195
9088	3	0.862212
9092	2	0.862224
9094	1	0.862229
9095	1	0.862235
9099	2	0.862247
9101	1	0.862253
9104	2	0.862264
9106	1	0.86227
9107	1	0.862276
9112	1	0.862282
9117	1	0.862287
9118	1	0.862293
9119	2	0.862305
9120	1	0.862311
9121	1	0.862316
9122	1	0.862322
9123	1	0.862328
9127	1	0.862334
9129	1	0.86234
9131	3	0.862357
9132	3	0.862374
9133	1	0.86238
9136	2	0.862392
9137	1	0.862398
9138	1	0.862403
9139	1	0.862409
9140	2	0.862421
9142	1	0.862427
9144	1	0.862432
9145	1	0.862438
9146	1	0.862444
9154	1	0.86245
9155	1	0.862456
9157	4	0.862479
9158	1	0.862485
9159	2	0.862496
9162	1	0.862502
9164	3	0.86252
9166	2	0.862531
9167	3	0.862549
9168	2	0.86256
9169	1	0.862566
9170	2	0.862578
9173	1	0.862583
9175	2	0.862595
9176	1	0.862601
9178	1	0.862607
9179	1	0.862612
9180	2	0.862624
9181	2	0.862636
9182	2	0.862647
9183	1	0.862653
9184	1	0.862659
9185	1	0.862665
9186	3	0.862682
9187	3	0.862699
9188	2	0.862711
9189	3	0.862728
9192	3	0.862746
9194	3	0.862763
9199	1	0.862769
9201	2	0.862781
9203	2	0.862792
9205	2	0.862804
9207	2	0.862815
9208	2	0.862827
9210	2	0.862839
9211	1	0.862844
9212	1	0.86285
9214	1	0.862856
9215	1	0.862862
9217	1	0.862868
9218	1	0.862873
9220	2	0.862885
9222	1	0.862891
9223	2	0.862902
9224	1	0.862908
9225	1	0.862914
9228	2	0.862926
9229	3	0.862943
9231	1	0.862949
9233	4	0.862972
9234	1	0.862978
9236	1	0.862984
9237	1	0.862989
9239	1	0.862995
9240	1	0.863001
9241	1	0.863007
9242	1	0.863013
9243	2	0.863024
9244	2	0.863036
9246	2	0.863047
9248	2	0.863059
9250	1	0.863065
9251	1	0.863071
9252	1	0.863076
9254	1	0.863082
9256	3	0.8631
9258	1	0.863105
9260	1	0.863111
9262	1	0.863117
9265	1	0.863123
9266	1	0.863129
9269	1	0.863135
9271	1	0.86314
9275	1	0.863146
9276	2	0.863158
9277	2	0.863169
9278	1	0.863175
9280	1	0.863181
9281	2	0.863193
9282	1	0.863198
9284	1	0.863204
9288	1	0.86321
9289	1	0.863216
9290	2	0.863227
9293	1	0.863233
9296	1	0.863239
9297	2	0.863251
9299	1	0.863256
9303	1	0.863262
9304	1	0.863268
9307	2	0.86328
9308	2	0.863291
9309	2	0.863303
9310	3	0.86332
9312	1	0.863326
9314	1	0.863332
9315	1	0.863338
9316	1	0.863343
9317	1	0.863349
9318	1	0.863355
9319	1	0.863361
9321	3	0.863378
9322	1	0.863384
9328	2	0.863396
9329	1	0.863401
9332	1	0.863407
9333	1	0.863413
9334	2	0.863425
9335	1	0.86343
9336	1	0.863436
9339	2	0.863448
9340	1	0.863454
9341	1	0.863459
9342	1	0.863465
9343	1	0.863471
9344	1	0.863477
9347	2	0.863488
9349	2	0.8635
9351	1	0.863506
9355	1	0.863512
9357	1	0.863517
9362	1	0.863523
9363	2	0.863535
9364	1	0.863541
9366	1	0.863546
9367	1	0.863552
9368	2	0.863564
9369	1	0.86357
9370	2	0.863581
9371	2	0.863593
9374	2	0.863604
9375	1	0.86361
9376	1	0.863616
9378	1	0.863622
9379	1	0.863628
9380	1	0.863633
9381	1	0.863639
9383	1	0.863645
9386	1	0.863651
9387	1	0.863657
9388	1	0.863662
9389	2	0.863674
9400	1	0.86368
9402	1	0.863686
9406	1	0.863691
9410	1	0.863697
9412	2	0.863709
9413	1	0.863715
9419	1	0.86372
9420	2	0.863732
9421	1	0.863738
9422	1	0.863744
9424	1	0.863749
9425	2	0.863761
9426	2	0.863773
9428	1	0.863779
9430	1	0.863784
9433	1	0.86379
9434	1	0.863796
9436	1	0.863802
9437	1	0.863808
9439	1	0.863813
9440	1	0.863819
9441	2	0.863831
9443	2	0.863842
9447	1	0.863848
9448	3	0.863866
9449	1	0.863871
9451	1	0.863877
9462	1	0.863883
9463	1	0.863889
9465	1	0.863895
9466	1	0.8639
9468	1	0.863906
9469	2	0.863918
9470	2	0.863929
9471	2	0.863941
9473	2	0.863953
9476	1	0.863958
9478	3	0.863976
9479	1	0.863982
9480	3	0.863999
9483	1	0.864005
9485	2	0.864016
9486	1	0.864022
9487	1	0.864028
9488	4	0.864051
9489	2	0.864063
9494	5	0.864092
9496	1	0.864098
9497	1	0.864103
9499	1	0.864109
9500	2	0.864121
9501	2	0.864132
9504	1	0.864138
9505	1	0.864144
9507	2	0.864156
9508	2	0.864167
9509	1	0.864173
9510	1	0.864179
9511	3	0.864196
9512	1	0.864202
9513	1	0.864208
9514	2	0.864219
9516	2	0.864231
9520	2	0.864243
9522	1	0.864248
9523	1	0.864254
9524	1	0.86426
9528	1	0.864266
9530	2	0.864277
9534	1	0.864283
9535	1	0.864289
9538	3	0.864306
9541	2	0.864318
9546	3	0.864335
9549	3	0.864353
9550	1	0.864359
9555	2	0.86437
9556	1	0.864376
9557	1	0.864382
9558	1	0.864388
9560	4	0.864411
9563	1	0.864417
9564	1	0.864423
9565	2	0.864434
9566	1	0.86444
9570	1	0.864446
9573	1	0.864452
9575	1	0.864457
9576	1	0.864463
9577	1	0.864469
9578	1	0.864475
9579	1	0.864481
9583	1	0.864486
9584	2	0.864498
9585	1	0.864504
9587	1	0.86451
9591	1	0.864515
9593	1	0.864521
9595	2	0.864533
9597	1	0.864539
9600	1	0.864544
9601	1	0.86455
9607	2	0.864562
9609	1	0.864568
9611	2	0.864579
9613	1	0.864585
9614	1	0.864591
9615	1	0.864597
9616	1	0.864602
9617	1	0.864608
9618	1	0.864614
9625	1	0.86462
9627	1	0.864626
9629	1	0.864631
9630	1	0.864637
9636	5	0.864666
9639	1	0.864672
9641	1	0.864678
9647	1	0.864684
9648	1	0.864689
9649	1	0.864695
9650	1	0.864701
9653	2	0.864713
9654	1	0.864718
9655	1	0.864724
9656	1	0.86473
9657	2	0.864742
9658	1	0.864747
9660	3	0.864765
9661	1	0.864771
9666	1	0.864776
9667	2	0.864788
9668	1	0.864794
9670	1	0.8648
9671	2	0.864811
9672	3	0.864829
9678	2	0.86484
9680	1	0.864846
9682	1	0.864852
9684	1	0.864858
9687	2	0.864869
9688	2	0.864881
9689	1	0.864887
9690	1	0.864892
9700	1	0.864898
9706	1	0.864904
9707	2	0.864916
9711	1	0.864921
9713	2	0.864933
9715	2	0.864945
9716	1	0.86495
9718	1	0.864956
9721	1	0.864962
9722	1	0.864968
9723	1	0.864974
9727	1	0.864979
9728	1	0.864985
9729	1	0.864991
9730	2	0.865003
9732	2	0.865014
9734	2	0.865026
9735	3	0.865043
9737	1	0.865049
9738	2	0.865061
9739	2	0.865072
9741	3	0.86509
9742	3	0.865107
9743	1	0.865113
9744	2	0.865125
9745	1	0.86513
9747	1	0.865136
9748	1	0.865142
9751	1	0.865148
9752	1	0.865154
9753	2	0.865165
9756	1	0.865171
9757	3	0.865188
9758	1	0.865194
9760	4	0.865217
9761	1	0.865223
9762	2	0.865235
9763	1	0.865241
9765	1	0.865246
9768	1	0.865252
9769	1	0.865258
9771	1	0.865264
9773	1	0.86527
9774	1	0.865275
9777	2	0.865287
9778	1	0.865293
9780	2	0.865304
9781	2	0.865316
9782	2	0.865328
9784	1	0.865333
9785	2	0.865345
9786	1	0.865351
9789	2	0.865362
9790	2	0.865374
9792	1	0.86538
9794	1	0.865386
9795	1	0.865391
9796	1	0.865397
9797	1	0.865403
9798	1	0.865409
9799	2	0.86542
9801	2	0.865432
9803	4	0.865455
9805	2	0.865467
9806	1	0.865473
9809	5	0.865502
9811	1	0.865507
9813	1	0.865513
9814	1	0.865519
9815	1	0.865525
9818	1	0.865531
9820	1	0.865536
9822	1	0.865542
9823	1	0.865548
9825	1	0.865554
9826	1	0.86556
9829	1	0.865565
9836	1	0.865571
9837	1	0.865577
9839	1	0.865583
9842	1	0.865589
9845	1	0.865594
9846	2	0.865606
9849	1	0.865612
9852	1	0.865618
9854	1	0.865623
9861	1	0.865629
9864	1	0.865635
9865	1	0.865641
9866	1	0.865647
9868	1	0.865653
9870	1	0.865658
9871	4	0.865682
9872	1	0.865687
9875	3	0.865705
9876	1	0.865711
9878	1	0.865716
9882	1	0.865722
9884	1	0.865728
9887	2	0.86574
9888	3	0.865757
9889	3	0.865774
9891	2	0.865786
9895	1	0.865792
9896	1	0.865798
9898	1	0.865803
9899	1	0.865809
9900	3	0.865827
9901	1	0.865832
9902	1	0.865838
9907	2	0.86585
9908	2	0.865861
9911	1	0.865867
9912	3	0.865885
9917	1	0.86589
9919	1	0.865896
9920	1	0.865902
9922	1	0.865908
9923	1	0.865914
9929	2	0.865925
9933	1	0.865931
9934	1	0.865937
9935	1	0.865943
9936	3	0.86596
9939	2	0.865972
9941	3	0.865989
9942	3	0.866006
9943	1	0.866012
9944	1	0.866018
9948	2	0.86603
9951	1	0.866035
9956	1	0.866041
9958	1	0.866047
9959	1	0.866053
9961	1	0.866059
9962	1	0.866064
9965	2	0.866076
9968	1	0.866082
9969	2	0.866093
9973	2	0.866105
9974	2	0.866117
9976	2	0.866128
9977	2	0.86614
9979	4	0.866163
9980	1	0.866169
9981	1	0.866175
9985	1	0.86618
9986	1	0.866186
9988	2	0.866198
9989	1	0.866204
9994	1	0.866209
9996	1	0.866215
9997	1	0.866221
9998	1	0.866227
10000	1	0.866233
10003	1	0.866238
10008	1	0.866244
10009	1	0.86625
10010	1	0.866256
10012	1	0.866262
10014	1	0.866267
10018	1	0.866273
10020	1	0.866279
10022	1	0.866285
10032	2	0.866297
10033	1	0.866302
10035	2	0.866314
10039	3	0.866331
10041	1	0.866337
10043	4	0.86636
10045	1	0.866366
10048	1	0.866372
10052	1	0.866378
10053	1	0.866384
10054	2	0.866395
10058	1	0.866401
10059	2	0.866413
10068	1	0.866418
10071	1	0.866424
10073	2	0.866436
10077	1	0.866442
10080	1	0.866447
10081	1	0.866453
10082	1	0.866459
10093	1	0.866465
10096	1	0.866471
10097	1	0.866476
10098	1	0.866482
10107	1	0.866488
10109	1	0.866494
10110	1	0.8665
10114	2	0.866511
10115	1	0.866517
10116	1	0.866523
10118	2	0.866534
10125	1	0.86654
10127	1	0.866546
10128	1	0.866552
10132	1	0.866558
10133	1	0.866563
10134	3	0.866581
10136	1	0.866587
10138	1	0.866592
10139	1	0.866598
10142	1	0.866604
10145	1	0.86661
10147	1	0.866616
10149	1	0.866621
10151	1	0.866627
10158	1	0.866633
10159	2	0.866645
10162	1	0.86665
10164	1	0.866656
10167	2	0.866668
10172	2	0.866679
10173	1	0.866685
10174	1	0.866691
10179	3	0.866708
10180	1	0.866714
10182	1	0.86672
10188	1	0.866726
10193	1	0.866732
10194	1	0.866737
10198	2	0.866749
10202	1	0.866755
10204	1	0.866761
10205	1	0.866766
10208	1	0.866772
10209	1	0.866778
10211	2	0.86679
10214	2	0.866801
10216	1	0.866807
10220	2	0.866819
10224	3	0.866836
10226	1	0.866842
10227	2	0.866853
10230	1	0.866859
10231	2	0.866871
10235	2	0.866882
10236	1	0.866888
10239	1	0.866894
10240	1	0.8669
10242	1	0.866906
10243	1	0.866912
10244	1	0.866917
10245	1	0.866923
10247	1	0.866929
10249	1	0.866935
10252	2	0.866946
10254	3	0.866964
10257	1	0.86697
10260	1	0.866975
10262	1	0.866981
10265	2	0.866993
10267	1	0.866999
10271	1	0.867004
10272	1	0.86701
10273	1	0.867016
10274	1	0.867022
10275	1	0.867028
10279	1	0.867033
10282	1	0.867039
10285	1	0.867045
10286	2	0.867057
10287	1	0.867062
10292	1	0.867068
10293	1	0.867074
10294	1	0.86708
10295	1	0.867086
10297	1	0.867091
10299	1	0.867097
10303	1	0.867103
10304	1	0.867109
10310	1	0.867115
10311	2	0.867126
10312	1	0.867132
10314	1	0.867138
10318	1	0.867144
10320	1	0.867149
10321	3	0.867167
10328	1	0.867173
10332	1	0.867178
10334	1	0.867184
10340	1	0.86719
10342	1	0.867196
10343	1	0.867202
10344	2	0.867213
10345	1	0.867219
10349	1	0.867225
10350	1	0.867231
10351	1	0.867236
10355	2	0.867248
10357	1	0.867254
10360	1	0.86726
10361	2	0.867271
10365	1	0.867277
10367	1	0.867283
10368	1	0.867289
10371	1	0.867294
10378	3	0.867312
10383	1	0.867318
10385	1	0.867323
10386	1	0.867329
10387	2	0.867341
10389	1	0.867347
10391	2	0.867358
10395	1	0.867364
10397	1	0.86737
10398	1	0.867376
10400	1	0.867381
10403	2	0.867393
10406	1	0.867399
10408	4	0.867422
10409	3	0.867439
10410	1	0.867445
10411	1	0.867451
10412	1	0.867457
10418	2	0.867468
10419	1	0.867474
10420	3	0.867492
10421	1	0.867497
10423	1	0.867503
10425	1	0.867509
10426	1	0.867515
10427	2	0.867526
10429	1	0.867532
10433	2	0.867544
10437	1	0.86755
10438	1	0.867556
10444	1	0.867561
10450	2	0.867573
10451	1	0.867579
10453	2	0.86759
10454	1	0.867596
10457	1	0.867602
10458	2	0.867614
10459	1	0.867619
10461	1	0.867625
10463	1	0.867631
10467	1	0.867637
10468	5	0.867666
10469	2	0.867677
10472	1	0.867683
10474	2	0.867695
10475	1	0.867701
10480	1	0.867706
10481	1	0.867712
10482	1	0.867718
10484	1	0.867724
10488	1	0.86773
10495	2	0.867741
10500	1	0.867747
10502	1	0.867753
10503	1	0.867759
10505	1	0.867764
10507	2	0.867776
10510	1	0.867782
10513	3	0.867799
10515	1	0.867805
10516	2	0.867817
10520	1	0.867822
10523	1	0.867828
10524	1	0.867834
10526	1	0.86784
10527	2	0.867851
10529	1	0.867857
10530	1	0.867863
10531	1	0.867869
10533	1	0.867875
10534	1	0.86788
10535	1	0.867886
10537	1	0.867892
10539	3	0.867909
10540	1	0.867915
10541	1	0.867921
10543	2	0.867933
10545	1	0.867938
10546	3	0.867956
10547	1	0.867962
10548	1	0.867967
10550	1	0.867973
10552	1	0.867979
10559	3	0.867996
10562	2	0.868008
10563	1	0.868014
10566	2	0.868025
10572	1	0.868031
10573	3	0.868049
10576	1	0.868054
10578	1	0.86806
10579	1	0.868066
10582	1	0.868072
10583	1	0.868078
10584	2	0.868089
10590	1	0.868095
10591	1	0.868101
10593	1	0.868107
10595	1	0.868112
10596	2	0.868124
10599	1	0.86813
10603	2	0.868141
10604	1	0.868147
10607	1	0.868153
10609	1	0.868159
10611	3	0.868176
10612	5	0.868205
10614	1	0.868211
10616	2	0.868223
10618	1	0.868229
10624	1	0.868234
10626	2	0.868246
10628	2	0.868258
10629	2	0.868269
10635	2	0.868281
10637	1	0.868287
10640	2	0.868298
10644	1	0.868304
10646	1	0.86831
10647	1	0.868316
10649	1	0.868321
10650	2	0.868333
10652	1	0.868339
10653	1	0.868345
10654	1	0.86835
10656	2	0.868362
10657	1	0.868368
10658	3	0.868385
10660	1	0.868391
10661	1	0.868397
10663	1	0.868403
10664	2	0.868414
10666	1	0.86842
10670	1	0.868426
10672	1	0.868432
10676	3	0.868449
10677	1	0.868455
10678	3	0.868472
10680	1	0.868478
10681	2	0.86849
10682	3	0.868507
10684	2	0.868519
10686	1	0.868524
10687	1	0.86853
10688	4	0.868553
10693	1	0.868559
10694	2	0.868571
10698	2	0.868582
10699	1	0.868588
10700	1	0.868594
10702	2	0.868606
10703	2	0.868617
10704	2	0.868629
10712	1	0.868635
10714	1	0.86864
10716	1	0.868646
10717	1	0.868652
10723	1	0.868658
10725	1	0.868664
10728	2	0.868675
10729	2	0.868687
10733	1	0.868693
10736	1	0.868698
10740	1	0.868704
10741	1	0.86871
10744	1	0.868716
10745	1	0.868722
10746	2	0.868733
10748	1	0.868739
10749	1	0.868745
10750	2	0.868756
10752	1	0.868762
10753	1	0.868768
10754	2	0.86878
10755	1	0.868786
10756	1	0.868791
10758	1	0.868797
10763	1	0.868803
10764	1	0.868809
10765	1	0.868815
10766	1	0.86882
10772	1	0.868826
10775	1	0.868832
10778	2	0.868844
10779	1	0.868849
10780	2	0.868861
10781	1	0.868867
10782	1	0.868873
10785	1	0.868878
10788	1	0.868884
10791	4	0.868907
10792	1	0.868913
10795	1	0.868919
10797	1	0.868925
10801	1	0.868931
10802	1	0.868936
10806	3	0.868954
10810	2	0.868965
10812	1	0.868971
10814	1	0.868977
10818	2	0.868989
10821	1	0.868994
10822	1	0.869
10825	3	0.869018
10829	1	0.869023
10832	1	0.869029
10835	1	0.869035
10839	1	0.869041
10840	4	0.869064
10842	4	0.869087
10843	1	0.869093
10846	1	0.869099
10849	1	0.869105
10853	2	0.869116
10856	3	0.869134
10858	1	0.869139
10860	1	0.869145
10864	1	0.869151
10866	1	0.869157
10868	1	0.869163
10870	1	0.869168
10872	1	0.869174
10876	1	0.86918
10877	1	0.869186
10878	1	0.869192
10879	3	0.869209
10880	1	0.869215
10883	1	0.869221
10884	1	0.869226
10887	1	0.869232
10888	1	0.869238
10889	1	0.869244
10890	1	0.86925
10892	1	0.869255
10893	1	0.869261
10895	3	0.869279
10901	1	0.869284
10903	1	0.86929
10905	1	0.869296
10913	1	0.869302
10914	1	0.869308
10915	2	0.869319
10917	1	0.869325
10920	2	0.869337
10921	1	0.869342
10925	1	0.869348
10926	1	0.869354
10931	1	0.86936
10933	1	0.869366
10934	1	0.869371
10943	1	0.869377
10944	1	0.869383
10945	1	0.869389
10946	1	0.869395
10950	1	0.8694
10951	1	0.869406
10953	1	0.869412
10957	2	0.869424
10960	1	0.86943
10964	1	0.869435
10969	1	0.869441
10972	1	0.869447
10974	1	0.869453
10979	1	0.869459
10982	1	0.869464
10984	1	0.86947
10986	2	0.869482
10988	1	0.869488
10990	1	0.869493
10991	2	0.869505
10995	2	0.869517
10997	2	0.869528
10998	1	0.869534
10999	2	0.869546
11004	1	0.869551
11006	1	0.869557
11008	3	0.869575
11012	1	0.86958
11016	1	0.869586
11017	1	0.869592
11018	1	0.869598
11021	3	0.869615
11022	1	0.869621
11023	2	0.869633
11029	2	0.869644
11031	2	0.869656
11032	1	0.869662
11033	2	0.869673
11034	1	0.869679
11037	1	0.869685
11039	3	0.869702
11040	1	0.869708
11041	1	0.869714
11043	1	0.86972
11047	2	0.869731
11050	1	0.869737
11051	1	0.869743
11055	3	0.86976
11056	3	0.869778
11057	1	0.869783
11058	5	0.869812
11059	1	0.869818
11063	2	0.86983
11068	1	0.869836
11069	1	0.869841
11081	1	0.869847
11082	1	0.869853
11084	2	0.869865
11087	1	0.86987
11088	2	0.869882
11091	2	0.869894
11098	2	0.869905
11103	2	0.869917
11105	1	0.869923
11106	2	0.869934
11107	1	0.86994
11108	1	0.869946
11110	1	0.869952
11112	1	0.869957
11113	1	0.869963
11115	1	0.869969
11118	2	0.869981
11121	1	0.869986
11126	1	0.869992
11128	1	0.869998
11130	2	0.87001
11134	1	0.870015
11136	1	0.870021
11139	1	0.870027
11143	1	0.870033
11144	1	0.870039
11147	1	0.870045
11151	1	0.87005
11155	2	0.870062
11156	1	0.870068
11158	1	0.870074
11159	1	0.870079
11161	1	0.870085
11164	1	0.870091
11166	1	0.870097
11167	1	0.870103
11168	1	0.870108
11169	3	0.870126
11170	2	0.870137
11171	3	0.870155
11173	1	0.870161
11174	1	0.870166
11175	1	0.870172
11179	2	0.870184
11180	1	0.87019
11182	1	0.870195
11187	1	0.870201
11188	1	0.870207
11189	1	0.870213
11192	2	0.870224
11193	1	0.87023
11196	1	0.870236
11197	2	0.870248
11198	1	0.870253
11199	1	0.870259
11200	1	0.870265
11202	1	0.870271
11203	1	0.870277
11206	1	0.870282
11212	1	0.870288
11213	1	0.870294
11215	1	0.8703
11216	1	0.870306
11220	1	0.870311
11221	1	0.870317
11226	1	0.870323
11227	1	0.870329
11228	1	0.870335
11231	1	0.87034
11233	1	0.870346
11238	2	0.870358
11239	1	0.870364
11248	1	0.870369
11252	2	0.870381
11255	1	0.870387
11261	1	0.870393
11263	2	0.870404
11264	2	0.870416
11267	2	0.870427
11268	2	0.870439
11272	1	0.870445
11273	1	0.870451
11277	1	0.870456
11279	2	0.870468
11282	2	0.87048
11283	1	0.870485
11285	1	0.870491
11286	2	0.870503
11292	1	0.870509
11296	1	0.870514
11299	2	0.870526
11301	1	0.870532
11303	1	0.870538
11304	2	0.870549
11308	2	0.870561
11310	3	0.870578
11312	2	0.87059
11315	2	0.870601
11318	1	0.870607
11322	3	0.870625
11323	1	0.87063
11324	4	0.870654
11326	1	0.870659
11327	1	0.870665
11328	2	0.870677
11329	1	0.870683
11330	1	0.870689
11331	3	0.870706
11333	1	0.870712
11334	2	0.870723
11335	1	0.870729
11336	1	0.870735
11337	1	0.870741
11338	1	0.870747
11343	1	0.870752
11349	1	0.870758
11350	1	0.870764
11351	1	0.87077
11352	2	0.870781
11353	2	0.870793
11354	1	0.870799
11356	1	0.870805
11357	1	0.87081
11359	1	0.870816
11360	1	0.870822
11364	1	0.870828
11368	1	0.870834
11369	1	0.870839
11372	1	0.870845
11373	1	0.870851
11374	1	0.870857
11375	1	0.870863
11377	1	0.870868
11380	1	0.870874
11381	1	0.87088
11388	2	0.870892
11390	1	0.870897
11392	1	0.870903
11393	1	0.870909
11399	1	0.870915
11402	1	0.870921
11411	1	0.870926
11412	1	0.870932
11416	1	0.870938
11426	1	0.870944
11428	2	0.870955
11431	3	0.870973
11437	1	0.870979
11439	2	0.87099
11440	1	0.870996
11442	1	0.871002
11443	1	0.871008
11448	3	0.871025
11449	1	0.871031
11457	2	0.871042
11459	2	0.871054
11464	2	0.871066
11465	1	0.871071
11471	1	0.871077
11472	1	0.871083
11477	2	0.871095
11481	1	0.8711
11482	1	0.871106
11484	3	0.871124
11487	2	0.871135
11488	1	0.871141
11490	3	0.871158
11491	2	0.87117
11492	2	0.871182
11496	1	0.871187
11498	1	0.871193
11499	2	0.871205
11500	1	0.871211
11502	1	0.871216
11503	2	0.871228
11505	1	0.871234
11506	1	0.87124
11507	1	0.871245
11512	1	0.871251
11514	1	0.871257
11518	1	0.871263
11520	1	0.871269
11521	2	0.87128
11524	1	0.871286
11526	1	0.871292
11527	1	0.871298
11528	1	0.871304
11529	1	0.871309
11530	1	0.871315
11531	1	0.871321
11532	1	0.871327
11534	1	0.871333
11537	1	0.871338
11540	1	0.871344
11550	1	0.87135
11551	1	0.871356
11557	3	0.871373
11558	1	0.871379
11560	2	0.871391
11561	3	0.871408
11563	1	0.871414
11564	2	0.871425
11568	1	0.871431
11569	1	0.871437
11573	1	0.871443
11574	1	0.871449
11576	1	0.871454
11579	1	0.87146
11580	1	0.871466
11581	1	0.871472
11582	2	0.871483
11588	3	0.871501
11589	1	0.871507
11591	1	0.871512
11594	1	0.871518
11595	1	0.871524
11596	2	0.871536
11597	1	0.871541
11603	1	0.871547
11604	1	0.871553
11609	1	0.871559
11610	1	0.871565
11612	1	0.87157
11618	1	0.871576
11626	2	0.871588
11630	2	0.871599
11631	1	0.871605
11632	2	0.871617
11637	1	0.871623
11638	2	0.871634
11639	2	0.871646
11640	1	0.871652
11647	1	0.871657
11648	1	0.871663
11649	1	0.871669
11653	1	0.871675
11657	1	0.871681
11661	1	0.871686
11663	2	0.871698
11664	1	0.871704
11665	1	0.87171
11671	1	0.871715
11672	1	0.871721
11675	1	0.871727
11676	2	0.871739
11677	1	0.871744
11678	4	0.871768
11681	1	0.871773
11686	1	0.871779
11690	2	0.871791
11693	1	0.871797
11695	1	0.871802
11697	1	0.871808
11700	2	0.87182
11702	2	0.871831
11703	1	0.871837
11705	2	0.871849
11706	1	0.871855
11709	1	0.87186
11715	1	0.871866
11716	1	0.871872
11717	1	0.871878
11718	1	0.871884
11721	1	0.871889
11726	1	0.871895
11727	1	0.871901
11729	1	0.871907
11730	1	0.871913
11742	3	0.87193
11745	3	0.871948
11747	1	0.871953
11748	1	0.871959
11749	1	0.871965
11752	2	0.871977
11754	2	0.871988
11755	1	0.871994
11756	1	0.872
11759	1	0.872006
11761	1	0.872011
11762	1	0.872017
11764	4	0.87204
11765	2	0.872052
11766	1	0.872058
11767	2	0.872069
11768	2	0.872081
11769	1	0.872087
11771	1	0.872093
11772	2	0.872104
11773	1	0.87211
11774	1	0.872116
11777	3	0.872133
11781	1	0.872139
11782	1	0.872145
11783	1	0.872151
11788	1	0.872156
11794	1	0.872162
11795	1	0.872168
11800	1	0.872174
11804	1	0.87218
11806	2	0.872191
11807	1	0.872197
11812	1	0.872203
11813	1	0.872209
11819	1	0.872214
11820	1	0.87222
11821	2	0.872232
11824	1	0.872238
11825	1	0.872243
11826	1	0.872249
11828	1	0.872255
11829	2	0.872267
11830	2	0.872278
11833	3	0.872296
11835	1	0.872301
11836	4	0.872325
11842	2	0.872336
11843	1	0.872342
11844	2	0.872354
11847	1	0.872359
11851	1	0.872365
11852	1	0.872371
11854	1	0.872377
11856	1	0.872383
11858	1	0.872388
11864	1	0.872394
11866	1	0.8724
11867	1	0.872406
11868	1	0.872412
11870	1	0.872417
11871	1	0.872423
11876	1	0.872429
11877	2	0.872441
11878	1	0.872446
11879	2	0.872458
11880	2	0.87247
11883	3	0.872487
11885	1	0.872493
11887	1	0.872499
11888	1	0.872504
11889	1	0.87251
11895	1	0.872516
11896	1	0.872522
11897	1	0.872528
11898	1	0.872533
11901	1	0.872539
11904	1	0.872545
11909	1	0.872551
11911	3	0.872568
11912	1	0.872574
11917	1	0.87258
11919	1	0.872586
11921	1	0.872592
11923	1	0.872597
11924	1	0.872603
11927	1	0.872609
11929	1	0.872615
11934	2	0.872626
11935	1	0.872632
11937	1	0.872638
11940	1	0.872644
11942	1	0.87265
11943	1	0.872655
11944	1	0.872661
11945	1	0.872667
11946	1	0.872673
11957	1	0.872679
11958	1	0.872684
11959	1	0.87269
11962	1	0.872696
11966	2	0.872708
11967	2	0.872719
11969	1	0.872725
11973	1	0.872731
11974	3	0.872748
11976	2	0.87276
11979	2	0.872771
11986	1	0.872777
11987	1	0.872783
11988	1	0.872789
11990	1	0.872795
11995	1	0.8728
11997	1	0.872806
12001	1	0.872812
12004	1	0.872818
12008	1	0.872824
12009	2	0.872835
12014	1	0.872841
12015	1	0.872847
12017	1	0.872853
12018	1	0.872858
12028	1	0.872864
12029	1	0.87287
12032	1	0.872876
12033	1	0.872882
12038	1	0.872887
12040	2	0.872899
12045	2	0.872911
12046	1	0.872916
12047	2	0.872928
12048	1	0.872934
12049	1	0.87294
12051	1	0.872945
12052	1	0.872951
12055	3	0.872969
12056	1	0.872974
12058	2	0.872986
12064	1	0.872992
12065	1	0.872998
12071	3	0.873015
12075	1	0.873021
12077	1	0.873027
12079	4	0.87305
12081	2	0.873061
12084	2	0.873073
12085	1	0.873079
12086	1	0.873085
12095	1	0.87309
12098	1	0.873096
12099	1	0.873102
12100	1	0.873108
12101	1	0.873114
12103	1	0.873119
12104	1	0.873125
12105	2	0.873137
12106	2	0.873148
12108	3	0.873166
12109	2	0.873177
12114	2	0.873189
12116	1	0.873195
12118	1	0.873201
12121	3	0.873218
12122	1	0.873224
12124	1	0.87323
12125	1	0.873236
12126	1	0.873241
12127	1	0.873247
12128	1	0.873253
12131	2	0.873265
12132	2	0.873276
12134	1	0.873282
12140	1	0.873288
12141	1	0.873294
12149	1	0.873299
12150	1	0.873305
12151	2	0.873317
12152	1	0.873323
12154	2	0.873334
12161	1	0.87334
12164	2	0.873352
12169	1	0.873357
12175	1	0.873363
12178	1	0.873369
12181	2	0.873381
12182	1	0.873386
12185	1	0.873392
12186	1	0.873398
12193	1	0.873404
12196	1	0.87341
12198	1	0.873415
12200	1	0.873421
12203	1	0.873427
12204	1	0.873433
12207	1	0.873439
12209	1	0.873444
12213	2	0.873456
12214	1	0.873462
12217	1	0.873468
12220	1	0.873473
12226	1	0.873479
12227	2	0.873491
12229	1	0.873497
12231	2	0.873508
12238	1	0.873514
12241	1	0.87352
12242	1	0.873526
12246	2	0.873537
12247	2	0.873549
12250	1	0.873555
12255	1	0.87356
12257	1	0.873566
12261	1	0.873572
12263	1	0.873578
12264	1	0.873584
12270	1	0.873589
12271	1	0.873595
12273	1	0.873601
12277	3	0.873618
12281	1	0.873624
12282	2	0.873636
12283	1	0.873642
12284	1	0.873647
12286	1	0.873653
12288	1	0.873659
12292	1	0.873665
12294	1	0.873671
12295	1	0.873676
12297	1	0.873682
12299	1	0.873688
12300	1	0.873694
12301	1	0.8737
12302	1	0.873705
12304	1	0.873711
12310	1	0.873717
12315	1	0.873723
12317	1	0.873729
12318	2	0.87374
12319	1	0.873746
12320	1	0.873752
12323	2	0.873763
12328	1	0.873769
12335	1	0.873775
12337	1	0.873781
12339	1	0.873787
12340	1	0.873792
12341	2	0.873804
12343	1	0.87381
12344	1	0.873816
12345	1	0.873822
12354	1	0.873827
12355	1	0.873833
12365	1	0.873839
12367	1	0.873845
12372	1	0.873851
12374	1	0.873856
12378	1	0.873862
12379	1	0.873868
12386	1	0.873874
12388	2	0.873885
12391	2	0.873897
12395	1	0.873903
12396	2	0.873914
12398	1	0.87392
12406	1	0.873926
12407	1	0.873932
12410	1	0.873938
12413	1	0.873943
12414	1	0.873949
12416	2	0.873961
12419	1	0.873967
12424	1	0.873972
12425	1	0.873978
12428	1	0.873984
12434	1	0.87399
12435	1	0.873996
12436	1	0.874001
12439	1	0.874007
12440	1	0.874013
12442	1	0.874019
12444	2	0.87403
12446	1	0.874036
12447	2	0.874048
12453	1	0.874054
12454	1	0.874059
12458	2	0.874071
12462	1	0.874077
12463	1	0.874083
12464	1	0.874088
12471	1	0.874094
12474	3	0.874112
12477	1	0.874117
12479	1	0.874123
12480	2	0.874135
12481	1	0.874141
12482	1	0.874146
12484	1	0.874152
12485	1	0.874158
12488	2	0.87417
12489	1	0.874175
12490	1	0.874181
12494	1	0.874187
12498	3	0.874204
12501	1	0.87421
12502	1	0.874216
12503	2	0.874228
12504	1	0.874233
12505	2	0.874245
12511	3	0.874262
12512	1	0.874268
12518	1	0.874274
12521	2	0.874286
12523	1	0.874291
12524	1	0.874297
12526	1	0.874303
12527	2	0.874315
12532	1	0.87432
12533	1	0.874326
12535	2	0.874338
12538	1	0.874344
12540	1	0.874349
12545	1	0.874355
12546	2	0.874367
12550	1	0.874373
12554	1	0.874378
12556	1	0.874384
12557	2	0.874396
12564	1	0.874402
12566	2	0.874413
12567	1	0.874419
12568	1	0.874425
12570	2	0.874436
12573	1	0.874442
12574	1	0.874448
12577	1	0.874454
12580	1	0.87446
12583	1	0.874466
12584	1	0.874471
12586	1	0.874477
12589	2	0.874489
12590	1	0.874495
12594	1	0.8745
12595	1	0.874506
12596	4	0.874529
12600	1	0.874535
12601	1	0.874541
12602	2	0.874553
12603	1	0.874558
12605	1	0.874564
12606	1	0.87457
12609	1	0.874576
12613	1	0.874582
12614	2	0.874593
12616	1	0.874599
12619	1	0.874605
12631	1	0.874611
12638	1	0.874616
12645	1	0.874622
12646	3	0.87464
12648	1	0.874645
12655	1	0.874651
12656	2	0.874663
12657	1	0.874669
12658	1	0.874674
12661	1	0.87468
12662	2	0.874692
12664	2	0.874703
12666	1	0.874709
12667	2	0.874721
12669	1	0.874727
12671	1	0.874732
12674	3	0.87475
12677	1	0.874756
12680	2	0.874767
12683	1	0.874773
12684	1	0.874779
12686	2	0.87479
12688	1	0.874796
12689	3	0.874814
12695	1	0.874819
12697	2	0.874831
12702	1	0.874837
12703	2	0.874848
12704	2	0.87486
12707	2	0.874872
12708	1	0.874877
12709	1	0.874883
12710	2	0.874895
12711	1	0.874901
12712	1	0.874906
12717	1	0.874912
12718	1	0.874918
12719	1	0.874924
12720	2	0.874935
12722	1	0.874941
12727	2	0.874953
12728	1	0.874959
12729	1	0.874964
12730	1	0.87497
12731	1	0.874976
12734	2	0.874988
12736	1	0.874993
12737	1	0.874999
12740	1	0.875005
12745	1	0.875011
12746	2	0.875022
12748	2	0.875034
12749	1	0.87504
12750	1	0.875046
12751	1	0.875051
12753	1	0.875057
12754	1	0.875063
12757	1	0.875069
12760	1	0.875075
12762	1	0.875081
12766	1	0.875086
12768	1	0.875092
12772	1	0.875098
12773	1	0.875104
12774	1	0.87511
12786	1	0.875115
12789	2	0.875127
12791	1	0.875133
12797	1	0.875139
12798	1	0.875144
12802	1	0.87515
12805	1	0.875156
12806	1	0.875162
12808	1	0.875168
12813	1	0.875173
12815	1	0.875179
12821	1	0.875185
12823	1	0.875191
12824	2	0.875202
12825	1	0.875208
12827	1	0.875214
12830	1	0.87522
12832	3	0.875237
12835	1	0.875243
12836	1	0.875249
12838	2	0.87526
12840	1	0.875266
12843	2	0.875278
12847	1	0.875284
12849	1	0.875289
12850	1	0.875295
12851	1	0.875301
12852	1	0.875307
12853	1	0.875313
12855	2	0.875324
12856	1	0.87533
12857	1	0.875336
12859	1	0.875342
12860	1	0.875347
12862	2	0.875359
12865	1	0.875365
12867	3	0.875382
12869	2	0.875394
12871	1	0.8754
12874	1	0.875405
12876	1	0.875411
12881	1	0.875417
12883	1	0.875423
12886	2	0.875434
12887	1	0.87544
12888	2	0.875452
12892	1	0.875458
12896	1	0.875463
12898	1	0.875469
12902	2	0.875481
12904	1	0.875487
12906	1	0.875492
12907	2	0.875504
12909	1	0.87551
12910	1	0.875516
12911	2	0.875527
12922	1	0.875533
12923	1	0.875539
12924	1	0.875545
12927	2	0.875556
12934	1	0.875562
12937	1	0.875568
12938	1	0.875574
12941	1	0.875579
12944	1	0.875585
12945	1	0.875591
12949	1	0.875597
12951	1	0.875603
12952	2	0.875614
12958	1	0.87562
12959	1	0.875626
12962	1	0.875632
12966	1	0.875637
12968	1	0.875643
12969	1	0.875649
12972	1	0.875655
12973	2	0.875666
12975	1	0.875672
12976	1	0.875678
12977	1	0.875684
12978	1	0.87569
12981	1	0.875695
12983	1	0.875701
12985	1	0.875707
12986	1	0.875713
12987	1	0.875719
12990	1	0.875725
12997	1	0.87573
12998	1	0.875736
13001	1	0.875742
13004	2	0.875754
13005	2	0.875765
13006	5	0.875794
13007	2	0.875806
13012	1	0.875812
13013	2	0.875823
13015	2	0.875835
13019	1	0.875841
13023	1	0.875846
13026	1	0.875852
13027	1	0.875858
13028	2	0.87587
13029	2	0.875881
13031	1	0.875887
13034	1	0.875893
13041	1	0.875899
13046	2	0.87591
13055	1	0.875916
13063	1	0.875922
13066	2	0.875933
13070	1	0.875939
13071	1	0.875945
13072	1	0.875951
13073	1	0.875957
13075	1	0.875962
13078	1	0.875968
13081	2	0.87598
13084	1	0.875986
13085	1	0.875991
13090	2	0.876003
13092	1	0.876009
13095	2	0.87602
13098	1	0.876026
13100	1	0.876032
13101	1	0.876038
13102	1	0.876044
13105	2	0.876055
13113	1	0.876061
13115	2	0.876073
13116	1	0.876078
13118	1	0.876084
13119	2	0.876096
13120	3	0.876113
13121	1	0.876119
13124	1	0.876125
13125	1	0.876131
13129	1	0.876136
13132	2	0.876148
13133	1	0.876154
13136	1	0.87616
13138	1	0.876165
13139	3	0.876183
13140	1	0.876189
13144	1	0.876194
13146	1	0.8762
13148	4	0.876223
13152	3	0.876241
13153	2	0.876252
13154	1	0.876258
13155	2	0.87627
13156	2	0.876281
13158	1	0.876287
13161	2	0.876299
13162	2	0.87631
13172	2	0.876322
13173	1	0.876328
13178	2	0.87634
13183	1	0.876345
13188	1	0.876351
13190	1	0.876357
13191	1	0.876363
13196	2	0.876374
13197	1	0.87638
13201	1	0.876386
13203	1	0.876392
13209	1	0.876398
13210	2	0.876409
13214	1	0.876415
13221	2	0.876427
13224	1	0.876432
13225	1	0.876438
13226	3	0.876456
13231	1	0.876461
13238	1	0.876467
13244	1	0.876473
13246	1	0.876479
13247	1	0.876485
13250	3	0.876502
13253	1	0.876508
13257	1	0.876514
13261	1	0.876519
13267	2	0.876531
13274	2	0.876543
13275	2	0.876554
13276	1	0.87656
13282	1	0.876566
13286	2	0.876577
13287	1	0.876583
13288	1	0.876589
13291	1	0.876595
13292	1	0.876601
13293	1	0.876606
13294	1	0.876612
13295	1	0.876618
13299	1	0.876624
13300	1	0.87663
13303	1	0.876635
13310	2	0.876647
13311	2	0.876659
13313	1	0.876664
13315	1	0.87667
13316	2	0.876682
13317	1	0.876688
13323	1	0.876693
13325	1	0.876699
13329	1	0.876705
13330	2	0.876717
13331	1	0.876722
13333	1	0.876728
13334	2	0.87674
13336	1	0.876746
13344	2	0.876757
13345	2	0.876769
13346	1	0.876775
13347	1	0.87678
13350	1	0.876786
13356	2	0.876798
13358	1	0.876804
13359	1	0.876809
13360	2	0.876821
13361	2	0.876833
13362	1	0.876838
13363	1	0.876844
13368	1	0.87685
13369	1	0.876856
13372	1	0.876862
13381	1	0.876867
13382	1	0.876873
13383	2	0.876885
13385	1	0.876891
13386	1	0.876896
13388	1	0.876902
13391	1	0.876908
13394	1	0.876914
13395	1	0.87692
13396	1	0.876925
13398	1	0.876931
13400	1	0.876937
13404	2	0.876949
13405	1	0.876954
13411	1	0.87696
13412	1	0.876966
13418	1	0.876972
13419	3	0.876989
13431	1	0.876995
13433	1	0.877001
13441	1	0.877007
13442	1	0.877013
13443	1	0.877018
13445	2	0.87703
13446	2	0.877042
13453	1	0.877047
13455	1	0.877053
13462	1	0.877059
13464	2	0.877071
13465	2	0.877082
13467	2	0.877094
13469	1	0.8771
13478	1	0.877105
13480	1	0.877111
13482	1	0.877117
13488	1	0.877123
13490	1	0.877129
13491	1	0.877134
13495	1	0.87714
13503	1	0.877146
13506	2	0.877158
13513	1	0.877163
13514	1	0.877169
13515	1	0.877175
13517	1	0.877181
13519	1	0.877187
13528	1	0.877192
13533	1	0.877198
13535	1	0.877204
13536	1	0.87721
13539	2	0.877221
13541	1	0.877227
13545	2	0.877239
13546	1	0.877245
13547	1	0.87725
13548	1	0.877256
13549	1	0.877262
13552	2	0.877274
13554	2	0.877285
13556	1	0.877291
13557	2	0.877303
13560	1	0.877308
13561	2	0.87732
13562	2	0.877332
13563	1	0.877337
13564	1	0.877343
13566	2	0.877355
13571	1	0.877361
13576	3	0.877378
13582	1	0.877384
13585	1	0.87739
13586	1	0.877395
13587	1	0.877401
13591	2	0.877413
13592	1	0.877419
13597	1	0.877424
13604	1	0.87743
13605	1	0.877436
13608	1	0.877442
13611	1	0.877448
13614	1	0.877453
13617	1	0.877459
13618	2	0.877471
13621	1	0.877477
13622	2	0.877488
13627	1	0.877494
13628	1	0.8775
13634	2	0.877511
13635	2	0.877523
13638	1	0.877529
13639	2	0.87754
13642	1	0.877546
13643	1	0.877552
13645	1	0.877558
13646	1	0.877564
13649	1	0.877569
13652	1	0.877575
13656	1	0.877581
13658	2	0.877593
13663	1	0.877599
13668	1	0.877604
13675	1	0.87761
13678	1	0.877616
13679	2	0.877628
13683	1	0.877633
13684	1	0.877639
13685	2	0.877651
13686	1	0.877657
13688	1	0.877662
13689	2	0.877674
13693	1	0.87768
13694	3	0.877697
13697	1	0.877703
13701	2	0.877715
13702	1	0.87772
13704	1	0.877726
13706	1	0.877732
13707	1	0.877738
13710	2	0.877749
13712	1	0.877755
13713	1	0.877761
13714	1	0.877767
13716	2	0.877778
13717	1	0.877784
13725	3	0.877802
13729	1	0.877807
13732	1	0.877813
13736	1	0.877819
13739	1	0.877825
13750	1	0.877831
13754	1	0.877836
13757	1	0.877842
13760	1	0.877848
13763	2	0.87786
13767	2	0.877871
13768	1	0.877877
13770	1	0.877883
13772	1	0.877889
13775	2	0.8779
13777	2	0.877912
13779	3	0.877929
13781	1	0.877935
13783	1	0.877941
13784	1	0.877947
13790	2	0.877958
13797	1	0.877964
13803	2	0.877976
13804	1	0.877981
13805	1	0.877987
13806	1	0.877993
13809	1	0.877999
13812	1	0.878005
13814	1	0.87801
13816	1	0.878016
13818	1	0.878022
13826	2	0.878034
13837	2	0.878045
13840	1	0.878051
13845	2	0.878063
13852	1	0.878068
13853	1	0.878074
13854	1	0.87808
13855	2	0.878092
13857	2	0.878103
13858	1	0.878109
13862	1	0.878115
13869	1	0.878121
13870	1	0.878126
13872	1	0.878132
13880	1	0.878138
13882	1	0.878144
13891	1	0.87815
13894	2	0.878161
13895	1	0.878167
13897	1	0.878173
13898	1	0.878179
13901	1	0.878184
13905	1	0.87819
13906	1	0.878196
13907	1	0.878202
13911	1	0.878208
13917	1	0.878213
13921	2	0.878225
13925	2	0.878237
13927	2	0.878248
13933	2	0.87826
13935	1	0.878266
13943	1	0.878272
13944	1	0.878277
13946	3	0.878295
13957	1	0.878301
13960	1	0.878306
13961	1	0.878312
13962	1	0.878318
13965	1	0.878324
13968	1	0.87833
13971	1	0.878335
13975	1	0.878341
13976	1	0.878347
13980	1	0.878353
13985	1	0.878359
13986	1	0.878364
13989	1	0.87837
13990	2	0.878382
13995	3	0.878399
13996	1	0.878405
13997	2	0.878417
14002	2	0.878428
14003	1	0.878434
14005	2	0.878446
14007	1	0.878451
14008	1	0.878457
14010	2	0.878469
14011	1	0.878475
14015	1	0.87848
14016	1	0.878486
14018	1	0.878492
14020	1	0.878498
14022	1	0.878504
14024	1	0.878509
14025	1	0.878515
14026	2	0.878527
14027	1	0.878533
14028	1	0.878538
14032	1	0.878544
14034	1	0.87855
14035	1	0.878556
14039	1	0.878562
14040	1	0.878567
14042	2	0.878579
14047	2	0.878591
14049	2	0.878602
14051	1	0.878608
14054	1	0.878614
14058	1	0.87862
14061	1	0.878625
14064	1	0.878631
14066	1	0.878637
14070	1	0.878643
14076	1	0.878649
14077	1	0.878654
14078	2	0.878666
14079	1	0.878672
14084	1	0.878678
14087	2	0.878689
14088	1	0.878695
14091	1	0.878701
14093	1	0.878707
14095	1	0.878712
14101	1	0.878718
14105	1	0.878724
14112	1	0.87873
14113	1	0.878736
14115	1	0.878741
14119	1	0.878747
14121	2	0.878759
14130	1	0.878765
14133	1	0.87877
14137	2	0.878782
14143	1	0.878788
14145	1	0.878794
14153	1	0.878799
14154	1	0.878805
14159	2	0.878817
14160	2	0.878828
14164	1	0.878834
14167	1	0.87884
14168	2	0.878852
14169	2	0.878863
14171	1	0.878869
14172	1	0.878875
14174	1	0.878881
14182	2	0.878892
14183	1	0.878898
14186	1	0.878904
14191	2	0.878916
14193	3	0.878933
14196	1	0.878939
14197	2	0.87895
14198	1	0.878956
14201	1	0.878962
14205	1	0.878968
14206	1	0.878974
14211	1	0.878979
14212	2	0.878991
14214	2	0.879003
14218	1	0.879008
14219	1	0.879014
14222	1	0.87902
14224	1	0.879026
14225	3	0.879043
14228	1	0.879049
14229	1	0.879055
14231	2	0.879066
14233	1	0.879072
14235	1	0.879078
14236	1	0.879084
14237	1	0.87909
14239	1	0.879095
14242	1	0.879101
14243	1	0.879107
14247	2	0.879119
14250	2	0.87913
14253	2	0.879142
14256	1	0.879148
14257	3	0.879165
14259	1	0.879171
14265	1	0.879177
14269	1	0.879182
14271	2	0.879194
14273	2	0.879206
14284	2	0.879217
14289	1	0.879223
14293	1	0.879229
14299	1	0.879235
14300	1	0.87924
14303	1	0.879246
14307	1	0.879252
14308	1	0.879258
14311	2	0.879269
14312	1	0.879275
14314	3	0.879293
14316	1	0.879298
14318	1	0.879304
14321	1	0.87931
14326	2	0.879322
14327	2	0.879333
14331	2	0.879345
14334	1	0.879351
14335	1	0.879356
14338	4	0.87938
14339	1	0.879385
14343	2	0.879397
14349	1	0.879403
14350	1	0.879409
14359	1	0.879414
14360	1	0.87942
14361	1	0.879426
14363	1	0.879432
14364	1	0.879438
14366	2	0.879449
14368	2	0.879461
14369	2	0.879472
14374	1	0.879478
14376	2	0.87949
14382	3	0.879507
14385	1	0.879513
14387	1	0.879519
14389	2	0.879531
14390	1	0.879536
14391	1	0.879542
14396	2	0.879554
14398	1	0.87956
14403	2	0.879571
14404	1	0.879577
14409	1	0.879583
14415	1	0.879589
14418	1	0.879594
14419	1	0.8796
14420	1	0.879606
14424	1	0.879612
14427	1	0.879618
14429	1	0.879623
14430	1	0.879629
14431	2	0.879641
14434	1	0.879647
14435	1	0.879652
14437	1	0.879658
14440	1	0.879664
14443	1	0.87967
14445	1	0.879676
14446	1	0.879681
14449	1	0.879687
14450	1	0.879693
14453	1	0.879699
14454	2	0.87971
14455	2	0.879722
14460	2	0.879734
14461	1	0.879739
14466	1	0.879745
14471	2	0.879757
14473	1	0.879763
14475	1	0.879768
14478	1	0.879774
14491	2	0.879786
14497	1	0.879792
14499	1	0.879797
14500	1	0.879803
14501	2	0.879815
14503	1	0.879821
14504	1	0.879826
14505	1	0.879832
14520	2	0.879844
14524	3	0.879861
14530	4	0.879884
14532	2	0.879896
14536	3	0.879913
14537	1	0.879919
14538	1	0.879925
14542	1	0.879931
14546	1	0.879937
14547	1	0.879942
14548	1	0.879948
14551	1	0.879954
14552	1	0.87996
14554	1	0.879966
14555	1	0.879971
14558	1	0.879977
14559	2	0.879989
14564	1	0.879995
14565	2	0.880006
14567	2	0.880018
14571	1	0.880024
14574	1	0.880029
14578	1	0.880035
14579	1	0.880041
14581	1	0.880047
14582	1	0.880053
14584	2	0.880064
14587	1	0.88007
14588	1	0.880076
14591	1	0.880082
14597	3	0.880099
14598	1	0.880105
14600	2	0.880117
14602	2	0.880128
14604	1	0.880134
14608	1	0.88014
14611	1	0.880146
14614	1	0.880151
14620	1	0.880157
14621	1	0.880163
14624	2	0.880175
14633	1	0.88018
14635	1	0.880186
14636	1	0.880192
14639	1	0.880198
14641	1	0.880204
14642	1	0.880209
14643	1	0.880215
14647	1	0.880221
14649	1	0.880227
14650	1	0.880233
14652	1	0.880238
14654	1	0.880244
14658	2	0.880256
14661	2	0.880267
14667	2	0.880279
14670	3	0.880296
14674	3	0.880314
14675	2	0.880325
14676	1	0.880331
14677	1	0.880337
14679	1	0.880343
14687	2	0.880354
14689	1	0.88036
14693	1	0.880366
14694	1	0.880372
14695	1	0.880378
14696	1	0.880383
14700	2	0.880395
14701	1	0.880401
14702	1	0.880407
14703	1	0.880412
14706	1	0.880418
14707	1	0.880424
14708	1	0.88043
14712	2	0.880441
14715	1	0.880447
14718	1	0.880453
14719	1	0.880459
14720	1	0.880465
14721	1	0.88047
14722	2	0.880482
14725	1	0.880488
14727	1	0.880494
14728	2	0.880505
14729	1	0.880511
14730	1	0.880517
14732	1	0.880523
14733	1	0.880528
14735	1	0.880534
14743	1	0.88054
14746	1	0.880546
14750	1	0.880552
14758	1	0.880557
14760	1	0.880563
14764	1	0.880569
14768	1	0.880575
14773	1	0.880581
14776	1	0.880586
14782	1	0.880592
14790	1	0.880598
14794	1	0.880604
14797	2	0.880615
14799	1	0.880621
14802	1	0.880627
14803	4	0.88065
14804	1	0.880656
14807	1	0.880662
14812	1	0.880668
14814	1	0.880673
14815	1	0.880679
14816	2	0.880691
14817	1	0.880697
14818	1	0.880702
14819	1	0.880708
14823	1	0.880714
14824	1	0.88072
14830	2	0.880731
14835	2	0.880743
14836	1	0.880749
14837	1	0.880755
14838	5	0.880784
14840	1	0.88079
14841	3	0.880807
14842	1	0.880813
14844	1	0.880819
14847	1	0.880824
14849	1	0.88083
14850	1	0.880836
14851	1	0.880842
14852	1	0.880848
14853	1	0.880853
14854	2	0.880865
14856	1	0.880871
14857	1	0.880877
14862	2	0.880888
14863	1	0.880894
14869	2	0.880906
14871	2	0.880917
14872	1	0.880923
14874	1	0.880929
14883	1	0.880935
14893	1	0.88094
14894	1	0.880946
14900	1	0.880952
14901	1	0.880958
14905	3	0.880975
14910	2	0.880987
14913	2	0.880998
14914	1	0.881004
14915	1	0.88101
14916	1	0.881016
14917	2	0.881027
14919	1	0.881033
14932	1	0.881039
14935	3	0.881056
14936	1	0.881062
14937	1	0.881068
14939	1	0.881074
14944	1	0.88108
14945	1	0.881085
14950	1	0.881091
14951	1	0.881097
14953	3	0.881114
14954	2	0.881126
14955	1	0.881132
14956	1	0.881138
14957	1	0.881143
14961	1	0.881149
14963	1	0.881155
14967	2	0.881167
14968	1	0.881172
14969	1	0.881178
14972	1	0.881184
14974	2	0.881196
14975	5	0.881225
14978	1	0.88123
14980	2	0.881242
14982	7	0.881283
14984	1	0.881288
14987	1	0.881294
14989	1	0.8813
14990	1	0.881306
14992	1	0.881312
14998	3	0.881329
15002	1	0.881335
15003	1	0.881341
15005	1	0.881346
15008	1	0.881352
15011	2	0.881364
15014	1	0.88137
15015	1	0.881376
15016	2	0.881387
15017	4	0.88141
15018	1	0.881416
15028	2	0.881428
15029	2	0.881439
15030	2	0.881451
15039	1	0.881457
15048	1	0.881463
15050	1	0.881468
15051	3	0.881486
15052	1	0.881492
15060	1	0.881497
15068	1	0.881503
15073	1	0.881509
15074	2	0.881521
15078	1	0.881526
15085	2	0.881538
15092	1	0.881544
15097	1	0.88155
15101	1	0.881555
15104	1	0.881561
15106	1	0.881567
15108	2	0.881579
15110	2	0.88159
15112	1	0.881596
15114	1	0.881602
15115	1	0.881608
15117	1	0.881613
15119	1	0.881619
15121	1	0.881625
15122	1	0.881631
15125	1	0.881637
15127	1	0.881642
15128	1	0.881648
15129	1	0.881654
15130	1	0.88166
15134	1	0.881666
15136	1	0.881671
15138	1	0.881677
15139	1	0.881683
15147	1	0.881689
15151	1	0.881695
15152	1	0.8817
15155	1	0.881706
15159	3	0.881724
15160	1	0.881729
15162	1	0.881735
15164	2	0.881747
15165	3	0.881764
15166	1	0.88177
15171	1	0.881776
15174	1	0.881782
15175	1	0.881787
15176	1	0.881793
15179	2	0.881805
15180	1	0.881811
15183	1	0.881816
15185	3	0.881834
15186	2	0.881845
15187	1	0.881851
15190	3	0.881869
15192	1	0.881874
15195	1	0.88188
15202	1	0.881886
15206	1	0.881892
15207	1	0.881898
15210	1	0.881903
15211	1	0.881909
15214	1	0.881915
15215	1	0.881921
15216	1	0.881927
15223	1	0.881932
15224	2	0.881944
15229	2	0.881956
15236	1	0.881961
15240	1	0.881967
15241	1	0.881973
15243	3	0.88199
15245	1	0.881996
15246	1	0.882002
15248	1	0.882008
15252	1	0.882014
15254	1	0.88202
15259	1	0.882025
15265	1	0.882031
15269	2	0.882043
15271	1	0.882049
15273	2	0.88206
15274	1	0.882066
15276	1	0.882072
15286	1	0.882078
15287	2	0.882089
15288	1	0.882095
15289	1	0.882101
15291	2	0.882112
15293	1	0.882118
15295	1	0.882124
15297	1	0.88213
15299	1	0.882136
15300	1	0.882141
15301	1	0.882147
15303	1	0.882153
15306	1	0.882159
15315	1	0.882165
15316	2	0.882176
15321	1	0.882182
15325	1	0.882188
15329	1	0.882194
15336	1	0.882199
15337	1	0.882205
15340	1	0.882211
15347	1	0.882217
15353	2	0.882228
15354	1	0.882234
15358	2	0.882246
15360	1	0.882252
15362	1	0.882257
15379	1	0.882263
15382	2	0.882275
15386	1	0.882281
15392	2	0.882292
15394	1	0.882298
15402	1	0.882304
15403	2	0.882315
15405	1	0.882321
15406	1	0.882327
15415	1	0.882333
15417	3	0.88235
15420	1	0.882356
15421	1	0.882362
15426	1	0.882368
15427	1	0.882373
15430	4	0.882397
15432	1	0.882402
15436	1	0.882408
15450	1	0.882414
15456	2	0.882426
15460	1	0.882431
15461	1	0.882437
15463	3	0.882455
15464	2	0.882466
15466	1	0.882472
15470	1	0.882478
15471	1	0.882484
15473	1	0.882489
15480	1	0.882495
15481	2	0.882507
15483	3	0.882524
15485	1	0.88253
15486	1	0.882536
15491	1	0.882542
15494	2	0.882553
15500	1	0.882559
15503	1	0.882565
15505	1	0.882571
15510	1	0.882576
15521	1	0.882582
15525	1	0.882588
15526	1	0.882594
15530	1	0.8826
15533	1	0.882605
15534	4	0.882629
15537	1	0.882635
15538	1	0.88264
15539	1	0.882646
15543	2	0.882658
15550	1	0.882664
15556	1	0.882669
15558	1	0.882675
15562	1	0.882681
15563	1	0.882687
15566	1	0.882693
15567	1	0.882698
15569	1	0.882704
15573	1	0.88271
15577	2	0.882722
15580	1	0.882727
15581	1	0.882733
15582	2	0.882745
15587	1	0.882751
15588	1	0.882756
15589	2	0.882768
15590	1	0.882774
15591	1	0.88278
15593	1	0.882785
15597	2	0.882797
15601	1	0.882803
15602	1	0.882809
15604	1	0.882814
15607	2	0.882826
15609	1	0.882832
15613	1	0.882838
15623	1	0.882843
15631	2	0.882855
15635	1	0.882861
15637	1	0.882867
15642	1	0.882872
15643	1	0.882878
15647	2	0.88289
15649	1	0.882896
15652	3	0.882913
15654	1	0.882919
15666	1	0.882925
15670	1	0.88293
15673	1	0.882936
15674	1	0.882942
15677	1	0.882948
15679	1	0.882954
15681	3	0.882971
15682	1	0.882977
15688	3	0.882994
15689	1	0.883
15691	2	0.883012
15694	1	0.883017
15695	1	0.883023
15699	1	0.883029
15701	1	0.883035
15702	1	0.883041
15703	1	0.883046
15704	1	0.883052
15705	1	0.883058
15710	1	0.883064
15724	2	0.883075
15726	1	0.883081
15728	1	0.883087
15730	1	0.883093
15732	1	0.883099
15734	1	0.883104
15735	1	0.88311
15745	1	0.883116
15752	1	0.883122
15754	2	0.883133
15759	2	0.883145
15764	1	0.883151
15765	1	0.883157
15771	1	0.883162
15773	1	0.883168
15774	1	0.883174
15776	2	0.883186
15778	1	0.883191
15779	1	0.883197
15784	2	0.883209
15789	1	0.883215
15792	2	0.883226
15797	1	0.883232
15799	1	0.883238
15800	1	0.883244
15801	1	0.883249
15802	1	0.883255
15803	1	0.883261
15804	2	0.883273
15805	1	0.883279
15806	1	0.883284
15807	1	0.88329
15808	1	0.883296
15809	1	0.883302
15812	1	0.883308
15817	1	0.883313
15818	1	0.883319
15820	1	0.883325
15824	1	0.883331
15827	1	0.883337
15830	1	0.883342
15837	1	0.883348
15843	1	0.883354
15846	1	0.88336
15847	2	0.883371
15851	1	0.883377
15852	1	0.883383
15860	1	0.883389
15862	1	0.883395
15866	1	0.8834
15867	1	0.883406
15869	2	0.883418
15873	1	0.883424
15881	1	0.883429
15883	2	0.883441
15886	1	0.883447
15889	1	0.883453
15891	1	0.883458
15896	1	0.883464
15903	1	0.88347
15904	1	0.883476
15909	1	0.883482
15910	1	0.883487
15913	1	0.883493
15918	2	0.883505
15929	1	0.883511
15939	1	0.883516
15940	1	0.883522
15950	1	0.883528
15956	1	0.883534
15957	4	0.883557
15961	1	0.883563
15964	1	0.883569
15965	1	0.883574
15970	1	0.88358
15971	1	0.883586
15972	1	0.883592
15973	1	0.883598
15977	1	0.883603
15981	1	0.883609
15983	1	0.883615
15985	1	0.883621
15986	1	0.883627
15987	1	0.883632
15988	1	0.883638
15993	1	0.883644
15995	1	0.88365
15997	1	0.883656
15998	1	0.883661
16010	1	0.883667
16011	2	0.883679
16027	1	0.883685
16029	1	0.88369
16030	1	0.883696
16031	1	0.883702
16034	1	0.883708
16039	1	0.883714
16041	1	0.883719
16046	1	0.883725
16049	1	0.883731
16051	1	0.883737
16056	1	0.883743
16058	1	0.883748
16059	1	0.883754
16060	1	0.88376
16065	1	0.883766
16067	2	0.883777
16072	1	0.883783
16073	2	0.883795
16076	2	0.883806
16078	2	0.883818
16083	1	0.883824
16086	3	0.883841
16091	1	0.883847
16097	1	0.883853
16099	2	0.883864
16103	1	0.88387
16105	1	0.883876
16106	3	0.883894
16107	1	0.883899
16116	1	0.883905
16118	1	0.883911
16121	1	0.883917
16123	1	0.883923
16127	2	0.883934
16128	1	0.88394
16129	1	0.883946
16133	1	0.883952
16135	1	0.883957
16136	1	0.883963
16140	1	0.883969
16145	1	0.883975
16151	1	0.883981
16153	1	0.883986
16155	1	0.883992
16156	1	0.883998
16161	1	0.884004
16164	1	0.88401
16166	1	0.884015
16170	1	0.884021
16172	2	0.884033
16174	1	0.884039
16178	1	0.884044
16179	1	0.88405
16182	1	0.884056
16183	1	0.884062
16184	1	0.884068
16185	1	0.884073
16190	1	0.884079
16195	1	0.884085
16201	1	0.884091
16205	2	0.884102
16210	2	0.884114
16212	1	0.88412
16220	1	0.884126
16225	1	0.884131
16230	1	0.884137
16234	1	0.884143
16251	1	0.884149
16252	1	0.884155
16254	1	0.88416
16255	2	0.884172
16257	2	0.884184
16258	1	0.884189
16266	1	0.884195
16268	1	0.884201
16271	1	0.884207
16274	1	0.884213
16277	1	0.884218
16288	1	0.884224
16295	3	0.884242
16305	1	0.884247
16306	2	0.884259
16308	1	0.884265
16309	1	0.884271
16314	2	0.884282
16316	1	0.884288
16319	2	0.8843
16324	1	0.884305
16327	1	0.884311
16331	1	0.884317
16337	1	0.884323
16340	1	0.884329
16343	2	0.88434
16345	1	0.884346
16358	1	0.884352
16363	1	0.884358
16366	1	0.884363
16367	1	0.884369
16368	1	0.884375
16372	1	0.884381
16376	1	0.884387
16380	1	0.884392
16381	1	0.884398
16383	1	0.884404
16384	1	0.88441
16386	1	0.884416
16387	1	0.884421
16388	1	0.884427
16390	1	0.884433
16392	1	0.884439
16393	1	0.884445
16395	1	0.88445
16397	1	0.884456
16399	2	0.884468
16400	1	0.884474
16402	1	0.884479
16403	1	0.884485
16407	1	0.884491
16409	1	0.884497
16417	1	0.884503
16418	1	0.884508
16419	1	0.884514
16422	3	0.884532
16423	3	0.884549
16424	1	0.884555
16425	2	0.884567
16430	1	0.884572
16433	2	0.884584
16435	1	0.88459
16436	1	0.884596
16443	1	0.884601
16444	1	0.884607
16446	1	0.884613
16448	1	0.884619
16449	1	0.884625
16450	2	0.884636
16452	1	0.884642
16457	1	0.884648
16458	1	0.884654
16460	1	0.884659
16464	1	0.884665
16465	1	0.884671
16480	1	0.884677
16484	2	0.884688
16486	1	0.884694
16493	1	0.8847
16502	1	0.884706
16503	1	0.884712
16504	1	0.884717
16508	1	0.884723
16512	1	0.884729
16513	1	0.884735
16515	1	0.884741
16518	2	0.884752
16520	1	0.884758
16523	1	0.884764
16526	1	0.88477
16529	2	0.884781
16530	1	0.884787
16531	1	0.884793
16536	1	0.884799
16538	1	0.884804
16541	1	0.88481
16543	1	0.884816
16545	1	0.884822
16552	1	0.884828
16553	1	0.884833
16556	1	0.884839
16562	1	0.884845
16569	1	0.884851
16572	2	0.884862
16575	1	0.884868
16576	1	0.884874
16587	1	0.88488
16594	1	0.884886
16596	2	0.884897
16597	3	0.884915
16598	1	0.88492
16612	2	0.884932
16613	1	0.884938
16615	1	0.884944
16617	1	0.884949
16628	1	0.884955
16629	1	0.884961
16631	1	0.884967
16632	1	0.884973
16636	1	0.884978
16638	1	0.884984
16640	1	0.88499
16644	1	0.884996
16651	1	0.885002
16652	2	0.885013
16654	2	0.885025
16657	1	0.885031
16661	2	0.885042
16665	1	0.885048
16668	1	0.885054
16673	1	0.88506
16674	2	0.885071
16681	1	0.885077
16687	1	0.885083
16688	1	0.885089
16689	1	0.885094
16690	1	0.8851
16692	2	0.885112
16697	1	0.885118
16701	1	0.885123
16703	1	0.885129
16714	1	0.885135
16727	2	0.885147
16736	1	0.885153
16737	1	0.885158
16738	2	0.88517
16740	1	0.885176
16746	1	0.885182
16752	2	0.885193
16753	1	0.885199
16754	1	0.885205
16756	1	0.885211
16757	2	0.885222
16759	2	0.885234
16760	1	0.88524
16767	1	0.885245
16769	1	0.885251
16772	1	0.885257
16774	2	0.885269
16776	2	0.88528
16777	2	0.885292
16781	2	0.885303
16784	1	0.885309
16788	1	0.885315
16789	1	0.885321
16791	1	0.885327
16793	1	0.885332
16807	1	0.885338
16808	1	0.885344
16810	1	0.88535
16813	1	0.885356
16818	1	0.885361
16822	1	0.885367
16826	1	0.885373
16831	1	0.885379
16832	1	0.885385
16833	1	0.88539
16835	3	0.885408
16839	1	0.885414
16840	1	0.885419
16842	1	0.885425
16845	1	0.885431
16846	2	0.885443
16849	1	0.885448
16855	1	0.885454
16860	1	0.88546
16863	1	0.885466
16871	1	0.885472
16872	2	0.885483
16876	1	0.885489
16882	1	0.885495
16883	1	0.885501
16884	1	0.885506
16886	2	0.885518
16887	2	0.88553
16888	1	0.885535
16898	1	0.885541
16901	1	0.885547
16902	1	0.885553
16907	2	0.885564
16909	1	0.88557
16915	1	0.885576
16917	1	0.885582
16930	1	0.885588
16935	1	0.885593
16938	1	0.885599
16954	1	0.885605
16955	1	0.885611
16957	1	0.885617
16964	1	0.885622
16965	1	0.885628
16967	1	0.885634
16968	1	0.88564
16971	1	0.885646
16973	1	0.885651
16975	1	0.885657
16978	1	0.885663
16979	1	0.885669
16980	1	0.885675
16982	1	0.88568
16983	1	0.885686
16999	1	0.885692
17005	2	0.885704
17007	1	0.885709
17010	1	0.885715
17016	1	0.885721
17022	1	0.885727
17025	1	0.885733
17027	1	0.885738
17028	1	0.885744
17029	1	0.88575
17030	1	0.885756
17033	1	0.885762
17035	1	0.885767
17038	1	0.885773
17042	1	0.885779
17045	1	0.885785
17048	1	0.885791
17054	1	0.885797
17057	1	0.885802
17060	1	0.885808
17061	2	0.88582
17064	1	0.885826
17067	2	0.885837
17075	1	0.885843
17079	1	0.885849
17080	1	0.885855
17082	1	0.88586
17084	1	0.885866
17086	1	0.885872
17087	3	0.885889
17088	2	0.885901
17090	1	0.885907
17092	3	0.885924
17102	1	0.88593
17103	2	0.885942
17105	1	0.885947
17108	1	0.885953
17121	1	0.885959
17123	1	0.885965
17125	1	0.885971
17128	1	0.885976
17140	1	0.885982
17145	1	0.885988
17146	2	0.886
17149	2	0.886011
17153	2	0.886023
17154	1	0.886029
17159	2	0.88604
17161	1	0.886046
17167	1	0.886052
17182	1	0.886058
17183	1	0.886063
17187	1	0.886069
17193	1	0.886075
17194	1	0.886081
17195	1	0.886087
17196	2	0.886098
17198	1	0.886104
17200	1	0.88611
17201	1	0.886116
17204	2	0.886127
17205	1	0.886133
17208	1	0.886139
17210	1	0.886145
17212	1	0.88615
17217	4	0.886174
17222	3	0.886191
17225	1	0.886197
17227	1	0.886203
17231	2	0.886214
17234	1	0.88622
17237	1	0.886226
17240	2	0.886237
17247	1	0.886243
17249	1	0.886249
17251	1	0.886255
17252	1	0.886261
17267	2	0.886272
17272	3	0.88629
17273	1	0.886295
17275	2	0.886307
17277	1	0.886313
17279	1	0.886319
17284	1	0.886324
17289	1	0.88633
17290	1	0.886336
17294	1	0.886342
17308	1	0.886348
17312	1	0.886353
17317	1	0.886359
17329	1	0.886365
17333	1	0.886371
17335	1	0.886377
17337	1	0.886382
17341	1	0.886388
17351	2	0.8864
17352	1	0.886406
17357	1	0.886412
17366	1	0.886417
17370	1	0.886423
17372	2	0.886435
17378	1	0.886441
17380	2	0.886452
17382	1	0.886458
17386	1	0.886464
17388	1	0.88647
17389	1	0.886475
17390	1	0.886481
17394	2	0.886493
17397	1	0.886499
17401	1	0.886504
17411	1	0.88651
17414	1	0.886516
17430	1	0.886522
17432	1	0.886528
17433	1	0.886533
17438	1	0.886539
17447	1	0.886545
17454	1	0.886551
17458	1	0.886557
17459	1	0.886562
17464	2	0.886574
17465	1	0.88658
17475	1	0.886586
17478	1	0.886591
17479	2	0.886603
17480	1	0.886609
17482	2	0.88662
17483	1	0.886626
17492	1	0.886632
17494	1	0.886638
17504	1	0.886644
17505	1	0.886649
17511	2	0.886661
17517	1	0.886667
17518	1	0.886673
17523	1	0.886678
17524	1	0.886684
17529	2	0.886696
17530	1	0.886702
17532	1	0.886707
17533	1	0.886713
17535	1	0.886719
17537	1	0.886725
17540	2	0.886736
17541	1	0.886742
17543	1	0.886748
17545	1	0.886754
17546	1	0.88676
17548	1	0.886765
17549	1	0.886771
17550	2	0.886783
17553	1	0.886789
17555	1	0.886794
17557	1	0.8868
17559	1	0.886806
17560	1	0.886812
17563	1	0.886818
17566	1	0.886823
17576	1	0.886829
17577	1	0.886835
17579	2	0.886847
17590	2	0.886858
17599	2	0.88687
17604	1	0.886876
17609	2	0.886887
17614	2	0.886899
17619	1	0.886905
17620	1	0.88691
17639	1	0.886916
17640	1	0.886922
17641	1	0.886928
17650	1	0.886934
17654	1	0.886939
17658	1	0.886945
17659	1	0.886951
17661	1	0.886957
17665	1	0.886963
17666	1	0.886968
17668	1	0.886974
17669	1	0.88698
17670	2	0.886992
17671	2	0.887003
17681	1	0.887009
17682	1	0.887015
17684	1	0.887021
17693	1	0.887026
17709	2	0.887038
17710	2	0.88705
17711	1	0.887056
17714	1	0.887061
17720	1	0.887067
17723	2	0.887079
17734	1	0.887085
17737	1	0.88709
17738	2	0.887102
17741	1	0.887108
17744	1	0.887114
17748	1	0.887119
17771	1	0.887125
17774	2	0.887137
17776	1	0.887143
17782	1	0.887148
17783	1	0.887154
17788	1	0.88716
17793	1	0.887166
17795	1	0.887172
17796	2	0.887183
17806	1	0.887189
17807	1	0.887195
17816	1	0.887201
17823	1	0.887206
17827	1	0.887212
17832	2	0.887224
17836	1	0.88723
17840	1	0.887235
17841	1	0.887241
17849	1	0.887247
17852	2	0.887259
17853	1	0.887264
17856	1	0.88727
17858	1	0.887276
17863	1	0.887282
17867	1	0.887288
17869	1	0.887293
17870	1	0.887299
17885	3	0.887317
17890	1	0.887322
17891	1	0.887328
17892	1	0.887334
17906	1	0.88734
17908	2	0.887351
17912	1	0.887357
17916	1	0.887363
17918	1	0.887369
17920	1	0.887375
17925	1	0.88738
17927	1	0.887386
17932	1	0.887392
17933	1	0.887398
17935	3	0.887415
17940	1	0.887421
17960	1	0.887427
17965	2	0.887438
17971	1	0.887444
17977	1	0.88745
17980	1	0.887456
17981	1	0.887462
17988	1	0.887467
17997	1	0.887473
17999	1	0.887479
18002	1	0.887485
18004	1	0.887491
18009	1	0.887496
18021	1	0.887502
18028	1	0.887508
18029	1	0.887514
18036	1	0.88752
18039	1	0.887525
18040	1	0.887531
18041	1	0.887537
18043	1	0.887543
18046	1	0.887549
18049	2	0.88756
18053	1	0.887566
18054	1	0.887572
18056	1	0.887578
18057	1	0.887583
18060	1	0.887589
18070	2	0.887601
18074	1	0.887607
18076	1	0.887612
18078	1	0.887618
18082	1	0.887624
18083	1	0.88763
18084	1	0.887636
18089	1	0.887641
18105	1	0.887647
18111	1	0.887653
18112	2	0.887665
18115	1	0.887671
18119	1	0.887676
18126	1	0.887682
18129	1	0.887688
18136	1	0.887694
18141	1	0.8877
18154	1	0.887705
18160	1	0.887711
18173	1	0.887717
18178	1	0.887723
18192	1	0.887729
18194	1	0.887734
18199	1	0.88774
18204	1	0.887746
18207	1	0.887752
18209	1	0.887758
18212	1	0.887763
18217	1	0.887769
18226	1	0.887775
18229	1	0.887781
18231	1	0.887787
18232	1	0.887792
18235	1	0.887798
18236	1	0.887804
18237	1	0.88781
18241	1	0.887816
18244	3	0.887833
18261	1	0.887839
18263	1	0.887845
18268	1	0.88785
18272	1	0.887856
18275	1	0.887862
18278	1	0.887868
18279	1	0.887874
18280	1	0.887879
18284	1	0.887885
18286	1	0.887891
18288	1	0.887897
18299	1	0.887903
18310	1	0.887908
18319	1	0.887914
18320	1	0.88792
18326	1	0.887926
18327	2	0.887937
18328	1	0.887943
18330	1	0.887949
18331	2	0.887961
18334	1	0.887966
18336	1	0.887972
18341	1	0.887978
18343	1	0.887984
18346	1	0.88799
18347	2	0.888001
18349	1	0.888007
18350	2	0.888019
18365	1	0.888024
18367	2	0.888036
18374	4	0.888059
18389	1	0.888065
18392	1	0.888071
18395	1	0.888077
18420	1	0.888082
18422	1	0.888088
18426	1	0.888094
18428	1	0.8881
18432	1	0.888106
18435	1	0.888111
18439	1	0.888117
18440	1	0.888123
18444	2	0.888135
18447	1	0.88814
18448	1	0.888146
18451	1	0.888152
18456	2	0.888164
18458	1	0.888169
18464	2	0.888181
18469	2	0.888193
18473	1	0.888198
18478	2	0.88821
18482	1	0.888216
18483	1	0.888222
18484	1	0.888227
18487	1	0.888233
18490	1	0.888239
18506	1	0.888245
18508	1	0.888251
18511	1	0.888256
18512	1	0.888262
18518	1	0.888268
18520	1	0.888274
18522	1	0.88828
18523	1	0.888285
18528	1	0.888291
18529	1	0.888297
18534	1	0.888303
18536	1	0.888309
18543	1	0.888315
18545	1	0.88832
18556	2	0.888332
18559	1	0.888338
18563	1	0.888344
18565	2	0.888355
18576	1	0.888361
18580	1	0.888367
18581	1	0.888373
18584	1	0.888378
18588	1	0.888384
18590	1	0.88839
18591	1	0.888396
18592	1	0.888402
18593	1	0.888407
18599	1	0.888413
18606	1	0.888419
18608	1	0.888425
18609	2	0.888436
18610	1	0.888442
18623	1	0.888448
18625	2	0.88846
18631	1	0.888465
18634	1	0.888471
18635	1	0.888477
18640	1	0.888483
18647	1	0.888489
18653	1	0.888494
18657	1	0.8885
18659	1	0.888506
18665	1	0.888512
18667	1	0.888518
18668	1	0.888523
18671	1	0.888529
18672	1	0.888535
18674	1	0.888541
18675	1	0.888547
18676	1	0.888552
18686	1	0.888558
18691	1	0.888564
18693	1	0.88857
18697	1	0.888576
18703	2	0.888587
18705	1	0.888593
18707	1	0.888599
18710	1	0.888605
18712	1	0.88861
18714	1	0.888616
18717	1	0.888622
18721	1	0.888628
18726	1	0.888634
18738	1	0.888639
18744	2	0.888651
18749	1	0.888657
18752	1	0.888663
18755	1	0.888668
18757	1	0.888674
18759	1	0.88868
18762	1	0.888686
18768	1	0.888692
18770	1	0.888697
18776	1	0.888703
18785	1	0.888709
18794	1	0.888715
18797	1	0.888721
18801	1	0.888726
18802	1	0.888732
18806	1	0.888738
18807	1	0.888744
18810	1	0.88875
18811	1	0.888755
18817	1	0.888761
18823	1	0.888767
18824	1	0.888773
18825	2	0.888784
18830	1	0.88879
18845	1	0.888796
18855	1	0.888802
18857	1	0.888808
18863	1	0.888813
18866	1	0.888819
18868	1	0.888825
18884	2	0.888837
18885	1	0.888842
18891	1	0.888848
18895	1	0.888854
18897	1	0.88886
18898	2	0.888871
18905	1	0.888877
18913	1	0.888883
18915	1	0.888889
18920	1	0.888895
18922	2	0.888906
18923	2	0.888918
18925	1	0.888924
18934	1	0.88893
18935	1	0.888935
18938	1	0.888941
18941	1	0.888947
18947	1	0.888953
18949	1	0.888959
18953	1	0.888964
18957	1	0.88897
18964	1	0.888976
18969	1	0.888982
18972	1	0.888988
18973	1	0.888993
18975	1	0.888999
18980	1	0.889005
18981	1	0.889011
18983	1	0.889017
18984	1	0.889022
18987	3	0.88904
19012	1	0.889046
19016	1	0.889051
19020	1	0.889057
19024	1	0.889063
19042	1	0.889069
19044	1	0.889075
19049	1	0.88908
19052	2	0.889092
19061	1	0.889098
19068	1	0.889104
19069	1	0.889109
19071	1	0.889115
19073	1	0.889121
19076	1	0.889127
19082	1	0.889133
19085	1	0.889138
19089	1	0.889144
19100	1	0.88915
19102	1	0.889156
19106	1	0.889162
19109	1	0.889167
19122	1	0.889173
19129	1	0.889179
19131	1	0.889185
19135	1	0.889191
19143	1	0.889196
19145	1	0.889202
19158	1	0.889208
19163	1	0.889214
19165	1	0.88922
19166	1	0.889225
19170	1	0.889231
19172	1	0.889237
19173	1	0.889243
19178	1	0.889249
19180	1	0.889254
19183	1	0.88926
19189	1	0.889266
19197	1	0.889272
19199	1	0.889278
19201	2	0.889289
19213	1	0.889295
19214	1	0.889301
19216	1	0.889307
19218	1	0.889312
19221	1	0.889318
19222	1	0.889324
19224	1	0.88933
19229	2	0.889341
19233	1	0.889347
19235	1	0.889353
19236	1	0.889359
19237	1	0.889365
19242	1	0.88937
19243	1	0.889376
19260	1	0.889382
19262	1	0.889388
19265	1	0.889394
19269	2	0.889405
19272	1	0.889411
19277	1	0.889417
19280	1	0.889423
19288	1	0.889428
19294	2	0.88944
19310	2	0.889452
19311	1	0.889457
19316	1	0.889463
19318	1	0.889469
19322	1	0.889475
19324	1	0.889481
19325	1	0.889486
19328	1	0.889492
19330	1	0.889498
19339	1	0.889504
19342	1	0.88951
19350	1	0.889515
19351	3	0.889533
19352	2	0.889544
19353	1	0.88955
19356	1	0.889556
19358	1	0.889562
19372	1	0.889568
19373	3	0.889585
19380	2	0.889597
19393	2	0.889608
19394	1	0.889614
19395	1	0.88962
19400	1	0.889626
19409	1	0.889632
19416	1	0.889637
19418	2	0.889649
19423	1	0.889655
19428	1	0.889661
19431	1	0.889666
19434	1	0.889672
19437	1	0.889678
19450	2	0.88969
19458	1	0.889695
19459	1	0.889701
19467	1	0.889707
19468	1	0.889713
19478	1	0.889719
19497	2	0.88973
19503	2	0.889742
19511	1	0.889748
19512	1	0.889753
19513	1	0.889759
19516	1	0.889765
19518	1	0.889771
19521	1	0.889777
19522	2	0.889788
19534	1	0.889794
19536	1	0.8898
19540	3	0.889817
19546	1	0.889823
19548	2	0.889835
19549	1	0.88984
19553	1	0.889846
19557	1	0.889852
19558	1	0.889858
19560	1	0.889864
19562	1	0.889869
19574	2	0.889881
19577	1	0.889887
19578	1	0.889893
19585	1	0.889898
19586	1	0.889904
19592	1	0.88991
19599	1	0.889916
19602	1	0.889922
19603	1	0.889927
19621	1	0.889933
19631	1	0.889939
19639	1	0.889945
19643	1	0.889951
19649	1	0.889956
19650	1	0.889962
19651	1	0.889968
19654	1	0.889974
19659	1	0.88998
19661	1	0.889985
19662	1	0.889991
19664	3	0.890009
19668	1	0.890014
19670	1	0.89002
19671	2	0.890032
19676	1	0.890038
19677	1	0.890043
19685	2	0.890055
19693	1	0.890061
19694	1	0.890067
19702	1	0.890072
19703	2	0.890084
19709	1	0.89009
19714	3	0.890107
19721	1	0.890113
19724	1	0.890119
19732	1	0.890125
19737	1	0.89013
19739	1	0.890136
19744	2	0.890148
19749	2	0.890159
19751	1	0.890165
19756	1	0.890171
19757	1	0.890177
19762	1	0.890183
19764	1	0.890189
19767	1	0.890194
19768	1	0.8902
19776	1	0.890206
19780	1	0.890212
19782	1	0.890218
19794	1	0.890223
19796	1	0.890229
19799	1	0.890235
19806	1	0.890241
19810	1	0.890247
19812	1	0.890252
19815	2	0.890264
19817	1	0.89027
19823	1	0.890276
19824	3	0.890293
19826	1	0.890299
19831	2	0.89031
19833	1	0.890316
19834	1	0.890322
19837	1	0.890328
19848	1	0.890334
19849	1	0.890339
19852	1	0.890345
19858	1	0.890351
19859	1	0.890357
19864	1	0.890363
19868	1	0.890368
19872	2	0.89038
19874	1	0.890386
19882	1	0.890392
19886	2	0.890403
19888	1	0.890409
19903	1	0.890415
19905	1	0.890421
19912	1	0.890426
19915	1	0.890432
19922	1	0.890438
19929	1	0.890444
19935	1	0.89045
19940	1	0.890455
19945	1	0.890461
19946	1	0.890467
19951	1	0.890473
19953	1	0.890479
19956	2	0.89049
19957	1	0.890496
19958	1	0.890502
19968	1	0.890508
19971	1	0.890513
19972	1	0.890519
19974	1	0.890525
19977	1	0.890531
19987	1	0.890537
19995	3	0.890554
19996	2	0.890566
20006	1	0.890571
20027	1	0.890577
20033	2	0.890589
20035	1	0.890595
20036	1	0.8906
20041	1	0.890606
20045	2	0.890618
20053	1	0.890624
20062	1	0.890629
20063	1	0.890635
20065	1	0.890641
20066	1	0.890647
20089	1	0.890653
20095	1	0.890658
20100	1	0.890664
20101	1	0.89067
20107	1	0.890676
20118	1	0.890682
20130	2	0.890693
20132	2	0.890705
20136	1	0.890711
20142	1	0.890716
20152	1	0.890722
20156	1	0.890728
20158	1	0.890734
20160	1	0.89074
20161	1	0.890745
20162	2	0.890757
20163	1	0.890763
20164	1	0.890769
20166	1	0.890774
20176	2	0.890786
20179	1	0.890792
20187	1	0.890798
20189	1	0.890803
20191	1	0.890809
20199	1	0.890815
20203	1	0.890821
20210	1	0.890827
20213	1	0.890833
20215	1	0.890838
20216	1	0.890844
20218	1	0.89085
20219	1	0.890856
20231	1	0.890862
20232	1	0.890867
20234	3	0.890885
20237	1	0.890891
20238	1	0.890896
20249	2	0.890908
20253	1	0.890914
20254	1	0.89092
20256	1	0.890925
20267	1	0.890931
20271	1	0.890937
20275	1	0.890943
20279	1	0.890949
20283	1	0.890954
20284	2	0.890966
20291	1	0.890972
20292	2	0.890983
20293	1	0.890989
20299	1	0.890995
20301	1	0.891001
20308	1	0.891007
20311	1	0.891012
20318	2	0.891024
20319	1	0.89103
20324	2	0.891041
20353	1	0.891047
20356	1	0.891053
20361	1	0.891059
20368	1	0.891065
20370	1	0.89107
20373	1	0.891076
20374	1	0.891082
20376	1	0.891088
20378	1	0.891094
20380	1	0.891099
20383	1	0.891105
20388	1	0.891111
20400	2	0.891123
20408	2	0.891134
20409	1	0.89114
20418	1	0.891146
20425	1	0.891152
20433	1	0.891157
20435	1	0.891163
20439	3	0.891181
20442	1	0.891186
20444	1	0.891192
20445	1	0.891198
20449	1	0.891204
20451	1	0.89121
20452	1	0.891215
20462	1	0.891221
20469	1	0.891227
20470	1	0.891233
20494	3	0.89125
20508	1	0.891256
20510	1	0.891262
20514	1	0.891268
20525	1	0.891273
20530	1	0.891279
20533	1	0.891285
20537	2	0.891297
20539	1	0.891302
20546	1	0.891308
20549	1	0.891314
20558	1	0.89132
20571	1	0.891326
20578	1	0.891331
20581	2	0.891343
20583	1	0.891349
20584	1	0.891355
20585	2	0.891366
20603	1	0.891372
20606	1	0.891378
20607	1	0.891384
20614	1	0.891389
20617	1	0.891395
20624	1	0.891401
20626	2	0.891413
20627	1	0.891418
20631	1	0.891424
20635	1	0.89143
20637	1	0.891436
20638	1	0.891442
20640	1	0.891448
20642	1	0.891453
20647	1	0.891459
20648	1	0.891465
20652	1	0.891471
20653	1	0.891477
20659	1	0.891482
20661	1	0.891488
20670	1	0.891494
20674	1	0.8915
20675	1	0.891506
20678	1	0.891511
20686	3	0.891529
20694	3	0.891546
20695	1	0.891552
20702	1	0.891558
20707	1	0.891564
20709	1	0.891569
20718	1	0.891575
20724	1	0.891581
20732	1	0.891587
20734	1	0.891593
20745	1	0.891598
20746	1	0.891604
20747	1	0.89161
20748	1	0.891616
20754	2	0.891627
20763	1	0.891633
20765	1	0.891639
20768	2	0.891651
20775	2	0.891662
20777	1	0.891668
20801	1	0.891674
20803	1	0.89168
20805	2	0.891691
20818	1	0.891697
20821	1	0.891703
20825	2	0.891714
20826	1	0.89172
20828	1	0.891726
20838	1	0.891732
20842	1	0.891738
20846	1	0.891743
20849	1	0.891749
20853	1	0.891755
20858	1	0.891761
20869	1	0.891767
20871	2	0.891778
20887	1	0.891784
20894	1	0.89179
20911	1	0.891796
20914	4	0.891819
20915	1	0.891825
20925	2	0.891836
20927	1	0.891842
20929	1	0.891848
20938	1	0.891854
20939	1	0.891859
20943	1	0.891865
20950	2	0.891877
20959	1	0.891883
20973	1	0.891888
20984	1	0.891894
20991	1	0.8919
20992	1	0.891906
20994	1	0.891912
21009	1	0.891917
21010	1	0.891923
21011	1	0.891929
21014	1	0.891935
21020	1	0.891941
21021	1	0.891946
21022	1	0.891952
21028	1	0.891958
21029	1	0.891964
21030	2	0.891975
21036	4	0.891999
21042	1	0.892004
21043	1	0.89201
21055	2	0.892022
21056	1	0.892028
21058	1	0.892033
21061	1	0.892039
21062	1	0.892045
21065	1	0.892051
21069	1	0.892057
21071	1	0.892062
21073	1	0.892068
21076	2	0.89208
21082	1	0.892086
21085	1	0.892092
21090	1	0.892097
21091	1	0.892103
21107	2	0.892115
21108	1	0.892121
21125	1	0.892126
21130	1	0.892132
21132	1	0.892138
21147	1	0.892144
21150	1	0.89215
21152	1	0.892155
21153	1	0.892161
21160	1	0.892167
21164	1	0.892173
21165	1	0.892179
21180	1	0.892184
21184	1	0.89219
21190	1	0.892196
21191	1	0.892202
21192	1	0.892208
21196	1	0.892213
21197	2	0.892225
21211	1	0.892231
21216	1	0.892237
21217	1	0.892242
21226	1	0.892248
21236	1	0.892254
21237	1	0.89226
21241	1	0.892266
21245	1	0.892271
21253	1	0.892277
21254	1	0.892283
21260	1	0.892289
21268	1	0.892295
21271	1	0.8923
21279	1	0.892306
21281	1	0.892312
21282	1	0.892318
21283	1	0.892324
21288	1	0.892329
21296	1	0.892335
21298	1	0.892341
21303	1	0.892347
21304	2	0.892358
21306	1	0.892364
21313	1	0.89237
21314	2	0.892382
21317	1	0.892387
21318	2	0.892399
21324	1	0.892405
21330	1	0.892411
21332	1	0.892416
21337	1	0.892422
21339	1	0.892428
21343	1	0.892434
21353	1	0.89244
21358	2	0.892451
21359	1	0.892457
21366	1	0.892463
21370	1	0.892469
21373	1	0.892474
21387	1	0.89248
21396	1	0.892486
21403	1	0.892492
21413	1	0.892498
21423	1	0.892503
21424	1	0.892509
21429	1	0.892515
21431	1	0.892521
21434	1	0.892527
21436	2	0.892538
21437	1	0.892544
21439	1	0.89255
21443	1	0.892556
21450	1	0.892561
21455	3	0.892579
21468	1	0.892585
21473	1	0.89259
21474	3	0.892608
21475	1	0.892614
21479	1	0.892619
21482	1	0.892625
21490	2	0.892637
21493	1	0.892643
21504	1	0.892648
21512	1	0.892654
21516	1	0.89266
21520	1	0.892666
21523	1	0.892672
21524	1	0.892677
21528	1	0.892683
21531	1	0.892689
21561	1	0.892695
21565	2	0.892707
21576	1	0.892712
21579	1	0.892718
21588	1	0.892724
21603	1	0.89273
21607	1	0.892736
21609	1	0.892741
21613	1	0.892747
21615	1	0.892753
21625	1	0.892759
21630	1	0.892765
21632	1	0.89277
21637	1	0.892776
21643	1	0.892782
21647	2	0.892794
21656	2	0.892805
21657	1	0.892811
21662	1	0.892817
21672	1	0.892823
21675	1	0.892828
21677	1	0.892834
21682	1	0.89284
21685	1	0.892846
21697	1	0.892852
21707	1	0.892857
21711	1	0.892863
21717	1	0.892869
21725	1	0.892875
21726	1	0.892881
21731	1	0.892886
21733	1	0.892892
21738	1	0.892898
21739	1	0.892904
21740	1	0.89291
21744	2	0.892921
21745	1	0.892927
21756	1	0.892933
21758	1	0.892939
21761	1	0.892944
21764	1	0.89295
21768	1	0.892956
21772	1	0.892962
21785	1	0.892968
21795	1	0.892973
21807	1	0.892979
21811	1	0.892985
21815	2	0.892997
21819	1	0.893002
21823	1	0.893008
21825	1	0.893014
21830	1	0.89302
21835	1	0.893026
21837	1	0.893031
21840	1	0.893037
21841	4	0.89306
21850	1	0.893066
21854	2	0.893078
21861	1	0.893084
21870	1	0.893089
21875	1	0.893095
21877	1	0.893101
21881	1	0.893107
21891	1	0.893113
21902	1	0.893118
21906	1	0.893124
21912	1	0.89313
21918	1	0.893136
21923	1	0.893142
21927	1	0.893147
21933	1	0.893153
21936	1	0.893159
21937	1	0.893165
21938	1	0.893171
21944	1	0.893176
21947	1	0.893182
21956	1	0.893188
21964	1	0.893194
21972	1	0.8932
21976	2	0.893211
21979	1	0.893217
21986	1	0.893223
21997	1	0.893229
22004	2	0.89324
22008	1	0.893246
22017	1	0.893252
22023	1	0.893258
22025	1	0.893263
22036	1	0.893269
22051	1	0.893275
22053	1	0.893281
22054	2	0.893292
22061	1	0.893298
22068	1	0.893304
22076	1	0.89331
22082	1	0.893316
22092	1	0.893321
22097	1	0.893327
22098	1	0.893333
22102	1	0.893339
22113	1	0.893345
22115	1	0.893351
22129	1	0.893356
22133	1	0.893362
22139	1	0.893368
22145	1	0.893374
22152	2	0.893385
22153	1	0.893391
22162	1	0.893397
22166	1	0.893403
22168	1	0.893409
22170	1	0.893414
22180	1	0.89342
22190	2	0.893432
22191	1	0.893438
22198	2	0.893449
22200	1	0.893455
22210	1	0.893461
22213	1	0.893467
22216	1	0.893472
22218	1	0.893478
22221	1	0.893484
22224	1	0.89349
22233	1	0.893496
22236	1	0.893501
22238	1	0.893507
22246	1	0.893513
22247	1	0.893519
22248	1	0.893525
22252	1	0.89353
22260	1	0.893536
22262	1	0.893542
22264	1	0.893548
22269	3	0.893565
22270	1	0.893571
22277	1	0.893577
22287	1	0.893583
22288	1	0.893588
22289	1	0.893594
22297	1	0.8936
22300	1	0.893606
22301	1	0.893612
22312	1	0.893617
22317	2	0.893629
22320	1	0.893635
22322	1	0.893641
22327	1	0.893646
22334	1	0.893652
22336	1	0.893658
22342	1	0.893664
22343	1	0.89367
22352	1	0.893675
22358	1	0.893681
22367	1	0.893687
22370	1	0.893693
22375	2	0.893704
22379	1	0.89371
22390	1	0.893716
22414	1	0.893722
22416	1	0.893728
22418	1	0.893733
22421	1	0.893739
22429	1	0.893745
22448	1	0.893751
22459	2	0.893762
22468	1	0.893768
22485	1	0.893774
22487	1	0.89378
22490	2	0.893791
22497	1	0.893797
22498	1	0.893803
22513	1	0.893809
22517	1	0.893815
22520	1	0.89382
22521	1	0.893826
22522	1	0.893832
22531	1	0.893838
22548	1	0.893844
22560	2	0.893855
22561	1	0.893861
22562	2	0.893873
22571	1	0.893878
22575	1	0.893884
22585	1	0.89389
22593	1	0.893896
22608	1	0.893902
22609	1	0.893907
22610	1	0.893913
22624	1	0.893919
22627	1	0.893925
22630	1	0.893931
22636	2	0.893942
22639	1	0.893948
22644	1	0.893954
22654	1	0.89396
22673	2	0.893971
22682	1	0.893977
22686	1	0.893983
22713	1	0.893989
22716	2	0.894
22721	1	0.894006
22735	1	0.894012
22737	1	0.894018
22746	1	0.894024
22747	1	0.894029
22751	2	0.894041
22753	1	0.894047
22758	1	0.894053
22764	1	0.894058
22765	1	0.894064
22767	1	0.89407
22773	1	0.894076
22774	1	0.894082
22777	1	0.894087
22787	1	0.894093
22791	1	0.894099
22796	1	0.894105
22815	1	0.894111
22831	1	0.894116
22837	1	0.894122
22838	2	0.894134
22843	1	0.89414
22845	1	0.894145
22853	1	0.894151
22874	1	0.894157
22883	1	0.894163
22901	1	0.894169
22915	1	0.894174
22917	1	0.89418
22931	1	0.894186
22943	1	0.894192
22944	1	0.894198
22958	1	0.894203
22959	1	0.894209
22965	1	0.894215
22975	2	0.894227
22981	1	0.894232
22990	1	0.894238
22998	1	0.894244
22999	1	0.89425
23001	1	0.894256
23012	1	0.894261
23021	1	0.894267
23026	1	0.894273
23028	1	0.894279
23036	1	0.894285
23042	1	0.89429
23043	1	0.894296
23044	1	0.894302
23049	1	0.894308
23062	1	0.894314
23083	1	0.894319
23084	1	0.894325
23101	2	0.894337
23104	2	0.894348
23111	1	0.894354
23121	1	0.89436
23135	1	0.894366
23138	1	0.894372
23149	2	0.894383
23157	1	0.894389
23159	1	0.894395
23162	1	0.894401
23166	1	0.894406
23167	1	0.894412
23171	1	0.894418
23173	3	0.894435
23177	1	0.894441
23183	1	0.894447
23185	1	0.894453
23193	2	0.894464
23197	1	0.89447
23199	2	0.894482
23203	1	0.894488
23228	1	0.894493
23236	1	0.894499
23239	1	0.894505
23250	1	0.894511
23260	1	0.894517
23263	1	0.894522
23273	1	0.894528
23282	1	0.894534
23294	1	0.89454
23296	1	0.894546
23304	1	0.894551
23310	1	0.894557
23320	1	0.894563
23328	1	0.894569
23339	1	0.894575
23349	1	0.89458
23350	1	0.894586
23362	1	0.894592
23368	1	0.894598
23370	1	0.894604
23371	1	0.89461
23373	2	0.894621
23382	1	0.894627
23385	1	0.894633
23393	1	0.894639
23394	1	0.894644
23395	1	0.89465
23398	1	0.894656
23399	1	0.894662
23411	1	0.894668
23412	1	0.894673
23419	1	0.894679
23422	1	0.894685
23424	1	0.894691
23435	1	0.894697
23440	1	0.894702
23442	1	0.894708
23449	1	0.894714
23454	1	0.89472
23455	1	0.894726
23464	1	0.894731
23475	1	0.894737
23476	1	0.894743
23479	1	0.894749
23481	1	0.894755
23483	1	0.89476
23487	2	0.894772
23489	2	0.894784
23490	1	0.894789
23494	1	0.894795
23501	1	0.894801
23512	1	0.894807
23531	1	0.894813
23544	1	0.894818
23547	1	0.894824
23561	1	0.89483
23574	1	0.894836
23578	1	0.894842
23581	1	0.894847
23584	1	0.894853
23597	1	0.894859
23599	1	0.894865
23613	1	0.894871
23615	1	0.894876
23630	2	0.894888
23635	1	0.894894
23638	1	0.8949
23639	1	0.894905
23640	1	0.894911
23647	1	0.894917
23651	1	0.894923
23655	1	0.894929
23658	2	0.89494
23669	1	0.894946
23680	2	0.894958
23688	1	0.894963
23698	1	0.894969
23710	1	0.894975
23714	1	0.894981
23721	1	0.894987
23725	1	0.894992
23731	1	0.894998
23737	1	0.895004
23741	1	0.89501
23745	1	0.895016
23747	1	0.895021
23750	1	0.895027
23754	1	0.895033
23756	1	0.895039
23762	1	0.895045
23763	1	0.89505
23765	1	0.895056
23767	1	0.895062
23769	1	0.895068
23774	1	0.895074
23782	2	0.895085
23792	1	0.895091
23801	1	0.895097
23804	1	0.895103
23837	1	0.895108
23849	1	0.895114
23860	1	0.89512
23861	1	0.895126
23874	1	0.895132
23886	2	0.895143
23895	1	0.895149
23907	1	0.895155
23912	1	0.895161
23921	1	0.895166
23925	1	0.895172
23931	1	0.895178
23932	1	0.895184
23939	2	0.895195
23951	1	0.895201
23952	1	0.895207
23957	1	0.895213
23965	1	0.895219
23995	1	0.895225
24004	1	0.89523
24005	1	0.895236
24016	1	0.895242
24019	1	0.895248
24021	1	0.895254
24040	1	0.895259
24052	1	0.895265
24055	1	0.895271
24064	2	0.895283
24065	1	0.895288
24066	1	0.895294
24093	1	0.8953
24096	1	0.895306
24108	1	0.895312
24115	1	0.895317
24117	1	0.895323
24122	1	0.895329
24130	1	0.895335
24131	1	0.895341
24134	1	0.895346
24142	1	0.895352
24148	1	0.895358
24152	1	0.895364
24153	1	0.89537
24157	1	0.895375
24162	1	0.895381
24165	1	0.895387
24167	1	0.895393
24169	1	0.895399
24171	1	0.895404
24172	1	0.89541
24181	1	0.895416
24189	1	0.895422
24204	1	0.895428
24206	1	0.895433
24209	1	0.895439
24211	1	0.895445
24214	1	0.895451
24218	1	0.895457
24221	3	0.895474
24226	1	0.89548
24228	1	0.895486
24265	1	0.895491
24269	1	0.895497
24272	1	0.895503
24277	1	0.895509
24282	1	0.895515
24293	1	0.89552
24294	1	0.895526
24301	1	0.895532
24321	1	0.895538
24322	1	0.895544
24342	1	0.895549
24345	1	0.895555
24351	1	0.895561
24352	1	0.895567
24354	1	0.895573
24373	1	0.895578
24375	1	0.895584
24377	1	0.89559
24383	1	0.895596
24384	1	0.895602
24388	1	0.895607
24389	2	0.895619
24392	1	0.895625
24393	1	0.895631
24395	1	0.895636
24405	1	0.895642
24407	1	0.895648
24408	1	0.895654
24441	1	0.89566
24442	2	0.895671
24457	1	0.895677
24479	1	0.895683
24482	2	0.895694
24497	1	0.8957
24498	1	0.895706
24524	1	0.895712
24527	1	0.895718
24549	1	0.895723
24564	1	0.895729
24570	1	0.895735
24580	1	0.895741
24590	1	0.895747
24608	1	0.895752
24619	1	0.895758
24640	1	0.895764
24641	1	0.89577
24642	1	0.895776
24667	1	0.895781
24670	1	0.895787
24685	1	0.895793
24687	2	0.895805
24703	1	0.89581
24705	1	0.895816
24708	1	0.895822
24710	1	0.895828
24728	1	0.895834
24732	1	0.895839
24744	1	0.895845
24749	1	0.895851
24755	1	0.895857
24761	1	0.895863
24782	1	0.895869
24787	1	0.895874
24791	1	0.89588
24797	1	0.895886
24817	1	0.895892
24831	2	0.895903
24857	1	0.895909
24858	1	0.895915
24861	1	0.895921
24869	1	0.895927
24871	1	0.895932
24875	1	0.895938
24877	1	0.895944
24881	1	0.89595
24884	1	0.895956
24905	1	0.895961
24907	1	0.895967
24913	1	0.895973
24920	1	0.895979
24922	1	0.895985
24923	1	0.89599
24934	1	0.895996
24938	2	0.896008
24940	1	0.896014
24947	1	0.896019
24953	1	0.896025
24965	1	0.896031
24971	1	0.896037
24978	1	0.896043
24982	1	0.896048
24986	2	0.89606
24999	1	0.896066
25001	1	0.896072
25012	1	0.896077
25094	1	0.896083
25099	1	0.896089
25104	1	0.896095
25113	1	0.896101
25121	1	0.896106
25122	1	0.896112
25124	1	0.896118
25126	1	0.896124
25134	1	0.89613
25142	1	0.896135
25147	1	0.896141
25156	1	0.896147
25173	1	0.896153
25186	1	0.896159
25187	2	0.89617
25188	1	0.896176
25192	1	0.896182
25206	1	0.896188
25210	1	0.896193
25216	1	0.896199
25220	1	0.896205
25223	1	0.896211
25230	2	0.896222
25232	1	0.896228
25236	1	0.896234
25239	1	0.89624
25253	2	0.896251
25266	1	0.896257
25293	1	0.896263
25303	1	0.896269
25304	1	0.896275
25314	1	0.89628
25317	1	0.896286
25326	1	0.896292
25331	1	0.896298
25336	1	0.896304
25337	1	0.896309
25341	1	0.896315
25343	1	0.896321
25359	1	0.896327
25368	1	0.896333
25370	1	0.896338
25379	1	0.896344
25389	1	0.89635
25397	1	0.896356
25411	1	0.896362
25413	1	0.896367
25419	1	0.896373
25426	1	0.896379
25427	1	0.896385
25434	1	0.896391
25442	1	0.896396
25446	1	0.896402
25447	1	0.896408
25452	1	0.896414
25456	2	0.896425
25458	1	0.896431
25466	1	0.896437
25485	1	0.896443
25499	2	0.896454
25505	2	0.896466
25511	1	0.896472
25528	1	0.896478
25529	1	0.896484
25533	2	0.896495
25535	1	0.896501
25538	1	0.896507
25554	1	0.896513
25563	2	0.896524
25567	3	0.896542
25587	1	0.896547
25591	1	0.896553
25594	2	0.896565
25597	1	0.896571
25618	2	0.896582
25622	1	0.896588
25623	1	0.896594
25627	1	0.8966
25631	1	0.896605
25647	1	0.896611
25653	1	0.896617
25660	2	0.896629
25668	1	0.896634
25694	1	0.89664
25698	1	0.896646
25721	2	0.896658
25740	2	0.896669
25745	2	0.896681
25765	1	0.896687
25769	1	0.896692
25771	1	0.896698
25772	1	0.896704
25784	1	0.89671
25785	1	0.896716
25789	1	0.896721
25791	1	0.896727
25794	1	0.896733
25797	1	0.896739
25800	2	0.89675
25810	1	0.896756
25814	2	0.896768
25817	1	0.896774
25825	2	0.896785
25844	1	0.896791
25856	1	0.896797
25860	1	0.896803
25873	1	0.896808
25890	1	0.896814
25893	1	0.89682
25895	1	0.896826
25918	1	0.896832
25919	1	0.896837
25925	1	0.896843
25928	1	0.896849
25946	1	0.896855
25967	1	0.896861
25973	2	0.896872
25991	1	0.896878
26017	1	0.896884
26035	1	0.89689
26043	1	0.896895
26048	1	0.896901
26058	1	0.896907
26067	1	0.896913
26074	1	0.896919
26076	1	0.896924
26086	1	0.89693
26089	1	0.896936
26102	1	0.896942
26109	1	0.896948
26113	2	0.896959
26114	1	0.896965
26120	1	0.896971
26125	1	0.896977
26126	1	0.896982
26135	1	0.896988
26142	1	0.896994
26143	1	0.897
26146	1	0.897006
26152	1	0.897011
26161	2	0.897023
26162	1	0.897029
26168	1	0.897035
26170	1	0.89704
26178	1	0.897046
26184	1	0.897052
26210	1	0.897058
26213	1	0.897064
26223	1	0.897069
26224	1	0.897075
26255	1	0.897081
26259	1	0.897087
26269	1	0.897093
26280	1	0.897098
26290	1	0.897104
26320	1	0.89711
26332	1	0.897116
26339	1	0.897122
26360	1	0.897128
26379	1	0.897133
26385	1	0.897139
26386	1	0.897145
26407	1	0.897151
26413	1	0.897157
26442	1	0.897162
26448	1	0.897168
26456	1	0.897174
26464	1	0.89718
26469	1	0.897186
26491	1	0.897191
26527	1	0.897197
26531	1	0.897203
26535	1	0.897209
26537	1	0.897215
26546	1	0.89722
26568	1	0.897226
26570	1	0.897232
26582	1	0.897238
26593	1	0.897244
26607	1	0.897249
26613	2	0.897261
26623	1	0.897267
26626	1	0.897273
26678	1	0.897278
26682	2	0.89729
26685	1	0.897296
26702	1	0.897302
26704	3	0.897319
26708	1	0.897325
26722	1	0.897331
26724	1	0.897336
26727	1	0.897342
26737	2	0.897354
26742	1	0.89736
26763	1	0.897365
26770	2	0.897377
26771	1	0.897383
26778	1	0.897389
26779	1	0.897394
26783	1	0.8974
26796	1	0.897406
26799	1	0.897412
26807	1	0.897418
26809	2	0.897429
26811	1	0.897435
26819	1	0.897441
26821	2	0.897452
26825	1	0.897458
26832	1	0.897464
26833	1	0.89747
26842	1	0.897476
26845	1	0.897481
26850	1	0.897487
26852	1	0.897493
26853	1	0.897499
26856	1	0.897505
26870	2	0.897516
26872	1	0.897522
26882	1	0.897528
26897	1	0.897534
26913	1	0.897539
26917	1	0.897545
26918	1	0.897551
26924	2	0.897563
26928	1	0.897568
26932	1	0.897574
26933	1	0.89758
26939	1	0.897586
26943	1	0.897592
26946	2	0.897603
26948	1	0.897609
26950	1	0.897615
26953	1	0.897621
26960	1	0.897626
26962	2	0.897638
26964	1	0.897644
26998	1	0.89765
26999	1	0.897655
27001	1	0.897661
27012	1	0.897667
27017	1	0.897673
27040	1	0.897679
27046	2	0.89769
27057	2	0.897702
27065	2	0.897713
27071	1	0.897719
27072	1	0.897725
27075	1	0.897731
27077	1	0.897737
27081	1	0.897743
27100	1	0.897748
27105	1	0.897754
27117	1	0.89776
27134	1	0.897766
27135	1	0.897772
27136	1	0.897777
27139	1	0.897783
27141	2	0.897795
27166	1	0.897801
27175	1	0.897806
27182	1	0.897812
27190	1	0.897818
27192	2	0.89783
27212	1	0.897835
27218	1	0.897841
27226	1	0.897847
27227	1	0.897853
27241	1	0.897859
27248	1	0.897864
27257	1	0.89787
27267	1	0.897876
27275	1	0.897882
27277	1	0.897888
27278	1	0.897893
27280	1	0.897899
27289	1	0.897905
27291	1	0.897911
27302	1	0.897917
27309	1	0.897922
27313	1	0.897928
27344	1	0.897934
27369	1	0.89794
27380	1	0.897946
27446	1	0.897951
27451	1	0.897957
27454	1	0.897963
27455	1	0.897969
27463	1	0.897975
27465	1	0.89798
27469	1	0.897986
27480	1	0.897992
27482	1	0.897998
27484	1	0.898004
27495	1	0.898009
27507	1	0.898015
27516	1	0.898021
27529	1	0.898027
27536	1	0.898033
27543	1	0.898038
27550	1	0.898044
27595	1	0.89805
27604	2	0.898062
27605	1	0.898067
27611	1	0.898073
27629	1	0.898079
27650	1	0.898085
27653	1	0.898091
27656	2	0.898102
27672	1	0.898108
27673	1	0.898114
27674	1	0.89812
27675	1	0.898125
27681	1	0.898131
27695	1	0.898137
27731	1	0.898143
27761	1	0.898149
27762	2	0.89816
27768	1	0.898166
27779	2	0.898178
27781	1	0.898183
27790	1	0.898189
27800	1	0.898195
27805	1	0.898201
27811	1	0.898207
27812	1	0.898212
27813	1	0.898218
27815	2	0.89823
27823	1	0.898236
27834	1	0.898241
27841	1	0.898247
27885	1	0.898253
27894	1	0.898259
27898	1	0.898265
27921	1	0.89827
27942	1	0.898276
27952	1	0.898282
27961	2	0.898294
27962	1	0.898299
27968	1	0.898305
27984	1	0.898311
27985	1	0.898317
27987	1	0.898323
28006	1	0.898328
28008	1	0.898334
28010	1	0.89834
28046	1	0.898346
28064	1	0.898352
28078	2	0.898363
28092	1	0.898369
28100	1	0.898375
28101	1	0.898381
28108	1	0.898387
28112	1	0.898392
28142	1	0.898398
28147	1	0.898404
28149	1	0.89841
28172	1	0.898416
28178	1	0.898421
28180	1	0.898427
28193	1	0.898433
28196	1	0.898439
28208	1	0.898445
28212	1	0.89845
28232	1	0.898456
28236	1	0.898462
28239	1	0.898468
28249	1	0.898474
28256	1	0.898479
28279	1	0.898485
28287	1	0.898491
28289	1	0.898497
28290	1	0.898503
28293	1	0.898508
28308	1	0.898514
28311	1	0.89852
28324	1	0.898526
28326	1	0.898532
28331	1	0.898537
28335	1	0.898543
28343	1	0.898549
28353	1	0.898555
28357	1	0.898561
28358	1	0.898566
28362	1	0.898572
28364	1	0.898578
28374	1	0.898584
28378	1	0.89859
28391	1	0.898595
28405	1	0.898601
28406	3	0.898619
28410	1	0.898624
28415	1	0.89863
28420	1	0.898636
28434	1	0.898642
28439	1	0.898648
28444	1	0.898653
28451	1	0.898659
28455	1	0.898665
28466	1	0.898671
28483	1	0.898677
28484	1	0.898682
28491	1	0.898688
28507	1	0.898694
28516	2	0.898706
28534	1	0.898711
28535	1	0.898717
28545	1	0.898723
28548	1	0.898729
28553	1	0.898735
28557	1	0.89874
28559	1	0.898746
28564	1	0.898752
28582	1	0.898758
28613	1	0.898764
28620	1	0.898769
28635	1	0.898775
28641	1	0.898781
28650	1	0.898787
28655	1	0.898793
28666	1	0.898798
28674	1	0.898804
28680	1	0.89881
28682	1	0.898816
28685	1	0.898822
28686	1	0.898827
28689	1	0.898833
28691	1	0.898839
28703	1	0.898845
28723	1	0.898851
28749	1	0.898856
28765	1	0.898862
28773	1	0.898868
28779	1	0.898874
28781	1	0.89888
28784	1	0.898885
28790	1	0.898891
28795	1	0.898897
28802	1	0.898903
28806	1	0.898909
28811	1	0.898914
28822	1	0.89892
28837	1	0.898926
28841	1	0.898932
28842	1	0.898938
28850	1	0.898943
28862	2	0.898955
28865	1	0.898961
28870	1	0.898967
28875	1	0.898972
28879	1	0.898978
28890	2	0.89899
28895	1	0.898996
28902	1	0.899002
28915	1	0.899007
28916	1	0.899013
28918	1	0.899019
28925	1	0.899025
28931	1	0.899031
28934	1	0.899036
28947	1	0.899042
28956	2	0.899054
28967	1	0.89906
28968	1	0.899065
28977	1	0.899071
28980	1	0.899077
28992	1	0.899083
28996	1	0.899089
29003	1	0.899094
29009	1	0.8991
29027	1	0.899106
29031	1	0.899112
29040	1	0.899118
29062	1	0.899123
29070	1	0.899129
29071	1	0.899135
29091	2	0.899147
29092	1	0.899152
29098	1	0.899158
29128	1	0.899164
29138	1	0.89917
29147	1	0.899176
29157	1	0.899181
29160	1	0.899187
29164	1	0.899193
29166	1	0.899199
29172	1	0.899205
29175	1	0.89921
29220	1	0.899216
29233	1	0.899222
29255	1	0.899228
29269	2	0.899239
29273	1	0.899245
29280	1	0.899251
29282	1	0.899257
29293	1	0.899263
29324	3	0.89928
29325	1	0.899286
29331	1	0.899292
29334	1	0.899297
29340	2	0.899309
29342	1	0.899315
29353	1	0.899321
29363	1	0.899326
29386	1	0.899332
29395	1	0.899338
29398	1	0.899344
29404	1	0.89935
29408	1	0.899355
29433	1	0.899361
29445	1	0.899367
29470	2	0.899379
29471	1	0.899384
29477	1	0.89939
29496	2	0.899402
29515	1	0.899408
29524	1	0.899413
29531	1	0.899419
29536	1	0.899425
29541	1	0.899431
29547	1	0.899437
29561	1	0.899442
29578	2	0.899454
29580	1	0.89946
29584	1	0.899466
29595	1	0.899471
29597	1	0.899477
29599	1	0.899483
29616	1	0.899489
29629	1	0.899495
29644	1	0.8995
29649	1	0.899506
29659	1	0.899512
29672	1	0.899518
29673	1	0.899524
29682	1	0.899529
29697	2	0.899541
29702	2	0.899553
29707	1	0.899558
29734	1	0.899564
29749	1	0.89957
29763	1	0.899576
29771	1	0.899582
29780	1	0.899587
29788	1	0.899593
29798	1	0.899599
29802	1	0.899605
29806	1	0.899611
29818	3	0.899628
29821	1	0.899634
29822	1	0.89964
29826	1	0.899646
29835	1	0.899651
29844	1	0.899657
29855	1	0.899663
29870	1	0.899669
29878	1	0.899675
29881	1	0.89968
29896	1	0.899686
29897	1	0.899692
29900	1	0.899698
29906	1	0.899704
29912	3	0.899721
29913	1	0.899727
29918	1	0.899733
29948	1	0.899738
30001	1	0.899744
30017	1	0.89975
30024	1	0.899756
30034	1	0.899762
30038	1	0.899767
30040	1	0.899773
30046	1	0.899779
30053	1	0.899785
30057	1	0.899791
30063	1	0.899796
30085	1	0.899802
30089	1	0.899808
30094	1	0.899814
30098	2	0.899825
30100	1	0.899831
30111	1	0.899837
30128	1	0.899843
30146	1	0.899849
30151	1	0.899854
30154	1	0.89986
30158	1	0.899866
30159	1	0.899872
30181	1	0.899878
30189	1	0.899883
30191	1	0.899889
30195	1	0.899895
30198	1	0.899901
30202	2	0.899912
30209	1	0.899918
30211	1	0.899924
30213	1	0.89993
30238	2	0.899941
30244	1	0.899947
30263	1	0.899953
30266	1	0.899959
30267	1	0.899965
30268	1	0.89997
30284	1	0.899976
30304	1	0.899982
30308	1	0.899988
30316	2	0.899999
30321	1	0.900005
30322	1	0.900011
30330	2	0.900023
30334	1	0.900028
30344	1	0.900034
30347	2	0.900046
30350	1	0.900052
30357	1	0.900057
30360	1	0.900063
30378	1	0.900069
30381	1	0.900075
30392	1	0.900081
30405	2	0.900092
30406	1	0.900098
30433	1	0.900104
30441	1	0.90011
30449	1	0.900115
30464	1	0.900121
30481	1	0.900127
30482	1	0.900133
30486	1	0.900139
30491	1	0.900144
30502	2	0.900156
30514	1	0.900162
30518	1	0.900168
30548	1	0.900173
30575	1	0.900179
30594	1	0.900185
30595	1	0.900191
30602	1	0.900197
30609	1	0.900202
30632	1	0.900208
30639	1	0.900214
30642	1	0.90022
30644	1	0.900226
30677	1	0.900231
30688	1	0.900237
30701	1	0.900243
30704	1	0.900249
30707	1	0.900255
30721	1	0.900261
30749	1	0.900266
30751	1	0.900272
30758	1	0.900278
30764	1	0.900284
30765	1	0.90029
30771	1	0.900295
30772	1	0.900301
30774	1	0.900307
30776	1	0.900313
30780	1	0.900319
30785	1	0.900324
30809	1	0.90033
30816	1	0.900336
30823	1	0.900342
30827	1	0.900348
30832	1	0.900353
30835	1	0.900359
30862	1	0.900365
30864	1	0.900371
30866	1	0.900377
30868	1	0.900382
30872	1	0.900388
30873	1	0.900394
30874	2	0.900406
30877	2	0.900417
30882	1	0.900423
30883	1	0.900429
30903	1	0.900435
30908	2	0.900446
30912	1	0.900452
30913	1	0.900458
30922	1	0.900464
30926	1	0.900469
30934	2	0.900481
30946	1	0.900487
30962	1	0.900493
30965	1	0.900498
30969	1	0.900504
30986	1	0.90051
30987	1	0.900516
31019	1	0.900522
31026	1	0.900527
31036	1	0.900533
31042	1	0.900539
31044	1	0.900545
31046	1	0.900551
31051	2	0.900562
31058	1	0.900568
31062	1	0.900574
31063	1	0.90058
31073	1	0.900585
31078	1	0.900591
31079	1	0.900597
31084	1	0.900603
31089	1	0.900609
31093	1	0.900614
31095	1	0.90062
31099	1	0.900626
31105	1	0.900632
31117	2	0.900643
31131	1	0.900649
31136	1	0.900655
31138	2	0.900667
31142	1	0.900672
31147	1	0.900678
31150	1	0.900684
31157	1	0.90069
31158	1	0.900696
31165	1	0.900701
31175	1	0.900707
31178	1	0.900713
31179	1	0.900719
31180	3	0.900736
31181	2	0.900748
31182	1	0.900754
31213	1	0.900759
31214	1	0.900765
31217	1	0.900771
31220	1	0.900777
31222	1	0.900783
31228	1	0.900788
31234	2	0.9008
31240	2	0.900812
31241	1	0.900817
31247	1	0.900823
31248	1	0.900829
31258	1	0.900835
31268	1	0.900841
31269	1	0.900846
31272	1	0.900852
31281	1	0.900858
31284	1	0.900864
31287	2	0.900875
31309	1	0.900881
31318	1	0.900887
31320	1	0.900893
31325	1	0.900899
31335	1	0.900905
31338	1	0.90091
31347	1	0.900916
31360	1	0.900922
31366	1	0.900928
31370	1	0.900934
31379	1	0.900939
31387	1	0.900945
31389	1	0.900951
31403	1	0.900957
31413	2	0.900968
31414	1	0.900974
31421	1	0.90098
31427	1	0.900986
31428	1	0.900992
31430	1	0.900997
31439	1	0.901003
31443	1	0.901009
31444	1	0.901015
31459	1	0.901021
31463	2	0.901032
31466	1	0.901038
31469	1	0.901044
31470	1	0.90105
31474	2	0.901061
31483	1	0.901067
31484	1	0.901073
31490	1	0.901079
31500	1	0.901084
31502	1	0.90109
31541	1	0.901096
31551	1	0.901102
31555	1	0.901108
31562	1	0.901113
31581	1	0.901119
31592	1	0.901125
31594	1	0.901131
31614	1	0.901137
31618	1	0.901142
31622	1	0.901148
31635	1	0.901154
31639	1	0.90116
31651	1	0.901166
31655	1	0.901171
31656	1	0.901177
31668	1	0.901183
31689	1	0.901189
31691	1	0.901195
31701	1	0.9012
31714	1	0.901206
31727	1	0.901212
31730	1	0.901218
31732	1	0.901224
31736	1	0.901229
31739	2	0.901241
31744	1	0.901247
31751	1	0.901253
31753	1	0.901258
31756	1	0.901264
31772	1	0.90127
31777	2	0.901282
31778	1	0.901287
31779	1	0.901293
31789	1	0.901299
31813	1	0.901305
31816	2	0.901316
31822	1	0.901322
31831	1	0.901328
31835	1	0.901334
31838	1	0.90134
31842	1	0.901345
31844	1	0.901351
31845	1	0.901357
31849	1	0.901363
31852	1	0.901369
31855	1	0.901374
31858	1	0.90138
31863	1	0.901386
31868	1	0.901392
31873	1	0.901398
31875	1	0.901403
31877	1	0.901409
31904	1	0.901415
31915	1	0.901421
31938	1	0.901427
31941	1	0.901432
31942	1	0.901438
31981	1	0.901444
31986	1	0.90145
31996	2	0.901461
32015	1	0.901467
32037	1	0.901473
32053	1	0.901479
32054	2	0.90149
32060	1	0.901496
32061	1	0.901502
32068	1	0.901508
32071	1	0.901514
32097	1	0.90152
32105	2	0.901531
32116	1	0.901537
32151	1	0.901543
32163	1	0.901549
32178	1	0.901554
32185	1	0.90156
32195	1	0.901566
32202	1	0.901572
32215	2	0.901583
32234	1	0.901589
32235	1	0.901595
32237	1	0.901601
32250	1	0.901607
32254	1	0.901612
32269	1	0.901618
32273	1	0.901624
32292	2	0.901636
32294	1	0.901641
32322	1	0.901647
32333	1	0.901653
32360	1	0.901659
32369	1	0.901665
32378	1	0.90167
32386	1	0.901676
32387	1	0.901682
32394	1	0.901688
32398	1	0.901694
32401	1	0.901699
32417	2	0.901711
32419	1	0.901717
32421	1	0.901723
32423	1	0.901728
32425	1	0.901734
32443	1	0.90174
32461	1	0.901746
32492	2	0.901757
32502	1	0.901763
32510	1	0.901769
32520	1	0.901775
32521	1	0.901781
32522	1	0.901786
32533	1	0.901792
32536	1	0.901798
32541	1	0.901804
32545	1	0.90181
32548	1	0.901815
32549	1	0.901821
32551	1	0.901827
32562	1	0.901833
32566	1	0.901839
32573	1	0.901844
32579	1	0.90185
32587	1	0.901856
32608	3	0.901873
32611	2	0.901885
32623	1	0.901891
32636	1	0.901897
32638	1	0.901902
32671	2	0.901914
32685	1	0.90192
32688	1	0.901926
32691	2	0.901937
32693	1	0.901943
32698	1	0.901949
32701	1	0.901955
32704	1	0.90196
32717	1	0.901966
32725	1	0.901972
32729	1	0.901978
32738	1	0.901984
32741	1	0.901989
32743	1	0.901995
32757	1	0.902001
32768	1	0.902007
32783	1	0.902013
32784	1	0.902018
32797	1	0.902024
32801	1	0.90203
32802	1	0.902036
32805	2	0.902047
32806	2	0.902059
32811	1	0.902065
32818	1	0.902071
32819	1	0.902076
32821	1	0.902082
32828	1	0.902088
32829	2	0.9021
32834	1	0.902105
32848	1	0.902111
32875	1	0.902117
32876	1	0.902123
32884	1	0.902129
32889	1	0.902134
32890	1	0.90214
32895	1	0.902146
32909	2	0.902158
32934	1	0.902164
32935	1	0.902169
32939	1	0.902175
32946	1	0.902181
32979	1	0.902187
32986	1	0.902193
32989	1	0.902198
32994	1	0.902204
32996	1	0.90221
32997	2	0.902222
33003	1	0.902227
33008	1	0.902233
33020	1	0.902239
33031	1	0.902245
33033	1	0.902251
33039	1	0.902256
33047	1	0.902262
33051	1	0.902268
33055	1	0.902274
33057	1	0.90228
33074	1	0.902285
33084	1	0.902291
33117	1	0.902297
33125	1	0.902303
33146	1	0.902309
33151	1	0.902314
33159	1	0.90232
33163	1	0.902326
33165	1	0.902332
33168	1	0.902338
33170	1	0.902343
33172	1	0.902349
33174	1	0.902355
33181	1	0.902361
33186	1	0.902367
33195	1	0.902372
33202	1	0.902378
33208	1	0.902384
33219	1	0.90239
33223	1	0.902396
33230	2	0.902407
33234	1	0.902413
33240	1	0.902419
33245	1	0.902425
33247	1	0.90243
33249	1	0.902436
33251	1	0.902442
33256	1	0.902448
33257	1	0.902454
33286	2	0.902465
33287	1	0.902471
33309	1	0.902477
33322	1	0.902483
33325	2	0.902494
33336	1	0.9025
33343	2	0.902512
33347	1	0.902517
33354	1	0.902523
33369	2	0.902535
33370	1	0.902541
33373	1	0.902546
33377	1	0.902552
33385	2	0.902564
33395	1	0.90257
33417	1	0.902575
33428	1	0.902581
33430	1	0.902587
33433	1	0.902593
33434	1	0.902599
33437	1	0.902604
33445	1	0.90261
33464	1	0.902616
33467	1	0.902622
33470	1	0.902628
33474	1	0.902633
33475	1	0.902639
33487	1	0.902645
33488	1	0.902651
33498	1	0.902657
33507	1	0.902662
33513	1	0.902668
33518	1	0.902674
33519	1	0.90268
33526	2	0.902691
33529	1	0.902697
33536	1	0.902703
33537	1	0.902709
33538	1	0.902715
33544	1	0.90272
33550	1	0.902726
33559	1	0.902732
33563	1	0.902738
33571	1	0.902744
33581	1	0.902749
33594	1	0.902755
33604	3	0.902773
33606	1	0.902779
33613	1	0.902784
33630	1	0.90279
33633	1	0.902796
33635	1	0.902802
33636	2	0.902813
33638	1	0.902819
33639	1	0.902825
33647	1	0.902831
33664	1	0.902837
33671	1	0.902842
33686	2	0.902854
33687	1	0.90286
33689	1	0.902866
33695	1	0.902871
33701	1	0.902877
33704	1	0.902883
33705	1	0.902889
33717	1	0.902895
33732	1	0.9029
33733	1	0.902906
33738	2	0.902918
33774	1	0.902924
33783	1	0.902929
33788	1	0.902935
33796	1	0.902941
33799	1	0.902947
33816	1	0.902953
33832	2	0.902964
33833	1	0.90297
33838	1	0.902976
33849	1	0.902982
33856	3	0.902999
33857	1	0.903005
33876	1	0.903011
33880	1	0.903016
33893	1	0.903022
33917	1	0.903028
33927	1	0.903034
33934	1	0.90304
33943	2	0.903051
33967	1	0.903057
33972	1	0.903063
33977	2	0.903074
33978	1	0.90308
33983	1	0.903086
33987	1	0.903092
33989	1	0.903098
33994	1	0.903103
33998	1	0.903109
33999	1	0.903115
34002	1	0.903121
34030	1	0.903127
34042	1	0.903132
34053	1	0.903138
34055	1	0.903144
34069	1	0.90315
34071	1	0.903156
34073	1	0.903161
34091	1	0.903167
34097	1	0.903173
34098	2	0.903185
34100	1	0.90319
34104	1	0.903196
34126	1	0.903202
34139	1	0.903208
34143	1	0.903214
34152	1	0.903219
34153	1	0.903225
34157	1	0.903231
34158	1	0.903237
34177	1	0.903243
34182	1	0.903248
34187	1	0.903254
34188	1	0.90326
34192	2	0.903272
34200	1	0.903277
34202	1	0.903283
34219	1	0.903289
34220	1	0.903295
34221	1	0.903301
34224	1	0.903306
34232	1	0.903312
34239	1	0.903318
34247	1	0.903324
34253	1	0.90333
34278	1	0.903335
34285	1	0.903341
34287	1	0.903347
34306	1	0.903353
34323	2	0.903364
34327	1	0.90337
34330	1	0.903376
34339	1	0.903382
34346	1	0.903388
34351	1	0.903393
34353	1	0.903399
34357	1	0.903405
34366	2	0.903417
34367	2	0.903428
34371	2	0.90344
34372	1	0.903446
34375	1	0.903452
34405	1	0.903457
34412	1	0.903463
34415	1	0.903469
34417	1	0.903475
34436	1	0.903481
34437	1	0.903486
34438	1	0.903492
34477	1	0.903498
34490	1	0.903504
34504	1	0.90351
34513	1	0.903515
34515	1	0.903521
34520	1	0.903527
34523	2	0.903539
34536	1	0.903544
34546	1	0.90355
34553	2	0.903562
34555	1	0.903568
34558	1	0.903573
34563	2	0.903585
34569	1	0.903591
34575	2	0.903602
34579	1	0.903608
34582	1	0.903614
34583	1	0.90362
34591	1	0.903626
34594	1	0.903631
34604	1	0.903637
34609	2	0.903649
34614	1	0.903655
34618	1	0.90366
34624	1	0.903666
34626	1	0.903672
34635	1	0.903678
34640	1	0.903684
34643	1	0.903689
34653	1	0.903695
34657	1	0.903701
34661	1	0.903707
34664	1	0.903713
34668	1	0.903718
34674	1	0.903724
34701	1	0.90373
34707	1	0.903736
34713	2	0.903747
34725	1	0.903753
34745	1	0.903759
34764	1	0.903765
34771	2	0.903776
34818	1	0.903782
34820	1	0.903788
34828	1	0.903794
34830	1	0.9038
34842	1	0.903805
34877	1	0.903811
34878	1	0.903817
34896	1	0.903823
34913	1	0.903829
34942	1	0.903834
34953	1	0.90384
34971	1	0.903846
34998	1	0.903852
35005	1	0.903858
35039	1	0.903863
35041	1	0.903869
35052	1	0.903875
35077	1	0.903881
35085	1	0.903887
35144	1	0.903892
35161	1	0.903898
35164	1	0.903904
35171	1	0.90391
35177	1	0.903916
35181	1	0.903921
35185	1	0.903927
35221	1	0.903933
35241	1	0.903939
35244	1	0.903945
35258	1	0.90395
35272	1	0.903956
35293	1	0.903962
35308	1	0.903968
35322	1	0.903974
35330	1	0.903979
35345	1	0.903985
35351	1	0.903991
35362	1	0.903997
35398	1	0.904003
35405	3	0.90402
35423	1	0.904026
35435	1	0.904032
35440	1	0.904038
35445	1	0.904043
35454	1	0.904049
35457	1	0.904055
35460	1	0.904061
35474	1	0.904067
35482	1	0.904072
35485	1	0.904078
35492	1	0.904084
35495	1	0.90409
35499	1	0.904096
35502	1	0.904101
35504	1	0.904107
35512	1	0.904113
35530	1	0.904119
35532	1	0.904125
35542	1	0.90413
35555	1	0.904136
35559	2	0.904148
35566	2	0.904159
35568	1	0.904165
35572	1	0.904171
35586	1	0.904177
35592	1	0.904183
35594	1	0.904188
35598	1	0.904194
35605	1	0.9042
35608	1	0.904206
35620	1	0.904212
35628	1	0.904217
35657	1	0.904223
35658	1	0.904229
35661	1	0.904235
35666	1	0.904241
35667	1	0.904246
35674	1	0.904252
35676	1	0.904258
35682	1	0.904264
35685	1	0.90427
35690	2	0.904281
35708	1	0.904287
35720	1	0.904293
35722	1	0.904299
35731	1	0.904304
35741	1	0.90431
35749	1	0.904316
35766	1	0.904322
35779	1	0.904328
35789	1	0.904333
35790	1	0.904339
35795	1	0.904345
35809	2	0.904357
35818	1	0.904362
35847	1	0.904368
35861	1	0.904374
35874	1	0.90438
35876	1	0.904386
35890	1	0.904391
35891	1	0.904397
35892	1	0.904403
35893	1	0.904409
35902	1	0.904415
35908	1	0.90442
35913	1	0.904426
35914	1	0.904432
35920	1	0.904438
35932	1	0.904444
35936	1	0.904449
35940	1	0.904455
35947	1	0.904461
35948	1	0.904467
35955	1	0.904473
35957	1	0.904478
35958	1	0.904484
35961	1	0.90449
35967	1	0.904496
35971	1	0.904502
35972	1	0.904507
35987	1	0.904513
35997	3	0.904531
36006	1	0.904536
36008	1	0.904542
36013	1	0.904548
36014	1	0.904554
36024	1	0.90456
36057	1	0.904565
36080	1	0.904571
36091	1	0.904577
36093	1	0.904583
36097	2	0.904594
36100	1	0.9046
36122	2	0.904612
36129	1	0.904618
36130	1	0.904623
36134	1	0.904629
36156	1	0.904635
36162	1	0.904641
36174	1	0.904647
36176	1	0.904652
36180	1	0.904658
36182	1	0.904664
36196	1	0.90467
36207	1	0.904676
36215	1	0.904682
36231	1	0.904687
36236	1	0.904693
36273	2	0.904705
36274	1	0.904711
36281	1	0.904716
36288	1	0.904722
36289	1	0.904728
36297	2	0.90474
36299	1	0.904745
36302	2	0.904757
36313	1	0.904763
36316	1	0.904769
36346	1	0.904774
36347	2	0.904786
36359	1	0.904792
36378	1	0.904798
36380	1	0.904803
36385	2	0.904815
36406	1	0.904821
36423	2	0.904832
36431	1	0.904838
36432	1	0.904844
36463	1	0.90485
36469	1	0.904856
36478	1	0.904861
36496	1	0.904867
36503	1	0.904873
36515	2	0.904885
36522	1	0.90489
36523	1	0.904896
36535	1	0.904902
36539	2	0.904914
36564	1	0.904919
36568	1	0.904925
36580	1	0.904931
36607	1	0.904937
36630	1	0.904943
36636	1	0.904948
36638	1	0.904954
36639	1	0.90496
36648	1	0.904966
36670	1	0.904972
36674	1	0.904977
36678	1	0.904983
36686	1	0.904989
36693	1	0.904995
36698	1	0.905001
36724	1	0.905006
36746	1	0.905012
36775	1	0.905018
36784	1	0.905024
36785	1	0.90503
36787	1	0.905035
36788	1	0.905041
36790	1	0.905047
36798	1	0.905053
36805	2	0.905064
36806	1	0.90507
36813	1	0.905076
36830	1	0.905082
36851	1	0.905088
36863	1	0.905093
36870	1	0.905099
36886	1	0.905105
36892	1	0.905111
36907	1	0.905117
36912	1	0.905122
36920	1	0.905128
36924	1	0.905134
36957	1	0.90514
36961	1	0.905146
37002	1	0.905151
37017	1	0.905157
37044	1	0.905163
37045	1	0.905169
37074	1	0.905175
37076	1	0.90518
37079	1	0.905186
37081	1	0.905192
37083	1	0.905198
37093	1	0.905204
37096	1	0.905209
37103	1	0.905215
37112	1	0.905221
37124	1	0.905227
37128	1	0.905233
37132	2	0.905244
37133	1	0.90525
37144	1	0.905256
37150	1	0.905262
37154	1	0.905267
37156	1	0.905273
37160	1	0.905279
37163	2	0.905291
37172	1	0.905297
37173	1	0.905302
37185	1	0.905308
37187	1	0.905314
37206	1	0.90532
37209	1	0.905326
37212	1	0.905331
37229	1	0.905337
37231	1	0.905343
37246	1	0.905349
37249	1	0.905355
37258	1	0.90536
37269	1	0.905366
37277	1	0.905372
37278	1	0.905378
37303	1	0.905384
37323	1	0.905389
37329	2	0.905401
37331	1	0.905407
37332	2	0.905418
37346	1	0.905424
37347	1	0.90543
37352	1	0.905436
37355	1	0.905442
37368	1	0.905447
37371	1	0.905453
37372	1	0.905459
37392	1	0.905465
37401	1	0.905471
37402	1	0.905476
37418	1	0.905482
37432	1	0.905488
37438	1	0.905494
37439	1	0.9055
37500	1	0.905505
37535	1	0.905511
37563	1	0.905517
37571	2	0.905529
37573	1	0.905534
37575	1	0.90554
37580	1	0.905546
37602	1	0.905552
37606	1	0.905558
37613	2	0.905569
37618	1	0.905575
37623	1	0.905581
37651	1	0.905587
37659	1	0.905592
37667	1	0.905598
37690	1	0.905604
37703	1	0.90561
37721	1	0.905616
37724	1	0.905621
37748	1	0.905627
37763	1	0.905633
37766	1	0.905639
37767	3	0.905656
37777	1	0.905662
37789	2	0.905674
37790	1	0.905679
37796	1	0.905685
37797	1	0.905691
37811	1	0.905697
37812	1	0.905703
37815	1	0.905708
37817	2	0.90572
37819	1	0.905726
37828	1	0.905732
37832	1	0.905737
37834	1	0.905743
37839	1	0.905749
37842	1	0.905755
37845	1	0.905761
37856	2	0.905772
37867	1	0.905778
37869	1	0.905784
37870	1	0.90579
37882	1	0.905795
37888	1	0.905801
37890	1	0.905807
37892	1	0.905813
37894	1	0.905819
37902	1	0.905824
37911	1	0.90583
37914	1	0.905836
37919	1	0.905842
37922	1	0.905848
37937	1	0.905853
37948	1	0.905859
37952	1	0.905865
37961	1	0.905871
37969	2	0.905882
37972	1	0.905888
37976	1	0.905894
37977	1	0.9059
37978	1	0.905906
37980	2	0.905917
38001	1	0.905923
38005	1	0.905929
38015	1	0.905935
38018	1	0.905941
38027	1	0.905946
38048	1	0.905952
38064	1	0.905958
38070	1	0.905964
38107	1	0.90597
38122	1	0.905975
38157	1	0.905981
38163	1	0.905987
38169	1	0.905993
38178	1	0.905999
38184	3	0.906016
38188	1	0.906022
38201	1	0.906028
38208	1	0.906033
38218	1	0.906039
38220	1	0.906045
38263	1	0.906051
38266	1	0.906057
38268	1	0.906062
38269	1	0.906068
38277	1	0.906074
38287	1	0.90608
38297	1	0.906086
38301	1	0.906091
38311	1	0.906097
38320	1	0.906103
38328	1	0.906109
38343	1	0.906115
38348	1	0.90612
38350	1	0.906126
38351	1	0.906132
38359	1	0.906138
38363	1	0.906144
38373	1	0.906149
38385	1	0.906155
38389	1	0.906161
38392	1	0.906167
38401	1	0.906173
38411	1	0.906178
38429	1	0.906184
38438	1	0.90619
38450	1	0.906196
38454	1	0.906202
38457	2	0.906213
38461	1	0.906219
38466	1	0.906225
38478	1	0.906231
38485	1	0.906236
38503	1	0.906242
38511	1	0.906248
38519	1	0.906254
38541	1	0.90626
38543	1	0.906265
38545	1	0.906271
38548	1	0.906277
38549	1	0.906283
38576	1	0.906289
38580	1	0.906294
38597	1	0.9063
38601	1	0.906306
38612	1	0.906312
38622	1	0.906318
38627	1	0.906323
38631	1	0.906329
38648	1	0.906335
38652	1	0.906341
38724	2	0.906352
38725	1	0.906358
38732	1	0.906364
38733	1	0.90637
38735	1	0.906376
38738	1	0.906381
38744	1	0.906387
38755	1	0.906393
38756	1	0.906399
38757	1	0.906405
38758	1	0.90641
38763	1	0.906416
38774	1	0.906422
38778	1	0.906428
38780	1	0.906434
38784	1	0.906439
38788	1	0.906445
38798	1	0.906451
38806	1	0.906457
38822	1	0.906463
38836	1	0.906468
38854	1	0.906474
38862	1	0.90648
38868	1	0.906486
38882	2	0.906497
38885	1	0.906503
38895	1	0.906509
38902	1	0.906515
38910	1	0.906521
38920	1	0.906526
38929	1	0.906532
38930	1	0.906538
38931	1	0.906544
38935	1	0.90655
38941	1	0.906556
38944	1	0.906561
38954	1	0.906567
38963	1	0.906573
38970	1	0.906579
38973	1	0.906585
38974	1	0.90659
38975	1	0.906596
38990	1	0.906602
38995	1	0.906608
38999	1	0.906614
39011	1	0.906619
39015	1	0.906625
39044	1	0.906631
39053	1	0.906637
39063	1	0.906643
39064	1	0.906648
39070	1	0.906654
39071	1	0.90666
39074	2	0.906672
39090	1	0.906677
39095	1	0.906683
39112	1	0.906689
39113	1	0.906695
39121	1	0.906701
39124	1	0.906706
39130	1	0.906712
39133	1	0.906718
39148	1	0.906724
39149	1	0.90673
39164	1	0.906735
39166	1	0.906741
39169	3	0.906759
39186	1	0.906764
39202	1	0.90677
39207	1	0.906776
39208	1	0.906782
39219	2	0.906793
39251	1	0.906799
39255	1	0.906805
39276	1	0.906811
39290	1	0.906817
39324	1	0.906822
39333	1	0.906828
39341	1	0.906834
39346	1	0.90684
39348	1	0.906846
39355	1	0.906851
39366	1	0.906857
39405	1	0.906863
39415	1	0.906869
39420	1	0.906875
39466	1	0.90688
39480	2	0.906892
39504	1	0.906898
39506	1	0.906904
39508	1	0.906909
39513	1	0.906915
39523	1	0.906921
39530	1	0.906927
39544	1	0.906933
39568	1	0.906938
39575	1	0.906944
39580	1	0.90695
39581	1	0.906956
39589	1	0.906962
39597	1	0.906967
39606	1	0.906973
39611	1	0.906979
39616	1	0.906985
39619	1	0.906991
39630	1	0.906996
39632	1	0.907002
39637	1	0.907008
39640	1	0.907014
39660	1	0.90702
39677	1	0.907025
39682	1	0.907031
39696	1	0.907037
39710	2	0.907049
39711	1	0.907054
39712	1	0.90706
39749	1	0.907066
39752	1	0.907072
39753	1	0.907078
39758	1	0.907083
39764	1	0.907089
39782	1	0.907095
39783	1	0.907101
39784	1	0.907107
39788	1	0.907112
39793	1	0.907118
39798	1	0.907124
39814	1	0.90713
39819	1	0.907136
39827	1	0.907141
39836	1	0.907147
39845	1	0.907153
39847	1	0.907159
39868	1	0.907165
39882	1	0.90717
39884	1	0.907176
39912	1	0.907182
39919	1	0.907188
39921	1	0.907194
39924	1	0.9072
39966	1	0.907205
39981	2	0.907217
39982	1	0.907223
39985	1	0.907229
39992	1	0.907234
39994	1	0.90724
40032	1	0.907246
40071	1	0.907252
40072	1	0.907258
40079	1	0.907263
40081	1	0.907269
40083	1	0.907275
40103	1	0.907281
40105	1	0.907287
40115	3	0.907304
40116	1	0.90731
40144	1	0.907316
40149	1	0.907321
40174	1	0.907327
40179	1	0.907333
40186	1	0.907339
40188	2	0.90735
40191	1	0.907356
40193	1	0.907362
40194	1	0.907368
40219	1	0.907374
40227	1	0.907379
40230	1	0.907385
40231	1	0.907391
40248	1	0.907397
40258	1	0.907403
40260	1	0.907408
40275	2	0.90742
40277	1	0.907426
40295	1	0.907432
40311	1	0.907437
40320	1	0.907443
40341	1	0.907449
40380	1	0.907455
40387	1	0.907461
40399	1	0.907466
40437	1	0.907472
40440	1	0.907478
40471	1	0.907484
40478	1	0.90749
40497	1	0.907495
40532	1	0.907501
40543	1	0.907507
40555	1	0.907513
40565	1	0.907519
40575	1	0.907524
40583	1	0.90753
40589	1	0.907536
40608	1	0.907542
40618	2	0.907553
40619	2	0.907565
40646	1	0.907571
40657	1	0.907577
40658	1	0.907582
40668	2	0.907594
40682	1	0.9076
40684	1	0.907606
40696	1	0.907611
40697	1	0.907617
40701	1	0.907623
40720	1	0.907629
40724	1	0.907635
40727	1	0.90764
40732	1	0.907646
40754	1	0.907652
40759	1	0.907658
40777	1	0.907664
40780	1	0.907669
40789	1	0.907675
40792	1	0.907681
40797	1	0.907687
40803	2	0.907698
40813	2	0.90771
40833	2	0.907722
40839	2	0.907733
40840	1	0.907739
40843	1	0.907745
40854	1	0.907751
40861	1	0.907756
40864	1	0.907762
40879	1	0.907768
40897	1	0.907774
40913	1	0.90778
40919	1	0.907785
40929	1	0.907791
40945	1	0.907797
40955	2	0.907809
40972	1	0.907815
40982	1	0.90782
40983	1	0.907826
40985	2	0.907838
40999	1	0.907844
41004	1	0.907849
41018	1	0.907855
41035	1	0.907861
41042	1	0.907867
41043	2	0.907878
41045	1	0.907884
41061	1	0.90789
41091	1	0.907896
41112	1	0.907902
41113	6	0.907936
41122	1	0.907942
41148	2	0.907954
41178	1	0.90796
41186	1	0.907965
41188	1	0.907971
41189	2	0.907983
41200	1	0.907989
41205	1	0.907994
41226	1	0.908
41235	1	0.908006
41248	1	0.908012
41251	1	0.908018
41256	1	0.908023
41257	2	0.908035
41268	1	0.908041
41283	1	0.908047
41294	1	0.908052
41301	1	0.908058
41316	1	0.908064
41330	1	0.90807
41331	1	0.908076
41348	1	0.908081
41349	2	0.908093
41380	1	0.908099
41391	1	0.908105
41397	1	0.90811
41416	1	0.908116
41469	1	0.908122
41474	1	0.908128
41476	1	0.908134
41480	2	0.908145
41498	1	0.908151
41521	1	0.908157
41542	1	0.908163
41545	1	0.908168
41550	1	0.908174
41559	1	0.90818
41565	1	0.908186
41567	1	0.908192
41569	1	0.908197
41575	1	0.908203
41577	1	0.908209
41604	1	0.908215
41605	1	0.908221
41617	2	0.908232
41620	1	0.908238
41636	1	0.908244
41649	1	0.90825
41656	1	0.908255
41659	1	0.908261
41660	2	0.908273
41667	1	0.908279
41694	1	0.908284
41712	1	0.90829
41721	1	0.908296
41733	1	0.908302
41740	1	0.908308
41773	1	0.908313
41778	1	0.908319
41784	1	0.908325
41786	1	0.908331
41794	1	0.908337
41799	2	0.908348
41802	1	0.908354
41819	1	0.90836
41837	1	0.908366
41862	1	0.908371
41864	1	0.908377
41890	1	0.908383
41922	1	0.908389
41925	1	0.908395
41927	1	0.9084
41935	1	0.908406
41973	1	0.908412
41974	1	0.908418
41981	1	0.908424
41995	1	0.908429
42026	2	0.908441
42040	1	0.908447
42048	1	0.908453
42057	1	0.908459
42084	1	0.908464
42161	1	0.90847
42207	1	0.908476
42210	1	0.908482
42231	1	0.908488
42242	1	0.908493
42265	1	0.908499
42292	1	0.908505
42303	1	0.908511
42313	1	0.908517
42329	1	0.908522
42331	1	0.908528
42365	1	0.908534
42367	1	0.90854
42370	1	0.908546
42395	1	0.908551
42402	1	0.908557
42442	1	0.908563
42444	1	0.908569
42463	1	0.908575
42464	1	0.90858
42469	1	0.908586
42476	1	0.908592
42522	1	0.908598
42575	1	0.908604
42583	1	0.908609
42584	1	0.908615
42608	1	0.908621
42613	1	0.908627
42632	1	0.908633
42644	1	0.908638
42648	2	0.90865
42649	1	0.908656
42653	1	0.908662
42668	2	0.908673
42680	1	0.908679
42688	1	0.908685
42714	1	0.908691
42722	1	0.908696
42729	1	0.908702
42739	1	0.908708
42745	1	0.908714
42747	1	0.90872
42759	1	0.908725
42764	1	0.908731
42768	1	0.908737
42769	1	0.908743
42777	1	0.908749
42786	2	0.90876
42791	1	0.908766
42798	1	0.908772
42839	1	0.908778
42857	1	0.908783
42859	1	0.908789
42880	1	0.908795
42916	1	0.908801
42921	1	0.908807
42923	1	0.908812
42933	1	0.908818
42937	1	0.908824
42938	1	0.90883
42949	1	0.908836
42954	1	0.908841
42968	1	0.908847
42969	1	0.908853
42973	1	0.908859
43014	1	0.908865
43017	1	0.90887
43049	1	0.908876
43060	1	0.908882
43063	1	0.908888
43083	1	0.908894
43085	1	0.908899
43086	1	0.908905
43093	1	0.908911
43103	1	0.908917
43109	2	0.908928
43123	1	0.908934
43134	1	0.90894
43158	1	0.908946
43174	1	0.908952
43178	1	0.908957
43195	1	0.908963
43202	1	0.908969
43207	1	0.908975
43215	1	0.908981
43227	1	0.908986
43228	1	0.908992
43234	1	0.908998
43245	1	0.909004
43259	1	0.90901
43269	1	0.909015
43271	1	0.909021
43280	1	0.909027
43282	1	0.909033
43283	1	0.909039
43297	1	0.909044
43303	1	0.90905
43304	1	0.909056
43305	1	0.909062
43310	1	0.909068
43317	1	0.909074
43320	1	0.909079
43338	1	0.909085
43341	3	0.909103
43350	1	0.909108
43352	1	0.909114
43359	2	0.909126
43399	1	0.909132
43421	1	0.909137
43426	1	0.909143
43431	1	0.909149
43432	1	0.909155
43435	2	0.909166
43452	1	0.909172
43455	2	0.909184
43456	1	0.90919
43467	1	0.909195
43469	1	0.909201
43473	1	0.909207
43499	1	0.909213
43529	1	0.909219
43536	1	0.909224
43540	1	0.90923
43552	1	0.909236
43557	1	0.909242
43559	1	0.909248
43578	1	0.909253
43583	1	0.909259
43590	1	0.909265
43595	1	0.909271
43601	1	0.909277
43604	1	0.909282
43623	1	0.909288
43624	3	0.909306
43625	1	0.909311
43626	1	0.909317
43633	1	0.909323
43643	1	0.909329
43650	1	0.909335
43654	1	0.90934
43657	1	0.909346
43662	1	0.909352
43665	2	0.909364
43667	1	0.909369
43669	1	0.909375
43672	1	0.909381
43674	1	0.909387
43679	1	0.909393
43683	1	0.909398
43688	1	0.909404
43690	1	0.90941
43697	1	0.909416
43700	1	0.909422
43703	1	0.909427
43709	3	0.909445
43715	1	0.909451
43721	1	0.909456
43725	1	0.909462
43728	1	0.909468
43732	1	0.909474
43736	1	0.90948
43740	1	0.909485
43745	1	0.909491
43754	1	0.909497
43774	1	0.909503
43776	1	0.909509
43778	1	0.909514
43781	1	0.90952
43783	1	0.909526
43787	1	0.909532
43791	1	0.909538
43796	1	0.909543
43801	2	0.909555
43802	1	0.909561
43806	1	0.909567
43811	1	0.909572
43814	1	0.909578
43817	1	0.909584
43818	1	0.90959
43819	1	0.909596
43829	1	0.909601
43836	1	0.909607
43843	1	0.909613
43854	1	0.909619
43864	1	0.909625
43876	1	0.90963
43881	1	0.909636
43884	1	0.909642
43886	1	0.909648
43900	1	0.909654
43909	1	0.909659
43915	1	0.909665
43926	1	0.909671
43927	1	0.909677
43941	1	0.909683
43943	1	0.909688
43949	1	0.909694
43952	1	0.9097
43981	1	0.909706
43982	1	0.909712
43992	1	0.909718
43995	1	0.909723
44000	1	0.909729
44001	1	0.909735
44003	1	0.909741
44017	1	0.909747
44021	1	0.909752
44029	1	0.909758
44030	1	0.909764
44041	1	0.90977
44046	1	0.909776
44077	1	0.909781
44097	1	0.909787
44104	1	0.909793
44116	1	0.909799
44118	1	0.909805
44121	1	0.90981
44127	1	0.909816
44151	1	0.909822
44153	1	0.909828
44170	1	0.909834
44177	1	0.909839
44181	1	0.909845
44184	1	0.909851
44191	1	0.909857
44199	1	0.909863
44211	1	0.909868
44216	1	0.909874
44219	1	0.90988
44225	1	0.909886
44229	1	0.909892
44237	1	0.909897
44240	1	0.909903
44253	1	0.909909
44256	1	0.909915
44262	1	0.909921
44264	1	0.909926
44270	1	0.909932
44283	1	0.909938
44284	1	0.909944
44286	1	0.90995
44288	1	0.909955
44292	1	0.909961
44301	1	0.909967
44310	1	0.909973
44311	1	0.909979
44313	1	0.909984
44324	3	0.910002
44326	1	0.910008
44330	1	0.910013
44339	1	0.910019
44348	1	0.910025
44351	1	0.910031
44352	1	0.910037
44364	1	0.910042
44367	1	0.910048
44370	1	0.910054
44384	1	0.91006
44399	1	0.910066
44404	1	0.910071
44410	1	0.910077
44417	1	0.910083
44426	1	0.910089
44427	1	0.910095
44430	1	0.9101
44436	1	0.910106
44438	1	0.910112
44441	1	0.910118
44448	1	0.910124
44450	1	0.910129
44456	1	0.910135
44466	1	0.910141
44469	1	0.910147
44471	1	0.910153
44474	1	0.910158
44475	1	0.910164
44478	1	0.91017
44480	1	0.910176
44481	1	0.910182
44483	1	0.910187
44488	2	0.910199
44489	1	0.910205
44496	1	0.910211
44503	1	0.910216
44508	1	0.910222
44515	1	0.910228
44540	1	0.910234
44555	1	0.91024
44562	1	0.910245
44563	1	0.910251
44573	1	0.910257
44578	1	0.910263
44586	2	0.910274
44590	1	0.91028
44593	1	0.910286
44608	1	0.910292
44626	1	0.910298
44631	1	0.910303
44632	1	0.910309
44634	1	0.910315
44635	1	0.910321
44637	1	0.910327
44640	1	0.910333
44657	1	0.910338
44658	1	0.910344
44660	1	0.91035
44665	1	0.910356
44675	1	0.910362
44676	1	0.910367
44680	1	0.910373
44686	1	0.910379
44687	2	0.910391
44694	1	0.910396
44695	1	0.910402
44713	1	0.910408
44722	1	0.910414
44727	1	0.91042
44729	2	0.910431
44731	1	0.910437
44734	1	0.910443
44739	1	0.910449
44746	1	0.910454
44755	1	0.91046
44757	1	0.910466
44760	1	0.910472
44763	1	0.910478
44764	1	0.910483
44765	1	0.910489
44778	1	0.910495
44788	1	0.910501
44799	1	0.910507
44800	1	0.910512
44804	1	0.910518
44805	1	0.910524
44811	1	0.91053
44817	1	0.910536
44823	1	0.910541
44825	1	0.910547
44826	1	0.910553
44833	2	0.910565
44847	1	0.91057
44851	1	0.910576
44852	1	0.910582
44870	1	0.910588
44876	2	0.910599
44877	1	0.910605
44889	1	0.910611
44893	1	0.910617
44899	1	0.910623
44901	2	0.910634
44903	1	0.91064
44906	1	0.910646
44915	1	0.910652
44925	1	0.910657
44930	1	0.910663
44942	1	0.910669
44947	1	0.910675
44954	1	0.910681
44958	1	0.910686
44964	1	0.910692
44967	1	0.910698
44968	1	0.910704
44972	1	0.91071
44975	1	0.910715
45001	1	0.910721
45003	1	0.910727
45006	1	0.910733
45011	1	0.910739
45030	1	0.910744
45042	1	0.91075
45046	1	0.910756
45056	1	0.910762
45065	1	0.910768
45067	1	0.910773
45081	1	0.910779
45089	1	0.910785
45095	1	0.910791
45110	1	0.910797
45112	1	0.910802
45117	1	0.910808
45118	1	0.910814
45130	1	0.91082
45139	1	0.910826
45144	1	0.910831
45146	2	0.910843
45148	1	0.910849
45150	1	0.910855
45153	1	0.91086
45154	1	0.910866
45158	1	0.910872
45161	1	0.910878
45168	1	0.910884
45170	1	0.910889
45174	1	0.910895
45182	1	0.910901
45186	1	0.910907
45191	1	0.910913
45201	1	0.910918
45202	1	0.910924
45206	1	0.91093
45212	1	0.910936
45229	1	0.910942
45231	2	0.910953
45236	1	0.910959
45237	1	0.910965
45242	1	0.910971
45245	1	0.910977
45250	1	0.910982
45256	1	0.910988
45257	1	0.910994
45276	1	0.911
45279	1	0.911006
45286	1	0.911011
45293	1	0.911017
45297	1	0.911023
45327	1	0.911029
45329	2	0.91104
45335	1	0.911046
45339	1	0.911052
45356	1	0.911058
45360	1	0.911064
45363	1	0.911069
45376	1	0.911075
45381	1	0.911081
45382	1	0.911087
45389	1	0.911093
45397	1	0.911098
45408	1	0.911104
45412	1	0.91111
45415	1	0.911116
45421	1	0.911122
45428	1	0.911127
45430	1	0.911133
45441	1	0.911139
45444	1	0.911145
45450	1	0.911151
45454	1	0.911156
45455	1	0.911162
45457	1	0.911168
45459	1	0.911174
45463	1	0.91118
45470	1	0.911185
45490	1	0.911191
45496	1	0.911197
45510	1	0.911203
45521	1	0.911209
45534	1	0.911214
45547	1	0.91122
45551	1	0.911226
45562	1	0.911232
45577	1	0.911238
45578	1	0.911243
45580	1	0.911249
45598	1	0.911255
45599	1	0.911261
45603	1	0.911267
45606	1	0.911272
45624	1	0.911278
45627	1	0.911284
45639	1	0.91129
45641	1	0.911296
45642	1	0.911301
45660	1	0.911307
45665	1	0.911313
45667	1	0.911319
45678	1	0.911325
45686	1	0.91133
45693	2	0.911342
45699	1	0.911348
45706	1	0.911354
45710	1	0.911359
45712	1	0.911365
45717	1	0.911371
45720	1	0.911377
45722	1	0.911383
45735	1	0.911388
45742	1	0.911394
45749	1	0.9114
45750	1	0.911406
45753	1	0.911412
45757	1	0.911417
45758	1	0.911423
45760	1	0.911429
45772	1	0.911435
45774	1	0.911441
45776	1	0.911446
45788	1	0.911452
45792	1	0.911458
45793	1	0.911464
45801	1	0.91147
45817	1	0.911475
45830	1	0.911481
45843	1	0.911487
45846	1	0.911493
45851	1	0.911499
45863	1	0.911504
45865	2	0.911516
45882	1	0.911522
45883	2	0.911533
45889	1	0.911539
45890	1	0.911545
45899	2	0.911557
45902	1	0.911562
45907	2	0.911574
45912	1	0.91158
45915	2	0.911592
45921	1	0.911597
45934	1	0.911603
45937	2	0.911615
45955	2	0.911626
45961	1	0.911632
45967	1	0.911638
45985	2	0.91165
45991	1	0.911655
45996	1	0.911661
46001	1	0.911667
46006	1	0.911673
46007	1	0.911679
46012	1	0.911684
46014	2	0.911696
46018	1	0.911702
46021	1	0.911708
46023	1	0.911713
46024	1	0.911719
46025	1	0.911725
46032	1	0.911731
46034	1	0.911737
46035	1	0.911742
46039	1	0.911748
46054	1	0.911754
46056	1	0.91176
46068	1	0.911766
46074	1	0.911771
46078	1	0.911777
46082	1	0.911783
46083	1	0.911789
46087	1	0.911795
46107	1	0.9118
46114	1	0.911806
46117	1	0.911812
46121	1	0.911818
46122	1	0.911824
46127	1	0.911829
46137	1	0.911835
46143	1	0.911841
46146	1	0.911847
46147	1	0.911853
46165	1	0.911858
46174	1	0.911864
46183	1	0.91187
46188	1	0.911876
46191	1	0.911882
46195	2	0.911893
46196	1	0.911899
46200	2	0.911911
46224	1	0.911916
46232	1	0.911922
46233	1	0.911928
46256	1	0.911934
46266	1	0.91194
46274	1	0.911945
46303	1	0.911951
46306	1	0.911957
46331	1	0.911963
46346	1	0.911969
46352	1	0.911974
46370	1	0.91198
46373	1	0.911986
46376	1	0.911992
46386	1	0.911998
46400	1	0.912003
46403	1	0.912009
46404	1	0.912015
46413	1	0.912021
46416	1	0.912027
46419	1	0.912032
46424	1	0.912038
46427	1	0.912044
46433	1	0.91205
46440	1	0.912056
46448	1	0.912061
46452	1	0.912067
46456	1	0.912073
46461	1	0.912079
46470	1	0.912085
46475	1	0.91209
46480	1	0.912096
46486	1	0.912102
46504	1	0.912108
46506	1	0.912114
46520	1	0.912119
46523	1	0.912125
46541	1	0.912131
46545	1	0.912137
46552	1	0.912143
46564	1	0.912148
46570	1	0.912154
46582	1	0.91216
46617	1	0.912166
46618	1	0.912172
46622	1	0.912177
46647	1	0.912183
46650	1	0.912189
46656	1	0.912195
46660	1	0.912201
46667	1	0.912206
46677	1	0.912212
46680	1	0.912218
46682	1	0.912224
46690	1	0.91223
46711	1	0.912236
46712	1	0.912241
46714	1	0.912247
46733	1	0.912253
46737	1	0.912259
46750	1	0.912265
46764	1	0.91227
46768	1	0.912276
46772	1	0.912282
46777	2	0.912294
46779	1	0.912299
46781	1	0.912305
46786	1	0.912311
46789	1	0.912317
46799	1	0.912323
46801	1	0.912328
46804	2	0.91234
46808	1	0.912346
46812	1	0.912352
46835	1	0.912357
46838	1	0.912363
46842	1	0.912369
46859	1	0.912375
46860	1	0.912381
46861	1	0.912386
46880	1	0.912392
46894	1	0.912398
46896	1	0.912404
46898	2	0.912415
46907	1	0.912421
46910	1	0.912427
46914	1	0.912433
46917	1	0.912439
46921	1	0.912444
46922	1	0.91245
46925	1	0.912456
46930	1	0.912462
46934	1	0.912468
46937	1	0.912473
46938	1	0.912479
46945	1	0.912485
46969	1	0.912491
46985	1	0.912497
46991	1	0.912502
46998	2	0.912514
47007	1	0.91252
47018	1	0.912526
47038	1	0.912531
47042	1	0.912537
47047	1	0.912543
47061	1	0.912549
47080	2	0.91256
47088	1	0.912566
47090	1	0.912572
47093	1	0.912578
47095	1	0.912584
47099	1	0.912589
47106	1	0.912595
47118	1	0.912601
47128	1	0.912607
47131	1	0.912613
47132	1	0.912618
47137	1	0.912624
47140	1	0.91263
47145	1	0.912636
47147	1	0.912642
47152	1	0.912647
47158	1	0.912653
47182	1	0.912659
47188	1	0.912665
47190	1	0.912671
47193	1	0.912676
47199	1	0.912682
47210	1	0.912688
47212	1	0.912694
47215	1	0.9127
47217	1	0.912705
47218	1	0.912711
47220	1	0.912717
47225	1	0.912723
47237	1	0.912729
47253	1	0.912734
47272	1	0.91274
47279	1	0.912746
47280	1	0.912752
47289	1	0.912758
47291	1	0.912763
47304	1	0.912769
47305	1	0.912775
47309	1	0.912781
47330	1	0.912787
47340	1	0.912792
47344	1	0.912798
47348	1	0.912804
47349	3	0.912821
47353	1	0.912827
47362	1	0.912833
47364	1	0.912839
47365	1	0.912845
47367	1	0.912851
47375	1	0.912856
47380	1	0.912862
47385	1	0.912868
47395	1	0.912874
47403	1	0.91288
47407	1	0.912885
47410	1	0.912891
47411	1	0.912897
47443	1	0.912903
47446	1	0.912909
47450	1	0.912914
47453	1	0.91292
47456	1	0.912926
47460	1	0.912932
47469	1	0.912938
47472	1	0.912943
47499	1	0.912949
47508	1	0.912955
47513	1	0.912961
47537	1	0.912967
47544	1	0.912972
47547	2	0.912984
47550	1	0.91299
47553	1	0.912996
47554	2	0.913007
47555	1	0.913013
47559	1	0.913019
47561	1	0.913025
47577	1	0.91303
47580	1	0.913036
47601	1	0.913042
47602	1	0.913048
47607	1	0.913054
47617	2	0.913065
47622	1	0.913071
47627	1	0.913077
47628	1	0.913083
47631	1	0.913088
47632	1	0.913094
47633	1	0.9131
47636	1	0.913106
47638	1	0.913112
47645	1	0.913117
47647	1	0.913123
47651	1	0.913129
47654	1	0.913135
47655	1	0.913141
47657	1	0.913146
47682	1	0.913152
47689	1	0.913158
47700	1	0.913164
47705	1	0.91317
47713	1	0.913175
47717	1	0.913181
47721	1	0.913187
47726	1	0.913193
47727	1	0.913199
47740	1	0.913204
47745	1	0.91321
47763	1	0.913216
47764	1	0.913222
47775	2	0.913233
47787	1	0.913239
47791	1	0.913245
47792	1	0.913251
47796	2	0.913262
47801	1	0.913268
47804	2	0.91328
47809	1	0.913286
47811	1	0.913291
47812	1	0.913297
47813	1	0.913303
47815	1	0.913309
47824	1	0.913315
47826	1	0.91332
47827	1	0.913326
47845	1	0.913332
47863	1	0.913338
47871	1	0.913344
47872	1	0.913349
47880	1	0.913355
47881	1	0.913361
47898	1	0.913367
47910	1	0.913373
47918	1	0.913378
47934	1	0.913384
47938	1	0.91339
47940	1	0.913396
47952	1	0.913402
47953	1	0.913407
47977	1	0.913413
48013	1	0.913419
48032	1	0.913425
48033	1	0.913431
48035	1	0.913436
48047	1	0.913442
48052	1	0.913448
48056	1	0.913454
48057	1	0.91346
48062	1	0.913465
48069	2	0.913477
48079	1	0.913483
48091	2	0.913495
48093	1	0.9135
48115	1	0.913506
48118	1	0.913512
48120	1	0.913518
48126	1	0.913524
48134	1	0.913529
48160	1	0.913535
48171	1	0.913541
48173	1	0.913547
48175	1	0.913553
48188	1	0.913558
48195	1	0.913564
48204	2	0.913576
48214	1	0.913582
48220	1	0.913587
48222	1	0.913593
48237	1	0.913599
48245	1	0.913605
48255	1	0.913611
48269	1	0.913616
48293	1	0.913622
48310	1	0.913628
48314	1	0.913634
48318	2	0.913645
48323	1	0.913651
48342	1	0.913657
48346	1	0.913663
48348	1	0.913669
48352	2	0.91368
48360	1	0.913686
48361	2	0.913698
48370	1	0.913703
48390	1	0.913709
48398	1	0.913715
48406	1	0.913721
48415	1	0.913727
48439	1	0.913732
48444	1	0.913738
48445	1	0.913744
48450	3	0.913761
48457	1	0.913767
48458	1	0.913773
48461	1	0.913779
48472	2	0.91379
48479	1	0.913796
48486	3	0.913814
48490	2	0.913825
48493	1	0.913831
48496	1	0.913837
48500	1	0.913843
48510	1	0.913848
48514	1	0.913854
48522	1	0.91386
48528	1	0.913866
48535	1	0.913872
48551	1	0.913877
48554	1	0.913883
48556	1	0.913889
48563	1	0.913895
48564	1	0.913901
48565	1	0.913906
48570	1	0.913912
48580	1	0.913918
48586	1	0.913924
48591	1	0.91393
48594	3	0.913947
48595	1	0.913953
48605	1	0.913959
48625	1	0.913964
48637	1	0.91397
48640	1	0.913976
48644	1	0.913982
48658	1	0.913988
48666	1	0.913993
48669	2	0.914005
48672	1	0.914011
48677	1	0.914017
48689	1	0.914022
48699	1	0.914028
48702	1	0.914034
48703	1	0.91404
48710	1	0.914046
48712	1	0.914051
48728	1	0.914057
48731	1	0.914063
48735	1	0.914069
48740	1	0.914075
48744	1	0.91408
48750	1	0.914086
48752	1	0.914092
48763	1	0.914098
48774	1	0.914104
48779	1	0.91411
48786	1	0.914115
48788	1	0.914121
48790	1	0.914127
48795	1	0.914133
48802	1	0.914139
48804	1	0.914144
48811	1	0.91415
48815	1	0.914156
48817	1	0.914162
48822	1	0.914168
48826	1	0.914173
48827	1	0.914179
48828	1	0.914185
48836	1	0.914191
48850	1	0.914197
48861	1	0.914202
48865	1	0.914208
48866	1	0.914214
48867	1	0.91422
48868	1	0.914226
48877	2	0.914237
48883	1	0.914243
48910	3	0.91426
48938	1	0.914266
48943	1	0.914272
48944	1	0.914278
48971	1	0.914284
48980	1	0.914289
48981	1	0.914295
48983	1	0.914301
48999	1	0.914307
49006	1	0.914313
49008	1	0.914318
49013	1	0.914324
49027	1	0.91433
49035	1	0.914336
49042	1	0.914342
49045	1	0.914347
49049	1	0.914353
49052	2	0.914365
49055	1	0.914371
49063	1	0.914376
49066	1	0.914382
49068	1	0.914388
49069	1	0.914394
49078	2	0.914405
49096	1	0.914411
49107	1	0.914417
49108	1	0.914423
49116	1	0.914429
49120	2	0.91444
49124	1	0.914446
49126	1	0.914452
49128	1	0.914458
49130	1	0.914463
49136	1	0.914469
49140	1	0.914475
49150	1	0.914481
49151	1	0.914487
49153	1	0.914492
49156	1	0.914498
49164	2	0.91451
49169	1	0.914516
49177	1	0.914521
49188	1	0.914527
49192	1	0.914533
49194	1	0.914539
49199	1	0.914545
49202	1	0.91455
49203	1	0.914556
49210	1	0.914562
49212	2	0.914574
49214	1	0.914579
49217	1	0.914585
49235	1	0.914591
49241	3	0.914608
49242	1	0.914614
49248	1	0.91462
49250	1	0.914626
49252	1	0.914632
49255	1	0.914637
49256	1	0.914643
49259	1	0.914649
49264	1	0.914655
49271	1	0.914661
49272	1	0.914666
49283	1	0.914672
49288	1	0.914678
49289	1	0.914684
49292	1	0.91469
49294	1	0.914695
49302	1	0.914701
49304	1	0.914707
49306	1	0.914713
49309	1	0.914719
49311	1	0.914724
49312	1	0.91473
49313	1	0.914736
49316	1	0.914742
49317	1	0.914748
49319	1	0.914754
49326	1	0.914759
49328	1	0.914765
49331	2	0.914777
49337	1	0.914783
49342	1	0.914788
49346	1	0.914794
49348	1	0.9148
49352	1	0.914806
49353	1	0.914812
49355	1	0.914817
49363	1	0.914823
49383	1	0.914829
49386	1	0.914835
49388	1	0.914841
49399	1	0.914846
49401	1	0.914852
49406	1	0.914858
49409	1	0.914864
49415	1	0.91487
49417	1	0.914875
49418	4	0.914899
49421	1	0.914904
49434	1	0.91491
49437	1	0.914916
49440	1	0.914922
49443	1	0.914928
49446	1	0.914933
49449	1	0.914939
49452	1	0.914945
49461	1	0.914951
49462	1	0.914957
49467	1	0.914962
49471	2	0.914974
49474	1	0.91498
49476	1	0.914986
49484	1	0.914991
49487	1	0.914997
49502	1	0.915003
49503	1	0.915009
49512	1	0.915015
49515	1	0.91502
49522	1	0.915026
49526	1	0.915032
49531	1	0.915038
49543	1	0.915044
49565	1	0.915049
49568	1	0.915055
49569	2	0.915067
49570	1	0.915073
49573	1	0.915078
49580	1	0.915084
49586	2	0.915096
49590	1	0.915102
49597	1	0.915107
49601	1	0.915113
49609	2	0.915125
49613	1	0.915131
49615	1	0.915136
49616	1	0.915142
49619	1	0.915148
49621	1	0.915154
49624	1	0.91516
49625	1	0.915165
49630	2	0.915177
49631	1	0.915183
49648	1	0.915189
49655	1	0.915194
49658	1	0.9152
49660	1	0.915206
49662	1	0.915212
49664	1	0.915218
49666	1	0.915223
49676	1	0.915229
49688	1	0.915235
49691	1	0.915241
49694	1	0.915247
49700	1	0.915252
49702	1	0.915258
49705	1	0.915264
49746	1	0.91527
49758	2	0.915281
49775	1	0.915287
49782	1	0.915293
49783	1	0.915299
49784	1	0.915305
49787	1	0.91531
49798	1	0.915316
49803	1	0.915322
49806	1	0.915328
49808	1	0.915334
49824	1	0.915339
49826	1	0.915345
49829	1	0.915351
49836	1	0.915357
49838	1	0.915363
49839	1	0.915369
49841	1	0.915374
49844	1	0.91538
49847	1	0.915386
49852	1	0.915392
49863	1	0.915398
49865	1	0.915403
49868	1	0.915409
49872	1	0.915415
49875	1	0.915421
49879	1	0.915427
49881	1	0.915432
49884	1	0.915438
49887	1	0.915444
49891	1	0.91545
49899	1	0.915456
49900	1	0.915461
49905	1	0.915467
49910	1	0.915473
49912	1	0.915479
49914	1	0.915485
49921	1	0.91549
49929	1	0.915496
49930	1	0.915502
49934	1	0.915508
49944	1	0.915514
49945	1	0.915519
49948	1	0.915525
49957	1	0.915531
49962	1	0.915537
49975	1	0.915543
49978	1	0.915548
49999	1	0.915554
50007	1	0.91556
50024	1	0.915566
50026	1	0.915572
50029	1	0.915577
50033	1	0.915583
50035	1	0.915589
50037	1	0.915595
50052	1	0.915601
50053	1	0.915606
50059	2	0.915618
50060	1	0.915624
50063	1	0.91563
50070	1	0.915635
50074	1	0.915641
50076	1	0.915647
50077	4	0.91567
50079	1	0.915676
50084	1	0.915682
50099	1	0.915688
50108	1	0.915693
50110	1	0.915699
50118	1	0.915705
50123	1	0.915711
50130	1	0.915717
50135	2	0.915728
50137	1	0.915734
50140	1	0.91574
50144	1	0.915746
50145	1	0.915751
50149	1	0.915757
50160	1	0.915763
50170	2	0.915775
50171	1	0.91578
50174	1	0.915786
50180	1	0.915792
50184	1	0.915798
50189	1	0.915804
50192	1	0.915809
50207	2	0.915821
50208	1	0.915827
50212	1	0.915833
50221	1	0.915838
50233	1	0.915844
50237	1	0.91585
50248	1	0.915856
50253	1	0.915862
50259	2	0.915873
50260	1	0.915879
50276	1	0.915885
50281	1	0.915891
50283	1	0.915896
50288	2	0.915908
50292	1	0.915914
50296	1	0.91592
50299	1	0.915925
50300	1	0.915931
50306	1	0.915937
50329	1	0.915943
50333	2	0.915954
50343	1	0.91596
50348	1	0.915966
50357	1	0.915972
50361	1	0.915978
50362	2	0.915989
50363	1	0.915995
50368	1	0.916001
50377	1	0.916007
50379	1	0.916013
50383	1	0.916018
50393	1	0.916024
50400	1	0.91603
50402	1	0.916036
50403	1	0.916042
50406	1	0.916047
50412	1	0.916053
50414	1	0.916059
50418	2	0.916071
50432	1	0.916076
50434	1	0.916082
50439	1	0.916088
50446	1	0.916094
50448	1	0.9161
50451	1	0.916105
50455	1	0.916111
50456	1	0.916117
50457	1	0.916123
50458	2	0.916134
50462	1	0.91614
50466	1	0.916146
50470	1	0.916152
50474	1	0.916158
50476	1	0.916163
50482	1	0.916169
50487	1	0.916175
50489	1	0.916181
50491	1	0.916187
50496	1	0.916192
50499	2	0.916204
50503	1	0.91621
50509	1	0.916216
50512	1	0.916221
50514	1	0.916227
50518	1	0.916233
50522	1	0.916239
50523	1	0.916245
50531	1	0.91625
50533	1	0.916256
50543	1	0.916262
50544	1	0.916268
50547	1	0.916274
50554	1	0.916279
50556	1	0.916285
50558	1	0.916291
50567	1	0.916297
50569	1	0.916303
50577	1	0.916308
50593	1	0.916314
50601	1	0.91632
50611	1	0.916326
50621	1	0.916332
50626	1	0.916337
50629	1	0.916343
50632	1	0.916349
50634	1	0.916355
50641	1	0.916361
50646	1	0.916366
50650	1	0.916372
50652	1	0.916378
50658	1	0.916384
50663	1	0.91639
50666	1	0.916395
50670	1	0.916401
50675	1	0.916407
50683	1	0.916413
50689	1	0.916419
50698	1	0.916424
50703	1	0.91643
50708	1	0.916436
50716	1	0.916442
50722	1	0.916448
50726	1	0.916453
50731	1	0.916459
50735	1	0.916465
50736	1	0.916471
50741	1	0.916477
50745	1	0.916482
50749	1	0.916488
50753	1	0.916494
50763	2	0.916506
50765	1	0.916511
50773	1	0.916517
50784	1	0.916523
50786	2	0.916535
50794	1	0.91654
50797	1	0.916546
50798	1	0.916552
50807	1	0.916558
50810	1	0.916564
50825	1	0.916569
50833	1	0.916575
50839	1	0.916581
50841	1	0.916587
50845	1	0.916593
50846	1	0.916598
50847	1	0.916604
50855	1	0.91661
50866	1	0.916616
50868	1	0.916622
50870	1	0.916628
50881	1	0.916633
50891	1	0.916639
50897	1	0.916645
50899	1	0.916651
50907	1	0.916657
50914	1	0.916662
50931	1	0.916668
50934	1	0.916674
50943	1	0.91668
50956	1	0.916686
50962	1	0.916691
50966	2	0.916703
50969	1	0.916709
50973	1	0.916715
50977	1	0.91672
50979	1	0.916726
50982	2	0.916738
50985	1	0.916744
50990	1	0.916749
50992	1	0.916755
50996	1	0.916761
50999	1	0.916767
51005	1	0.916773
51017	1	0.916778
51022	1	0.916784
51033	1	0.91679
51039	1	0.916796
51040	1	0.916802
51052	1	0.916807
51059	1	0.916813
51063	1	0.916819
51064	1	0.916825
51069	2	0.916836
51074	1	0.916842
51084	1	0.916848
51087	1	0.916854
51090	1	0.91686
51096	1	0.916865
51103	1	0.916871
51109	1	0.916877
51112	1	0.916883
51114	1	0.916889
51117	1	0.916894
51119	1	0.9169
51123	1	0.916906
51131	1	0.916912
51152	1	0.916918
51158	1	0.916923
51167	1	0.916929
51170	1	0.916935
51177	1	0.916941
51180	1	0.916947
51183	1	0.916952
51196	1	0.916958
51201	1	0.916964
51205	1	0.91697
51211	1	0.916976
51214	1	0.916981
51219	1	0.916987
51230	1	0.916993
51236	1	0.916999
51238	1	0.917005
51239	1	0.91701
51248	1	0.917016
51258	1	0.917022
51262	1	0.917028
51274	3	0.917045
51283	1	0.917051
51289	1	0.917057
51295	1	0.917063
51297	1	0.917068
51312	1	0.917074
51324	1	0.91708
51334	1	0.917086
51354	2	0.917097
51364	1	0.917103
51367	1	0.917109
51369	1	0.917115
51399	1	0.917121
51406	1	0.917126
51411	1	0.917132
51417	1	0.917138
51419	1	0.917144
51420	1	0.91715
51432	1	0.917155
51433	1	0.917161
51439	1	0.917167
51446	1	0.917173
51450	1	0.917179
51469	2	0.91719
51471	1	0.917196
51500	1	0.917202
51512	1	0.917208
51516	1	0.917213
51519	1	0.917219
51529	1	0.917225
51531	1	0.917231
51532	1	0.917237
51534	1	0.917242
51537	1	0.917248
51539	1	0.917254
51549	1	0.91726
51561	1	0.917266
51570	1	0.917272
51574	1	0.917277
51576	1	0.917283
51583	1	0.917289
51588	1	0.917295
51592	1	0.917301
51607	1	0.917306
51609	1	0.917312
51611	1	0.917318
51612	1	0.917324
51621	1	0.91733
51624	1	0.917335
51632	1	0.917341
51637	3	0.917359
51639	1	0.917364
51644	1	0.91737
51650	1	0.917376
51653	1	0.917382
51655	1	0.917388
51659	1	0.917393
51702	1	0.917399
51703	1	0.917405
51711	2	0.917417
51714	1	0.917422
51723	1	0.917428
51737	1	0.917434
51744	2	0.917446
51752	1	0.917451
51758	1	0.917457
51761	1	0.917463
51768	1	0.917469
51770	1	0.917475
51776	1	0.91748
51778	1	0.917486
51789	1	0.917492
51804	1	0.917498
51808	1	0.917504
51811	1	0.917509
51815	2	0.917521
51818	1	0.917527
51820	1	0.917533
51825	1	0.917538
51826	1	0.917544
51829	1	0.91755
51836	1	0.917556
51842	1	0.917562
51852	1	0.917567
51855	1	0.917573
51858	1	0.917579
51863	1	0.917585
51866	1	0.917591
51875	1	0.917596
51876	1	0.917602
51877	1	0.917608
51897	1	0.917614
51903	1	0.91762
51913	1	0.917625
51914	2	0.917637
51928	1	0.917643
51934	1	0.917649
51936	2	0.91766
51937	1	0.917666
51939	1	0.917672
51944	1	0.917678
51945	1	0.917683
51948	1	0.917689
51953	1	0.917695
51961	2	0.917707
51969	1	0.917712
51972	1	0.917718
51979	1	0.917724
51986	1	0.91773
51995	1	0.917736
51997	1	0.917741
52012	1	0.917747
52021	1	0.917753
52041	1	0.917759
52045	1	0.917765
52050	1	0.91777
52071	1	0.917776
52072	1	0.917782
52077	1	0.917788
52081	1	0.917794
52087	1	0.917799
52089	1	0.917805
52093	1	0.917811
52102	1	0.917817
52106	1	0.917823
52114	2	0.917834
52120	1	0.91784
52130	1	0.917846
52137	2	0.917857
52140	1	0.917863
52143	1	0.917869
52149	1	0.917875
52155	1	0.917881
52156	1	0.917887
52165	2	0.917898
52170	1	0.917904
52175	1	0.91791
52178	1	0.917916
52181	1	0.917921
52186	1	0.917927
52193	1	0.917933
52202	1	0.917939
52224	1	0.917945
52238	1	0.91795
52246	1	0.917956
52249	1	0.917962
52259	1	0.917968
52262	1	0.917974
52273	1	0.917979
52278	2	0.917991
52284	1	0.917997
52292	1	0.918003
52304	1	0.918008
52317	1	0.918014
52334	1	0.91802
52335	1	0.918026
52347	2	0.918037
52355	1	0.918043
52362	1	0.918049
52383	1	0.918055
52388	1	0.918061
52413	1	0.918066
52421	1	0.918072
52431	1	0.918078
52433	3	0.918095
52450	1	0.918101
52451	1	0.918107
52453	1	0.918113
52455	2	0.918124
52470	1	0.91813
52474	1	0.918136
52477	1	0.918142
52485	1	0.918148
52500	1	0.918153
52503	1	0.918159
52512	2	0.918171
52523	1	0.918177
52527	1	0.918182
52530	1	0.918188
52535	2	0.9182
52545	1	0.918206
52549	2	0.918217
52551	1	0.918223
52557	1	0.918229
52561	1	0.918235
52565	1	0.91824
52568	1	0.918246
52571	1	0.918252
52573	1	0.918258
52577	1	0.918264
52590	1	0.918269
52608	1	0.918275
52615	1	0.918281
52622	1	0.918287
52635	1	0.918293
52640	1	0.918298
52672	1	0.918304
52675	1	0.91831
52683	1	0.918316
52685	1	0.918322
52688	1	0.918327
52694	1	0.918333
52701	1	0.918339
52703	1	0.918345
52705	1	0.918351
52712	1	0.918356
52717	1	0.918362
52731	1	0.918368
52768	1	0.918374
52774	1	0.91838
52780	1	0.918385
52790	1	0.918391
52801	1	0.918397
52812	1	0.918403
52816	1	0.918409
52817	1	0.918414
52843	1	0.91842
52848	1	0.918426
52851	1	0.918432
52854	1	0.918438
52863	1	0.918443
52873	1	0.918449
52934	1	0.918455
52935	1	0.918461
52938	1	0.918467
52941	1	0.918472
52943	1	0.918478
52945	1	0.918484
52958	1	0.91849
52960	1	0.918496
52961	1	0.918501
52963	1	0.918507
52968	1	0.918513
52981	1	0.918519
52983	1	0.918525
52984	1	0.918531
52985	1	0.918536
52994	1	0.918542
53001	1	0.918548
53010	1	0.918554
53023	1	0.91856
53026	1	0.918565
53028	1	0.918571
53030	1	0.918577
53047	1	0.918583
53048	1	0.918589
53059	1	0.918594
53063	1	0.9186
53067	1	0.918606
53072	1	0.918612
53074	1	0.918618
53075	1	0.918623
53077	1	0.918629
53085	1	0.918635
53086	2	0.918647
53093	1	0.918652
53094	1	0.918658
53102	1	0.918664
53115	2	0.918676
53119	1	0.918681
53124	1	0.918687
53136	1	0.918693
53147	1	0.918699
53156	1	0.918705
53165	1	0.91871
53177	1	0.918716
53188	1	0.918722
53195	1	0.918728
53203	1	0.918734
53211	1	0.918739
53217	1	0.918745
53224	1	0.918751
53226	1	0.918757
53229	1	0.918763
53236	2	0.918774
53237	1	0.91878
53249	1	0.918786
53259	1	0.918792
53263	1	0.918797
53266	1	0.918803
53270	1	0.918809
53279	2	0.918821
53280	1	0.918826
53282	2	0.918838
53285	2	0.91885
53289	1	0.918855
53293	1	0.918861
53303	1	0.918867
53321	1	0.918873
53322	1	0.918879
53329	1	0.918884
53331	1	0.91889
53335	1	0.918896
53344	1	0.918902
53352	1	0.918908
53355	1	0.918913
53367	1	0.918919
53379	1	0.918925
53399	1	0.918931
53404	1	0.918937
53407	1	0.918942
53409	1	0.918948
53412	1	0.918954
53416	1	0.91896
53419	1	0.918966
53437	1	0.918971
53440	1	0.918977
53448	1	0.918983
53451	1	0.918989
53454	1	0.918995
53459	1	0.919
53465	1	0.919006
53473	1	0.919012
53474	1	0.919018
53488	1	0.919024
53492	1	0.919029
53503	1	0.919035
53515	1	0.919041
53517	1	0.919047
53519	2	0.919058
53525	1	0.919064
53531	1	0.91907
53534	1	0.919076
53536	1	0.919082
53556	1	0.919087
53564	1	0.919093
53567	1	0.919099
53569	1	0.919105
53582	1	0.919111
53584	1	0.919116
53591	1	0.919122
53594	1	0.919128
53595	1	0.919134
53596	1	0.91914
53606	1	0.919146
53608	1	0.919151
53618	1	0.919157
53634	1	0.919163
53647	1	0.919169
53653	2	0.91918
53667	1	0.919186
53676	2	0.919198
53681	1	0.919204
53693	1	0.919209
53700	1	0.919215
53703	1	0.919221
53704	1	0.919227
53713	1	0.919233
53718	1	0.919238
53726	1	0.919244
53730	1	0.91925
53734	1	0.919256
53752	1	0.919262
53753	1	0.919267
53761	1	0.919273
53768	1	0.919279
53782	1	0.919285
53787	1	0.919291
53789	1	0.919296
53790	1	0.919302
53799	1	0.919308
53809	1	0.919314
53811	1	0.91932
53815	1	0.919325
53816	1	0.919331
53833	1	0.919337
53843	1	0.919343
53847	1	0.919349
53861	1	0.919354
53877	1	0.91936
53881	3	0.919378
53885	1	0.919383
53899	1	0.919389
53905	1	0.919395
53909	1	0.919401
53910	1	0.919407
53914	1	0.919412
53916	1	0.919418
53919	1	0.919424
53928	1	0.91943
53935	1	0.919436
53948	1	0.919441
53951	1	0.919447
53954	1	0.919453
53956	1	0.919459
53972	2	0.91947
53976	1	0.919476
53981	1	0.919482
53982	1	0.919488
53983	1	0.919494
53985	1	0.919499
53991	1	0.919505
53995	1	0.919511
53998	1	0.919517
54000	1	0.919523
54003	1	0.919528
54005	1	0.919534
54007	1	0.91954
54012	2	0.919552
54014	1	0.919557
54015	1	0.919563
54021	1	0.919569
54026	1	0.919575
54030	1	0.919581
54032	1	0.919586
54036	1	0.919592
54043	1	0.919598
54049	1	0.919604
54054	1	0.91961
54057	1	0.919615
54066	1	0.919621
54075	1	0.919627
54081	1	0.919633
54084	1	0.919639
54086	1	0.919644
54104	1	0.91965
54107	1	0.919656
54114	1	0.919662
54115	1	0.919668
54120	1	0.919673
54123	1	0.919679
54125	1	0.919685
54145	1	0.919691
54148	1	0.919697
54150	1	0.919702
54152	1	0.919708
54153	1	0.919714
54156	1	0.91972
54158	1	0.919726
54161	1	0.919731
54166	1	0.919737
54167	1	0.919743
54172	2	0.919755
54179	1	0.91976
54184	1	0.919766
54188	1	0.919772
54191	1	0.919778
54192	1	0.919784
54196	1	0.91979
54198	1	0.919795
54199	1	0.919801
54200	1	0.919807
54206	1	0.919813
54218	1	0.919819
54245	1	0.919824
54246	1	0.91983
54248	1	0.919836
54250	1	0.919842
54254	1	0.919848
54256	1	0.919853
54257	1	0.919859
54263	1	0.919865
54270	1	0.919871
54271	1	0.919877
54278	1	0.919882
54284	1	0.919888
54285	1	0.919894
54291	1	0.9199
54292	1	0.919906
54295	1	0.919911
54299	1	0.919917
54301	1	0.919923
54309	1	0.919929
54321	1	0.919935
54328	1	0.91994
54329	1	0.919946
54332	1	0.919952
54339	1	0.919958
54342	1	0.919964
54359	1	0.919969
54363	1	0.919975
54365	2	0.919987
54369	1	0.919993
54371	1	0.919998
54377	1	0.920004
54380	1	0.92001
54385	1	0.920016
54388	1	0.920022
54390	1	0.920027
54392	1	0.920033
54396	1	0.920039
54400	1	0.920045
54404	1	0.920051
54409	1	0.920056
54410	1	0.920062
54411	1	0.920068
54413	1	0.920074
54435	1	0.92008
54441	1	0.920085
54446	1	0.920091
54447	1	0.920097
54452	1	0.920103
54456	1	0.920109
54457	1	0.920114
54461	1	0.92012
54469	1	0.920126
54473	1	0.920132
54477	1	0.920138
54479	1	0.920143
54485	1	0.920149
54488	1	0.920155
54495	1	0.920161
54499	1	0.920167
54503	1	0.920172
54514	1	0.920178
54517	1	0.920184
54518	1	0.92019
54522	1	0.920196
54531	1	0.920201
54552	1	0.920207
54562	1	0.920213
54564	1	0.920219
54566	1	0.920225
54582	1	0.92023
54593	1	0.920236
54602	1	0.920242
54603	2	0.920254
54613	1	0.920259
54621	1	0.920265
54625	1	0.920271
54633	1	0.920277
54643	1	0.920283
54645	1	0.920288
54649	1	0.920294
54654	1	0.9203
54662	1	0.920306
54678	1	0.920312
54684	1	0.920317
54689	1	0.920323
54700	1	0.920329
54702	2	0.920341
54707	1	0.920346
54725	1	0.920352
54735	1	0.920358
54752	1	0.920364
54762	1	0.92037
54771	2	0.920381
54774	1	0.920387
54775	1	0.920393
54784	1	0.920399
54785	1	0.920405
54786	1	0.92041
54788	1	0.920416
54792	1	0.920422
54798	1	0.920428
54800	1	0.920434
54810	1	0.920439
54813	1	0.920445
54818	1	0.920451
54822	1	0.920457
54826	1	0.920463
54827	1	0.920468
54830	1	0.920474
54845	1	0.92048
54853	1	0.920486
54858	1	0.920492
54863	1	0.920497
54888	1	0.920503
54903	1	0.920509
54912	1	0.920515
54914	1	0.920521
54916	1	0.920526
54928	1	0.920532
54930	1	0.920538
54937	1	0.920544
54955	1	0.92055
54957	1	0.920555
54958	1	0.920561
54960	1	0.920567
54963	3	0.920584
54967	1	0.92059
54988	1	0.920596
54989	1	0.920602
54992	1	0.920608
55009	1	0.920613
55011	1	0.920619
55018	1	0.920625
55021	1	0.920631
55030	2	0.920642
55038	1	0.920648
55043	1	0.920654
55058	1	0.92066
55060	1	0.920666
55063	1	0.920671
55066	1	0.920677
55075	1	0.920683
55076	1	0.920689
55093	1	0.920695
55099	1	0.9207
55110	1	0.920706
55123	1	0.920712
55133	1	0.920718
55138	1	0.920724
55147	1	0.920729
55155	1	0.920735
55157	1	0.920741
55159	1	0.920747
55163	1	0.920753
55166	1	0.920758
55175	1	0.920764
55179	1	0.92077
55186	1	0.920776
55190	1	0.920782
55194	1	0.920787
55195	1	0.920793
55203	1	0.920799
55206	1	0.920805
55230	1	0.920811
55231	1	0.920816
55251	1	0.920822
55253	1	0.920828
55256	1	0.920834
55261	1	0.92084
55272	1	0.920845
55273	1	0.920851
55277	1	0.920857
55285	1	0.920863
55286	1	0.920869
55291	1	0.920874
55292	1	0.92088
55295	1	0.920886
55301	1	0.920892
55312	1	0.920898
55315	2	0.920909
55330	2	0.920921
55341	1	0.920927
55344	1	0.920932
55345	1	0.920938
55352	1	0.920944
55353	1	0.92095
55359	1	0.920956
55361	1	0.920961
55363	1	0.920967
55371	4	0.92099
55373	1	0.920996
55379	1	0.921002
55390	1	0.921008
55397	1	0.921014
55401	1	0.921019
55407	2	0.921031
55413	1	0.921037
55417	1	0.921043
55423	2	0.921054
55424	1	0.92106
55429	1	0.921066
55441	1	0.921072
55447	1	0.921078
55451	1	0.921083
55453	1	0.921089
55458	1	0.921095
55462	1	0.921101
55464	1	0.921107
55466	1	0.921112
55483	2	0.921124
55486	1	0.92113
55487	1	0.921136
55489	1	0.921141
55494	1	0.921147
55498	1	0.921153
55503	1	0.921159
55505	1	0.921165
55532	1	0.92117
55540	1	0.921176
55543	2	0.921188
55561	1	0.921194
55563	1	0.921199
55569	1	0.921205
55580	1	0.921211
55594	1	0.921217
55596	1	0.921223
55598	2	0.921234
55601	1	0.92124
55603	1	0.921246
55605	2	0.921257
55607	1	0.921263
55608	1	0.921269
55620	1	0.921275
55624	1	0.921281
55626	1	0.921286
55630	1	0.921292
55634	1	0.921298
55638	1	0.921304
55652	1	0.92131
55678	1	0.921315
55686	2	0.921327
55693	1	0.921333
55698	1	0.921339
55705	1	0.921344
55711	1	0.92135
55726	1	0.921356
55728	1	0.921362
55748	1	0.921368
55751	1	0.921373
55759	1	0.921379
55766	2	0.921391
55787	1	0.921397
55792	1	0.921402
55804	1	0.921408
55807	1	0.921414
55824	1	0.92142
55836	1	0.921426
55844	1	0.921431
55846	1	0.921437
55850	1	0.921443
55851	1	0.921449
55852	1	0.921455
55853	1	0.92146
55857	1	0.921466
55861	1	0.921472
55903	1	0.921478
55909	1	0.921484
55920	2	0.921495
55923	1	0.921501
55924	1	0.921507
55927	1	0.921513
55932	1	0.921518
55937	1	0.921524
55940	1	0.92153
55944	1	0.921536
55948	1	0.921542
55951	1	0.921547
55953	1	0.921553
55963	1	0.921559
55971	1	0.921565
55978	1	0.921571
55979	1	0.921576
55985	1	0.921582
55993	1	0.921588
56002	1	0.921594
56004	1	0.9216
56017	2	0.921611
56021	1	0.921617
56026	1	0.921623
56032	1	0.921629
56036	1	0.921634
56042	1	0.92164
56047	1	0.921646
56052	1	0.921652
56054	1	0.921658
56066	1	0.921664
56069	1	0.921669
56085	1	0.921675
56091	1	0.921681
56094	1	0.921687
56100	1	0.921693
56103	1	0.921698
56110	1	0.921704
56121	1	0.92171
56123	2	0.921722
56133	1	0.921727
56164	1	0.921733
56183	1	0.921739
56194	1	0.921745
56203	1	0.921751
56207	1	0.921756
56209	1	0.921762
56217	1	0.921768
56245	1	0.921774
56272	1	0.92178
56276	1	0.921785
56300	1	0.921791
56303	1	0.921797
56307	1	0.921803
56330	1	0.921809
56333	1	0.921814
56336	1	0.92182
56339	1	0.921826
56342	1	0.921832
56345	2	0.921843
56355	2	0.921855
56356	1	0.921861
56364	1	0.921867
56367	1	0.921872
56368	1	0.921878
56369	1	0.921884
56375	1	0.92189
56376	1	0.921896
56380	1	0.921901
56390	3	0.921919
56392	1	0.921925
56398	1	0.92193
56401	1	0.921936
56407	2	0.921948
56408	1	0.921954
56423	1	0.921959
56427	1	0.921965
56429	1	0.921971
56435	1	0.921977
56439	1	0.921983
56455	1	0.921988
56476	2	0.922
56487	1	0.922006
56506	1	0.922012
56513	1	0.922017
56523	1	0.922023
56527	1	0.922029
56534	1	0.922035
56535	1	0.922041
56540	1	0.922046
56543	1	0.922052
56553	1	0.922058
56557	1	0.922064
56567	1	0.92207
56575	1	0.922075
56595	1	0.922081
56596	1	0.922087
56605	1	0.922093
56609	1	0.922099
56610	1	0.922104
56620	1	0.92211
56622	1	0.922116
56632	1	0.922122
56638	1	0.922128
56666	1	0.922133
56672	1	0.922139
56676	1	0.922145
56679	3	0.922162
56682	1	0.922168
56686	1	0.922174
56687	1	0.92218
56689	1	0.922186
56693	1	0.922191
56700	1	0.922197
56715	1	0.922203
56722	1	0.922209
56727	1	0.922215
56740	1	0.92222
56749	1	0.922226
56754	1	0.922232
56765	1	0.922238
56780	1	0.922244
56787	1	0.922249
56788	1	0.922255
56795	1	0.922261
56801	1	0.922267
56803	1	0.922273
56807	1	0.922279
56813	1	0.922284
56815	1	0.92229
56817	1	0.922296
56821	1	0.922302
56823	1	0.922308
56832	1	0.922313
56854	1	0.922319
56862	1	0.922325
56866	1	0.922331
56892	1	0.922337
56896	1	0.922342
56900	1	0.922348
56908	1	0.922354
56912	1	0.92236
56915	1	0.922366
56919	1	0.922371
56921	1	0.922377
56922	1	0.922383
56929	1	0.922389
56932	1	0.922395
56936	1	0.9224
56944	2	0.922412
56952	1	0.922418
56978	1	0.922424
56990	1	0.922429
56995	1	0.922435
56997	1	0.922441
57000	2	0.922453
57006	1	0.922458
57008	1	0.922464
57015	1	0.92247
57030	1	0.922476
57063	1	0.922482
57071	1	0.922487
57073	2	0.922499
57079	1	0.922505
57087	1	0.922511
57091	1	0.922516
57097	1	0.922522
57108	1	0.922528
57115	1	0.922534
57117	1	0.92254
57118	1	0.922545
57132	1	0.922551
57134	1	0.922557
57137	1	0.922563
57148	1	0.922569
57153	1	0.922574
57158	1	0.92258
57160	1	0.922586
57165	1	0.922592
57174	1	0.922598
57181	1	0.922603
57182	1	0.922609
57190	1	0.922615
57204	2	0.922627
57215	1	0.922632
57224	1	0.922638
57226	1	0.922644
57238	1	0.92265
57241	1	0.922656
57244	1	0.922661
57253	1	0.922667
57255	1	0.922673
57257	1	0.922679
57259	1	0.922685
57269	1	0.92269
57281	1	0.922696
57288	1	0.922702
57291	1	0.922708
57296	1	0.922714
57318	1	0.922719
57326	1	0.922725
57333	1	0.922731
57342	1	0.922737
57346	1	0.922743
57354	1	0.922748
57365	1	0.922754
57367	1	0.92276
57372	1	0.922766
57387	1	0.922772
57393	2	0.922783
57399	1	0.922789
57408	1	0.922795
57421	1	0.922801
57426	1	0.922806
57428	1	0.922812
57431	2	0.922824
57432	1	0.92283
57437	1	0.922835
57443	1	0.922841
57446	8	0.922888
57452	1	0.922893
57455	1	0.922899
57470	1	0.922905
57480	1	0.922911
57491	1	0.922917
57506	1	0.922923
57512	1	0.922928
57521	1	0.922934
57529	1	0.92294
57548	1	0.922946
57568	1	0.922952
57585	1	0.922957
57594	1	0.922963
57599	1	0.922969
57605	2	0.922981
57625	1	0.922986
57630	1	0.922992
57634	1	0.922998
57639	1	0.923004
57643	1	0.92301
57645	1	0.923015
57651	1	0.923021
57654	1	0.923027
57662	1	0.923033
57664	1	0.923039
57668	1	0.923044
57682	1	0.92305
57709	1	0.923056
57715	1	0.923062
57721	1	0.923068
57725	2	0.923079
57733	1	0.923085
57737	1	0.923091
57770	1	0.923097
57776	1	0.923102
57781	2	0.923114
57788	1	0.92312
57793	1	0.923126
57798	2	0.923137
57812	1	0.923143
57818	1	0.923149
57833	1	0.923155
57834	1	0.92316
57840	1	0.923166
57852	1	0.923172
57854	1	0.923178
57859	1	0.923184
57862	1	0.923189
57866	1	0.923195
57868	1	0.923201
57871	1	0.923207
57872	1	0.923213
57878	1	0.923218
57883	1	0.923224
57886	1	0.92323
57890	1	0.923236
57893	1	0.923242
57898	1	0.923247
57902	1	0.923253
57907	1	0.923259
57914	1	0.923265
57923	3	0.923282
57927	1	0.923288
57935	1	0.923294
57941	1	0.9233
57942	1	0.923305
57949	1	0.923311
57956	1	0.923317
57959	1	0.923323
57961	1	0.923329
57963	2	0.92334
57967	1	0.923346
57970	1	0.923352
57974	1	0.923358
57977	1	0.923363
57982	1	0.923369
57997	1	0.923375
58005	2	0.923387
58018	1	0.923392
58035	2	0.923404
58039	1	0.92341
58040	1	0.923416
58045	1	0.923421
58049	1	0.923427
58050	1	0.923433
58052	1	0.923439
58056	1	0.923445
58061	1	0.92345
58067	2	0.923462
58071	1	0.923468
58075	2	0.923479
58076	1	0.923485
58077	1	0.923491
58078	1	0.923497
58082	1	0.923503
58083	2	0.923514
58085	1	0.92352
58088	1	0.923526
58091	1	0.923532
58098	1	0.923538
58106	2	0.923549
58108	1	0.923555
58112	1	0.923561
58113	1	0.923567
58115	1	0.923572
58119	1	0.923578
58123	1	0.923584
58129	1	0.92359
58137	1	0.923596
58140	1	0.923601
58145	2	0.923613
58149	1	0.923619
58152	2	0.92363
58159	1	0.923636
58160	1	0.923642
58169	2	0.923654
58182	1	0.923659
58188	1	0.923665
58203	2	0.923677
58216	1	0.923683
58230	1	0.923688
58231	1	0.923694
58236	1	0.9237
58243	1	0.923706
58252	1	0.923712
58272	1	0.923717
58273	1	0.923723
58275	1	0.923729
58278	1	0.923735
58282	1	0.923741
58284	1	0.923746
58290	1	0.923752
58297	1	0.923758
58298	1	0.923764
58305	1	0.92377
58310	1	0.923775
58312	1	0.923781
58327	1	0.923787
58341	2	0.923799
58352	1	0.923804
58360	1	0.92381
58362	1	0.923816
58367	1	0.923822
58368	1	0.923828
58369	1	0.923833
58374	1	0.923839
58376	1	0.923845
58380	1	0.923851
58388	1	0.923857
58393	1	0.923862
58396	1	0.923868
58403	1	0.923874
58410	1	0.92388
58411	1	0.923886
58427	1	0.923891
58436	1	0.923897
58444	1	0.923903
58446	1	0.923909
58447	1	0.923915
58448	2	0.923926
58451	1	0.923932
58452	1	0.923938
58453	1	0.923944
58458	1	0.923949
58467	2	0.923961
58473	1	0.923967
58474	1	0.923973
58478	1	0.923978
58480	1	0.923984
58496	2	0.923996
58512	1	0.924002
58515	1	0.924007
58524	1	0.924013
58527	1	0.924019
58541	1	0.924025
58546	1	0.924031
58555	1	0.924036
58561	1	0.924042
58562	1	0.924048
58569	1	0.924054
58576	1	0.92406
58584	1	0.924065
58589	2	0.924077
58598	2	0.924089
58603	1	0.924094
58613	1	0.9241
58618	1	0.924106
58619	1	0.924112
58626	1	0.924118
58644	2	0.924129
58649	2	0.924141
58650	1	0.924147
58651	1	0.924152
58667	2	0.924164
58668	1	0.92417
58674	1	0.924176
58675	1	0.924182
58680	1	0.924187
58682	1	0.924193
58687	2	0.924205
58694	1	0.924211
58699	1	0.924216
58708	1	0.924222
58723	1	0.924228
58724	1	0.924234
58726	1	0.92424
58737	1	0.924245
58738	1	0.924251
58741	1	0.924257
58750	1	0.924263
58761	1	0.924269
58778	1	0.924274
58784	1	0.92428
58787	1	0.924286
58791	1	0.924292
58802	1	0.924298
58806	1	0.924303
58808	1	0.924309
58811	1	0.924315
58814	1	0.924321
58817	1	0.924327
58827	1	0.924332
58830	1	0.924338
58831	2	0.92435
58835	2	0.924361
58850	1	0.924367
58864	2	0.924379
58865	1	0.924385
58868	1	0.92439
58872	1	0.924396
58880	1	0.924402
58885	1	0.924408
58887	1	0.924414
58904	1	0.924419
58909	1	0.924425
58918	1	0.924431
58932	1	0.924437
58939	1	0.924443
58948	1	0.924448
58952	2	0.92446
58959	1	0.924466
58964	1	0.924472
58969	1	0.924477
58975	1	0.924483
58981	1	0.924489
58985	1	0.924495
58987	1	0.924501
58991	1	0.924506
58998	1	0.924512
58999	1	0.924518
59005	2	0.92453
59010	1	0.924535
59018	1	0.924541
59020	1	0.924547
59023	1	0.924553
59029	1	0.924559
59036	1	0.924564
59042	1	0.92457
59047	1	0.924576
59048	1	0.924582
59049	1	0.924588
59056	1	0.924593
59059	1	0.924599
59069	1	0.924605
59076	1	0.924611
59077	1	0.924617
59078	1	0.924622
59079	1	0.924628
59084	1	0.924634
59094	1	0.92464
59102	1	0.924646
59109	1	0.924651
59111	2	0.924663
59119	1	0.924669
59126	1	0.924675
59128	1	0.92468
59130	1	0.924686
59154	1	0.924692
59174	1	0.924698
59188	1	0.924704
59189	2	0.924715
59191	1	0.924721
59200	1	0.924727
59201	1	0.924733
59213	1	0.924738
59215	1	0.924744
59229	1	0.92475
59233	1	0.924756
59235	2	0.924767
59242	1	0.924773
59246	1	0.924779
59250	1	0.924785
59257	1	0.924791
59259	1	0.924797
59264	1	0.924802
59265	1	0.924808
59269	1	0.924814
59272	2	0.924826
59276	1	0.924831
59281	1	0.924837
59285	1	0.924843
59299	1	0.924849
59300	2	0.92486
59302	1	0.924866
59320	1	0.924872
59324	1	0.924878
59326	1	0.924884
59331	1	0.924889
59342	1	0.924895
59351	1	0.924901
59352	1	0.924907
59356	1	0.924913
59360	1	0.924918
59365	1	0.924924
59384	1	0.92493
59390	1	0.924936
59394	1	0.924942
59399	1	0.924947
59402	1	0.924953
59403	1	0.924959
59407	1	0.924965
59435	1	0.924971
59445	1	0.924976
59447	1	0.924982
59449	1	0.924988
59455	2	0.925
59458	1	0.925005
59466	1	0.925011
59472	1	0.925017
59480	1	0.925023
59482	1	0.925029
59514	1	0.925034
59526	1	0.92504
59530	1	0.925046
59533	1	0.925052
59542	1	0.925058
59548	1	0.925063
59555	1	0.925069
59558	1	0.925075
59567	1	0.925081
59576	1	0.925087
59578	1	0.925092
59590	1	0.925098
59598	1	0.925104
59602	1	0.92511
59604	1	0.925116
59610	1	0.925121
59624	1	0.925127
59654	1	0.925133
59656	1	0.925139
59657	1	0.925145
59658	1	0.92515
59662	1	0.925156
59666	1	0.925162
59674	1	0.925168
59687	1	0.925174
59689	1	0.925179
59692	1	0.925185
59693	1	0.925191
59695	1	0.925197
59701	1	0.925203
59706	1	0.925208
59730	1	0.925214
59733	1	0.92522
59739	1	0.925226
59742	2	0.925237
59752	1	0.925243
59755	1	0.925249
59758	1	0.925255
59762	1	0.925261
59765	1	0.925266
59767	1	0.925272
59772	1	0.925278
59781	1	0.925284
59807	1	0.92529
59811	1	0.925295
59813	1	0.925301
59817	1	0.925307
59824	1	0.925313
59838	1	0.925319
59851	1	0.925324
59854	1	0.92533
59857	1	0.925336
59860	1	0.925342
59866	1	0.925348
59868	1	0.925353
59869	1	0.925359
59875	1	0.925365
59878	1	0.925371
59881	1	0.925377
59890	1	0.925382
59894	1	0.925388
59896	1	0.925394
59899	1	0.9254
59906	1	0.925406
59912	2	0.925417
59916	2	0.925429
59920	1	0.925435
59923	1	0.925441
59929	1	0.925446
59936	1	0.925452
59946	1	0.925458
59957	1	0.925464
59960	1	0.92547
59962	1	0.925475
59965	1	0.925481
59974	1	0.925487
59993	1	0.925493
59999	1	0.925499
60003	2	0.92551
60007	1	0.925516
60013	1	0.925522
60014	1	0.925528
60036	1	0.925533
60037	1	0.925539
60044	1	0.925545
60061	1	0.925551
60064	1	0.925557
60075	1	0.925562
60082	1	0.925568
60093	1	0.925574
60096	1	0.92558
60105	1	0.925586
60109	1	0.925591
60110	1	0.925597
60115	1	0.925603
60116	1	0.925609
60121	1	0.925615
60124	1	0.92562
60130	1	0.925626
60144	1	0.925632
60155	1	0.925638
60163	1	0.925644
60176	1	0.925649
60181	2	0.925661
60183	1	0.925667
60186	1	0.925673
60195	1	0.925678
60196	2	0.92569
60197	1	0.925696
60201	1	0.925702
60206	1	0.925707
60212	1	0.925713
60231	1	0.925719
60244	1	0.925725
60252	1	0.925731
60257	1	0.925736
60258	1	0.925742
60261	1	0.925748
60266	1	0.925754
60273	1	0.92576
60276	1	0.925765
60285	1	0.925771
60292	1	0.925777
60303	1	0.925783
60306	1	0.925789
60316	2	0.9258
60324	1	0.925806
60334	1	0.925812
60340	1	0.925818
60345	1	0.925823
60356	1	0.925829
60361	1	0.925835
60385	1	0.925841
60391	1	0.925847
60393	1	0.925852
60395	1	0.925858
60398	2	0.92587
60402	1	0.925876
60406	2	0.925887
60410	1	0.925893
60417	1	0.925899
60420	1	0.925905
60424	1	0.92591
60425	1	0.925916
60435	1	0.925922
60450	1	0.925928
60455	2	0.925939
60460	1	0.925945
60477	1	0.925951
60521	1	0.925957
60534	1	0.925963
60542	1	0.925968
60549	1	0.925974
60552	1	0.92598
60555	1	0.925986
60560	1	0.925992
60564	1	0.925997
60565	2	0.926009
60568	1	0.926015
60569	1	0.926021
60574	1	0.926026
60583	1	0.926032
60588	1	0.926038
60626	2	0.92605
60636	1	0.926056
60645	1	0.926061
60651	1	0.926067
60658	1	0.926073
60665	1	0.926079
60666	1	0.926085
60671	1	0.92609
60674	1	0.926096
60683	1	0.926102
60690	1	0.926108
60710	1	0.926114
60714	1	0.926119
60721	1	0.926125
60727	1	0.926131
60735	1	0.926137
60740	1	0.926143
60743	1	0.926148
60758	1	0.926154
60769	1	0.92616
60779	1	0.926166
60792	1	0.926172
60801	1	0.926177
60834	3	0.926195
60847	1	0.926201
60851	1	0.926206
60858	1	0.926212
60862	1	0.926218
60870	1	0.926224
60877	1	0.92623
60880	1	0.926235
60891	1	0.926241
60894	1	0.926247
60900	1	0.926253
60907	1	0.926259
60912	1	0.926264
60918	1	0.92627
60940	1	0.926276
60944	1	0.926282
60964	1	0.926288
60971	1	0.926293
60975	2	0.926305
60989	2	0.926317
60991	1	0.926322
61012	1	0.926328
61034	1	0.926334
61049	1	0.92634
61055	1	0.926346
61065	1	0.926351
61070	1	0.926357
61079	1	0.926363
61088	1	0.926369
61109	1	0.926375
61125	1	0.92638
61129	1	0.926386
61137	1	0.926392
61142	1	0.926398
61143	1	0.926404
61146	1	0.926409
61147	1	0.926415
61153	1	0.926421
61155	2	0.926433
61160	1	0.926438
61165	1	0.926444
61181	2	0.926456
61188	1	0.926462
61196	1	0.926467
61201	2	0.926479
61205	1	0.926485
61207	1	0.926491
61213	1	0.926496
61223	1	0.926502
61224	1	0.926508
61233	1	0.926514
61251	1	0.92652
61254	2	0.926531
61259	1	0.926537
61267	1	0.926543
61270	1	0.926549
61273	1	0.926554
61306	1	0.92656
61316	1	0.926566
61325	1	0.926572
61340	1	0.926578
61342	1	0.926583
61346	3	0.926601
61349	1	0.926607
61353	1	0.926612
61360	1	0.926618
61365	1	0.926624
61371	1	0.92663
61377	2	0.926641
61380	1	0.926647
61382	2	0.926659
61386	1	0.926665
61388	1	0.92667
61389	1	0.926676
61390	1	0.926682
61392	1	0.926688
61398	1	0.926694
61399	1	0.9267
61400	1	0.926705
61402	1	0.926711
61405	1	0.926717
61408	1	0.926723
61421	1	0.926729
61430	1	0.926734
61442	1	0.92674
61448	1	0.926746
61463	1	0.926752
61465	2	0.926763
61473	1	0.926769
61475	1	0.926775
61485	1	0.926781
61490	1	0.926787
61500	1	0.926792
61513	1	0.926798
61518	1	0.926804
61525	1	0.92681
61531	1	0.926816
61537	1	0.926821
61543	1	0.926827
61544	1	0.926833
61549	1	0.926839
61560	1	0.926845
61562	1	0.92685
61565	1	0.926856
61567	2	0.926868
61575	2	0.926879
61594	1	0.926885
61601	1	0.926891
61612	1	0.926897
61615	1	0.926903
61621	1	0.926908
61632	1	0.926914
61635	1	0.92692
61641	2	0.926932
61642	1	0.926937
61645	1	0.926943
61647	1	0.926949
61651	1	0.926955
61655	1	0.926961
61664	1	0.926966
61673	1	0.926972
61679	1	0.926978
61681	1	0.926984
61698	2	0.926995
61700	1	0.927001
61708	1	0.927007
61710	1	0.927013
61714	1	0.927019
61715	1	0.927024
61742	1	0.92703
61744	1	0.927036
61746	1	0.927042
61749	1	0.927048
61755	1	0.927053
61762	1	0.927059
61764	1	0.927065
61767	1	0.927071
61769	1	0.927077
61773	1	0.927082
61777	1	0.927088
61780	1	0.927094
61783	1	0.9271
61784	1	0.927106
61797	1	0.927111
61801	1	0.927117
61816	1	0.927123
61824	1	0.927129
61828	1	0.927135
61837	1	0.92714
61863	2	0.927152
61878	1	0.927158
61903	1	0.927164
61905	1	0.927169
61911	1	0.927175
61930	1	0.927181
61940	1	0.927187
61947	1	0.927193
61954	1	0.927198
61957	1	0.927204
61978	1	0.92721
61991	1	0.927216
61997	1	0.927222
61998	1	0.927227
62001	1	0.927233
62020	1	0.927239
62030	1	0.927245
62041	1	0.927251
62050	1	0.927256
62053	1	0.927262
62058	1	0.927268
62060	1	0.927274
62067	1	0.92728
62070	1	0.927285
62072	1	0.927291
62079	1	0.927297
62085	2	0.927309
62086	1	0.927315
62091	1	0.92732
62093	1	0.927326
62094	1	0.927332
62099	1	0.927338
62108	1	0.927344
62109	2	0.927355
62120	1	0.927361
62125	1	0.927367
62127	1	0.927373
62128	1	0.927378
62148	1	0.927384
62151	1	0.92739
62155	1	0.927396
62167	1	0.927402
62171	2	0.927413
62175	1	0.927419
62176	1	0.927425
62178	1	0.927431
62188	1	0.927436
62201	1	0.927442
62240	1	0.927448
62251	2	0.92746
62281	1	0.927465
62288	1	0.927471
62296	1	0.927477
62297	1	0.927483
62303	1	0.927489
62305	1	0.927494
62311	1	0.9275
62314	1	0.927506
62320	1	0.927512
62332	1	0.927518
62342	1	0.927523
62354	1	0.927529
62363	1	0.927535
62367	2	0.927547
62368	1	0.927552
62375	1	0.927558
62380	1	0.927564
62383	1	0.92757
62387	1	0.927576
62398	1	0.927581
62403	1	0.927587
62409	1	0.927593
62415	1	0.927599
62417	2	0.92761
62425	1	0.927616
62428	1	0.927622
62445	1	0.927628
62448	1	0.927634
62466	1	0.927639
62485	1	0.927645
62495	1	0.927651
62501	1	0.927657
62507	1	0.927663
62511	1	0.927668
62516	1	0.927674
62517	1	0.92768
62532	2	0.927692
62537	1	0.927697
62539	1	0.927703
62545	1	0.927709
62548	1	0.927715
62549	1	0.927721
62552	1	0.927726
62568	1	0.927732
62573	1	0.927738
62589	1	0.927744
62603	1	0.92775
62608	1	0.927755
62612	1	0.927761
62615	1	0.927767
62622	1	0.927773
62632	1	0.927779
62633	1	0.927784
62647	1	0.92779
62648	1	0.927796
62659	1	0.927802
62669	2	0.927813
62671	1	0.927819
62674	1	0.927825
62675	1	0.927831
62680	1	0.927837
62705	1	0.927842
62718	1	0.927848
62734	1	0.927854
62739	1	0.92786
62740	1	0.927866
62744	1	0.927871
62750	1	0.927877
62761	1	0.927883
62766	1	0.927889
62770	2	0.9279
62773	1	0.927906
62777	1	0.927912
62780	1	0.927918
62784	1	0.927924
62793	1	0.927929
62799	1	0.927935
62801	1	0.927941
62803	1	0.927947
62806	1	0.927953
62810	1	0.927959
62813	1	0.927964
62818	1	0.92797
62824	1	0.927976
62828	1	0.927982
62856	1	0.927988
62864	1	0.927993
62868	1	0.927999
62873	1	0.928005
62875	1	0.928011
62887	1	0.928017
62896	1	0.928022
62907	1	0.928028
62919	2	0.92804
62922	2	0.928051
62927	1	0.928057
62930	1	0.928063
62938	1	0.928069
62939	1	0.928075
62940	1	0.92808
62942	1	0.928086
62943	1	0.928092
62945	1	0.928098
62951	1	0.928104
62971	1	0.928109
62975	1	0.928115
62986	1	0.928121
63001	1	0.928127
63002	1	0.928133
63006	1	0.928138
63008	1	0.928144
63010	1	0.92815
63026	1	0.928156
63043	1	0.928162
63049	1	0.928167
63061	1	0.928173
63065	1	0.928179
63075	1	0.928185
63080	1	0.928191
63085	1	0.928196
63087	1	0.928202
63094	1	0.928208
63104	1	0.928214
63117	1	0.92822
63120	1	0.928225
63134	1	0.928231
63141	1	0.928237
63144	2	0.928249
63145	1	0.928254
63150	1	0.92826
63166	1	0.928266
63171	1	0.928272
63177	1	0.928278
63179	1	0.928283
63193	1	0.928289
63198	1	0.928295
63201	1	0.928301
63224	1	0.928307
63242	1	0.928312
63247	1	0.928318
63248	1	0.928324
63254	1	0.92833
63256	1	0.928336
63258	1	0.928341
63308	1	0.928347
63314	1	0.928353
63322	1	0.928359
63336	1	0.928365
63342	1	0.92837
63349	1	0.928376
63356	1	0.928382
63366	1	0.928388
63371	2	0.928399
63377	1	0.928405
63393	1	0.928411
63397	1	0.928417
63401	1	0.928423
63406	1	0.928428
63408	1	0.928434
63409	1	0.92844
63411	1	0.928446
63414	1	0.928452
63419	1	0.928457
63422	1	0.928463
63424	1	0.928469
63426	1	0.928475
63428	1	0.928481
63434	1	0.928486
63446	1	0.928492
63452	1	0.928498
63454	1	0.928504
63464	1	0.92851
63467	1	0.928515
63475	1	0.928521
63482	1	0.928527
63491	1	0.928533
63498	1	0.928539
63500	1	0.928544
63507	1	0.92855
63509	1	0.928556
63516	1	0.928562
63519	2	0.928574
63521	1	0.928579
63525	1	0.928585
63529	1	0.928591
63531	1	0.928597
63532	1	0.928603
63550	1	0.928608
63554	2	0.92862
63556	1	0.928626
63560	1	0.928632
63571	1	0.928637
63584	1	0.928643
63596	1	0.928649
63608	1	0.928655
63609	1	0.928661
63611	1	0.928666
63616	1	0.928672
63623	1	0.928678
63631	1	0.928684
63632	1	0.92869
63633	1	0.928695
63636	1	0.928701
63650	1	0.928707
63653	1	0.928713
63660	1	0.928719
63669	1	0.928724
63687	1	0.92873
63689	1	0.928736
63713	1	0.928742
63717	1	0.928748
63725	2	0.928759
63734	1	0.928765
63753	1	0.928771
63767	1	0.928777
63768	1	0.928782
63770	1	0.928788
63773	1	0.928794
63776	1	0.9288
63781	1	0.928806
63793	1	0.928811
63810	1	0.928817
63814	1	0.928823
63817	1	0.928829
63827	1	0.928835
63830	1	0.92884
63840	1	0.928846
63843	1	0.928852
63847	1	0.928858
63849	2	0.928869
63851	1	0.928875
63855	1	0.928881
63857	1	0.928887
63860	1	0.928893
63895	1	0.928898
63901	1	0.928904
63915	1	0.92891
63940	1	0.928916
63949	1	0.928922
63955	1	0.928927
63961	1	0.928933
63965	1	0.928939
63969	1	0.928945
64013	2	0.928956
64024	1	0.928962
64032	1	0.928968
64046	1	0.928974
64053	1	0.92898
64062	1	0.928985
64063	1	0.928991
64082	1	0.928997
64086	1	0.929003
64090	1	0.929009
64092	1	0.929014
64093	1	0.92902
64095	1	0.929026
64102	1	0.929032
64114	1	0.929038
64120	1	0.929043
64125	1	0.929049
64144	1	0.929055
64149	1	0.929061
64155	1	0.929067
64170	1	0.929072
64176	1	0.929078
64181	1	0.929084
64212	1	0.92909
64242	1	0.929096
64248	1	0.929101
64249	1	0.929107
64258	1	0.929113
64259	1	0.929119
64265	1	0.929125
64267	1	0.92913
64277	1	0.929136
64283	1	0.929142
64290	2	0.929154
64296	1	0.929159
64298	2	0.929171
64300	1	0.929177
64302	1	0.929183
64303	2	0.929194
64304	1	0.9292
64310	1	0.929206
64314	1	0.929212
64323	2	0.929223
64325	1	0.929229
64339	1	0.929235
64357	1	0.929241
64360	1	0.929247
64367	1	0.929252
64374	1	0.929258
64378	1	0.929264
64386	1	0.92927
64390	1	0.929276
64401	1	0.929281
64404	1	0.929287
64413	1	0.929293
64431	1	0.929299
64434	1	0.929305
64437	1	0.92931
64471	1	0.929316
64477	1	0.929322
64499	1	0.929328
64502	1	0.929334
64505	1	0.929339
64515	1	0.929345
64531	1	0.929351
64546	1	0.929357
64552	1	0.929363
64569	1	0.929368
64574	1	0.929374
64587	1	0.92938
64594	1	0.929386
64603	1	0.929392
64629	1	0.929397
64654	1	0.929403
64663	1	0.929409
64672	1	0.929415
64679	1	0.929421
64682	1	0.929426
64692	1	0.929432
64709	1	0.929438
64718	1	0.929444
64721	1	0.92945
64742	1	0.929455
64762	1	0.929461
64767	1	0.929467
64768	1	0.929473
64789	2	0.929484
64812	1	0.92949
64814	1	0.929496
64825	1	0.929502
64827	2	0.929513
64864	1	0.929519
64895	2	0.929531
64900	1	0.929537
64919	1	0.929542
64922	1	0.929548
64924	1	0.929554
64961	1	0.92956
64962	1	0.929566
64965	1	0.929571
64967	1	0.929577
64978	1	0.929583
64982	1	0.929589
64987	1	0.929595
64990	1	0.9296
64997	1	0.929606
65005	1	0.929612
65011	1	0.929618
65015	1	0.929624
65023	1	0.929629
65029	1	0.929635
65040	1	0.929641
65045	1	0.929647
65069	1	0.929653
65078	1	0.929658
65081	1	0.929664
65089	1	0.92967
65094	1	0.929676
65124	1	0.929682
65129	1	0.929687
65135	1	0.929693
65136	1	0.929699
65137	1	0.929705
65142	1	0.929711
65147	1	0.929716
65148	1	0.929722
65154	1	0.929728
65166	1	0.929734
65175	1	0.92974
65183	2	0.929751
65188	1	0.929757
65193	1	0.929763
65194	2	0.929774
65199	1	0.92978
65200	1	0.929786
65209	1	0.929792
65211	1	0.929798
65224	1	0.929803
65231	1	0.929809
65239	1	0.929815
65243	2	0.929827
65248	1	0.929833
65277	1	0.929838
65284	1	0.929844
65300	1	0.92985
65304	1	0.929856
65312	1	0.929862
65315	1	0.929867
65328	1	0.929873
65332	1	0.929879
65338	1	0.929885
65354	1	0.929891
65360	1	0.929896
65407	1	0.929902
65433	1	0.929908
65434	1	0.929914
65450	1	0.92992
65452	1	0.929925
65456	1	0.929931
65463	1	0.929937
65466	1	0.929943
65472	1	0.929949
65480	1	0.929954
65510	1	0.92996
65514	1	0.929966
65518	1	0.929972
65529	1	0.929978
65540	1	0.929983
65562	1	0.929989
65566	1	0.929995
65568	1	0.930001
65574	1	0.930007
65576	1	0.930012
65580	1	0.930018
65585	1	0.930024
65588	1	0.93003
65595	1	0.930036
65598	1	0.930041
65602	1	0.930047
65606	1	0.930053
65616	1	0.930059
65622	1	0.930065
65645	1	0.93007
65651	1	0.930076
65658	1	0.930082
65664	1	0.930088
65666	1	0.930094
65667	1	0.930099
65670	1	0.930105
65676	1	0.930111
65681	1	0.930117
65684	1	0.930123
65687	1	0.930128
65690	2	0.93014
65720	1	0.930146
65740	1	0.930152
65741	1	0.930157
65757	1	0.930163
65760	1	0.930169
65762	1	0.930175
65771	1	0.930181
65778	1	0.930186
65787	1	0.930192
65790	1	0.930198
65795	1	0.930204
65803	1	0.93021
65808	1	0.930215
65831	1	0.930221
65837	1	0.930227
65843	1	0.930233
65849	1	0.930239
65851	1	0.930244
65857	1	0.93025
65863	1	0.930256
65865	1	0.930262
65870	1	0.930268
65879	1	0.930273
65881	1	0.930279
65886	2	0.930291
65901	1	0.930297
65912	1	0.930302
65920	1	0.930308
65923	1	0.930314
65947	1	0.93032
65957	1	0.930326
65963	1	0.930331
65974	1	0.930337
65977	1	0.930343
65978	1	0.930349
65990	1	0.930355
66026	1	0.93036
66031	1	0.930366
66061	1	0.930372
66112	1	0.930378
66117	1	0.930384
66128	1	0.930389
66131	1	0.930395
66138	1	0.930401
66152	1	0.930407
66157	1	0.930413
66160	1	0.930418
66168	1	0.930424
66174	1	0.93043
66180	1	0.930436
66225	1	0.930442
66236	1	0.930447
66242	1	0.930453
66258	1	0.930459
66282	1	0.930465
66286	1	0.930471
66292	1	0.930477
66296	1	0.930482
66308	1	0.930488
66322	1	0.930494
66326	1	0.9305
66329	1	0.930506
66332	1	0.930511
66333	1	0.930517
66364	1	0.930523
66372	1	0.930529
66374	1	0.930535
66384	1	0.93054
66390	1	0.930546
66393	1	0.930552
66396	1	0.930558
66400	1	0.930564
66403	2	0.930575
66409	1	0.930581
66411	1	0.930587
66414	1	0.930593
66417	1	0.930598
66420	1	0.930604
66425	1	0.93061
66431	1	0.930616
66443	1	0.930622
66446	1	0.930627
66458	1	0.930633
66461	1	0.930639
66467	1	0.930645
66478	1	0.930651
66480	1	0.930656
66482	1	0.930662
66487	1	0.930668
66492	1	0.930674
66498	1	0.93068
66502	1	0.930685
66506	1	0.930691
66511	1	0.930697
66514	1	0.930703
66519	1	0.930709
66524	1	0.930714
66536	1	0.93072
66542	1	0.930726
66544	1	0.930732
66552	1	0.930738
66555	1	0.930743
66565	1	0.930749
66570	1	0.930755
66573	1	0.930761
66576	1	0.930767
66580	1	0.930772
66583	1	0.930778
66602	1	0.930784
66609	1	0.93079
66619	1	0.930796
66629	1	0.930801
66633	1	0.930807
66640	1	0.930813
66643	1	0.930819
66647	1	0.930825
66659	1	0.93083
66683	1	0.930836
66690	1	0.930842
66693	1	0.930848
66695	1	0.930854
66697	1	0.930859
66707	1	0.930865
66711	1	0.930871
66714	1	0.930877
66722	1	0.930883
66732	1	0.930888
66751	1	0.930894
66769	1	0.9309
66787	1	0.930906
66797	1	0.930912
66799	1	0.930917
66808	1	0.930923
66809	1	0.930929
66824	1	0.930935
66832	1	0.930941
66834	1	0.930946
66848	1	0.930952
66864	1	0.930958
66877	1	0.930964
66880	1	0.93097
66884	1	0.930975
66901	1	0.930981
66906	1	0.930987
66919	1	0.930993
66923	1	0.930999
66928	1	0.931004
66965	1	0.93101
66988	1	0.931016
67012	1	0.931022
67013	1	0.931028
67023	1	0.931033
67034	1	0.931039
67049	1	0.931045
67050	1	0.931051
67053	1	0.931057
67057	1	0.931062
67060	1	0.931068
67063	1	0.931074
67077	1	0.93108
67081	1	0.931086
67087	2	0.931097
67104	1	0.931103
67112	1	0.931109
67123	1	0.931115
67127	1	0.931121
67135	1	0.931126
67139	1	0.931132
67142	1	0.931138
67149	2	0.93115
67152	2	0.931161
67155	1	0.931167
67158	1	0.931173
67164	1	0.931179
67169	1	0.931184
67195	1	0.93119
67201	1	0.931196
67207	1	0.931202
67211	1	0.931208
67222	1	0.931213
67232	1	0.931219
67256	1	0.931225
67270	1	0.931231
67278	1	0.931237
67288	1	0.931242
67290	1	0.931248
67292	1	0.931254
67309	1	0.93126
67348	1	0.931266
67374	1	0.931271
67379	1	0.931277
67380	1	0.931283
67382	1	0.931289
67394	1	0.931295
67426	1	0.9313
67434	1	0.931306
67435	1	0.931312
67442	1	0.931318
67465	1	0.931324
67467	1	0.931329
67468	1	0.931335
67477	1	0.931341
67479	1	0.931347
67490	1	0.931353
67505	1	0.931358
67519	1	0.931364
67523	1	0.93137
67527	1	0.931376
67534	1	0.931382
67540	1	0.931387
67546	1	0.931393
67567	1	0.931399
67582	1	0.931405
67586	2	0.931416
67601	1	0.931422
67606	1	0.931428
67610	1	0.931434
67619	1	0.93144
67622	1	0.931445
67636	1	0.931451
67637	1	0.931457
67644	1	0.931463
67654	1	0.931469
67668	1	0.931474
67678	1	0.93148
67684	1	0.931486
67724	1	0.931492
67728	1	0.931498
67731	1	0.931503
67747	1	0.931509
67750	1	0.931515
67753	1	0.931521
67756	1	0.931527
67760	1	0.931532
67764	1	0.931538
67768	1	0.931544
67775	1	0.93155
67779	1	0.931556
67781	1	0.931561
67783	1	0.931567
67807	1	0.931573
67816	1	0.931579
67840	1	0.931585
67843	1	0.93159
67849	1	0.931596
67881	1	0.931602
67900	1	0.931608
67908	1	0.931614
67924	1	0.931619
67927	1	0.931625
67937	1	0.931631
67942	1	0.931637
67945	1	0.931643
67952	1	0.931648
67980	1	0.931654
67994	1	0.93166
67999	1	0.931666
68004	1	0.931672
68005	1	0.931677
68008	1	0.931683
68019	2	0.931695
68023	1	0.931701
68025	1	0.931706
68027	2	0.931718
68029	1	0.931724
68032	1	0.93173
68033	1	0.931736
68036	1	0.931741
68037	1	0.931747
68039	1	0.931753
68042	1	0.931759
68044	2	0.93177
68047	2	0.931782
68054	1	0.931788
68057	1	0.931794
68058	1	0.931799
68061	1	0.931805
68067	1	0.931811
68072	1	0.931817
68084	1	0.931823
68102	1	0.931828
68118	1	0.931834
68134	2	0.931846
68138	1	0.931852
68146	1	0.931857
68177	1	0.931863
68179	1	0.931869
68186	1	0.931875
68192	1	0.931881
68195	1	0.931886
68196	1	0.931892
68212	1	0.931898
68233	1	0.931904
68242	1	0.93191
68248	1	0.931915
68254	1	0.931921
68264	1	0.931927
68270	1	0.931933
68272	1	0.931939
68275	1	0.931944
68289	1	0.93195
68293	1	0.931956
68323	2	0.931968
68346	1	0.931973
68365	1	0.931979
68367	1	0.931985
68369	1	0.931991
68375	1	0.931997
68379	1	0.932002
68398	1	0.932008
68426	1	0.932014
68439	1	0.93202
68444	1	0.932026
68456	1	0.932031
68472	1	0.932037
68501	1	0.932043
68508	1	0.932049
68510	1	0.932055
68516	1	0.93206
68523	1	0.932066
68526	1	0.932072
68530	1	0.932078
68533	1	0.932084
68544	1	0.932089
68546	1	0.932095
68564	1	0.932101
68567	1	0.932107
68589	1	0.932113
68596	1	0.932118
68602	1	0.932124
68610	1	0.93213
68614	1	0.932136
68615	1	0.932142
68621	1	0.932147
68624	1	0.932153
68640	1	0.932159
68646	1	0.932165
68653	1	0.932171
68670	1	0.932176
68674	1	0.932182
68681	1	0.932188
68689	1	0.932194
68690	1	0.9322
68699	1	0.932205
68710	1	0.932211
68716	1	0.932217
68722	1	0.932223
68729	1	0.932229
68735	1	0.932234
68759	1	0.93224
68771	1	0.932246
68772	1	0.932252
68782	1	0.932258
68789	1	0.932263
68795	1	0.932269
68847	1	0.932275
68857	1	0.932281
68877	1	0.932287
68884	1	0.932292
68886	1	0.932298
68887	1	0.932304
68895	1	0.93231
68922	1	0.932316
68923	1	0.932321
68939	1	0.932327
68954	1	0.932333
68963	1	0.932339
68968	1	0.932345
68975	1	0.932351
69020	1	0.932356
69029	1	0.932362
69042	1	0.932368
69065	1	0.932374
69077	1	0.93238
69079	1	0.932385
69081	1	0.932391
69102	1	0.932397
69108	1	0.932403
69114	1	0.932409
69119	1	0.932414
69126	1	0.93242
69131	1	0.932426
69136	1	0.932432
69149	1	0.932438
69157	1	0.932443
69163	1	0.932449
69171	1	0.932455
69174	1	0.932461
69176	1	0.932467
69193	1	0.932472
69224	1	0.932478
69231	1	0.932484
69241	1	0.93249
69244	1	0.932496
69248	1	0.932501
69255	1	0.932507
69258	1	0.932513
69271	1	0.932519
69274	1	0.932525
69278	1	0.93253
69279	1	0.932536
69284	1	0.932542
69303	1	0.932548
69311	1	0.932554
69313	1	0.932559
69315	1	0.932565
69324	1	0.932571
69338	1	0.932577
69350	1	0.932583
69355	1	0.932588
69356	1	0.932594
69360	1	0.9326
69385	1	0.932606
69399	1	0.932612
69431	1	0.932617
69451	1	0.932623
69464	1	0.932629
69465	1	0.932635
69469	1	0.932641
69482	1	0.932646
69498	1	0.932652
69506	1	0.932658
69517	1	0.932664
69519	1	0.93267
69521	2	0.932681
69530	1	0.932687
69534	1	0.932693
69536	1	0.932699
69538	1	0.932704
69539	1	0.93271
69557	1	0.932716
69560	1	0.932722
69566	1	0.932728
69575	1	0.932733
69585	1	0.932739
69592	2	0.932751
69606	2	0.932762
69612	1	0.932768
69623	1	0.932774
69628	2	0.932786
69629	1	0.932791
69635	1	0.932797
69642	1	0.932803
69649	1	0.932809
69657	1	0.932815
69659	1	0.93282
69665	1	0.932826
69666	1	0.932832
69669	1	0.932838
69671	1	0.932844
69672	1	0.932849
69676	1	0.932855
69683	1	0.932861
69688	1	0.932867
69705	1	0.932873
69707	1	0.932878
69715	1	0.932884
69716	1	0.93289
69719	1	0.932896
69720	1	0.932902
69721	1	0.932907
69726	1	0.932913
69739	1	0.932919
69742	1	0.932925
69746	1	0.932931
69756	1	0.932936
69762	1	0.932942
69794	1	0.932948
69814	1	0.932954
69826	1	0.93296
69829	1	0.932965
69842	1	0.932971
69865	1	0.932977
69873	1	0.932983
69879	1	0.932989
69904	1	0.932995
69935	1	0.933
69936	2	0.933012
69937	1	0.933018
69939	1	0.933024
69941	1	0.933029
69952	1	0.933035
69961	1	0.933041
69978	1	0.933047
69979	1	0.933053
69985	1	0.933058
69994	1	0.933064
70021	1	0.93307
70038	1	0.933076
70039	1	0.933082
70041	1	0.933087
70045	1	0.933093
70062	1	0.933099
70067	1	0.933105
70072	1	0.933111
70074	1	0.933116
70077	1	0.933122
70083	1	0.933128
70090	1	0.933134
70091	1	0.93314
70098	1	0.933145
70111	1	0.933151
70118	1	0.933157
70124	1	0.933163
70133	1	0.933169
70139	2	0.93318
70144	1	0.933186
70145	2	0.933198
70155	1	0.933203
70165	1	0.933209
70169	1	0.933215
70210	1	0.933221
70214	1	0.933227
70228	1	0.933232
70239	1	0.933238
70242	1	0.933244
70245	2	0.933256
70256	1	0.933261
70262	1	0.933267
70265	1	0.933273
70271	1	0.933279
70281	1	0.933285
70294	1	0.93329
70300	1	0.933296
70303	1	0.933302
70312	1	0.933308
70318	1	0.933314
70320	2	0.933325
70328	1	0.933331
70330	1	0.933337
70344	1	0.933343
70362	1	0.933348
70368	1	0.933354
70369	1	0.93336
70375	1	0.933366
70392	2	0.933377
70398	1	0.933383
70421	1	0.933389
70425	1	0.933395
70427	1	0.933401
70440	1	0.933406
70444	1	0.933412
70448	1	0.933418
70455	1	0.933424
70472	1	0.93343
70474	1	0.933435
70500	1	0.933441
70525	1	0.933447
70534	1	0.933453
70537	1	0.933459
70541	1	0.933464
70546	1	0.93347
70553	1	0.933476
70555	1	0.933482
70557	1	0.933488
70560	1	0.933493
70570	1	0.933499
70571	1	0.933505
70577	2	0.933517
70585	1	0.933522
70588	1	0.933528
70595	1	0.933534
70605	1	0.93354
70608	3	0.933557
70632	1	0.933563
70633	4	0.933586
70642	5	0.933615
70643	1	0.933621
70645	1	0.933627
70646	1	0.933633
70647	3	0.93365
70654	1	0.933656
70658	1	0.933662
70660	1	0.933668
70664	1	0.933673
70669	1	0.933679
70675	1	0.933685
70678	1	0.933691
70681	1	0.933697
70684	1	0.933702
70687	1	0.933708
70693	1	0.933714
70696	1	0.93372
70697	1	0.933726
70703	1	0.933731
70709	1	0.933737
70711	1	0.933743
70721	1	0.933749
70725	1	0.933755
70729	1	0.93376
70731	1	0.933766
70734	1	0.933772
70736	1	0.933778
70738	1	0.933784
70739	1	0.933789
70741	1	0.933795
70744	1	0.933801
70756	1	0.933807
70760	1	0.933813
70782	1	0.933818
70787	1	0.933824
70791	1	0.93383
70799	1	0.933836
70809	1	0.933842
70814	1	0.933847
70825	1	0.933853
70830	1	0.933859
70837	1	0.933865
70841	1	0.933871
70845	1	0.933876
70854	1	0.933882
70861	1	0.933888
70867	1	0.933894
70874	1	0.9339
70881	1	0.933905
70887	1	0.933911
70893	1	0.933917
70899	1	0.933923
70905	1	0.933929
70911	1	0.933934
70917	1	0.93394
70921	1	0.933946
70923	1	0.933952
70928	1	0.933958
70929	1	0.933963
70936	1	0.933969
70938	1	0.933975
70942	1	0.933981
70948	2	0.933992
70953	1	0.933998
70955	1	0.934004
70956	1	0.93401
70961	1	0.934016
70967	1	0.934021
70969	1	0.934027
70972	1	0.934033
70979	1	0.934039
70985	1	0.934045
70992	2	0.934056
70995	2	0.934068
71002	1	0.934074
71013	1	0.934079
71034	1	0.934085
71040	2	0.934097
71047	1	0.934103
71052	1	0.934108
71058	1	0.934114
71059	1	0.93412
71065	1	0.934126
71070	1	0.934132
71075	1	0.934137
71081	1	0.934143
71086	1	0.934149
71087	1	0.934155
71089	1	0.934161
71093	1	0.934166
71094	1	0.934172
71095	1	0.934178
71097	2	0.93419
71099	1	0.934195
71104	2	0.934207
71109	1	0.934213
71110	1	0.934219
71115	1	0.934224
71119	1	0.93423
71127	1	0.934236
71132	1	0.934242
71139	1	0.934248
71143	1	0.934254
71148	1	0.934259
71152	2	0.934271
71157	1	0.934277
71161	1	0.934283
71170	1	0.934288
71181	2	0.9343
71185	2	0.934312
71192	1	0.934317
71194	1	0.934323
71198	1	0.934329
71207	1	0.934335
71211	1	0.934341
71221	1	0.934346
71227	1	0.934352
71229	1	0.934358
71230	1	0.934364
71232	1	0.93437
71237	1	0.934375
71240	1	0.934381
71244	1	0.934387
71256	1	0.934393
71260	1	0.934399
71265	1	0.934404
71271	1	0.93441
71274	1	0.934416
71278	1	0.934422
71281	1	0.934428
71282	1	0.934433
71287	1	0.934439
71290	1	0.934445
71299	1	0.934451
71301	1	0.934457
71303	1	0.934462
71305	1	0.934468
71311	1	0.934474
71317	1	0.93448
71321	1	0.934486
71324	1	0.934491
71342	1	0.934497
71346	1	0.934503
71353	1	0.934509
71356	1	0.934515
71368	1	0.93452
71381	1	0.934526
71386	1	0.934532
71407	1	0.934538
71411	1	0.934544
71414	1	0.934549
71428	1	0.934555
71432	1	0.934561
71439	1	0.934567
71443	1	0.934573
71451	1	0.934578
71452	1	0.934584
71456	1	0.93459
71463	1	0.934596
71464	1	0.934602
71467	1	0.934607
71478	2	0.934619
71481	1	0.934625
71486	1	0.934631
71491	1	0.934636
71495	1	0.934642
71499	1	0.934648
71503	1	0.934654
71507	1	0.93466
71512	1	0.934665
71516	1	0.934671
71533	1	0.934677
71537	1	0.934683
71538	1	0.934689
71542	1	0.934694
71552	1	0.9347
71557	1	0.934706
71569	1	0.934712
71570	1	0.934718
71573	1	0.934723
71582	1	0.934729
71588	1	0.934735
71593	1	0.934741
71596	1	0.934747
71600	1	0.934752
71605	1	0.934758
71612	2	0.93477
71615	1	0.934776
71625	1	0.934781
71637	1	0.934787
71638	1	0.934793
71643	1	0.934799
71650	1	0.934805
71651	1	0.93481
71652	2	0.934822
71656	1	0.934828
71669	1	0.934834
71674	1	0.934839
71675	2	0.934851
71676	1	0.934857
71681	1	0.934863
71693	1	0.934869
71699	1	0.934874
71704	1	0.93488
71710	1	0.934886
71728	1	0.934892
71733	1	0.934898
71739	1	0.934903
71746	1	0.934909
71752	1	0.934915
71757	1	0.934921
71763	1	0.934927
71766	1	0.934932
71778	1	0.934938
71780	1	0.934944
71793	1	0.93495
71796	1	0.934956
71802	1	0.934961
71819	1	0.934967
71823	1	0.934973
71826	1	0.934979
71836	1	0.934985
71841	1	0.93499
71846	1	0.934996
71858	1	0.935002
71862	1	0.935008
71866	1	0.935014
71868	1	0.935019
71872	1	0.935025
71876	1	0.935031
71885	1	0.935037
71893	1	0.935043
71897	1	0.935048
71906	1	0.935054
71910	1	0.93506
71921	1	0.935066
71923	1	0.935072
71924	1	0.935077
71930	1	0.935083
71945	1	0.935089
71949	1	0.935095
71957	1	0.935101
71962	1	0.935106
71967	1	0.935112
71969	1	0.935118
71982	1	0.935124
71995	1	0.93513
71999	1	0.935135
72006	1	0.935141
72007	1	0.935147
72010	1	0.935153
72014	1	0.935159
72018	2	0.93517
72022	1	0.935176
72042	1	0.935182
72045	1	0.935188
72048	1	0.935193
72055	1	0.935199
72058	1	0.935205
72074	1	0.935211
72077	1	0.935217
72090	1	0.935222
72098	1	0.935228
72102	1	0.935234
72107	1	0.93524
72111	1	0.935246
72112	1	0.935251
72127	1	0.935257
72131	1	0.935263
72135	1	0.935269
72145	1	0.935275
72149	1	0.93528
72158	1	0.935286
72162	1	0.935292
72166	1	0.935298
72170	1	0.935304
72175	1	0.935309
72179	1	0.935315
72184	1	0.935321
72189	1	0.935327
72193	1	0.935333
72199	1	0.935338
72202	2	0.93535
72207	1	0.935356
72212	1	0.935362
72219	1	0.935367
72224	1	0.935373
72232	1	0.935379
72239	1	0.935385
72244	1	0.935391
72252	1	0.935396
72254	2	0.935408
72259	1	0.935414
72262	1	0.93542
72266	1	0.935425
72273	1	0.935431
72279	1	0.935437
72291	1	0.935443
72303	1	0.935449
72307	1	0.935454
72312	1	0.93546
72316	1	0.935466
72322	1	0.935472
72340	1	0.935478
72351	1	0.935483
72355	1	0.935489
72359	1	0.935495
72367	1	0.935501
72372	1	0.935507
72377	1	0.935513
72380	1	0.935518
72392	1	0.935524
72398	1	0.93553
72405	1	0.935536
72409	1	0.935542
72413	1	0.935547
72418	1	0.935553
72422	1	0.935559
72426	1	0.935565
72431	1	0.935571
72435	1	0.935576
72446	1	0.935582
72451	1	0.935588
72455	1	0.935594
72471	1	0.9356
72483	1	0.935605
72489	1	0.935611
72493	1	0.935617
72497	1	0.935623
72505	1	0.935629
72506	2	0.93564
72517	1	0.935646
72524	1	0.935652
72530	1	0.935658
72534	1	0.935663
72536	1	0.935669
72542	1	0.935675
72555	1	0.935681
72572	1	0.935687
72575	1	0.935692
72586	1	0.935698
72589	1	0.935704
72593	1	0.93571
72613	1	0.935716
72619	1	0.935721
72622	1	0.935727
72627	1	0.935733
72639	1	0.935739
72648	1	0.935745
72657	2	0.935756
72666	1	0.935762
72668	1	0.935768
72669	1	0.935774
72671	1	0.935779
72681	1	0.935785
72689	1	0.935791
72700	1	0.935797
72713	1	0.935803
72728	1	0.935808
72738	2	0.93582
72748	1	0.935826
72754	1	0.935832
72757	1	0.935837
72759	1	0.935843
72766	1	0.935849
72767	1	0.935855
72772	1	0.935861
72778	2	0.935872
72783	1	0.935878
72787	3	0.935895
72793	2	0.935907
72794	5	0.935936
72797	1	0.935942
72805	1	0.935948
72809	2	0.935959
72811	1	0.935965
72813	1	0.935971
72817	3	0.935988
72818	1	0.935994
72829	2	0.936006
72833	1	0.936011
72838	1	0.936017
72840	1	0.936023
72841	1	0.936029
72845	1	0.936035
72855	2	0.936046
72859	1	0.936052
72860	1	0.936058
72861	1	0.936064
72868	1	0.936069
72873	1	0.936075
72880	2	0.936087
72893	1	0.936093
72896	1	0.936098
72898	1	0.936104
72901	1	0.93611
72904	1	0.936116
72906	1	0.936122
72915	1	0.936128
72923	1	0.936133
72924	1	0.936139
72928	1	0.936145
72931	1	0.936151
72948	1	0.936157
72965	1	0.936162
72996	1	0.936168
73007	1	0.936174
73059	1	0.93618
73071	1	0.936186
73077	1	0.936191
73078	1	0.936197
73081	1	0.936203
73084	1	0.936209
73085	1	0.936215
73089	1	0.93622
73090	1	0.936226
73095	1	0.936232
73098	1	0.936238
73100	1	0.936244
73104	1	0.936249
73137	1	0.936255
73147	1	0.936261
73152	1	0.936267
73167	1	0.936273
73171	1	0.936278
73185	1	0.936284
73216	1	0.93629
73235	1	0.936296
73276	1	0.936302
73279	1	0.936307
73280	1	0.936313
73281	1	0.936319
73312	1	0.936325
73333	1	0.936331
73335	1	0.936336
73419	1	0.936342
73422	1	0.936348
73423	1	0.936354
73432	1	0.93636
73434	1	0.936365
73445	1	0.936371
73449	1	0.936377
73454	3	0.936394
73455	1	0.9364
73460	3	0.936418
73467	1	0.936423
73480	2	0.936435
73481	1	0.936441
73484	1	0.936447
73508	1	0.936452
73520	1	0.936458
73526	1	0.936464
73552	1	0.93647
73564	2	0.936481
73571	2	0.936493
73590	1	0.936499
73599	1	0.936505
73608	1	0.93651
73613	2	0.936522
73629	1	0.936528
73633	1	0.936534
73635	1	0.936539
73636	2	0.936551
73640	1	0.936557
73645	1	0.936563
73658	1	0.936568
73664	4	0.936592
73679	1	0.936597
73697	1	0.936603
73698	1	0.936609
73716	2	0.936621
73720	1	0.936626
73721	1	0.936632
73737	1	0.936638
73739	1	0.936644
73750	1	0.93665
73767	1	0.936655
73783	1	0.936661
73824	1	0.936667
73825	2	0.936679
73841	1	0.936684
73857	2	0.936696
73862	2	0.936708
73867	1	0.936713
73871	1	0.936719
73872	2	0.936731
73888	1	0.936737
73892	1	0.936742
73894	1	0.936748
73903	1	0.936754
73926	1	0.93676
73944	1	0.936766
73966	1	0.936772
73969	2	0.936783
73981	1	0.936789
73998	1	0.936795
73999	1	0.936801
74014	1	0.936806
74027	1	0.936812
74046	1	0.936818
74053	1	0.936824
74072	1	0.93683
74077	5	0.936859
74081	3	0.936876
74130	1	0.936882
74138	2	0.936893
74146	1	0.936899
74170	1	0.936905
74182	1	0.936911
74183	1	0.936917
74197	1	0.936922
74205	1	0.936928
74224	2	0.93694
74240	1	0.936946
74263	1	0.936951
74264	1	0.936957
74279	1	0.936963
74295	1	0.936969
74311	1	0.936975
74313	1	0.93698
74326	1	0.936986
74328	1	0.936992
74340	1	0.936998
74383	1	0.937004
74384	1	0.937009
74395	1	0.937015
74411	1	0.937021
74447	1	0.937027
74454	1	0.937033
74503	1	0.937038
74511	1	0.937044
74519	1	0.93705
74521	1	0.937056
74528	1	0.937062
74541	1	0.937067
74559	1	0.937073
74560	1	0.937079
74562	1	0.937085
74574	1	0.937091
74589	1	0.937096
74590	5	0.937125
74598	2	0.937137
74599	7	0.937178
74608	1	0.937183
74609	1	0.937189
74619	3	0.937207
74620	1	0.937212
74623	1	0.937218
74626	2	0.93723
74627	1	0.937236
74628	4	0.937259
74633	1	0.937265
74634	2	0.937276
74637	1	0.937282
74638	1	0.937288
74656	1	0.937294
74719	1	0.937299
74721	1	0.937305
74746	1	0.937311
74756	1	0.937317
74770	1	0.937323
74776	1	0.937328
74782	1	0.937334
74788	1	0.93734
74792	1	0.937346
74808	1	0.937352
74809	2	0.937363
74813	4	0.937387
74814	2	0.937398
74815	4	0.937421
74816	1	0.937427
74820	3	0.937445
74823	1	0.93745
74861	1	0.937456
74862	2	0.937468
74875	1	0.937474
74904	1	0.937479
74905	1	0.937485
74906	1	0.937491
74927	1	0.937497
74929	1	0.937503
74937	1	0.937508
74956	1	0.937514
74966	1	0.93752
74970	1	0.937526
75003	1	0.937532
75004	1	0.937537
75009	1	0.937543
75032	1	0.937549
75061	2	0.937561
75064	1	0.937566
75068	2	0.937578
75079	1	0.937584
75087	1	0.93759
75095	2	0.937601
75096	1	0.937607
75097	1	0.937613
75127	1	0.937619
75168	1	0.937624
75176	1	0.93763
75193	1	0.937636
75217	1	0.937642
75220	1	0.937648
75227	1	0.937653
75229	1	0.937659
75234	1	0.937665
75241	1	0.937671
75250	1	0.937677
75275	1	0.937682
75287	1	0.937688
75293	1	0.937694
75296	1	0.9377
75316	1	0.937706
75320	1	0.937711
75321	1	0.937717
75329	1	0.937723
75334	1	0.937729
75361	1	0.937735
75385	2	0.937746
75387	1	0.937752
75388	3	0.937769
75395	1	0.937775
75398	2	0.937787
75402	2	0.937798
75422	1	0.937804
75434	1	0.93781
75454	1	0.937816
75467	1	0.937822
75473	1	0.937827
75483	1	0.937833
75494	1	0.937839
75514	1	0.937845
75527	2	0.937856
75528	1	0.937862
75529	1	0.937868
75531	1	0.937874
75550	1	0.93788
75552	1	0.937885
75554	3	0.937903
75560	1	0.937909
75640	1	0.937914
75652	1	0.93792
75661	1	0.937926
75670	1	0.937932
75679	1	0.937938
75680	1	0.937943
75795	1	0.937949
75796	1	0.937955
75799	2	0.937967
75810	2	0.937978
75815	1	0.937984
75819	1	0.93799
75856	1	0.937996
75857	1	0.938001
75878	1	0.938007
75882	1	0.938013
75895	1	0.938019
75904	1	0.938025
75909	1	0.938031
75910	1	0.938036
75933	1	0.938042
75934	1	0.938048
75940	1	0.938054
75947	1	0.93806
75956	1	0.938065
75964	1	0.938071
75966	2	0.938083
75971	2	0.938094
75988	1	0.9381
75992	1	0.938106
76000	1	0.938112
76017	1	0.938118
76029	1	0.938123
76045	1	0.938129
76048	1	0.938135
76054	1	0.938141
76060	1	0.938147
76099	2	0.938158
76103	1	0.938164
76116	1	0.93817
76117	1	0.938176
76124	1	0.938181
76138	2	0.938193
76139	4	0.938216
76145	4	0.938239
76146	2	0.938251
76155	2	0.938263
76159	6	0.938297
76160	3	0.938315
76162	3	0.938332
76164	1	0.938338
76170	1	0.938344
76182	1	0.93835
76213	1	0.938355
76215	1	0.938361
76244	1	0.938367
76249	1	0.938373
76256	1	0.938379
76266	2	0.93839
76297	1	0.938396
76298	1	0.938402
76299	3	0.938419
76300	1	0.938425
76303	3	0.938442
76304	1	0.938448
76312	1	0.938454
76322	1	0.93846
76346	1	0.938466
76347	1	0.938471
76357	2	0.938483
76370	1	0.938489
76394	2	0.9385
76399	1	0.938506
76429	1	0.938512
76441	1	0.938518
76447	1	0.938524
76488	1	0.938529
76495	1	0.938535
76497	3	0.938553
76498	3	0.93857
76499	2	0.938582
76500	1	0.938587
76501	4	0.938611
76503	1	0.938616
76506	3	0.938634
76509	1	0.93864
76560	1	0.938646
76561	1	0.938651
76566	1	0.938657
76584	1	0.938663
76587	1	0.938669
76588	1	0.938675
76590	2	0.938686
76602	1	0.938692
76612	1	0.938698
76615	7	0.938738
76621	1	0.938744
76622	2	0.938756
76623	6	0.938791
76636	1	0.938796
76647	1	0.938802
76671	1	0.938808
76731	1	0.938814
76758	1	0.93882
76766	1	0.938825
76767	2	0.938837
76774	1	0.938843
76775	1	0.938849
76806	1	0.938854
76813	11	0.938918
76819	8	0.938965
76835	2	0.938976
76838	2	0.938988
76841	1	0.938994
76845	1	0.938999
76846	1	0.939005
76849	1	0.939011
76850	2	0.939023
76851	1	0.939028
76852	1	0.939034
76889	1	0.93904
76910	1	0.939046
76919	1	0.939052
76934	1	0.939057
76947	1	0.939063
76948	1	0.939069
76992	1	0.939075
76993	4	0.939098
76999	1	0.939104
77000	6	0.939139
77004	2	0.93915
77011	3	0.939168
77042	1	0.939173
77069	1	0.939179
77092	1	0.939185
77105	1	0.939191
77109	1	0.939197
77119	1	0.939202
77122	2	0.939214
77127	1	0.93922
77129	1	0.939226
77132	1	0.939231
77133	3	0.939249
77140	3	0.939266
77146	1	0.939272
77156	1	0.939278
77172	1	0.939284
77200	2	0.939295
77203	3	0.939313
77205	1	0.939319
77214	1	0.939324
77215	1	0.93933
77239	1	0.939336
77256	1	0.939342
77289	1	0.939348
77313	1	0.939353
77341	1	0.939359
77354	2	0.939371
77362	1	0.939377
77385	1	0.939382
77388	1	0.939388
77389	2	0.9394
77393	3	0.939417
77395	1	0.939423
77448	3	0.93944
77449	1	0.939446
77453	1	0.939452
77458	1	0.939458
77461	2	0.939469
77467	2	0.939481
77471	1	0.939487
77478	1	0.939493
77479	1	0.939498
77484	1	0.939504
77486	1	0.93951
77504	1	0.939516
77512	1	0.939522
77537	1	0.939527
77538	1	0.939533
77547	1	0.939539
77548	1	0.939545
77560	1	0.939551
77570	2	0.939562
77593	1	0.939568
77596	1	0.939574
77611	2	0.939585
77619	1	0.939591
77639	1	0.939597
77641	1	0.939603
77695	10	0.939661
77703	7	0.939701
77711	1	0.939707
77715	1	0.939713
77716	1	0.939719
77717	3	0.939736
77720	3	0.939754
77726	3	0.939771
77727	3	0.939788
77730	1	0.939794
77733	3	0.939812
77735	1	0.939817
77736	1	0.939823
77748	2	0.939835
77749	1	0.939841
77751	3	0.939858
77757	2	0.93987
77803	1	0.939875
77806	1	0.939881
77849	3	0.939899
77854	4	0.939922
77855	1	0.939928
77878	1	0.939934
77908	1	0.939939
77923	1	0.939945
77945	1	0.939951
77997	1	0.939957
78001	1	0.939963
78055	1	0.939968
78064	1	0.939974
78102	2	0.939986
78114	1	0.939992
78121	1	0.939997
78128	6	0.940032
78137	3	0.94005
78138	2	0.940061
78158	1	0.940067
78187	1	0.940073
78194	1	0.940079
78200	1	0.940084
78211	1	0.94009
78218	1	0.940096
78233	1	0.940102
78236	1	0.940108
78246	1	0.940113
78251	1	0.940119
78254	1	0.940125
78267	1	0.940131
78277	1	0.940137
78302	3	0.940154
78305	2	0.940166
78307	1	0.940171
78319	1	0.940177
78320	1	0.940183
78363	1	0.940189
78366	1	0.940195
78394	1	0.9402
78408	1	0.940206
78430	2	0.940218
78436	1	0.940224
78455	6	0.940258
78459	1	0.940264
78460	1	0.94027
78470	1	0.940276
78474	1	0.940282
78477	1	0.940287
78484	1	0.940293
78491	1	0.940299
78500	1	0.940305
78539	1	0.940311
78556	1	0.940316
78561	1	0.940322
78579	1	0.940328
78580	1	0.940334
78589	1	0.94034
78592	1	0.940345
78615	1	0.940351
78631	1	0.940357
78647	2	0.940369
78651	1	0.940374
78654	1	0.94038
78663	1	0.940386
78677	1	0.940392
78701	2	0.940403
78705	1	0.940409
78713	1	0.940415
78714	1	0.940421
78715	1	0.940427
78719	1	0.940432
78733	1	0.940438
78744	1	0.940444
78754	1	0.94045
78756	1	0.940456
78764	2	0.940467
78765	1	0.940473
78777	1	0.940479
78778	1	0.940485
78787	1	0.94049
78812	1	0.940496
78821	1	0.940502
78838	1	0.940508
78863	1	0.940514
78871	1	0.940519
78888	1	0.940525
78891	1	0.940531
78895	1	0.940537
78897	1	0.940543
78905	3	0.94056
78908	2	0.940572
78971	1	0.940578
78982	1	0.940583
78985	1	0.940589
78988	1	0.940595
78998	2	0.940607
79013	1	0.940612
79014	1	0.940618
79033	1	0.940624
79034	1	0.94063
79046	1	0.940636
79068	1	0.940641
79090	1	0.940647
79093	2	0.940659
79116	1	0.940665
79156	1	0.94067
79169	1	0.940676
79178	1	0.940682
79200	2	0.940694
79238	1	0.940699
79248	1	0.940705
79251	3	0.940723
79271	1	0.940728
79278	1	0.940734
79288	1	0.94074
79312	2	0.940752
79317	1	0.940757
79319	1	0.940763
79333	1	0.940769
79337	1	0.940775
79355	1	0.940781
79370	1	0.940786
79375	1	0.940792
79389	1	0.940798
79403	1	0.940804
79411	1	0.94081
79426	1	0.940815
79429	3	0.940833
79430	1	0.940839
79433	1	0.940844
79436	1	0.94085
79460	1	0.940856
79464	1	0.940862
79466	1	0.940868
79476	1	0.940873
79504	1	0.940879
79529	1	0.940885
79532	1	0.940891
79557	1	0.940897
79570	1	0.940902
79572	1	0.940908
79577	1	0.940914
79598	1	0.94092
79613	1	0.940926
79628	1	0.940931
79632	2	0.940943
79646	1	0.940949
79653	1	0.940955
79722	1	0.94096
79725	1	0.940966
79726	1	0.940972
79728	1	0.940978
79751	1	0.940984
79787	1	0.940989
79801	1	0.940995
79807	1	0.941001
79808	1	0.941007
79827	1	0.941013
79838	1	0.941018
79854	1	0.941024
79895	1	0.94103
79897	1	0.941036
79898	2	0.941047
79906	1	0.941053
79918	1	0.941059
79926	1	0.941065
79932	1	0.941071
79946	1	0.941076
79966	1	0.941082
79969	1	0.941088
79972	1	0.941094
80007	1	0.9411
80010	1	0.941105
80017	1	0.941111
80036	1	0.941117
80058	1	0.941123
80066	1	0.941129
80070	1	0.941134
80073	3	0.941152
80074	2	0.941164
80087	3	0.941181
80091	1	0.941187
80105	2	0.941198
80109	1	0.941204
80203	1	0.94121
80207	1	0.941216
80217	1	0.941222
80226	1	0.941227
80232	1	0.941233
80234	1	0.941239
80248	1	0.941245
80260	1	0.941251
80271	1	0.941256
80273	1	0.941262
80283	1	0.941268
80293	1	0.941274
80312	1	0.94128
80325	1	0.941285
80336	1	0.941291
80356	1	0.941297
80362	1	0.941303
80388	3	0.94132
80394	2	0.941332
80400	1	0.941338
80436	1	0.941343
80439	1	0.941349
80443	1	0.941355
80444	1	0.941361
80445	1	0.941367
80450	2	0.941378
80466	1	0.941384
80467	1	0.94139
80470	2	0.941401
80472	1	0.941407
80493	1	0.941413
80498	1	0.941419
80507	1	0.941425
80508	1	0.94143
80512	1	0.941436
80519	1	0.941442
80522	1	0.941448
80525	1	0.941454
80540	1	0.941459
80568	1	0.941465
80573	1	0.941471
80590	1	0.941477
80613	1	0.941483
80633	1	0.941488
80638	2	0.9415
80649	1	0.941506
80650	2	0.941517
80655	1	0.941523
80659	1	0.941529
80660	2	0.941541
80677	1	0.941546
80679	1	0.941552
80692	1	0.941558
80703	1	0.941564
80705	1	0.94157
80711	1	0.941575
80719	1	0.941581
80736	1	0.941587
80749	1	0.941593
80763	2	0.941604
80785	1	0.94161
80789	1	0.941616
80793	1	0.941622
80797	4	0.941645
80798	1	0.941651
80803	5	0.94168
80817	1	0.941686
80819	1	0.941691
80827	1	0.941697
80831	1	0.941703
80857	1	0.941709
80885	1	0.941715
80887	1	0.94172
80891	1	0.941726
80899	1	0.941732
80911	1	0.941738
80913	1	0.941744
80944	1	0.941749
80950	1	0.941755
80954	1	0.941761
80961	1	0.941767
80976	1	0.941773
80986	1	0.941778
80997	1	0.941784
81003	1	0.94179
81005	1	0.941796
81010	16	0.941889
81018	6	0.941924
81034	1	0.941929
81041	1	0.941935
81048	1	0.941941
81049	1	0.941947
81062	2	0.941958
81068	1	0.941964
81073	1	0.94197
81074	1	0.941976
81075	2	0.941987
81076	2	0.941999
81077	1	0.942005
81093	1	0.942011
81106	1	0.942016
81109	1	0.942022
81114	1	0.942028
81125	1	0.942034
81149	1	0.94204
81170	1	0.942045
81186	1	0.942051
81204	1	0.942057
81215	1	0.942063
81216	1	0.942069
81225	1	0.942074
81245	1	0.94208
81248	1	0.942086
81256	1	0.942092
81271	1	0.942098
81303	1	0.942103
81319	1	0.942109
81330	1	0.942115
81344	1	0.942121
81357	1	0.942127
81363	1	0.942132
81365	1	0.942138
81387	1	0.942144
81391	1	0.94215
81412	1	0.942156
81428	1	0.942161
81456	1	0.942167
81482	1	0.942173
81497	4	0.942196
81502	2	0.942208
81514	1	0.942214
81515	1	0.942219
81526	1	0.942225
81527	1	0.942231
81560	1	0.942237
81587	2	0.942248
81592	2	0.94226
81597	2	0.942272
81601	1	0.942277
81617	1	0.942283
81627	1	0.942289
81647	1	0.942295
81663	1	0.942301
81667	1	0.942306
81669	1	0.942312
81686	1	0.942318
81694	1	0.942324
81695	1	0.94233
81702	1	0.942335
81715	1	0.942341
81723	1	0.942347
81731	1	0.942353
81741	1	0.942359
81742	1	0.942364
81747	1	0.94237
81783	1	0.942376
81797	1	0.942382
81800	1	0.942388
81801	3	0.942405
81820	1	0.942411
81828	1	0.942417
81854	1	0.942423
81861	2	0.942434
81882	1	0.94244
81884	1	0.942446
81886	1	0.942452
81898	1	0.942457
81932	1	0.942463
81943	1	0.942469
81957	1	0.942475
81959	1	0.942481
81982	1	0.942486
82005	1	0.942492
82007	1	0.942498
82029	1	0.942504
82030	1	0.94251
82037	1	0.942515
82042	1	0.942521
82043	1	0.942527
82057	1	0.942533
82096	1	0.942539
82099	1	0.942544
82118	1	0.94255
82120	1	0.942556
82123	1	0.942562
82126	1	0.942568
82145	1	0.942573
82150	1	0.942579
82162	1	0.942585
82183	1	0.942591
82202	1	0.942597
82224	1	0.942602
82225	3	0.94262
82246	1	0.942626
82252	1	0.942631
82263	2	0.942643
82265	1	0.942649
82275	1	0.942655
82299	1	0.94266
82300	1	0.942666
82305	1	0.942672
82307	1	0.942678
82309	3	0.942695
82328	1	0.942701
82329	1	0.942707
82343	1	0.942713
82346	1	0.942718
82357	1	0.942724
82361	1	0.94273
82373	1	0.942736
82377	1	0.942742
82381	1	0.942747
82384	2	0.942759
82388	1	0.942765
82390	1	0.942771
82391	1	0.942776
82399	1	0.942782
82401	1	0.942788
82405	3	0.942805
82408	4	0.942829
82412	1	0.942834
82431	1	0.94284
82432	1	0.942846
82437	1	0.942852
82440	1	0.942858
82442	1	0.942863
82478	1	0.942869
82481	1	0.942875
82499	1	0.942881
82507	1	0.942887
82513	1	0.942892
82538	1	0.942898
82556	1	0.942904
82562	1	0.94291
82572	1	0.942916
82581	1	0.942921
82588	1	0.942927
82593	2	0.942939
82594	2	0.94295
82597	1	0.942956
82599	1	0.942962
82600	1	0.942968
82601	1	0.942974
82625	1	0.942979
82626	1	0.942985
82640	2	0.942997
82649	1	0.943003
82653	1	0.943008
82669	1	0.943014
82676	1	0.94302
82685	1	0.943026
82701	1	0.943032
82707	1	0.943037
82714	1	0.943043
82715	1	0.943049
82735	1	0.943055
82750	1	0.943061
82756	1	0.943067
82775	1	0.943072
82776	1	0.943078
82779	1	0.943084
82816	2	0.943096
82820	1	0.943101
82823	1	0.943107
82824	1	0.943113
82829	1	0.943119
82830	1	0.943125
82839	1	0.94313
82849	1	0.943136
82868	1	0.943142
82886	1	0.943148
82887	2	0.943159
82897	1	0.943165
82900	1	0.943171
82906	1	0.943177
82963	1	0.943183
82965	1	0.943188
82970	1	0.943194
82989	1	0.9432
83004	1	0.943206
83005	1	0.943212
83017	1	0.943217
83021	2	0.943229
83075	1	0.943235
83091	1	0.943241
83113	1	0.943246
83114	1	0.943252
83117	3	0.94327
83119	1	0.943275
83132	1	0.943281
83145	1	0.943287
83156	1	0.943293
83163	1	0.943299
83164	1	0.943304
83175	1	0.94331
83203	1	0.943316
83206	1	0.943322
83210	1	0.943328
83217	1	0.943333
83218	1	0.943339
83242	1	0.943345
83259	1	0.943351
83271	1	0.943357
83274	3	0.943374
83275	1	0.94338
83286	1	0.943386
83289	1	0.943391
83314	2	0.943403
83374	1	0.943409
83379	2	0.94342
83381	1	0.943426
83382	1	0.943432
83384	3	0.943449
83387	1	0.943455
83391	1	0.943461
83392	1	0.943467
83393	1	0.943473
83402	1	0.943478
83414	2	0.94349
83416	1	0.943496
83434	1	0.943502
83441	2	0.943513
83447	5	0.943542
83451	1	0.943548
83463	1	0.943554
83466	1	0.94356
83476	1	0.943565
83485	1	0.943571
83499	2	0.943583
83502	1	0.943589
83510	1	0.943594
83517	1	0.9436
83520	1	0.943606
83546	1	0.943612
83551	1	0.943618
83558	1	0.943623
83565	3	0.943641
83567	1	0.943647
83578	1	0.943652
83593	1	0.943658
83597	1	0.943664
83624	1	0.94367
83637	1	0.943676
83654	1	0.943682
83668	1	0.943687
83672	3	0.943705
83684	1	0.943711
83688	1	0.943716
83690	1	0.943722
83710	1	0.943728
83716	1	0.943734
83717	1	0.94374
83718	1	0.943745
83737	1	0.943751
83738	1	0.943757
83752	5	0.943786
83757	1	0.943792
83784	1	0.943798
83812	1	0.943803
83829	1	0.943809
83831	1	0.943815
83833	1	0.943821
83845	1	0.943827
83850	3	0.943844
83853	1	0.94385
83878	1	0.943856
83879	1	0.943861
83887	1	0.943867
83901	1	0.943873
83905	1	0.943879
83910	1	0.943885
83911	1	0.94389
83918	1	0.943896
83920	1	0.943902
83942	2	0.943914
83948	1	0.943919
83951	1	0.943925
83966	1	0.943931
83974	1	0.943937
83977	1	0.943943
83985	1	0.943948
83991	1	0.943954
83996	1	0.94396
84003	1	0.943966
84009	1	0.943972
84011	1	0.943977
84018	1	0.943983
84022	1	0.943989
84031	1	0.943995
84033	1	0.944001
84036	1	0.944006
84048	1	0.944012
84052	1	0.944018
84059	1	0.944024
84081	1	0.94403
84083	1	0.944035
84098	1	0.944041
84108	2	0.944053
84114	1	0.944059
84128	1	0.944064
84133	3	0.944082
84136	1	0.944088
84142	1	0.944093
84143	1	0.944099
84146	1	0.944105
84155	1	0.944111
84178	1	0.944117
84209	1	0.944122
84228	1	0.944128
84252	1	0.944134
84267	1	0.94414
84273	1	0.944146
84275	1	0.944151
84276	2	0.944163
84300	2	0.944175
84301	1	0.94418
84302	1	0.944186
84304	2	0.944198
84308	1	0.944204
84326	1	0.944209
84342	1	0.944215
84343	1	0.944221
84348	2	0.944233
84350	1	0.944238
84351	1	0.944244
84359	1	0.94425
84379	1	0.944256
84385	1	0.944262
84389	5	0.944291
84395	2	0.944302
84396	2	0.944314
84405	1	0.94432
84412	1	0.944326
84432	1	0.944331
84456	1	0.944337
84457	1	0.944343
84461	1	0.944349
84482	1	0.944355
84486	1	0.94436
84501	4	0.944384
84502	1	0.944389
84503	3	0.944407
84540	1	0.944413
84544	1	0.944418
84547	1	0.944424
84575	1	0.94443
84581	1	0.944436
84587	1	0.944442
84598	1	0.944447
84612	1	0.944453
84634	2	0.944465
84646	1	0.944471
84650	1	0.944476
84651	1	0.944482
84653	1	0.944488
84654	1	0.944494
84663	1	0.9445
84678	1	0.944505
84679	1	0.944511
84686	1	0.944517
84706	1	0.944523
84714	1	0.944529
84762	2	0.94454
84767	5	0.944569
84768	1	0.944575
84771	6	0.94461
84787	1	0.944616
84790	1	0.944621
84805	1	0.944627
84834	1	0.944633
84841	1	0.944639
84851	1	0.944645
84888	1	0.94465
84895	1	0.944656
84904	1	0.944662
84906	1	0.944668
84909	1	0.944674
84913	3	0.944691
84942	1	0.944697
84949	1	0.944703
84960	1	0.944708
85011	1	0.944714
85012	1	0.94472
85015	1	0.944726
85063	1	0.944732
85068	1	0.944737
85072	1	0.944743
85099	1	0.944749
85114	1	0.944755
85134	1	0.944761
85164	1	0.944766
85166	2	0.944778
85171	1	0.944784
85184	2	0.944795
85194	1	0.944801
85199	1	0.944807
85202	1	0.944813
85243	1	0.944819
85244	1	0.944824
85245	1	0.94483
85246	1	0.944836
85249	1	0.944842
85250	5	0.944871
85253	1	0.944877
85258	3	0.944894
85262	1	0.9449
85263	3	0.944917
85280	1	0.944923
85295	1	0.944929
85300	1	0.944935
85303	1	0.944941
85306	1	0.944946
85310	1	0.944952
85318	1	0.944958
85357	1	0.944964
85393	1	0.94497
85394	1	0.944975
85395	1	0.944981
85406	1	0.944987
85426	1	0.944993
85427	1	0.944999
85429	1	0.945004
85447	3	0.945022
85450	5	0.945051
85454	1	0.945057
85463	1	0.945062
85491	1	0.945068
85501	1	0.945074
85526	1	0.94508
85533	1	0.945086
85544	1	0.945091
85551	1	0.945097
85562	1	0.945103
85600	1	0.945109
85610	1	0.945115
85636	1	0.94512
85652	1	0.945126
85675	1	0.945132
85706	1	0.945138
85714	1	0.945144
85719	2	0.945155
85720	1	0.945161
85724	6	0.945196
85749	1	0.945202
85756	1	0.945207
85774	1	0.945213
85788	2	0.945225
85800	1	0.945231
85811	1	0.945236
85815	1	0.945242
85818	1	0.945248
85847	1	0.945254
85851	1	0.94526
85864	1	0.945265
85871	1	0.945271
85893	1	0.945277
85896	1	0.945283
85900	1	0.945289
85951	1	0.945294
85974	1	0.9453
85976	1	0.945306
85990	2	0.945318
85993	2	0.945329
85995	3	0.945347
85997	1	0.945352
86004	8	0.945399
86007	1	0.945405
86014	1	0.94541
86046	1	0.945416
86050	1	0.945422
86065	1	0.945428
86075	1	0.945434
86081	1	0.945439
86094	1	0.945445
86116	1	0.945451
86123	1	0.945457
86142	1	0.945463
86143	1	0.945468
86144	1	0.945474
86149	2	0.945486
86150	1	0.945492
86153	1	0.945497
86154	1	0.945503
86155	3	0.945521
86159	2	0.945532
86163	1	0.945538
86166	1	0.945544
86200	1	0.94555
86249	4	0.945573
86253	2	0.945585
86256	3	0.945602
86263	1	0.945608
86274	1	0.945614
86281	1	0.945619
86305	1	0.945625
86316	1	0.945631
86327	1	0.945637
86335	1	0.945643
86344	1	0.945648
86359	1	0.945654
86365	1	0.94566
86378	1	0.945666
86392	1	0.945672
86397	1	0.945677
86417	1	0.945683
86425	1	0.945689
86431	1	0.945695
86449	1	0.945701
86452	1	0.945706
86474	1	0.945712
86480	1	0.945718
86497	1	0.945724
86508	1	0.94573
86517	1	0.945735
86523	1	0.945741
86573	1	0.945747
86587	1	0.945753
86588	1	0.945759
86622	1	0.945764
86635	1	0.94577
86637	1	0.945776
86661	1	0.945782
86677	1	0.945788
86678	1	0.945793
86701	1	0.945799
86710	1	0.945805
86727	1	0.945811
86738	1	0.945817
86739	2	0.945828
86743	3	0.945846
86762	1	0.945851
86791	1	0.945857
86808	1	0.945863
86810	1	0.945869
86820	1	0.945875
86822	1	0.94588
86837	1	0.945886
86839	2	0.945898
86868	1	0.945904
86888	1	0.945909
86897	7	0.94595
86910	6	0.945985
86911	1	0.945991
86913	1	0.945996
86933	1	0.946002
86948	1	0.946008
86955	1	0.946014
87005	1	0.94602
87015	1	0.946025
87045	1	0.946031
87047	1	0.946037
87051	1	0.946043
87097	1	0.946049
87100	1	0.946054
87111	1	0.94606
87117	1	0.946066
87125	2	0.946078
87127	1	0.946083
87129	2	0.946095
87131	1	0.946101
87169	1	0.946107
87193	1	0.946112
87218	1	0.946118
87228	1	0.946124
87236	1	0.94613
87246	1	0.946136
87268	1	0.946141
87281	1	0.946147
87311	1	0.946153
87346	1	0.946159
87366	1	0.946165
87372	1	0.94617
87390	1	0.946176
87397	1	0.946182
87400	1	0.946188
87401	2	0.9462
87404	1	0.946205
87424	1	0.946211
87432	1	0.946217
87481	1	0.946223
87489	2	0.946234
87534	1	0.94624
87550	2	0.946252
87636	1	0.946258
87649	1	0.946263
87663	1	0.946269
87666	1	0.946275
87687	2	0.946287
87688	1	0.946292
87702	1	0.946298
87704	1	0.946304
87714	1	0.94631
87725	1	0.946316
87728	1	0.946321
87731	1	0.946327
87735	1	0.946333
87817	1	0.946339
87823	1	0.946345
87833	1	0.94635
87842	1	0.946356
87869	1	0.946362
87871	1	0.946368
87876	1	0.946374
87879	1	0.946379
87902	3	0.946397
87906	2	0.946408
87907	2	0.94642
87933	1	0.946426
87942	1	0.946432
87946	1	0.946437
87965	1	0.946443
87973	1	0.946449
87994	2	0.946461
88015	1	0.946466
88021	1	0.946472
88056	1	0.946478
88072	1	0.946484
88145	1	0.94649
88157	1	0.946495
88170	1	0.946501
88188	1	0.946507
88189	1	0.946513
88214	1	0.946519
88217	2	0.94653
88231	1	0.946536
88241	1	0.946542
88248	2	0.946553
88259	4	0.946577
88263	1	0.946582
88264	2	0.946594
88285	4	0.946617
88293	2	0.946629
88294	2	0.94664
88305	1	0.946646
88347	3	0.946664
88348	5	0.946693
88359	6	0.946727
88371	1	0.946733
88381	1	0.946739
88383	1	0.946745
88401	3	0.946762
88405	1	0.946768
88410	1	0.946774
88416	1	0.94678
88426	1	0.946785
88427	1	0.946791
88429	1	0.946797
88449	1	0.946803
88453	1	0.946809
88456	1	0.946814
88488	1	0.94682
88495	1	0.946826
88507	1	0.946832
88510	1	0.946838
88515	1	0.946844
88527	1	0.946849
88553	1	0.946855
88572	1	0.946861
88578	1	0.946867
88587	1	0.946873
88607	1	0.946878
88616	1	0.946884
88619	1	0.94689
88680	1	0.946896
88693	1	0.946902
88715	1	0.946907
88739	1	0.946913
88744	1	0.946919
88757	1	0.946925
88762	1	0.946931
88767	1	0.946936
88769	1	0.946942
88771	1	0.946948
88774	1	0.946954
88776	1	0.94696
88783	1	0.946965
88811	1	0.946971
88827	1	0.946977
88845	1	0.946983
88857	1	0.946989
88877	1	0.946994
88911	1	0.947
88916	1	0.947006
88918	1	0.947012
88967	1	0.947018
88969	1	0.947023
88982	1	0.947029
88986	2	0.947041
89008	1	0.947047
89034	1	0.947052
89036	1	0.947058
89038	3	0.947076
89039	1	0.947081
89052	1	0.947087
89058	1	0.947093
89073	1	0.947099
89078	1	0.947105
89095	2	0.947116
89099	1	0.947122
89142	1	0.947128
89156	3	0.947145
89159	3	0.947163
89175	1	0.947168
89192	1	0.947174
89203	1	0.94718
89209	1	0.947186
89217	2	0.947197
89219	2	0.947209
89249	1	0.947215
89253	1	0.947221
89345	1	0.947226
89349	1	0.947232
89363	1	0.947238
89371	1	0.947244
89374	1	0.94725
89396	1	0.947255
89417	1	0.947261
89442	1	0.947267
89446	1	0.947273
89449	1	0.947279
89453	1	0.947284
89461	1	0.94729
89473	2	0.947302
89488	1	0.947308
89520	1	0.947313
89571	1	0.947319
89585	1	0.947325
89623	1	0.947331
89646	1	0.947337
89685	1	0.947342
89693	2	0.947354
89703	1	0.94736
89717	1	0.947366
89721	1	0.947371
89725	1	0.947377
89726	1	0.947383
89728	1	0.947389
89733	1	0.947395
89734	1	0.9474
89743	1	0.947406
89752	1	0.947412
89773	1	0.947418
89791	1	0.947424
89813	1	0.947429
89819	1	0.947435
89821	1	0.947441
89825	1	0.947447
89828	8	0.947493
89829	1	0.947499
89834	2	0.947511
89838	6	0.947546
89849	1	0.947551
89852	1	0.947557
89853	1	0.947563
89854	1	0.947569
89858	2	0.94758
89862	2	0.947592
89863	2	0.947604
89867	1	0.947609
89872	1	0.947615
89894	1	0.947621
89898	1	0.947627
89916	1	0.947633
89924	2	0.947644
89929	1	0.94765
89961	1	0.947656
89967	1	0.947662
89996	1	0.947667
90000	1	0.947673
90011	1	0.947679
90014	1	0.947685
90020	1	0.947691
90041	1	0.947696
90042	1	0.947702
90043	2	0.947714
90056	1	0.94772
90079	2	0.947731
90080	1	0.947737
90082	2	0.947749
90084	1	0.947754
90085	2	0.947766
90087	1	0.947772
90098	1	0.947778
90109	1	0.947783
90121	1	0.947789
90123	1	0.947795
90128	2	0.947807
90132	1	0.947812
90135	3	0.94783
90156	1	0.947836
90162	2	0.947847
90166	3	0.947865
90172	1	0.94787
90223	1	0.947876
90245	1	0.947882
90250	1	0.947888
90255	1	0.947894
90266	1	0.947899
90268	1	0.947905
90271	1	0.947911
90313	2	0.947923
90324	1	0.947928
90329	1	0.947934
90357	1	0.94794
90386	2	0.947952
90425	1	0.947957
90441	1	0.947963
90442	1	0.947969
90445	1	0.947975
90447	1	0.947981
90454	1	0.947986
90468	1	0.947992
90471	1	0.947998
90483	1	0.948004
90487	1	0.94801
90499	2	0.948021
90502	1	0.948027
90511	1	0.948033
90515	1	0.948039
90517	1	0.948044
90521	1	0.94805
90522	1	0.948056
90536	1	0.948062
90545	1	0.948068
90548	1	0.948073
90577	1	0.948079
90601	1	0.948085
90615	1	0.948091
90623	1	0.948097
90627	1	0.948103
90676	1	0.948108
90681	1	0.948114
90715	1	0.94812
90719	1	0.948126
90728	1	0.948132
90731	2	0.948143
90733	1	0.948149
90735	4	0.948172
90749	1	0.948178
90768	1	0.948184
90787	1	0.94819
90788	1	0.948195
90813	1	0.948201
90816	1	0.948207
90825	1	0.948213
90829	1	0.948219
90843	1	0.948224
90850	1	0.94823
90851	5	0.948259
90857	2	0.948271
90858	2	0.948282
90860	5	0.948311
90861	5	0.94834
90864	3	0.948358
90865	3	0.948375
90873	1	0.948381
90894	1	0.948387
90902	1	0.948393
90933	1	0.948398
90935	1	0.948404
90962	3	0.948422
90966	5	0.948451
90991	1	0.948456
90992	5	0.948485
90993	2	0.948497
90996	1	0.948503
91000	2	0.948514
91001	1	0.94852
91007	2	0.948532
91038	1	0.948538
91066	1	0.948543
91071	1	0.948549
91084	1	0.948555
91096	1	0.948561
91108	1	0.948567
91124	1	0.948572
91135	3	0.94859
91194	1	0.948596
91229	1	0.948601
91231	1	0.948607
91241	1	0.948613
91248	1	0.948619
91257	1	0.948625
91266	1	0.94863
91274	1	0.948636
91281	1	0.948642
91300	1	0.948648
91329	1	0.948654
91330	1	0.948659
91357	1	0.948665
91362	2	0.948677
91365	3	0.948694
91370	2	0.948706
91373	3	0.948723
91378	1	0.948729
91380	1	0.948735
91381	3	0.948752
91389	3	0.94877
91390	1	0.948776
91392	2	0.948787
91400	1	0.948793
91402	1	0.948799
91419	1	0.948805
91422	1	0.94881
91424	1	0.948816
91459	3	0.948834
91463	5	0.948863
91476	1	0.948868
91479	3	0.948886
91498	1	0.948892
91499	1	0.948897
91501	1	0.948903
91511	1	0.948909
91522	1	0.948915
91556	2	0.948926
91595	1	0.948932
91606	1	0.948938
91645	1	0.948944
91649	1	0.94895
91661	1	0.948955
91691	1	0.948961
91698	1	0.948967
91708	1	0.948973
91724	1	0.948979
91736	1	0.948984
91744	1	0.94899
91749	1	0.948996
91752	1	0.949002
91758	2	0.949013
91759	6	0.949048
91760	3	0.949066
91761	1	0.949071
91769	1	0.949077
91771	6	0.949112
91772	4	0.949135
91774	1	0.949141
91787	1	0.949147
91793	1	0.949153
91836	1	0.949158
91844	1	0.949164
91845	1	0.94917
91848	3	0.949187
91852	2	0.949199
91854	1	0.949205
91864	1	0.949211
91881	1	0.949216
91937	1	0.949222
91943	1	0.949228
91945	1	0.949234
91960	4	0.949257
91964	3	0.949274
91965	2	0.949286
91981	1	0.949292
91994	1	0.949298
92004	3	0.949315
92008	5	0.949344
92015	1	0.94935
92025	1	0.949356
92026	1	0.949362
92033	1	0.949367
92034	2	0.949379
92049	1	0.949385
92051	1	0.949391
92116	1	0.949396
92168	2	0.949408
92172	3	0.949425
92184	2	0.949437
92205	1	0.949443
92223	1	0.949449
92232	1	0.949454
92234	1	0.94946
92235	2	0.949472
92236	1	0.949478
92241	3	0.949495
92282	1	0.949501
92283	1	0.949507
92306	2	0.949518
92330	1	0.949524
92353	1	0.94953
92363	1	0.949536
92369	1	0.949541
92382	1	0.949547
92402	1	0.949553
92427	1	0.949559
92438	1	0.949565
92460	1	0.94957
92467	1	0.949576
92499	1	0.949582
92500	1	0.949588
92519	1	0.949594
92549	1	0.949599
92556	4	0.949623
92559	2	0.949634
92562	2	0.949646
92576	1	0.949652
92581	3	0.949669
92583	2	0.949681
92593	1	0.949686
92599	2	0.949698
92604	3	0.949715
92624	1	0.949721
92625	1	0.949727
92639	3	0.949744
92641	3	0.949762
92642	1	0.949768
92645	4	0.949791
92646	1	0.949797
92672	1	0.949802
92681	3	0.94982
92682	1	0.949826
92687	8	0.949872
92695	1	0.949878
92698	1	0.949884
92702	1	0.949889
92704	4	0.949913
92709	1	0.949918
92710	1	0.949924
92714	3	0.949942
92716	1	0.949947
92717	1	0.949953
92721	1	0.949959
92722	1	0.949965
92734	2	0.949977
92737	1	0.949982
92746	1	0.949988
92756	1	0.949994
92763	1	0.95
92771	1	0.950006
92779	1	0.950011
92802	1	0.950017
92813	1	0.950023
92821	1	0.950029
92836	1	0.950035
92852	1	0.95004
92861	1	0.950046
92865	1	0.950052
92878	4	0.950075
92881	3	0.950093
92883	1	0.950098
92885	1	0.950104
92887	1	0.95011
92899	1	0.950116
92951	1	0.950122
92956	1	0.950127
92963	1	0.950133
92966	1	0.950139
92968	1	0.950145
92971	2	0.950156
92974	2	0.950168
93007	1	0.950174
93013	1	0.95018
93026	1	0.950185
93033	1	0.950191
93045	1	0.950197
93049	2	0.950209
93052	1	0.950214
93053	1	0.95022
93054	1	0.950226
93091	1	0.950232
93093	1	0.950238
93100	1	0.950243
93103	1	0.950249
93104	3	0.950267
93108	1	0.950272
93111	4	0.950296
93126	2	0.950307
93129	2	0.950319
93155	1	0.950325
93157	1	0.95033
93169	1	0.950336
93191	1	0.950342
93196	1	0.950348
93215	1	0.950354
93224	2	0.950365
93229	1	0.950371
93230	1	0.950377
93272	1	0.950383
93284	6	0.950417
93288	2	0.950429
93295	1	0.950435
93306	1	0.950441
93310	1	0.950446
93311	1	0.950452
93313	1	0.950458
93320	1	0.950464
93338	1	0.95047
93358	1	0.950475
93415	1	0.950481
93419	1	0.950487
93420	3	0.950504
93423	4	0.950528
93459	1	0.950533
93477	1	0.950539
93479	1	0.950545
93490	1	0.950551
93521	3	0.950568
93525	1	0.950574
93548	1	0.95058
93551	1	0.950586
93576	1	0.950591
93584	2	0.950603
93591	1	0.950609
93592	1	0.950615
93598	1	0.950621
93634	1	0.950626
93639	1	0.950632
93659	1	0.950638
93684	1	0.950644
93708	1	0.95065
93715	1	0.950655
93729	1	0.950661
93752	1	0.950667
93753	1	0.950673
93755	1	0.950679
93756	1	0.950684
93757	1	0.95069
93758	1	0.950696
93762	1	0.950702
93763	8	0.950748
93767	2	0.95076
93769	3	0.950777
93778	1	0.950783
93779	1	0.950789
93785	1	0.950795
93786	1	0.9508
93791	1	0.950806
93802	1	0.950812
93817	1	0.950818
93829	1	0.950824
93834	1	0.950829
93837	1	0.950835
93875	1	0.950841
93910	1	0.950847
93919	1	0.950853
93931	1	0.950858
93937	1	0.950864
93953	1	0.95087
93967	1	0.950876
93973	1	0.950882
93981	1	0.950887
93989	2	0.950899
93991	1	0.950905
93996	1	0.950911
93997	1	0.950916
94001	1	0.950922
94011	1	0.950928
94015	1	0.950934
94029	2	0.950945
94037	2	0.950957
94041	1	0.950963
94042	2	0.950974
94045	1	0.95098
94050	1	0.950986
94062	1	0.950992
94079	1	0.950998
94098	1	0.951003
94111	1	0.951009
94112	1	0.951015
94115	1	0.951021
94116	1	0.951027
94132	1	0.951032
94136	1	0.951038
94152	4	0.951061
94153	1	0.951067
94167	1	0.951073
94168	1	0.951079
94170	6	0.951114
94171	2	0.951125
94195	1	0.951131
94231	1	0.951137
94241	1	0.951143
94257	1	0.951148
94260	1	0.951154
94263	2	0.951166
94264	1	0.951172
94271	1	0.951177
94274	1	0.951183
94276	1	0.951189
94282	2	0.951201
94285	1	0.951206
94292	1	0.951212
94295	2	0.951224
94297	2	0.951236
94306	10	0.951294
94315	1	0.951299
94320	1	0.951305
94323	1	0.951311
94325	1	0.951317
94329	2	0.951328
94330	1	0.951334
94332	1	0.95134
94349	1	0.951346
94354	1	0.951352
94356	1	0.951357
94358	1	0.951363
94362	1	0.951369
94371	1	0.951375
94380	1	0.951381
94383	1	0.951386
94387	1	0.951392
94391	1	0.951398
94397	2	0.95141
94401	1	0.951415
94405	1	0.951421
94412	1	0.951427
94419	1	0.951433
94427	1	0.951439
94428	1	0.951444
94433	1	0.95145
94437	1	0.951456
94439	1	0.951462
94443	1	0.951468
94446	1	0.951473
94456	1	0.951479
94458	1	0.951485
94467	1	0.951491
94470	1	0.951497
94477	1	0.951502
94483	1	0.951508
94489	1	0.951514
94510	1	0.95152
94517	1	0.951526
94533	1	0.951531
94534	1	0.951537
94535	1	0.951543
94545	1	0.951549
94549	1	0.951555
94557	2	0.951566
94558	1	0.951572
94563	1	0.951578
94567	1	0.951584
94571	1	0.951589
94572	1	0.951595
94575	1	0.951601
94586	1	0.951607
94590	1	0.951613
94595	1	0.951618
94598	1	0.951624
94602	1	0.95163
94604	1	0.951636
94605	1	0.951642
94610	1	0.951647
94614	1	0.951653
94619	1	0.951659
94621	1	0.951665
94622	1	0.951671
94630	1	0.951676
94636	1	0.951682
94641	1	0.951688
94643	1	0.951694
94645	1	0.9517
94648	1	0.951705
94649	1	0.951711
94653	1	0.951717
94657	1	0.951723
94665	1	0.951729
94667	1	0.951734
94669	1	0.95174
94671	1	0.951746
94674	1	0.951752
94676	1	0.951758
94678	2	0.951769
94682	1	0.951775
94686	1	0.951781
94690	1	0.951787
94723	1	0.951792
94727	1	0.951798
94738	1	0.951804
94741	1	0.95181
94746	1	0.951816
94748	1	0.951821
94757	1	0.951827
94765	1	0.951833
94774	1	0.951839
94777	1	0.951845
94779	1	0.95185
94781	1	0.951856
94790	1	0.951862
94799	1	0.951868
94809	1	0.951874
94811	1	0.95188
94816	2	0.951891
94825	1	0.951897
94836	1	0.951903
94844	1	0.951909
94850	1	0.951914
94851	1	0.95192
94859	1	0.951926
94867	1	0.951932
94871	1	0.951938
94876	1	0.951943
94880	1	0.951949
94883	1	0.951955
94890	1	0.951961
94905	1	0.951967
94915	1	0.951972
94920	1	0.951978
94928	1	0.951984
94929	2	0.951996
94933	1	0.952001
94937	1	0.952007
94942	1	0.952013
94945	1	0.952019
94947	1	0.952025
94950	1	0.95203
94952	1	0.952036
94955	1	0.952042
94962	1	0.952048
94993	1	0.952054
94996	1	0.952059
94998	1	0.952065
95021	1	0.952071
95026	1	0.952077
95031	1	0.952083
95060	1	0.952088
95067	1	0.952094
95070	1	0.9521
95074	1	0.952106
95078	1	0.952112
95084	1	0.952117
95087	1	0.952123
95091	1	0.952129
95108	1	0.952135
95112	1	0.952141
95114	1	0.952146
95125	1	0.952152
95140	1	0.952158
95146	1	0.952164
95151	1	0.95217
95164	1	0.952175
95165	1	0.952181
95167	1	0.952187
95170	1	0.952193
95173	1	0.952199
95178	1	0.952204
95182	1	0.95221
95186	1	0.952216
95187	1	0.952222
95191	1	0.952228
95199	1	0.952233
95203	1	0.952239
95208	1	0.952245
95218	1	0.952251
95231	1	0.952257
95232	1	0.952262
95240	1	0.952268
95245	1	0.952274
95248	1	0.95228
95249	1	0.952286
95273	1	0.952291
95282	1	0.952297
95290	1	0.952303
95293	1	0.952309
95297	1	0.952315
95302	1	0.95232
95306	1	0.952326
95324	1	0.952332
95327	1	0.952338
95336	1	0.952344
95351	1	0.952349
95364	1	0.952355
95369	1	0.952361
95374	1	0.952367
95379	2	0.952378
95383	1	0.952384
95385	1	0.95239
95387	2	0.952402
95389	1	0.952407
95398	1	0.952413
95404	1	0.952419
95406	1	0.952425
95427	1	0.952431
95461	1	0.952436
95469	1	0.952442
95473	1	0.952448
95478	1	0.952454
95483	1	0.95246
95502	1	0.952465
95512	1	0.952471
95516	1	0.952477
95535	2	0.952489
95537	1	0.952495
95547	1	0.9525
95552	1	0.952506
95565	1	0.952512
95569	1	0.952518
95572	1	0.952524
95580	1	0.952529
95585	1	0.952535
95588	1	0.952541
95591	1	0.952547
95596	1	0.952553
95601	1	0.952558
95607	1	0.952564
95616	1	0.95257
95620	1	0.952576
95628	1	0.952582
95643	1	0.952587
95647	2	0.952599
95649	1	0.952605
95662	1	0.952611
95672	2	0.952622
95676	1	0.952628
95680	1	0.952634
95685	1	0.95264
95689	1	0.952645
95693	1	0.952651
95702	1	0.952657
95715	1	0.952663
95718	1	0.952669
95723	1	0.952674
95728	2	0.952686
95733	1	0.952692
95740	1	0.952698
95743	1	0.952703
95745	1	0.952709
95753	1	0.952715
95766	1	0.952721
95771	1	0.952727
95773	1	0.952732
95778	1	0.952738
95780	1	0.952744
95782	2	0.952756
95798	1	0.952761
95814	1	0.952767
95826	1	0.952773
95828	1	0.952779
95832	1	0.952785
95842	1	0.95279
95845	1	0.952796
95848	2	0.952808
95855	1	0.952814
95859	1	0.952819
95860	1	0.952825
95866	1	0.952831
95868	1	0.952837
95871	1	0.952843
95877	1	0.952848
95882	1	0.952854
95889	1	0.95286
95891	1	0.952866
95894	1	0.952872
95895	1	0.952877
95898	1	0.952883
95901	1	0.952889
95906	1	0.952895
95910	1	0.952901
95919	1	0.952906
95926	1	0.952912
95928	1	0.952918
95929	1	0.952924
95934	1	0.95293
95935	1	0.952935
95946	1	0.952941
95948	1	0.952947
95951	1	0.952953
95952	1	0.952959
95953	1	0.952964
95958	1	0.95297
95972	1	0.952976
95979	1	0.952982
95980	1	0.952988
95982	1	0.952993
95987	1	0.952999
95993	1	0.953005
96004	1	0.953011
96006	1	0.953017
96018	1	0.953022
96020	1	0.953028
96029	1	0.953034
96040	1	0.95304
96043	1	0.953046
96049	1	0.953051
96054	1	0.953057
96057	1	0.953063
96061	1	0.953069
96065	1	0.953075
96069	1	0.95308
96078	1	0.953086
96086	1	0.953092
96108	1	0.953098
96109	1	0.953104
96116	1	0.953109
96119	1	0.953115
96122	1	0.953121
96143	1	0.953127
96150	1	0.953133
96154	1	0.953139
96160	1	0.953144
96170	1	0.95315
96173	1	0.953156
96176	1	0.953162
96189	1	0.953168
96205	1	0.953173
96208	1	0.953179
96217	1	0.953185
96220	1	0.953191
96242	1	0.953197
96244	1	0.953202
96250	1	0.953208
96270	1	0.953214
96281	1	0.95322
96320	1	0.953226
96329	1	0.953231
96339	1	0.953237
96343	1	0.953243
96345	1	0.953249
96364	1	0.953255
96379	1	0.95326
96380	1	0.953266
96386	1	0.953272
96393	1	0.953278
96397	1	0.953284
96398	1	0.953289
96412	1	0.953295
96415	1	0.953301
96416	2	0.953313
96419	1	0.953318
96427	1	0.953324
96446	1	0.95333
96509	1	0.953336
96528	1	0.953342
96543	1	0.953347
96548	1	0.953353
96563	1	0.953359
96576	1	0.953365
96582	1	0.953371
96584	1	0.953376
96608	1	0.953382
96609	1	0.953388
96617	1	0.953394
96641	1	0.9534
96657	1	0.953405
96662	1	0.953411
96668	1	0.953417
96675	2	0.953429
96691	4	0.953452
96693	1	0.953458
96703	2	0.953469
96705	1	0.953475
96721	1	0.953481
96722	1	0.953487
96724	1	0.953492
96727	2	0.953504
96734	1	0.95351
96738	1	0.953516
96750	3	0.953533
96751	1	0.953539
96757	1	0.953545
96758	1	0.95355
96760	1	0.953556
96761	2	0.953568
96774	2	0.953579
96781	1	0.953585
96783	2	0.953597
96784	1	0.953603
96785	1	0.953608
96787	1	0.953614
96788	1	0.95362
96793	2	0.953632
96795	1	0.953637
96799	3	0.953655
96803	1	0.953661
96806	1	0.953666
96808	2	0.953678
96809	1	0.953684
96811	1	0.95369
96813	1	0.953695
96822	1	0.953701
96824	1	0.953707
96826	1	0.953713
96830	1	0.953719
96833	1	0.953724
96834	2	0.953736
96839	1	0.953742
96841	1	0.953748
96846	2	0.953759
96848	1	0.953765
96853	1	0.953771
96861	1	0.953777
96863	1	0.953783
96864	1	0.953788
96871	1	0.953794
96884	2	0.953806
96890	2	0.953817
96892	1	0.953823
96900	2	0.953835
96903	1	0.953841
96909	1	0.953846
96916	3	0.953864
96918	2	0.953875
96925	2	0.953887
96926	1	0.953893
96928	1	0.953899
96933	1	0.953904
96937	2	0.953916
96938	3	0.953933
96942	3	0.953951
96945	1	0.953957
96951	2	0.953968
96955	1	0.953974
96962	1	0.95398
96967	1	0.953986
96970	1	0.953991
96973	1	0.953997
96975	1	0.954003
96976	1	0.954009
96982	1	0.954015
96983	1	0.95402
96988	1	0.954026
96989	1	0.954032
96993	1	0.954038
96996	3	0.954055
97002	2	0.954067
97007	2	0.954078
97008	2	0.95409
97009	1	0.954096
97011	1	0.954102
97014	1	0.954107
97017	2	0.954119
97023	1	0.954125
97028	1	0.954131
97031	1	0.954136
97032	1	0.954142
97038	2	0.954154
97041	2	0.954165
97053	2	0.954177
97055	2	0.954189
97058	1	0.954194
97060	1	0.9542
97061	1	0.954206
97073	1	0.954212
97079	1	0.954218
97081	2	0.954229
97084	1	0.954235
97085	1	0.954241
97086	1	0.954247
97112	1	0.954252
97120	1	0.954258
97126	1	0.954264
97129	1	0.95427
97133	1	0.954276
97139	1	0.954281
97147	1	0.954287
97166	1	0.954293
97168	1	0.954299
97175	1	0.954305
97211	1	0.95431
97225	1	0.954316
97231	1	0.954322
97232	1	0.954328
97236	1	0.954334
97242	1	0.954339
97260	1	0.954345
97266	1	0.954351
97267	1	0.954357
97268	1	0.954363
97271	1	0.954368
97282	1	0.954374
97290	1	0.95438
97293	1	0.954386
97306	1	0.954392
97321	1	0.954398
97327	1	0.954403
97341	1	0.954409
97346	1	0.954415
97348	1	0.954421
97355	1	0.954427
97384	1	0.954432
97392	1	0.954438
97397	1	0.954444
97407	1	0.95445
97409	2	0.954461
97419	2	0.954473
97421	1	0.954479
97435	1	0.954485
97443	1	0.95449
97448	2	0.954502
97454	1	0.954508
97472	1	0.954514
97479	1	0.954519
97482	1	0.954525
97491	1	0.954531
97495	1	0.954537
97504	1	0.954543
97521	1	0.954548
97522	1	0.954554
97528	1	0.95456
97533	1	0.954566
97534	1	0.954572
97548	1	0.954577
97554	1	0.954583
97555	1	0.954589
97568	1	0.954595
97570	1	0.954601
97572	1	0.954606
97591	1	0.954612
97595	2	0.954624
97604	1	0.95463
97612	1	0.954635
97616	1	0.954641
97627	1	0.954647
97631	1	0.954653
97639	1	0.954659
97645	1	0.954664
97653	1	0.95467
97654	1	0.954676
97667	1	0.954682
97673	1	0.954688
97676	1	0.954693
97679	1	0.954699
97693	1	0.954705
97697	1	0.954711
97702	1	0.954717
97703	1	0.954722
97709	1	0.954728
97712	1	0.954734
97715	2	0.954746
97717	1	0.954751
97726	1	0.954757
97731	1	0.954763
97741	1	0.954769
97742	1	0.954775
97760	2	0.954786
97778	1	0.954792
97796	1	0.954798
97804	1	0.954804
97814	1	0.954809
97815	2	0.954821
97819	1	0.954827
97825	1	0.954833
97826	1	0.954838
97828	2	0.95485
97842	1	0.954856
97848	1	0.954862
97861	1	0.954867
97865	1	0.954873
97866	1	0.954879
97868	1	0.954885
97870	1	0.954891
97873	1	0.954896
97878	1	0.954902
97883	1	0.954908
97885	1	0.954914
97886	1	0.95492
97898	1	0.954925
97899	2	0.954937
97901	1	0.954943
97909	1	0.954949
97916	1	0.954954
97917	1	0.95496
97935	1	0.954966
97937	1	0.954972
97942	1	0.954978
97955	1	0.954983
97974	1	0.954989
97982	1	0.954995
97984	2	0.955007
97992	1	0.955013
97995	1	0.955018
98000	1	0.955024
98005	1	0.95503
98006	1	0.955036
98008	1	0.955042
98024	1	0.955047
98026	1	0.955053
98028	1	0.955059
98032	1	0.955065
98034	1	0.955071
98037	1	0.955076
98041	1	0.955082
98045	1	0.955088
98051	1	0.955094
98052	1	0.9551
98054	1	0.955105
98056	1	0.955111
98067	1	0.955117
98068	1	0.955123
98075	1	0.955129
98084	1	0.955134
98098	1	0.95514
98126	1	0.955146
98137	1	0.955152
98142	1	0.955158
98145	1	0.955163
98189	1	0.955169
98199	1	0.955175
98204	1	0.955181
98220	1	0.955187
98222	1	0.955192
98247	2	0.955204
98255	1	0.95521
98258	1	0.955216
98261	1	0.955221
98264	1	0.955227
98267	2	0.955239
98272	1	0.955245
98276	1	0.95525
98301	1	0.955256
98324	1	0.955262
98330	1	0.955268
98336	1	0.955274
98341	1	0.955279
98357	1	0.955285
98367	1	0.955291
98392	1	0.955297
98406	1	0.955303
98417	1	0.955308
98423	1	0.955314
98440	1	0.95532
98442	1	0.955326
98452	1	0.955332
98458	1	0.955337
98462	1	0.955343
98465	1	0.955349
98500	1	0.955355
98505	1	0.955361
98513	1	0.955366
98529	1	0.955372
98539	1	0.955378
98544	2	0.95539
98558	1	0.955395
98569	1	0.955401
98574	1	0.955407
98580	1	0.955413
98586	1	0.955419
98593	1	0.955424
98595	1	0.95543
98603	1	0.955436
98604	2	0.955448
98605	1	0.955453
98614	1	0.955459
98616	1	0.955465
98621	1	0.955471
98630	1	0.955477
98633	1	0.955482
98646	1	0.955488
98653	1	0.955494
98662	1	0.9555
98667	1	0.955506
98672	1	0.955511
98710	1	0.955517
98712	2	0.955529
98713	1	0.955535
98715	1	0.95554
98719	1	0.955546
98720	1	0.955552
98749	1	0.955558
98783	1	0.955564
98787	1	0.955569
98803	1	0.955575
98806	1	0.955581
98812	1	0.955587
98835	1	0.955593
98836	1	0.955598
98846	1	0.955604
98848	2	0.955616
98852	1	0.955622
98872	1	0.955627
98873	1	0.955633
98879	1	0.955639
98883	1	0.955645
98884	1	0.955651
98893	1	0.955657
98897	1	0.955662
98910	1	0.955668
98914	2	0.95568
98936	1	0.955686
98937	1	0.955691
98948	1	0.955697
98960	1	0.955703
98978	1	0.955709
98985	1	0.955715
98990	1	0.95572
99003	1	0.955726
99008	1	0.955732
99027	1	0.955738
99033	1	0.955744
99036	1	0.955749
99040	1	0.955755
99063	1	0.955761
99064	1	0.955767
99075	1	0.955773
99081	1	0.955778
99095	1	0.955784
99098	1	0.95579
99100	1	0.955796
99101	1	0.955802
99121	1	0.955807
99122	1	0.955813
99127	1	0.955819
99143	1	0.955825
99152	1	0.955831
99155	1	0.955836
99159	1	0.955842
99161	1	0.955848
99170	1	0.955854
99172	1	0.95586
99181	1	0.955865
99186	1	0.955871
99194	1	0.955877
99204	1	0.955883
99209	1	0.955889
99212	1	0.955894
99219	1	0.9559
99230	1	0.955906
99237	1	0.955912
99249	1	0.955918
99258	1	0.955923
99266	1	0.955929
99291	1	0.955935
99306	1	0.955941
99333	1	0.955947
99337	1	0.955952
99349	1	0.955958
99358	1	0.955964
99360	1	0.95597
99365	1	0.955976
99369	1	0.955981
99371	1	0.955987
99376	1	0.955993
99378	1	0.955999
99383	1	0.956005
99389	1	0.95601
99391	1	0.956016
99402	1	0.956022
99403	1	0.956028
99405	1	0.956034
99414	1	0.956039
99421	1	0.956045
99422	1	0.956051
99429	1	0.956057
99436	1	0.956063
99442	1	0.956068
99446	1	0.956074
99461	1	0.95608
99487	1	0.956086
99490	1	0.956092
99497	1	0.956097
99514	2	0.956109
99520	1	0.956115
99524	1	0.956121
99530	2	0.956132
99535	1	0.956138
99548	1	0.956144
99554	2	0.956155
99568	1	0.956161
99574	1	0.956167
99609	1	0.956173
99615	1	0.956179
99617	1	0.956184
99627	1	0.95619
99632	1	0.956196
99637	1	0.956202
99645	1	0.956208
99649	1	0.956213
99655	1	0.956219
99683	1	0.956225
99686	1	0.956231
99692	1	0.956237
99696	1	0.956242
99704	1	0.956248
99711	1	0.956254
99719	2	0.956266
99744	1	0.956272
99749	1	0.956277
99753	1	0.956283
99764	1	0.956289
99769	1	0.956295
99782	1	0.956301
99817	1	0.956306
99823	1	0.956312
99826	1	0.956318
99834	1	0.956324
99839	1	0.95633
99841	2	0.956341
99848	1	0.956347
99854	1	0.956353
99857	1	0.956359
99860	1	0.956364
99861	1	0.95637
99863	1	0.956376
99870	1	0.956382
99885	2	0.956393
99892	1	0.956399
99899	1	0.956405
99913	1	0.956411
99920	1	0.956417
99926	1	0.956422
99933	1	0.956428
99944	1	0.956434
99949	1	0.95644
99956	1	0.956446
99961	1	0.956451
99963	1	0.956457
99969	1	0.956463
99973	1	0.956469
99998	1	0.956475
100001	1	0.95648
100012	1	0.956486
100014	1	0.956492
100020	1	0.956498
100039	1	0.956504
100068	1	0.956509
100074	1	0.956515
100082	1	0.956521
100089	1	0.956527
100094	1	0.956533
100100	1	0.956538
100102	1	0.956544
100106	1	0.95655
100114	1	0.956556
100120	1	0.956562
100132	1	0.956567
100137	1	0.956573
100139	1	0.956579
100162	1	0.956585
100184	1	0.956591
100201	1	0.956596
100206	1	0.956602
100218	1	0.956608
100222	1	0.956614
100236	1	0.95662
100238	1	0.956625
100247	1	0.956631
100248	1	0.956637
100250	1	0.956643
100251	2	0.956654
100254	1	0.95666
100263	1	0.956666
100280	1	0.956672
100282	1	0.956678
100287	1	0.956683
100299	1	0.956689
100306	1	0.956695
100326	1	0.956701
100334	1	0.956707
100340	1	0.956712
100349	1	0.956718
100354	1	0.956724
100361	1	0.95673
100379	1	0.956736
100390	2	0.956747
100393	1	0.956753
100401	1	0.956759
100402	1	0.956765
100408	2	0.956776
100415	1	0.956782
100423	1	0.956788
100429	1	0.956794
100447	1	0.956799
100462	1	0.956805
100479	1	0.956811
100493	1	0.956817
100499	1	0.956823
100523	1	0.956828
100529	1	0.956834
100530	1	0.95684
100536	1	0.956846
100540	1	0.956852
100547	1	0.956857
100549	1	0.956863
100556	1	0.956869
100575	1	0.956875
100584	1	0.956881
100586	1	0.956886
100588	1	0.956892
100613	1	0.956898
100619	1	0.956904
100623	1	0.95691
100627	1	0.956916
100642	1	0.956921
100643	1	0.956927
100647	1	0.956933
100650	2	0.956945
100655	1	0.95695
100658	1	0.956956
100670	1	0.956962
100675	1	0.956968
100690	1	0.956974
100723	1	0.956979
100726	1	0.956985
100729	1	0.956991
100735	1	0.956997
100737	1	0.957003
100746	1	0.957008
100748	1	0.957014
100749	1	0.95702
100762	1	0.957026
100768	1	0.957032
100773	1	0.957037
100775	1	0.957043
100791	1	0.957049
100794	1	0.957055
100801	1	0.957061
100805	1	0.957066
100810	1	0.957072
100815	1	0.957078
100816	1	0.957084
100822	1	0.95709
100839	1	0.957095
100844	1	0.957101
100849	1	0.957107
100857	1	0.957113
100869	1	0.957119
100874	1	0.957124
100888	1	0.95713
100901	1	0.957136
100904	1	0.957142
100906	1	0.957148
100912	1	0.957153
100916	1	0.957159
100926	1	0.957165
100928	1	0.957171
100950	1	0.957177
100955	1	0.957182
100962	1	0.957188
100966	1	0.957194
100970	1	0.9572
100972	1	0.957206
100975	1	0.957211
100980	1	0.957217
100982	1	0.957223
100990	1	0.957229
100991	1	0.957235
100996	1	0.95724
101004	1	0.957246
101007	1	0.957252
101011	1	0.957258
101015	1	0.957264
101016	1	0.957269
101018	1	0.957275
101022	1	0.957281
101029	1	0.957287
101032	2	0.957298
101040	1	0.957304
101063	1	0.95731
101069	1	0.957316
101102	1	0.957322
101110	1	0.957327
101112	1	0.957333
101117	1	0.957339
101134	1	0.957345
101139	1	0.957351
101144	1	0.957356
101162	1	0.957362
101166	1	0.957368
101169	1	0.957374
101173	1	0.95738
101179	1	0.957385
101199	1	0.957391
101224	1	0.957397
101234	1	0.957403
101247	1	0.957409
101257	1	0.957414
101265	1	0.95742
101267	1	0.957426
101272	1	0.957432
101286	1	0.957438
101287	1	0.957443
101288	1	0.957449
101297	1	0.957455
101302	1	0.957461
101304	2	0.957472
101320	1	0.957478
101326	1	0.957484
101334	1	0.95749
101342	1	0.957496
101343	1	0.957501
101353	1	0.957507
101359	1	0.957513
101365	1	0.957519
101367	1	0.957525
101370	1	0.957531
101377	1	0.957536
101402	1	0.957542
101405	2	0.957554
101415	1	0.95756
101416	1	0.957565
101422	1	0.957571
101423	1	0.957577
101424	1	0.957583
101433	1	0.957589
101441	1	0.957594
101446	1	0.9576
101465	1	0.957606
101484	1	0.957612
101506	1	0.957618
101514	1	0.957623
101528	1	0.957629
101542	1	0.957635
101562	1	0.957641
101573	1	0.957647
101577	1	0.957652
101582	1	0.957658
101583	1	0.957664
101586	1	0.95767
101596	1	0.957676
101602	1	0.957681
101609	2	0.957693
101630	1	0.957699
101642	1	0.957705
101647	1	0.95771
101653	1	0.957716
101703	1	0.957722
101710	1	0.957728
101715	1	0.957734
101739	1	0.957739
101743	1	0.957745
101745	1	0.957751
101750	1	0.957757
101763	1	0.957763
101773	1	0.957768
101786	1	0.957774
101798	1	0.95778
101808	1	0.957786
101814	1	0.957792
101821	1	0.957797
101832	1	0.957803
101834	1	0.957809
101855	1	0.957815
101864	1	0.957821
101874	1	0.957826
101877	2	0.957838
101880	1	0.957844
101882	1	0.95785
101884	2	0.957861
101885	2	0.957873
101906	1	0.957879
101913	1	0.957884
101926	1	0.95789
101985	1	0.957896
101987	1	0.957902
101988	1	0.957908
101991	1	0.957913
102001	1	0.957919
102016	1	0.957925
102046	1	0.957931
102102	1	0.957937
102103	1	0.957942
102105	1	0.957948
102124	2	0.95796
102127	1	0.957966
102130	1	0.957971
102137	1	0.957977
102145	2	0.957989
102158	1	0.957995
102164	1	0.958
102203	1	0.958006
102224	1	0.958012
102242	1	0.958018
102250	1	0.958024
102253	1	0.958029
102264	1	0.958035
102270	1	0.958041
102307	2	0.958053
102327	1	0.958058
102338	2	0.95807
102345	1	0.958076
102347	1	0.958082
102349	1	0.958087
102355	3	0.958105
102363	1	0.958111
102368	2	0.958122
102382	1	0.958128
102400	1	0.958134
102401	1	0.95814
102404	1	0.958145
102407	1	0.958151
102412	1	0.958157
102419	1	0.958163
102429	1	0.958169
102432	1	0.958175
102442	1	0.95818
102454	1	0.958186
102465	1	0.958192
102477	1	0.958198
102484	1	0.958204
102488	1	0.958209
102496	1	0.958215
102500	1	0.958221
102501	1	0.958227
102502	1	0.958233
102513	1	0.958238
102544	1	0.958244
102588	2	0.958256
102597	1	0.958262
102605	1	0.958267
102614	1	0.958273
102619	1	0.958279
102625	1	0.958285
102647	1	0.958291
102655	1	0.958296
102672	1	0.958302
102701	1	0.958308
102723	1	0.958314
102724	1	0.95832
102729	1	0.958325
102734	1	0.958331
102747	2	0.958343
102760	1	0.958349
102783	1	0.958354
102789	1	0.95836
102809	1	0.958366
102813	1	0.958372
102838	1	0.958378
102843	1	0.958383
102846	1	0.958389
102851	1	0.958395
102858	1	0.958401
102871	1	0.958407
102888	1	0.958412
102932	1	0.958418
102938	1	0.958424
102939	1	0.95843
102971	1	0.958436
102977	1	0.958441
102992	1	0.958447
103002	1	0.958453
103009	1	0.958459
103032	1	0.958465
103046	1	0.95847
103051	1	0.958476
103084	1	0.958482
103087	1	0.958488
103100	1	0.958494
103110	1	0.958499
103112	1	0.958505
103131	1	0.958511
103136	1	0.958517
103139	1	0.958523
103142	1	0.958528
103166	1	0.958534
103173	1	0.95854
103185	1	0.958546
103197	1	0.958552
103203	1	0.958557
103221	1	0.958563
103229	1	0.958569
103254	1	0.958575
103257	1	0.958581
103281	1	0.958586
103286	1	0.958592
103305	1	0.958598
103308	1	0.958604
103312	1	0.95861
103328	1	0.958615
103334	1	0.958621
103341	1	0.958627
103343	1	0.958633
103367	1	0.958639
103372	1	0.958644
103375	1	0.95865
103382	1	0.958656
103388	1	0.958662
103409	1	0.958668
103423	1	0.958673
103432	1	0.958679
103441	1	0.958685
103449	1	0.958691
103451	1	0.958697
103453	1	0.958702
103458	1	0.958708
103464	1	0.958714
103486	1	0.95872
103505	1	0.958726
103527	1	0.958731
103539	1	0.958737
103545	1	0.958743
103553	1	0.958749
103563	1	0.958755
103568	1	0.95876
103570	1	0.958766
103578	2	0.958778
103597	1	0.958784
103607	1	0.95879
103616	1	0.958795
103634	1	0.958801
103643	1	0.958807
103653	1	0.958813
103658	1	0.958819
103667	1	0.958824
103674	1	0.95883
103679	1	0.958836
103681	1	0.958842
103690	2	0.958853
103693	1	0.958859
103701	1	0.958865
103705	2	0.958877
103712	1	0.958882
103735	1	0.958888
103748	1	0.958894
103756	1	0.9589
103760	1	0.958906
103767	1	0.958911
103775	1	0.958917
103781	1	0.958923
103783	1	0.958929
103799	1	0.958935
103804	1	0.95894
103806	1	0.958946
103809	1	0.958952
103811	1	0.958958
103814	1	0.958964
103821	1	0.958969
103844	1	0.958975
103867	1	0.958981
103880	1	0.958987
103884	1	0.958993
103886	1	0.958998
103893	1	0.959004
103899	1	0.95901
103900	1	0.959016
103906	1	0.959022
103908	1	0.959027
103932	1	0.959033
103947	1	0.959039
103958	1	0.959045
103960	1	0.959051
103987	1	0.959056
103997	1	0.959062
104006	1	0.959068
104012	1	0.959074
104018	1	0.95908
104027	1	0.959085
104031	1	0.959091
104032	1	0.959097
104048	1	0.959103
104055	1	0.959109
104074	1	0.959114
104085	1	0.95912
104103	1	0.959126
104107	1	0.959132
104114	1	0.959138
104119	1	0.959143
104136	1	0.959149
104140	1	0.959155
104151	1	0.959161
104175	1	0.959167
104181	1	0.959172
104188	1	0.959178
104214	1	0.959184
104221	1	0.95919
104262	1	0.959196
104267	1	0.959201
104269	1	0.959207
104275	2	0.959219
104278	1	0.959225
104289	1	0.95923
104293	1	0.959236
104335	1	0.959242
104362	1	0.959248
104365	1	0.959254
104366	1	0.959259
104371	1	0.959265
104390	1	0.959271
104407	1	0.959277
104419	1	0.959283
104429	1	0.959288
104433	1	0.959294
104438	1	0.9593
104439	1	0.959306
104456	2	0.959317
104478	1	0.959323
104506	1	0.959329
104512	1	0.959335
104548	1	0.959341
104577	1	0.959346
104586	1	0.959352
104591	1	0.959358
104640	1	0.959364
104670	1	0.95937
104672	1	0.959375
104702	1	0.959381
104707	1	0.959387
104714	1	0.959393
104722	1	0.959399
104727	1	0.959404
104734	1	0.95941
104746	1	0.959416
104753	1	0.959422
104762	1	0.959428
104764	1	0.959434
104789	1	0.959439
104811	1	0.959445
104821	1	0.959451
104828	1	0.959457
104851	1	0.959463
104859	1	0.959468
104864	1	0.959474
104875	1	0.95948
104893	1	0.959486
104903	1	0.959492
104913	1	0.959497
104916	1	0.959503
104931	1	0.959509
104938	1	0.959515
104943	1	0.959521
104945	1	0.959526
104952	1	0.959532
104983	1	0.959538
104998	1	0.959544
105005	1	0.95955
105010	1	0.959555
105026	1	0.959561
105035	1	0.959567
105039	1	0.959573
105043	1	0.959579
105061	1	0.959584
105075	1	0.95959
105088	1	0.959596
105092	2	0.959608
105129	1	0.959613
105147	1	0.959619
105148	1	0.959625
105155	1	0.959631
105160	1	0.959637
105164	1	0.959642
105165	1	0.959648
105173	1	0.959654
105186	1	0.95966
105201	1	0.959666
105232	1	0.959671
105237	1	0.959677
105243	1	0.959683
105262	1	0.959689
105276	1	0.959695
105296	1	0.9597
105301	1	0.959706
105304	1	0.959712
105314	1	0.959718
105322	1	0.959724
105348	1	0.959729
105358	1	0.959735
105369	2	0.959747
105381	1	0.959753
105387	1	0.959758
105388	5	0.959787
105391	2	0.959799
105392	2	0.959811
105395	1	0.959816
105405	1	0.959822
105407	1	0.959828
105422	1	0.959834
105429	1	0.95984
105435	1	0.959845
105439	1	0.959851
105443	1	0.959857
105444	9	0.959909
105452	1	0.959915
105454	1	0.959921
105456	2	0.959932
105482	1	0.959938
105491	4	0.959961
105492	1	0.959967
105497	1	0.959973
105498	1	0.959979
105499	1	0.959985
105504	1	0.95999
105507	1	0.959996
105508	1	0.960002
105512	1	0.960008
105515	2	0.960019
105521	1	0.960025
105524	1	0.960031
105527	1	0.960037
105530	2	0.960049
105534	1	0.960054
105540	1	0.96006
105541	1	0.960066
105542	3	0.960083
105543	2	0.960095
105544	1	0.960101
105546	1	0.960107
105549	1	0.960112
105564	1	0.960118
105565	3	0.960136
105567	1	0.960141
105571	1	0.960147
105573	1	0.960153
105575	1	0.960159
105576	2	0.96017
105586	2	0.960182
105590	3	0.960199
105598	1	0.960205
105602	1	0.960211
105606	2	0.960223
105607	1	0.960228
105618	2	0.96024
105627	1	0.960246
105629	1	0.960252
105636	1	0.960257
105637	5	0.960286
105638	1	0.960292
105648	1	0.960298
105652	1	0.960304
105655	4	0.960327
105659	3	0.960344
105661	2	0.960356
105676	1	0.960362
105677	2	0.960373
105681	2	0.960385
105690	1	0.960391
105703	1	0.960397
105704	2	0.960408
105705	5	0.960437
105712	1	0.960443
105743	2	0.960455
105746	1	0.96046
105763	1	0.960466
105785	1	0.960472
105794	1	0.960478
105821	1	0.960484
105836	1	0.960489
105843	1	0.960495
105849	1	0.960501
105851	1	0.960507
105858	1	0.960513
105864	1	0.960518
105869	1	0.960524
105908	1	0.96053
105927	1	0.960536
105932	1	0.960542
105937	1	0.960547
105944	1	0.960553
105953	1	0.960559
105982	1	0.960565
105987	1	0.960571
105997	1	0.960576
106034	1	0.960582
106041	1	0.960588
106047	1	0.960594
106052	1	0.9606
106081	1	0.960605
106101	1	0.960611
106105	1	0.960617
106125	1	0.960623
106131	1	0.960629
106152	1	0.960634
106207	1	0.96064
106260	1	0.960646
106265	1	0.960652
106271	1	0.960658
106276	1	0.960663
106281	1	0.960669
106312	1	0.960675
106326	1	0.960681
106346	1	0.960687
106362	1	0.960693
106372	1	0.960698
106373	1	0.960704
106392	1	0.96071
106397	2	0.960722
106420	1	0.960727
106442	1	0.960733
106448	1	0.960739
106454	1	0.960745
106473	1	0.960751
106485	1	0.960756
106492	1	0.960762
106514	1	0.960768
106528	1	0.960774
106529	1	0.96078
106532	1	0.960785
106558	1	0.960791
106563	1	0.960797
106567	1	0.960803
106573	1	0.960809
106575	1	0.960814
106587	1	0.96082
106593	1	0.960826
106598	2	0.960838
106603	2	0.960849
106604	1	0.960855
106608	1	0.960861
106611	1	0.960867
106613	1	0.960872
106626	1	0.960878
106632	1	0.960884
106648	1	0.96089
106652	1	0.960896
106658	1	0.960901
106664	1	0.960907
106672	2	0.960919
106680	1	0.960925
106732	1	0.96093
106739	1	0.960936
106742	4	0.960959
106745	1	0.960965
106747	1	0.960971
106750	1	0.960977
106757	1	0.960983
106772	1	0.960988
106773	1	0.960994
106780	1	0.961
106807	1	0.961006
106810	2	0.961017
106811	1	0.961023
106816	1	0.961029
106817	1	0.961035
106833	3	0.961052
106858	1	0.961058
106864	1	0.961064
106879	3	0.961081
106880	35	0.961284
106882	1	0.96129
106883	1	0.961296
106884	1	0.961302
106885	4	0.961325
106886	1	0.961331
106887	1	0.961337
106888	8	0.961383
106889	1	0.961389
106890	1	0.961395
106893	1	0.9614
106894	2	0.961412
106895	1	0.961418
106896	1	0.961424
106897	3	0.961441
106898	1	0.961447
106901	2	0.961458
106907	1	0.961464
106908	1	0.96147
106919	1	0.961476
106920	1	0.961482
106921	2	0.961493
106923	1	0.961499
106925	1	0.961505
106939	2	0.961516
106944	1	0.961522
106946	1	0.961528
106949	1	0.961534
106962	8	0.96158
106965	1	0.961586
106967	1	0.961592
106970	1	0.961598
106975	1	0.961603
106980	1	0.961609
106985	3	0.961627
106986	1	0.961632
106990	1	0.961638
106998	1	0.961644
107004	1	0.96165
107009	2	0.961661
107015	2	0.961673
107016	1	0.961679
107019	3	0.961696
107024	1	0.961702
107025	3	0.961719
107026	1	0.961725
107027	16	0.961818
107028	15	0.961905
107030	8	0.961952
107037	4	0.961975
107038	2	0.961986
107039	1	0.961992
107044	1	0.961998
107049	2	0.96201
107050	1	0.962015
107059	1	0.962021
107060	1	0.962027
107066	7	0.962068
107067	6	0.962102
107068	1	0.962108
107070	1	0.962114
107073	3	0.962131
107074	15	0.962218
107089	1	0.962224
107094	1	0.96223
107095	59	0.962572
107096	1	0.962578
107097	1	0.962584
107098	1	0.96259
107101	1	0.962596
107112	1	0.962601
107136	1	0.962607
107142	1	0.962613
107144	1	0.962619
107150	1	0.962625
107156	1	0.96263
107164	1	0.962636
107172	1	0.962642
107181	1	0.962648
107188	1	0.962654
107194	1	0.962659
107219	1	0.962665
107229	2	0.962677
107230	1	0.962683
107231	1	0.962688
107233	1	0.962694
107252	1	0.9627
107258	1	0.962706
107265	1	0.962712
107271	1	0.962717
107277	1	0.962723
107293	1	0.962729
107296	1	0.962735
107302	1	0.962741
107309	1	0.962746
107318	1	0.962752
107330	1	0.962758
107344	1	0.962764
107347	1	0.96277
107350	3	0.962787
107358	5	0.962816
107359	2	0.962828
107366	3	0.962845
107376	1	0.962851
107380	1	0.962857
107382	1	0.962862
107389	1	0.962868
107391	1	0.962874
107392	2	0.962886
107395	5	0.962915
107396	5	0.962944
107397	21	0.963065
107398	13	0.963141
107399	5	0.96317
107400	15	0.963257
107402	9	0.963309
107403	1	0.963315
107404	2	0.963327
107405	1	0.963332
107407	2	0.963344
107410	1	0.96335
107411	1	0.963356
107412	1	0.963361
107413	1	0.963367
107415	2	0.963379
107416	1	0.963385
107418	1	0.96339
107420	1	0.963396
107421	3	0.963414
107422	7	0.963454
107423	6	0.963489
107424	3	0.963506
107425	1	0.963512
107426	1	0.963518
107427	1	0.963524
107429	2	0.963535
107438	1	0.963541
107442	2	0.963553
107447	1	0.963559
107451	1	0.963564
107452	1	0.96357
107462	1	0.963576
107465	2	0.963588
107467	1	0.963593
107468	4	0.963617
107470	2	0.963628
107479	1	0.963634
107482	2	0.963646
107488	1	0.963651
107501	1	0.963657
107504	1	0.963663
107506	1	0.963669
107511	1	0.963675
107514	1	0.96368
107516	1	0.963686
107523	1	0.963692
107532	1	0.963698
107540	1	0.963704
107542	1	0.963709
107545	1	0.963715
107546	1	0.963721
107547	1	0.963727
107549	1	0.963733
107627	1	0.963738
107635	1	0.963744
107639	1	0.96375
107645	1	0.963756
107658	1	0.963762
107688	1	0.963767
107713	2	0.963779
107726	1	0.963785
107741	1	0.963791
107761	1	0.963796
107771	1	0.963802
107774	1	0.963808
107775	1	0.963814
107780	1	0.96382
107782	1	0.963826
107792	1	0.963831
107796	1	0.963837
107801	1	0.963843
107812	1	0.963849
107815	1	0.963855
107842	1	0.96386
107848	1	0.963866
107855	1	0.963872
107863	1	0.963878
107910	1	0.963884
107931	1	0.963889
107937	1	0.963895
107969	2	0.963907
107988	1	0.963913
108025	1	0.963918
108034	1	0.963924
108054	1	0.96393
108075	1	0.963936
108084	1	0.963942
108097	1	0.963947
108124	1	0.963953
108139	1	0.963959
108189	1	0.963965
108206	1	0.963971
108212	1	0.963976
108217	1	0.963982
108222	1	0.963988
108234	1	0.963994
108237	1	0.964
108242	1	0.964005
108266	1	0.964011
108317	1	0.964017
108320	1	0.964023
108324	2	0.964034
108366	1	0.96404
108374	1	0.964046
108377	1	0.964052
108387	1	0.964058
108392	1	0.964063
108411	1	0.964069
108414	1	0.964075
108415	1	0.964081
108438	2	0.964092
108443	1	0.964098
108538	1	0.964104
108544	1	0.96411
108555	1	0.964116
108558	1	0.964121
108574	1	0.964127
108575	1	0.964133
108596	1	0.964139
108601	1	0.964145
108602	1	0.96415
108609	1	0.964156
108610	1	0.964162
108615	1	0.964168
108638	2	0.964179
108693	1	0.964185
108697	1	0.964191
108700	1	0.964197
108706	1	0.964203
108713	1	0.964208
108715	1	0.964214
108726	1	0.96422
108730	1	0.964226
108737	1	0.964232
108746	1	0.964237
108760	1	0.964243
108776	1	0.964249
108782	1	0.964255
108789	1	0.964261
108792	1	0.964266
108796	1	0.964272
108813	1	0.964278
108821	1	0.964284
108826	1	0.96429
108833	1	0.964295
108849	1	0.964301
108863	1	0.964307
108865	1	0.964313
108869	1	0.964319
108876	1	0.964324
108884	1	0.96433
108890	1	0.964336
108900	1	0.964342
108933	1	0.964348
108934	1	0.964353
108935	1	0.964359
108937	2	0.964371
108974	1	0.964377
109007	1	0.964382
109023	1	0.964388
109048	1	0.964394
109067	1	0.9644
109118	1	0.964406
109161	1	0.964411
109170	1	0.964417
109190	1	0.964423
109195	1	0.964429
109200	1	0.964435
109210	1	0.96444
109213	1	0.964446
109251	1	0.964452
109272	1	0.964458
109308	1	0.964464
109326	1	0.96447
109375	1	0.964475
109406	1	0.964481
109420	1	0.964487
109426	1	0.964493
109433	1	0.964499
109446	1	0.964504
109450	1	0.96451
109453	1	0.964516
109482	1	0.964522
109512	1	0.964528
109519	1	0.964533
109523	1	0.964539
109539	1	0.964545
109618	1	0.964551
109619	1	0.964557
109627	1	0.964562
109628	1	0.964568
109682	1	0.964574
109698	1	0.96458
109735	2	0.964591
109750	1	0.964597
109754	1	0.964603
109755	1	0.964609
109759	1	0.964615
109763	1	0.96462
109789	1	0.964626
109796	1	0.964632
109834	1	0.964638
109849	1	0.964644
109860	1	0.964649
109872	1	0.964655
109883	1	0.964661
109886	1	0.964667
109897	1	0.964673
109946	1	0.964678
109951	1	0.964684
109971	1	0.96469
109981	1	0.964696
109985	1	0.964702
109993	1	0.964707
110005	1	0.964713
110006	1	0.964719
110018	2	0.964731
110033	1	0.964736
110053	1	0.964742
110086	1	0.964748
110140	1	0.964754
110158	1	0.96476
110198	1	0.964765
110224	1	0.964771
110252	1	0.964777
110260	1	0.964783
110262	1	0.964789
110263	1	0.964794
110294	1	0.9648
110426	1	0.964806
110443	1	0.964812
110448	1	0.964818
110453	1	0.964823
110487	1	0.964829
110516	1	0.964835
110533	1	0.964841
110535	1	0.964847
110545	1	0.964852
110570	1	0.964858
110640	1	0.964864
110643	3	0.964881
110645	1	0.964887
110647	1	0.964893
110651	1	0.964899
110652	1	0.964905
110653	1	0.96491
110660	1	0.964916
110662	1	0.964922
110664	1	0.964928
110667	1	0.964934
110674	1	0.964939
110676	1	0.964945
110680	1	0.964951
110731	1	0.964957
110746	1	0.964963
110798	1	0.964968
110812	1	0.964974
110866	1	0.96498
110878	1	0.964986
110879	1	0.964992
110881	1	0.964997
110891	2	0.965009
110896	1	0.965015
110901	1	0.965021
110910	1	0.965026
110924	1	0.965032
110942	1	0.965038
110950	1	0.965044
110973	1	0.96505
110976	1	0.965055
111011	1	0.965061
111026	1	0.965067
111032	1	0.965073
111102	1	0.965079
111106	1	0.965085
111159	1	0.96509
111205	1	0.965096
111211	1	0.965102
111216	1	0.965108
111220	1	0.965114
111228	1	0.965119
111258	1	0.965125
111279	1	0.965131
111303	1	0.965137
111309	1	0.965143
111313	1	0.965148
111327	1	0.965154
111343	1	0.96516
111379	1	0.965166
111421	1	0.965172
111440	1	0.965177
111470	1	0.965183
111475	1	0.965189
111491	1	0.965195
111494	1	0.965201
111499	1	0.965206
111524	1	0.965212
111526	1	0.965218
111530	1	0.965224
111538	1	0.96523
111543	1	0.965235
111547	1	0.965241
111551	1	0.965247
111552	1	0.965253
111555	1	0.965259
111563	1	0.965264
111582	1	0.96527
111592	1	0.965276
111628	1	0.965282
111635	1	0.965288
111645	1	0.965293
111649	1	0.965299
111685	1	0.965305
111688	1	0.965311
111696	2	0.965322
111708	1	0.965328
111711	1	0.965334
111727	1	0.96534
111734	1	0.965346
111737	1	0.965351
111740	1	0.965357
111747	1	0.965363
111749	1	0.965369
111763	1	0.965375
111765	1	0.96538
111768	1	0.965386
111771	1	0.965392
111783	1	0.965398
111790	1	0.965404
111798	2	0.965415
111808	1	0.965421
111829	2	0.965433
111836	1	0.965438
111854	1	0.965444
111888	1	0.96545
111893	1	0.965456
111913	1	0.965462
111923	1	0.965467
111927	1	0.965473
111949	1	0.965479
111951	1	0.965485
111964	1	0.965491
111982	1	0.965496
111987	1	0.965502
111989	1	0.965508
112001	1	0.965514
112015	1	0.96552
112017	1	0.965525
112029	1	0.965531
112043	1	0.965537
112074	1	0.965543
112075	1	0.965549
112079	1	0.965554
112083	1	0.96556
112085	1	0.965566
112088	1	0.965572
112113	1	0.965578
112115	1	0.965583
112119	1	0.965589
112134	1	0.965595
112161	1	0.965601
112181	1	0.965607
112182	1	0.965612
112186	1	0.965618
112189	1	0.965624
112203	1	0.96563
112215	1	0.965636
112222	1	0.965641
112269	1	0.965647
112293	1	0.965653
112307	1	0.965659
112310	1	0.965665
112340	1	0.96567
112347	1	0.965676
112350	1	0.965682
112367	1	0.965688
112382	1	0.965694
112384	1	0.965699
112387	1	0.965705
112452	1	0.965711
112454	1	0.965717
112514	1	0.965723
112526	1	0.965729
112565	1	0.965734
112610	1	0.96574
112647	1	0.965746
112650	1	0.965752
112654	1	0.965758
112687	1	0.965763
112715	1	0.965769
112722	1	0.965775
112755	1	0.965781
112758	1	0.965787
112781	1	0.965792
112793	1	0.965798
112810	1	0.965804
112814	1	0.96581
112815	1	0.965816
112818	1	0.965821
112822	1	0.965827
112827	1	0.965833
112870	1	0.965839
112874	1	0.965845
112878	1	0.96585
112880	1	0.965856
112894	1	0.965862
112899	1	0.965868
112904	1	0.965874
112930	1	0.965879
112938	1	0.965885
112949	1	0.965891
112974	1	0.965897
112977	1	0.965903
112985	2	0.965914
112986	1	0.96592
113011	1	0.965926
113023	1	0.965932
113039	1	0.965937
113047	1	0.965943
113068	1	0.965949
113073	1	0.965955
113074	1	0.965961
113078	1	0.965966
113144	1	0.965972
113145	1	0.965978
113146	1	0.965984
113165	1	0.96599
113169	1	0.965995
113171	1	0.966001
113184	1	0.966007
113192	1	0.966013
113196	1	0.966019
113204	1	0.966024
113210	1	0.96603
113238	1	0.966036
113243	1	0.966042
113257	1	0.966048
113261	2	0.966059
113262	1	0.966065
113290	1	0.966071
113293	1	0.966077
113365	1	0.966082
113393	1	0.966088
113402	1	0.966094
113403	1	0.9661
113414	1	0.966106
113426	1	0.966111
113433	1	0.966117
113461	1	0.966123
113493	1	0.966129
113504	1	0.966135
113520	1	0.96614
113525	1	0.966146
113533	1	0.966152
113537	1	0.966158
113538	1	0.966164
113556	1	0.966169
113614	1	0.966175
113666	1	0.966181
113690	1	0.966187
113695	1	0.966193
113732	1	0.966198
113736	1	0.966204
113753	1	0.96621
113755	1	0.966216
113760	1	0.966222
113792	1	0.966227
113808	1	0.966233
113840	1	0.966239
113869	1	0.966245
113877	1	0.966251
113924	1	0.966256
113936	1	0.966262
113946	1	0.966268
113948	1	0.966274
113961	1	0.96628
113963	1	0.966285
113969	1	0.966291
113977	1	0.966297
113989	1	0.966303
113998	1	0.966309
114004	1	0.966314
114013	1	0.96632
114044	1	0.966326
114087	1	0.966332
114119	1	0.966338
114138	1	0.966344
114152	1	0.966349
114157	1	0.966355
114176	1	0.966361
114265	1	0.966367
114283	1	0.966373
114296	1	0.966378
114334	1	0.966384
114364	1	0.96639
114365	1	0.966396
114382	1	0.966402
114390	1	0.966407
114396	1	0.966413
114399	1	0.966419
114403	1	0.966425
114429	1	0.966431
114434	1	0.966436
114438	1	0.966442
114456	1	0.966448
114458	1	0.966454
114460	1	0.96646
114490	1	0.966465
114518	1	0.966471
114536	1	0.966477
114552	1	0.966483
114580	1	0.966489
114584	1	0.966494
114587	2	0.966506
114615	2	0.966518
114618	1	0.966523
114634	1	0.966529
114661	2	0.966541
114676	1	0.966547
114706	1	0.966552
114708	1	0.966558
114714	1	0.966564
114722	1	0.96657
114728	1	0.966576
114756	1	0.966581
114763	1	0.966587
114787	1	0.966593
114796	1	0.966599
114816	1	0.966605
114829	1	0.96661
114835	1	0.966616
114842	1	0.966622
114844	1	0.966628
114870	1	0.966634
114882	1	0.966639
114888	1	0.966645
114897	1	0.966651
114907	1	0.966657
114912	1	0.966663
114924	1	0.966668
114927	1	0.966674
114929	1	0.96668
114931	1	0.966686
114942	1	0.966692
114945	1	0.966697
114977	1	0.966703
114988	1	0.966709
114995	1	0.966715
115000	1	0.966721
115014	1	0.966726
115021	1	0.966732
115024	1	0.966738
115027	1	0.966744
115033	1	0.96675
115043	1	0.966755
115055	1	0.966761
115064	1	0.966767
115092	1	0.966773
115093	4	0.966796
115110	1	0.966802
115128	1	0.966808
115132	1	0.966813
115138	1	0.966819
115149	1	0.966825
115154	1	0.966831
115155	1	0.966837
115156	1	0.966842
115170	1	0.966848
115175	1	0.966854
115178	1	0.96686
115183	1	0.966866
115191	1	0.966871
115204	2	0.966883
115221	1	0.966889
115233	1	0.966895
115238	1	0.9669
115245	1	0.966906
115265	2	0.966918
115291	1	0.966924
115307	1	0.966929
115309	1	0.966935
115316	1	0.966941
115333	1	0.966947
115359	1	0.966953
115361	1	0.966958
115372	1	0.966964
115385	1	0.96697
115406	1	0.966976
115427	1	0.966982
115448	1	0.966988
115454	1	0.966993
115475	1	0.966999
115499	1	0.967005
115521	1	0.967011
115523	1	0.967017
115544	1	0.967022
115556	1	0.967028
115565	1	0.967034
115568	1	0.96704
115576	1	0.967046
115603	1	0.967051
115618	1	0.967057
115652	1	0.967063
115665	1	0.967069
115670	1	0.967075
115671	1	0.96708
115684	1	0.967086
115699	1	0.967092
115709	1	0.967098
115714	1	0.967104
115755	1	0.967109
115762	1	0.967115
115802	1	0.967121
115898	1	0.967127
115899	1	0.967133
115904	1	0.967138
115906	1	0.967144
115918	1	0.96715
115964	1	0.967156
115980	1	0.967162
115995	1	0.967167
116014	1	0.967173
116018	1	0.967179
116025	1	0.967185
116037	1	0.967191
116061	1	0.967196
116063	1	0.967202
116066	1	0.967208
116075	1	0.967214
116120	1	0.96722
116129	1	0.967225
116133	1	0.967231
116142	1	0.967237
116155	1	0.967243
116161	1	0.967249
116187	1	0.967254
116196	1	0.96726
116201	1	0.967266
116212	1	0.967272
116233	1	0.967278
116282	1	0.967283
116288	1	0.967289
116337	1	0.967295
116351	1	0.967301
116376	1	0.967307
116377	1	0.967312
116380	1	0.967318
116381	1	0.967324
116382	1	0.96733
116383	1	0.967336
116396	1	0.967341
116406	1	0.967347
116412	1	0.967353
116417	1	0.967359
116431	1	0.967365
116458	1	0.96737
116469	1	0.967376
116473	1	0.967382
116497	1	0.967388
116504	1	0.967394
116511	1	0.967399
116563	1	0.967405
116566	1	0.967411
116571	1	0.967417
116572	2	0.967428
116577	1	0.967434
116578	1	0.96744
116585	1	0.967446
116593	1	0.967452
116598	1	0.967457
116599	1	0.967463
116603	1	0.967469
116608	1	0.967475
116628	1	0.967481
116640	1	0.967486
116666	1	0.967492
116686	1	0.967498
116690	1	0.967504
116696	1	0.96751
116729	1	0.967515
116742	1	0.967521
116788	1	0.967527
116799	1	0.967533
116816	1	0.967539
116820	1	0.967544
116821	1	0.96755
116826	1	0.967556
116835	1	0.967562
116840	1	0.967568
116847	1	0.967573
116848	1	0.967579
116851	1	0.967585
116865	1	0.967591
116867	1	0.967597
116875	1	0.967603
116893	1	0.967608
116899	1	0.967614
116910	1	0.96762
116942	1	0.967626
116947	1	0.967632
116989	1	0.967637
116998	1	0.967643
116999	1	0.967649
117004	1	0.967655
117008	1	0.967661
117029	1	0.967666
117046	1	0.967672
117077	2	0.967684
117082	2	0.967695
117099	1	0.967701
117123	1	0.967707
117136	1	0.967713
117169	1	0.967719
117185	1	0.967724
117189	1	0.96773
117201	1	0.967736
117256	1	0.967742
117268	1	0.967748
117297	1	0.967753
117303	1	0.967759
117322	1	0.967765
117335	1	0.967771
117340	1	0.967777
117344	1	0.967782
117361	1	0.967788
117363	1	0.967794
117370	1	0.9678
117375	1	0.967806
117381	1	0.967811
117384	2	0.967823
117391	1	0.967829
117398	1	0.967835
117416	1	0.96784
117423	1	0.967846
117432	1	0.967852
117443	1	0.967858
117461	1	0.967864
117475	1	0.967869
117482	1	0.967875
117487	1	0.967881
117488	2	0.967893
117489	1	0.967898
117494	1	0.967904
117495	1	0.96791
117497	2	0.967922
117502	1	0.967927
117511	1	0.967933
117534	1	0.967939
117541	1	0.967945
117547	2	0.967956
117553	1	0.967962
117560	1	0.967968
117567	1	0.967974
117568	1	0.96798
117572	2	0.967991
117575	1	0.967997
117582	1	0.968003
117593	1	0.968009
117595	1	0.968014
117602	1	0.96802
117668	1	0.968026
117686	1	0.968032
117687	1	0.968038
117699	1	0.968043
117708	1	0.968049
117731	1	0.968055
117733	1	0.968061
117745	1	0.968067
117760	1	0.968072
117765	1	0.968078
117771	1	0.968084
117776	1	0.96809
117777	1	0.968096
117789	1	0.968101
117795	1	0.968107
117811	1	0.968113
117813	1	0.968119
117818	1	0.968125
117833	1	0.96813
117836	1	0.968136
117839	1	0.968142
117848	1	0.968148
117856	1	0.968154
117862	1	0.968159
117869	1	0.968165
117871	2	0.968177
117878	1	0.968183
117885	1	0.968188
117886	1	0.968194
117902	1	0.9682
117903	1	0.968206
117907	1	0.968212
117912	2	0.968223
117924	1	0.968229
117928	1	0.968235
117948	2	0.968247
117949	3	0.968264
117952	1	0.96827
117956	2	0.968281
117959	1	0.968287
117962	1	0.968293
117966	1	0.968299
117968	1	0.968305
117975	1	0.96831
117981	2	0.968322
117985	1	0.968328
117995	1	0.968334
117996	1	0.968339
117999	1	0.968345
118002	1	0.968351
118004	2	0.968363
118008	1	0.968368
118014	1	0.968374
118016	2	0.968386
118017	1	0.968392
118023	1	0.968397
118024	2	0.968409
118025	1	0.968415
118026	1	0.968421
118033	2	0.968432
118037	1	0.968438
118041	1	0.968444
118045	1	0.96845
118046	1	0.968455
118061	1	0.968461
118076	1	0.968467
118104	1	0.968473
118105	1	0.968479
118113	1	0.968484
118114	1	0.96849
118118	1	0.968496
118129	1	0.968502
118137	2	0.968513
118150	1	0.968519
118167	1	0.968525
118170	1	0.968531
118178	1	0.968537
118185	1	0.968542
118190	1	0.968548
118192	2	0.96856
118193	1	0.968566
118195	1	0.968571
118196	1	0.968577
118197	1	0.968583
118202	1	0.968589
118203	1	0.968595
118205	1	0.9686
118206	1	0.968606
118208	1	0.968612
118214	1	0.968618
118225	1	0.968624
118233	1	0.968629
118234	1	0.968635
118244	1	0.968641
118252	1	0.968647
118257	1	0.968653
118264	1	0.968658
118270	1	0.968664
118275	1	0.96867
118276	1	0.968676
118285	1	0.968682
118286	1	0.968687
118290	2	0.968699
118291	1	0.968705
118294	1	0.968711
118295	1	0.968716
118296	1	0.968722
118297	1	0.968728
118317	1	0.968734
118332	2	0.968745
118340	2	0.968757
118341	1	0.968763
118348	1	0.968769
118357	1	0.968774
118364	1	0.96878
118365	1	0.968786
118371	1	0.968792
118378	1	0.968798
118380	1	0.968803
118383	1	0.968809
118390	1	0.968815
118394	1	0.968821
118401	1	0.968827
118404	1	0.968832
118406	1	0.968838
118407	1	0.968844
118410	1	0.96885
118426	1	0.968856
118438	1	0.968862
118444	1	0.968867
118456	1	0.968873
118460	1	0.968879
118465	1	0.968885
118472	1	0.968891
118480	1	0.968896
118483	2	0.968908
118487	2	0.96892
118492	1	0.968925
118501	1	0.968931
118528	2	0.968943
118529	1	0.968949
118530	2	0.96896
118535	1	0.968966
118545	1	0.968972
118556	1	0.968978
118559	1	0.968983
118562	1	0.968989
118565	1	0.968995
118569	1	0.969001
118570	1	0.969007
118574	1	0.969012
118579	1	0.969018
118586	2	0.96903
118594	2	0.969041
118605	1	0.969047
118612	1	0.969053
118617	1	0.969059
118621	1	0.969065
118630	1	0.96907
118637	1	0.969076
118640	1	0.969082
118644	1	0.969088
118658	1	0.969094
118661	4	0.969117
118662	1	0.969123
118664	1	0.969128
118667	1	0.969134
118668	1	0.96914
118669	1	0.969146
118670	1	0.969152
118671	3	0.969169
118673	1	0.969175
118674	1	0.969181
118678	1	0.969186
118680	1	0.969192
118681	1	0.969198
118686	1	0.969204
118687	1	0.96921
118694	1	0.969215
118702	1	0.969221
118703	2	0.969233
118704	1	0.969239
118707	1	0.969244
118710	1	0.96925
118714	1	0.969256
118716	2	0.969268
118717	1	0.969273
118728	1	0.969279
118729	2	0.969291
118732	1	0.969297
118735	1	0.969302
118737	1	0.969308
118738	1	0.969314
118757	1	0.96932
118758	1	0.969326
118768	1	0.969331
118788	1	0.969337
118795	1	0.969343
118803	1	0.969349
118805	1	0.969355
118824	1	0.96936
118833	1	0.969366
118840	2	0.969378
118851	1	0.969384
118860	3	0.969401
118861	1	0.969407
118862	1	0.969413
118868	2	0.969424
118869	1	0.96943
118883	1	0.969436
118891	1	0.969442
118925	1	0.969447
118930	3	0.969465
118941	1	0.969471
118943	1	0.969476
118960	1	0.969482
118971	1	0.969488
118990	1	0.969494
118993	1	0.9695
119007	1	0.969506
119018	1	0.969511
119020	1	0.969517
119063	1	0.969523
119064	1	0.969529
119071	1	0.969535
119074	1	0.96954
119084	1	0.969546
119088	1	0.969552
119089	2	0.969564
119090	1	0.969569
119091	1	0.969575
119108	1	0.969581
119118	1	0.969587
119119	1	0.969593
119121	1	0.969598
119124	1	0.969604
119125	1	0.96961
119126	1	0.969616
119135	1	0.969622
119139	1	0.969627
119141	1	0.969633
119143	1	0.969639
119145	1	0.969645
119148	1	0.969651
119158	1	0.969656
119159	1	0.969662
119163	1	0.969668
119166	2	0.96968
119175	1	0.969685
119178	1	0.969691
119181	1	0.969697
119188	1	0.969703
119194	1	0.969709
119195	1	0.969714
119202	1	0.96972
119203	1	0.969726
119207	1	0.969732
119216	1	0.969738
119224	1	0.969743
119230	1	0.969749
119244	1	0.969755
119245	1	0.969761
119252	1	0.969767
119256	1	0.969772
119260	1	0.969778
119269	1	0.969784
119272	1	0.96979
119275	1	0.969796
119282	1	0.969801
119298	1	0.969807
119301	2	0.969819
119305	1	0.969825
119317	2	0.969836
119321	1	0.969842
119326	1	0.969848
119334	1	0.969854
119338	1	0.969859
119339	1	0.969865
119347	1	0.969871
119372	1	0.969877
119402	1	0.969883
119426	1	0.969888
119432	1	0.969894
119434	1	0.9699
119435	1	0.969906
119452	1	0.969912
119458	1	0.969917
119472	1	0.969923
119508	1	0.969929
119539	1	0.969935
119557	1	0.969941
119575	1	0.969946
119577	1	0.969952
119593	1	0.969958
119595	1	0.969964
119607	2	0.969975
119618	1	0.969981
119636	1	0.969987
119660	1	0.969993
119758	1	0.969999
119816	1	0.970004
119896	1	0.97001
119913	2	0.970022
119928	2	0.970033
119941	1	0.970039
119969	1	0.970045
119992	1	0.970051
120062	1	0.970057
120075	1	0.970062
120085	1	0.970068
120092	1	0.970074
120097	1	0.97008
120135	1	0.970086
120144	1	0.970091
120155	1	0.970097
120168	1	0.970103
120184	1	0.970109
120192	1	0.970115
120206	1	0.970121
120255	1	0.970126
120284	1	0.970132
120286	1	0.970138
120298	1	0.970144
120315	1	0.97015
120323	1	0.970155
120332	1	0.970161
120336	1	0.970167
120340	1	0.970173
120356	1	0.970179
120362	1	0.970184
120370	1	0.97019
120377	1	0.970196
120401	1	0.970202
120405	1	0.970208
120426	1	0.970213
120482	1	0.970219
120486	1	0.970225
120507	1	0.970231
120510	1	0.970237
120629	1	0.970242
120660	1	0.970248
120676	1	0.970254
120698	1	0.97026
120727	1	0.970266
120741	1	0.970271
120743	1	0.970277
120758	1	0.970283
120768	1	0.970289
120778	1	0.970295
120802	1	0.9703
120804	2	0.970312
120810	1	0.970318
120877	1	0.970324
120974	1	0.970329
121007	1	0.970335
121010	1	0.970341
121017	1	0.970347
121040	1	0.970353
121042	1	0.970358
121106	1	0.970364
121114	1	0.97037
121127	1	0.970376
121156	1	0.970382
121162	1	0.970387
121170	1	0.970393
121178	1	0.970399
121253	1	0.970405
121260	1	0.970411
121266	1	0.970416
121293	1	0.970422
121313	1	0.970428
121315	1	0.970434
121334	1	0.97044
121353	1	0.970445
121358	1	0.970451
121365	1	0.970457
121368	1	0.970463
121390	1	0.970469
121435	1	0.970474
121509	1	0.97048
121524	1	0.970486
121530	1	0.970492
121577	1	0.970498
121587	1	0.970503
121658	1	0.970509
121712	1	0.970515
121733	1	0.970521
121760	1	0.970527
121761	1	0.970532
121816	2	0.970544
121818	2	0.970556
121864	1	0.970561
121865	1	0.970567
121892	1	0.970573
121929	1	0.970579
121967	1	0.970585
122015	1	0.97059
122032	1	0.970596
122042	1	0.970602
122061	1	0.970608
122092	1	0.970614
122106	1	0.970619
122153	1	0.970625
122162	1	0.970631
122179	1	0.970637
122256	1	0.970643
122298	1	0.970648
122307	1	0.970654
122327	1	0.97066
122349	1	0.970666
122372	1	0.970672
122377	1	0.970677
122382	1	0.970683
122396	1	0.970689
122402	1	0.970695
122418	1	0.970701
122438	1	0.970706
122445	1	0.970712
122453	1	0.970718
122474	1	0.970724
122492	1	0.97073
122494	1	0.970735
122495	2	0.970747
122498	1	0.970753
122500	1	0.970759
122503	1	0.970765
122511	1	0.97077
122552	1	0.970776
122568	1	0.970782
122577	1	0.970788
122595	1	0.970794
122602	1	0.970799
122609	3	0.970817
122617	1	0.970823
122635	1	0.970828
122640	1	0.970834
122676	1	0.97084
122683	1	0.970846
122699	1	0.970852
122709	1	0.970857
122759	1	0.970863
122777	1	0.970869
122793	1	0.970875
122814	1	0.970881
122839	1	0.970886
122850	1	0.970892
122858	1	0.970898
122873	1	0.970904
122903	1	0.97091
122909	1	0.970915
122918	1	0.970921
122924	1	0.970927
122958	1	0.970933
123010	1	0.970939
123049	1	0.970944
123071	1	0.97095
123139	1	0.970956
123156	1	0.970962
123165	1	0.970968
123179	1	0.970973
123225	1	0.970979
123230	1	0.970985
123232	1	0.970991
123236	1	0.970997
123242	1	0.971002
123253	1	0.971008
123285	1	0.971014
123297	1	0.97102
123331	1	0.971026
123347	1	0.971031
123403	1	0.971037
123468	1	0.971043
123511	1	0.971049
123531	1	0.971055
123539	1	0.97106
123541	1	0.971066
123558	1	0.971072
123560	1	0.971078
123566	1	0.971084
123567	1	0.971089
123576	1	0.971095
123582	1	0.971101
123583	1	0.971107
123584	1	0.971113
123588	1	0.971118
123590	1	0.971124
123592	1	0.97113
123593	1	0.971136
123594	1	0.971142
123613	1	0.971147
123621	1	0.971153
123625	1	0.971159
123633	1	0.971165
123654	1	0.971171
123670	1	0.971176
123681	1	0.971182
123703	1	0.971188
123710	1	0.971194
123716	1	0.9712
123729	1	0.971205
123732	1	0.971211
123749	1	0.971217
123791	1	0.971223
123806	1	0.971229
123850	1	0.971234
123855	1	0.97124
123859	1	0.971246
123915	1	0.971252
123924	1	0.971258
123933	1	0.971263
123938	1	0.971269
123976	1	0.971275
124008	1	0.971281
124018	1	0.971287
124028	1	0.971292
124036	1	0.971298
124041	1	0.971304
124055	1	0.97131
124064	1	0.971316
124131	1	0.971321
124165	1	0.971327
124242	1	0.971333
124253	1	0.971339
124310	1	0.971345
124320	1	0.97135
124376	1	0.971356
124381	1	0.971362
124422	1	0.971368
124437	1	0.971374
124472	1	0.97138
124502	2	0.971391
124508	1	0.971397
124546	1	0.971403
124551	1	0.971409
124567	1	0.971414
124613	1	0.97142
124653	1	0.971426
124683	1	0.971432
124691	1	0.971438
124726	1	0.971443
124797	1	0.971449
124818	1	0.971455
124828	1	0.971461
124832	1	0.971467
124849	1	0.971472
124861	1	0.971478
124939	1	0.971484
124981	2	0.971496
124983	1	0.971501
125025	1	0.971507
125030	1	0.971513
125034	1	0.971519
125039	1	0.971525
125068	1	0.97153
125071	1	0.971536
125085	1	0.971542
125132	1	0.971548
125133	1	0.971554
125146	1	0.971559
125172	1	0.971565
125193	1	0.971571
125198	1	0.971577
125243	1	0.971583
125261	1	0.971588
125284	1	0.971594
125299	1	0.9716
125350	1	0.971606
125400	1	0.971612
125409	1	0.971617
125412	1	0.971623
125429	1	0.971629
125483	1	0.971635
125485	1	0.971641
125499	1	0.971646
125585	1	0.971652
125592	1	0.971658
125600	1	0.971664
125612	1	0.97167
125614	1	0.971675
125628	1	0.971681
125635	1	0.971687
125645	1	0.971693
125660	1	0.971699
125662	1	0.971704
125664	1	0.97171
125680	1	0.971716
125686	1	0.971722
125698	1	0.971728
125726	1	0.971733
125735	1	0.971739
125738	1	0.971745
125760	1	0.971751
125796	1	0.971757
125808	1	0.971762
125811	1	0.971768
125814	1	0.971774
125821	1	0.97178
125824	1	0.971786
125831	1	0.971791
125860	1	0.971797
125879	1	0.971803
125893	1	0.971809
125912	1	0.971815
125930	1	0.97182
125943	1	0.971826
125950	1	0.971832
125976	1	0.971838
125999	1	0.971844
126068	1	0.971849
126076	1	0.971855
126127	1	0.971861
126137	1	0.971867
126142	1	0.971873
126143	1	0.971878
126152	1	0.971884
126221	1	0.97189
126224	1	0.971896
126231	1	0.971902
126270	1	0.971907
126291	1	0.971913
126306	1	0.971919
126352	1	0.971925
126445	1	0.971931
126463	1	0.971936
126475	1	0.971942
126497	1	0.971948
126518	1	0.971954
126537	1	0.97196
126570	1	0.971965
126598	1	0.971971
126644	1	0.971977
126657	1	0.971983
126689	1	0.971989
126696	1	0.971994
126728	1	0.972
126779	1	0.972006
126796	1	0.972012
126830	1	0.972018
126841	2	0.972029
126851	1	0.972035
126856	1	0.972041
126865	1	0.972047
126875	1	0.972053
126910	1	0.972058
126997	1	0.972064
127010	1	0.97207
127026	1	0.972076
127043	1	0.972082
127093	1	0.972087
127102	1	0.972093
127113	1	0.972099
127119	2	0.972111
127170	1	0.972116
127177	1	0.972122
127191	1	0.972128
127208	1	0.972134
127213	1	0.97214
127214	1	0.972145
127261	1	0.972151
127278	1	0.972157
127293	1	0.972163
127301	1	0.972169
127309	1	0.972174
127315	1	0.97218
127319	1	0.972186
127337	1	0.972192
127343	1	0.972198
127350	1	0.972203
127354	1	0.972209
127361	1	0.972215
127367	1	0.972221
127372	1	0.972227
127378	1	0.972232
127391	1	0.972238
127408	1	0.972244
127456	2	0.972256
127458	1	0.972261
127459	1	0.972267
127478	1	0.972273
127490	1	0.972279
127495	1	0.972285
127497	1	0.97229
127502	1	0.972296
127508	1	0.972302
127511	1	0.972308
127515	1	0.972314
127519	1	0.972319
127531	1	0.972325
127549	1	0.972331
127557	1	0.972337
127562	1	0.972343
127564	1	0.972348
127569	1	0.972354
127570	1	0.97236
127579	1	0.972366
127587	1	0.972372
127593	1	0.972377
127596	1	0.972383
127600	1	0.972389
127603	1	0.972395
127605	1	0.972401
127617	1	0.972406
127622	1	0.972412
127630	1	0.972418
127631	1	0.972424
127638	1	0.97243
127642	2	0.972441
127658	1	0.972447
127674	1	0.972453
127678	1	0.972459
127682	1	0.972464
127686	1	0.97247
127694	1	0.972476
127697	1	0.972482
127698	1	0.972488
127702	1	0.972493
127710	1	0.972499
127714	1	0.972505
127725	1	0.972511
127729	1	0.972517
127737	1	0.972522
127741	1	0.972528
127745	1	0.972534
127749	1	0.97254
127754	1	0.972546
127758	1	0.972551
127763	1	0.972557
127767	1	0.972563
127771	2	0.972575
127774	1	0.97258
127781	1	0.972586
127795	1	0.972592
127799	1	0.972598
127804	1	0.972604
127815	1	0.972609
127819	1	0.972615
127823	1	0.972621
127832	1	0.972627
127837	1	0.972633
127853	1	0.972639
127869	1	0.972644
127916	1	0.97265
127940	1	0.972656
127968	1	0.972662
127976	1	0.972668
127996	1	0.972673
128004	1	0.972679
128009	1	0.972685
128035	1	0.972691
128052	1	0.972697
128057	1	0.972702
128066	1	0.972708
128074	1	0.972714
128088	1	0.97272
128094	1	0.972726
128101	1	0.972731
128107	1	0.972737
128114	1	0.972743
128117	3	0.97276
128126	1	0.972766
128134	1	0.972772
128138	1	0.972778
128140	1	0.972784
128144	1	0.972789
128154	1	0.972795
128161	1	0.972801
128162	1	0.972807
128167	1	0.972813
128174	1	0.972818
128178	1	0.972824
128189	1	0.97283
128191	1	0.972836
128194	1	0.972842
128201	1	0.972847
128205	1	0.972853
128213	1	0.972859
128223	1	0.972865
128231	1	0.972871
128237	1	0.972876
128244	1	0.972882
128251	1	0.972888
128259	1	0.972894
128270	1	0.9729
128276	1	0.972905
128278	1	0.972911
128287	1	0.972917
128307	1	0.972923
128321	1	0.972929
128325	1	0.972934
128332	1	0.97294
128341	1	0.972946
128347	1	0.972952
128348	1	0.972958
128355	1	0.972963
128364	1	0.972969
128374	1	0.972975
128411	1	0.972981
128432	1	0.972987
128446	1	0.972992
128472	1	0.972998
128500	1	0.973004
128506	1	0.97301
128507	1	0.973016
128513	1	0.973021
128546	1	0.973027
128547	1	0.973033
128556	1	0.973039
128559	2	0.97305
128564	1	0.973056
128569	1	0.973062
128572	1	0.973068
128578	1	0.973074
128585	1	0.973079
128587	2	0.973091
128591	1	0.973097
128614	1	0.973103
128626	1	0.973108
128646	1	0.973114
128652	1	0.97312
128659	1	0.973126
128663	1	0.973132
128668	1	0.973137
128678	1	0.973143
128680	1	0.973149
128703	2	0.973161
128712	1	0.973166
128714	1	0.973172
128719	1	0.973178
128734	1	0.973184
128759	1	0.97319
128768	1	0.973195
128780	1	0.973201
128800	1	0.973207
128815	1	0.973213
128852	1	0.973219
128881	1	0.973224
128897	1	0.97323
128932	1	0.973236
128936	1	0.973242
128940	1	0.973248
128944	1	0.973253
128960	1	0.973259
128969	1	0.973265
128974	1	0.973271
128978	1	0.973277
128995	1	0.973283
128998	1	0.973288
129003	1	0.973294
129024	1	0.9733
129038	1	0.973306
129045	1	0.973312
129049	1	0.973317
129109	1	0.973323
129125	1	0.973329
129129	1	0.973335
129138	1	0.973341
129146	1	0.973346
129154	1	0.973352
129158	1	0.973358
129169	1	0.973364
129176	1	0.97337
129181	1	0.973375
129187	1	0.973381
129190	1	0.973387
129192	1	0.973393
129196	1	0.973399
129199	1	0.973404
129203	1	0.97341
129206	1	0.973416
129227	1	0.973422
129233	1	0.973428
129235	2	0.973439
129237	1	0.973445
129239	1	0.973451
129252	1	0.973457
129257	1	0.973462
129265	1	0.973468
129273	1	0.973474
129285	1	0.97348
129294	1	0.973486
129297	1	0.973491
129303	1	0.973497
129311	1	0.973503
129316	1	0.973509
129331	1	0.973515
129340	1	0.97352
129347	1	0.973526
129349	1	0.973532
129356	1	0.973538
129360	1	0.973544
129364	1	0.973549
129370	1	0.973555
129375	1	0.973561
129378	1	0.973567
129397	1	0.973573
129400	2	0.973584
129420	1	0.97359
129438	1	0.973596
129453	1	0.973602
129457	1	0.973607
129458	1	0.973613
129462	1	0.973619
129477	1	0.973625
129489	1	0.973631
129495	1	0.973636
129502	1	0.973642
129508	1	0.973648
129515	1	0.973654
129519	1	0.97366
129555	1	0.973665
129579	1	0.973671
129583	1	0.973677
129586	1	0.973683
129588	1	0.973689
129594	1	0.973694
129599	1	0.9737
129601	2	0.973712
129604	1	0.973718
129611	1	0.973723
129632	1	0.973729
129640	1	0.973735
129645	1	0.973741
129648	3	0.973758
129654	1	0.973764
129680	1	0.97377
129684	2	0.973781
129686	1	0.973787
129720	1	0.973793
129728	1	0.973799
129732	1	0.973805
129740	2	0.973816
129801	2	0.973828
129804	1	0.973834
129807	1	0.973839
129811	1	0.973845
129825	1	0.973851
129829	1	0.973857
129843	1	0.973863
129858	1	0.973868
129866	1	0.973874
129877	1	0.97388
129935	1	0.973886
129940	1	0.973892
129941	1	0.973898
129945	1	0.973903
129963	1	0.973909
129994	1	0.973915
130058	1	0.973921
130065	1	0.973927
130076	1	0.973932
130089	1	0.973938
130094	1	0.973944
130098	1	0.97395
130122	1	0.973956
130129	1	0.973961
130133	1	0.973967
130140	1	0.973973
130154	1	0.973979
130157	1	0.973985
130160	1	0.97399
130163	1	0.973996
130166	1	0.974002
130169	1	0.974008
130192	1	0.974014
130228	1	0.974019
130257	1	0.974025
130281	1	0.974031
130294	1	0.974037
130310	1	0.974043
130316	1	0.974048
130322	1	0.974054
130334	1	0.97406
130339	1	0.974066
130340	1	0.974072
130345	1	0.974077
130348	1	0.974083
130367	1	0.974089
130368	1	0.974095
130401	1	0.974101
130403	1	0.974106
130412	1	0.974112
130424	1	0.974118
130427	1	0.974124
130430	2	0.974135
130439	1	0.974141
130480	1	0.974147
130523	1	0.974153
130532	1	0.974159
130545	1	0.974164
130552	1	0.97417
130559	1	0.974176
130564	1	0.974182
130575	1	0.974188
130580	1	0.974193
130585	1	0.974199
130590	1	0.974205
130593	1	0.974211
130599	1	0.974217
130601	1	0.974222
130604	2	0.974234
130617	1	0.97424
130621	1	0.974246
130626	1	0.974251
130627	1	0.974257
130635	1	0.974263
130642	1	0.974269
130652	1	0.974275
130669	1	0.97428
130674	1	0.974286
130676	1	0.974292
130681	1	0.974298
130698	1	0.974304
130699	1	0.974309
130710	1	0.974315
130722	1	0.974321
130727	1	0.974327
130733	1	0.974333
130738	1	0.974338
130756	1	0.974344
130764	1	0.97435
130767	1	0.974356
130772	1	0.974362
130782	1	0.974367
130799	1	0.974373
130814	1	0.974379
130817	1	0.974385
130844	1	0.974391
130862	1	0.974396
130877	1	0.974402
130883	1	0.974408
130890	1	0.974414
130908	1	0.97442
130920	1	0.974425
130934	1	0.974431
130940	1	0.974437
130946	1	0.974443
130958	1	0.974449
130962	1	0.974454
130981	1	0.97446
130992	1	0.974466
130999	1	0.974472
131007	1	0.974478
131019	1	0.974483
131055	1	0.974489
131079	1	0.974495
131083	1	0.974501
131089	1	0.974507
131104	1	0.974513
131107	1	0.974518
131131	1	0.974524
131135	1	0.97453
131141	1	0.974536
131146	1	0.974542
131153	1	0.974547
131169	1	0.974553
131175	1	0.974559
131181	1	0.974565
131194	1	0.974571
131218	1	0.974576
131253	1	0.974582
131258	1	0.974588
131259	1	0.974594
131266	1	0.9746
131274	1	0.974605
131279	1	0.974611
131290	1	0.974617
131293	1	0.974623
131306	1	0.974629
131316	1	0.974634
131317	2	0.974646
131326	1	0.974652
131331	1	0.974658
131344	1	0.974663
131350	1	0.974669
131355	1	0.974675
131367	1	0.974681
131368	1	0.974687
131375	1	0.974692
131376	1	0.974698
131386	1	0.974704
131399	1	0.97471
131409	1	0.974716
131418	1	0.974721
131432	2	0.974733
131438	1	0.974739
131470	1	0.974745
131487	1	0.97475
131493	1	0.974756
131524	1	0.974762
131532	1	0.974768
131534	1	0.974774
131559	1	0.974779
131621	1	0.974785
131638	1	0.974791
131643	1	0.974797
131651	1	0.974803
131671	1	0.974808
131713	1	0.974814
131732	1	0.97482
131738	1	0.974826
131756	1	0.974832
131765	1	0.974837
131768	1	0.974843
131771	1	0.974849
131775	2	0.974861
131781	1	0.974866
131784	1	0.974872
131790	1	0.974878
131798	1	0.974884
131802	1	0.97489
131813	1	0.974895
131814	1	0.974901
131816	1	0.974907
131820	1	0.974913
131827	1	0.974919
131831	1	0.974924
131845	1	0.97493
131851	1	0.974936
131855	1	0.974942
131859	1	0.974948
131868	1	0.974953
131872	1	0.974959
131883	1	0.974965
131896	1	0.974971
131909	1	0.974977
131917	1	0.974982
131925	1	0.974988
131945	1	0.974994
131950	1	0.975
132043	1	0.975006
132051	1	0.975011
132063	1	0.975017
132071	1	0.975023
132075	1	0.975029
132099	3	0.975046
132103	1	0.975052
132106	1	0.975058
132116	1	0.975064
132146	1	0.975069
132155	1	0.975075
132165	1	0.975081
132172	1	0.975087
132184	1	0.975093
132242	1	0.975098
132248	1	0.975104
132259	1	0.97511
132275	1	0.975116
132283	1	0.975122
132299	1	0.975127
132300	1	0.975133
132308	1	0.975139
132313	1	0.975145
132319	1	0.975151
132325	1	0.975157
132347	1	0.975162
132390	1	0.975168
132392	1	0.975174
132393	1	0.97518
132399	1	0.975186
132400	1	0.975191
132407	1	0.975197
132426	1	0.975203
132458	1	0.975209
132462	1	0.975215
132470	1	0.97522
132486	1	0.975226
132492	1	0.975232
132519	1	0.975238
132527	1	0.975244
132542	1	0.975249
132545	2	0.975261
132557	1	0.975267
132599	1	0.975273
132607	1	0.975278
132616	1	0.975284
132640	2	0.975296
132655	1	0.975302
132709	1	0.975307
132721	1	0.975313
132728	1	0.975319
132745	1	0.975325
132755	1	0.975331
132772	1	0.975336
132776	1	0.975342
132786	1	0.975348
132790	1	0.975354
132792	1	0.97536
132794	1	0.975365
132797	1	0.975371
132802	1	0.975377
132803	1	0.975383
132806	1	0.975389
132808	1	0.975394
132811	1	0.9754
132816	1	0.975406
132829	1	0.975412
132892	1	0.975418
132899	1	0.975423
132903	1	0.975429
132905	1	0.975435
132912	1	0.975441
132920	1	0.975447
132939	1	0.975452
132947	1	0.975458
132951	1	0.975464
132980	1	0.97547
132985	1	0.975476
132989	1	0.975481
133000	1	0.975487
133004	1	0.975493
133010	1	0.975499
133012	1	0.975505
133017	1	0.97551
133022	1	0.975516
133030	1	0.975522
133039	1	0.975528
133040	1	0.975534
133050	1	0.975539
133060	1	0.975545
133067	1	0.975551
133093	1	0.975557
133099	1	0.975563
133126	1	0.975568
133130	1	0.975574
133135	1	0.97558
133157	1	0.975586
133174	1	0.975592
133177	2	0.975603
133186	1	0.975609
133196	1	0.975615
133201	1	0.975621
133212	1	0.975626
133216	1	0.975632
133228	1	0.975638
133234	1	0.975644
133251	1	0.97565
133311	1	0.975655
133313	1	0.975661
133315	1	0.975667
133319	1	0.975673
133336	1	0.975679
133351	1	0.975684
133366	1	0.97569
133369	1	0.975696
133377	1	0.975702
133383	1	0.975708
133389	1	0.975713
133405	1	0.975719
133412	2	0.975731
133416	1	0.975737
133421	1	0.975742
133428	1	0.975748
133442	1	0.975754
133450	1	0.97576
133484	1	0.975766
133513	1	0.975772
133520	1	0.975777
133554	1	0.975783
133564	1	0.975789
133568	1	0.975795
133569	1	0.975801
133572	1	0.975806
133579	1	0.975812
133599	1	0.975818
133600	1	0.975824
133601	1	0.97583
133604	1	0.975835
133609	1	0.975841
133610	1	0.975847
133611	1	0.975853
133615	1	0.975859
133617	2	0.97587
133622	1	0.975876
133625	1	0.975882
133626	2	0.975893
133627	1	0.975899
133632	1	0.975905
133634	1	0.975911
133635	2	0.975922
133637	1	0.975928
133648	1	0.975934
133666	1	0.97594
133705	2	0.975951
133709	1	0.975957
133717	1	0.975963
133721	1	0.975969
133732	1	0.975975
133739	1	0.97598
133743	1	0.975986
133750	1	0.975992
133765	1	0.975998
133796	1	0.976004
133820	1	0.976009
133890	1	0.976015
133909	1	0.976021
133912	1	0.976027
133934	1	0.976033
133938	1	0.976038
133952	1	0.976044
133954	1	0.97605
133960	1	0.976056
133966	1	0.976062
133970	1	0.976067
133975	1	0.976073
133986	1	0.976079
134000	1	0.976085
134004	1	0.976091
134008	1	0.976096
134010	1	0.976102
134011	1	0.976108
134018	1	0.976114
134023	2	0.976125
134028	1	0.976131
134029	1	0.976137
134034	1	0.976143
134039	1	0.976149
134040	1	0.976154
134047	1	0.97616
134053	1	0.976166
134054	1	0.976172
134057	1	0.976178
134065	1	0.976183
134072	1	0.976189
134073	1	0.976195
134074	1	0.976201
134079	1	0.976207
134107	1	0.976212
134109	1	0.976218
134112	1	0.976224
134126	1	0.97623
134134	1	0.976236
134155	1	0.976241
134156	1	0.976247
134164	1	0.976253
134169	1	0.976259
134176	1	0.976265
134192	1	0.97627
134240	1	0.976276
134243	1	0.976282
134261	1	0.976288
134287	1	0.976294
134305	1	0.976299
134309	1	0.976305
134318	1	0.976311
134324	1	0.976317
134341	1	0.976323
134344	1	0.976328
134353	1	0.976334
134379	1	0.97634
134387	1	0.976346
134405	1	0.976352
134409	1	0.976357
134418	1	0.976363
134438	1	0.976369
134449	1	0.976375
134452	1	0.976381
134456	1	0.976386
134464	1	0.976392
134470	1	0.976398
134483	2	0.97641
134492	1	0.976416
134501	1	0.976421
134506	1	0.976427
134550	1	0.976433
134560	1	0.976439
134564	1	0.976445
134585	1	0.97645
134593	1	0.976456
134627	1	0.976462
134631	1	0.976468
134637	1	0.976474
134639	1	0.976479
134643	1	0.976485
134650	1	0.976491
134662	1	0.976497
134667	2	0.976508
134674	1	0.976514
134698	1	0.97652
134703	1	0.976526
134710	1	0.976532
134718	1	0.976537
134726	1	0.976543
134743	1	0.976549
134777	1	0.976555
134791	1	0.976561
134793	1	0.976566
134796	1	0.976572
134833	1	0.976578
134852	1	0.976584
134854	1	0.97659
134857	1	0.976595
134859	1	0.976601
134870	1	0.976607
134874	1	0.976613
134888	1	0.976619
134892	1	0.976624
134897	1	0.97663
134904	1	0.976636
134911	1	0.976642
134916	1	0.976648
134923	1	0.976653
134926	1	0.976659
134928	1	0.976665
134933	1	0.976671
134945	1	0.976677
134982	1	0.976682
134986	1	0.976688
134990	1	0.976694
134995	1	0.9767
134996	1	0.976706
135006	1	0.976711
135010	1	0.976717
135060	1	0.976723
135062	1	0.976729
135075	1	0.976735
135085	2	0.976746
135089	1	0.976752
135093	1	0.976758
135100	1	0.976764
135102	1	0.976769
135108	1	0.976775
135111	1	0.976781
135115	1	0.976787
135125	1	0.976793
135140	1	0.976798
135146	1	0.976804
135151	1	0.97681
135163	1	0.976816
135168	1	0.976822
135180	1	0.976827
135206	2	0.976839
135211	1	0.976845
135218	1	0.976851
135224	1	0.976856
135253	1	0.976862
135270	1	0.976868
135271	1	0.976874
135293	1	0.97688
135307	1	0.976885
135351	1	0.976891
135353	3	0.976909
135357	1	0.976914
135367	1	0.97692
135377	1	0.976926
135385	1	0.976932
135403	1	0.976938
135416	1	0.976943
135422	1	0.976949
135447	1	0.976955
135451	1	0.976961
135461	1	0.976967
135481	1	0.976972
135484	1	0.976978
135491	1	0.976984
135532	1	0.97699
135533	1	0.976996
135536	1	0.977001
135539	1	0.977007
135567	1	0.977013
135591	1	0.977019
135594	1	0.977025
135670	1	0.977031
135682	1	0.977036
135700	1	0.977042
135733	1	0.977048
135777	1	0.977054
135793	1	0.97706
135818	1	0.977065
135839	1	0.977071
135840	1	0.977077
135856	1	0.977083
135865	1	0.977089
135881	1	0.977094
135887	1	0.9771
135909	1	0.977106
135912	1	0.977112
135921	2	0.977123
135922	1	0.977129
135931	1	0.977135
135952	1	0.977141
135956	1	0.977147
135967	1	0.977152
135986	1	0.977158
135987	1	0.977164
136001	1	0.97717
136009	1	0.977176
136014	1	0.977181
136024	1	0.977187
136053	1	0.977193
136073	1	0.977199
136104	1	0.977205
136120	1	0.97721
136143	1	0.977216
136153	2	0.977228
136183	1	0.977234
136188	1	0.977239
136206	1	0.977245
136212	1	0.977251
136220	1	0.977257
136221	1	0.977263
136225	1	0.977268
136229	2	0.97728
136243	1	0.977286
136274	1	0.977292
136278	1	0.977297
136280	1	0.977303
136385	1	0.977309
136392	1	0.977315
136393	1	0.977321
136398	1	0.977326
136402	1	0.977332
136408	1	0.977338
136425	1	0.977344
136435	1	0.97735
136440	1	0.977355
136445	1	0.977361
136450	1	0.977367
136455	1	0.977373
136459	1	0.977379
136482	1	0.977384
136498	2	0.977396
136502	1	0.977402
136517	1	0.977408
136526	1	0.977413
136551	1	0.977419
136573	2	0.977431
136600	1	0.977437
136612	1	0.977442
136614	1	0.977448
136621	1	0.977454
136622	1	0.97746
136638	1	0.977466
136648	1	0.977471
136657	1	0.977477
136660	1	0.977483
136662	1	0.977489
136667	1	0.977495
136670	1	0.9775
136680	1	0.977506
136688	1	0.977512
136699	1	0.977518
136774	1	0.977524
136780	1	0.977529
136782	1	0.977535
136786	1	0.977541
136788	1	0.977547
136805	1	0.977553
136839	1	0.977558
136844	1	0.977564
136848	1	0.97757
136862	1	0.977576
136888	1	0.977582
136890	1	0.977587
136892	1	0.977593
136895	1	0.977599
136901	1	0.977605
136908	1	0.977611
136912	1	0.977616
136913	1	0.977622
136922	1	0.977628
136927	1	0.977634
136938	1	0.97764
136942	1	0.977645
136962	1	0.977651
136963	1	0.977657
136972	1	0.977663
136974	1	0.977669
136987	1	0.977675
136993	1	0.97768
137006	1	0.977686
137042	1	0.977692
137049	1	0.977698
137050	1	0.977704
137061	1	0.977709
137074	1	0.977715
137078	1	0.977721
137087	1	0.977727
137095	1	0.977733
137102	1	0.977738
137124	1	0.977744
137153	1	0.97775
137161	1	0.977756
137167	1	0.977762
137169	1	0.977767
137183	1	0.977773
137192	1	0.977779
137202	1	0.977785
137238	1	0.977791
137267	1	0.977796
137278	1	0.977802
137294	1	0.977808
137316	1	0.977814
137333	1	0.97782
137352	1	0.977825
137375	1	0.977831
137389	1	0.977837
137437	1	0.977843
137456	1	0.977849
137467	1	0.977854
137484	1	0.97786
137488	1	0.977866
137503	1	0.977872
137549	1	0.977878
137554	1	0.977883
137558	1	0.977889
137612	1	0.977895
137622	1	0.977901
137646	1	0.977907
137672	1	0.977912
137694	1	0.977918
137717	1	0.977924
137724	1	0.97793
137737	1	0.977936
137744	1	0.977941
137750	1	0.977947
137756	1	0.977953
137762	1	0.977959
137770	1	0.977965
137785	1	0.97797
137793	1	0.977976
137799	1	0.977982
137839	1	0.977988
137850	1	0.977994
137856	1	0.977999
137873	1	0.978005
137879	1	0.978011
137880	1	0.978017
137890	1	0.978023
137900	1	0.978028
137904	1	0.978034
137908	1	0.97804
137938	1	0.978046
137953	1	0.978052
137974	1	0.978057
137975	1	0.978063
137996	1	0.978069
137997	1	0.978075
138021	1	0.978081
138041	1	0.978086
138056	1	0.978092
138059	1	0.978098
138068	1	0.978104
138076	1	0.97811
138089	1	0.978115
138104	1	0.978121
138113	1	0.978127
138118	1	0.978133
138151	1	0.978139
138170	1	0.978144
138173	1	0.97815
138176	1	0.978156
138196	1	0.978162
138217	2	0.978173
138230	1	0.978179
138274	1	0.978185
138279	1	0.978191
138369	1	0.978197
138386	1	0.978202
138397	1	0.978208
138406	1	0.978214
138423	1	0.97822
138430	1	0.978226
138437	1	0.978231
138445	1	0.978237
138449	1	0.978243
138454	1	0.978249
138460	1	0.978255
138474	1	0.97826
138478	1	0.978266
138484	1	0.978272
138523	1	0.978278
138534	1	0.978284
138542	1	0.97829
138563	1	0.978295
138569	1	0.978301
138593	1	0.978307
138607	1	0.978313
138614	1	0.978319
138622	1	0.978324
138624	1	0.97833
138631	1	0.978336
138633	1	0.978342
138650	1	0.978348
138666	1	0.978353
138681	1	0.978359
138685	1	0.978365
138695	1	0.978371
138708	1	0.978377
138724	1	0.978382
138746	1	0.978388
138752	1	0.978394
138801	1	0.9784
138834	1	0.978406
138858	2	0.978417
138861	1	0.978423
138877	1	0.978429
138921	1	0.978435
138950	1	0.97844
138972	1	0.978446
138978	1	0.978452
139050	1	0.978458
139058	1	0.978464
139080	1	0.978469
139089	1	0.978475
139094	1	0.978481
139107	1	0.978487
139121	1	0.978493
139139	1	0.978498
139145	1	0.978504
139153	1	0.97851
139192	1	0.978516
139205	1	0.978522
139208	1	0.978527
139238	1	0.978533
139247	1	0.978539
139257	1	0.978545
139273	1	0.978551
139306	1	0.978556
139323	1	0.978562
139366	1	0.978568
139374	1	0.978574
139388	1	0.97858
139393	1	0.978585
139394	1	0.978591
139402	1	0.978597
139411	1	0.978603
139438	1	0.978609
139449	1	0.978614
139454	1	0.97862
139464	1	0.978626
139481	1	0.978632
139491	1	0.978638
139495	1	0.978643
139502	1	0.978649
139518	1	0.978655
139522	1	0.978661
139546	1	0.978667
139552	1	0.978672
139569	1	0.978678
139573	1	0.978684
139575	1	0.97869
139589	1	0.978696
139608	1	0.978701
139627	1	0.978707
139635	1	0.978713
139642	1	0.978719
139659	1	0.978725
139675	1	0.97873
139695	1	0.978736
139698	1	0.978742
139700	1	0.978748
139715	2	0.978759
139724	1	0.978765
139732	1	0.978771
139747	1	0.978777
139754	1	0.978783
139760	1	0.978788
139794	1	0.978794
139811	1	0.9788
139815	1	0.978806
139844	1	0.978812
139866	1	0.978817
139881	1	0.978823
139882	1	0.978829
139885	1	0.978835
139895	1	0.978841
139902	1	0.978846
139907	1	0.978852
139911	1	0.978858
139915	1	0.978864
139925	1	0.97887
139933	1	0.978875
139939	1	0.978881
139953	1	0.978887
139960	1	0.978893
139993	1	0.978899
139995	1	0.978904
140030	1	0.97891
140061	1	0.978916
140071	1	0.978922
140096	1	0.978928
140101	1	0.978934
140106	1	0.978939
140115	1	0.978945
140119	1	0.978951
140144	1	0.978957
140146	1	0.978963
140165	1	0.978968
140204	1	0.978974
140207	1	0.97898
140208	1	0.978986
140210	1	0.978992
140212	1	0.978997
140217	1	0.979003
140239	1	0.979009
140253	1	0.979015
140258	1	0.979021
140267	1	0.979026
140288	1	0.979032
140293	1	0.979038
140296	1	0.979044
140305	1	0.97905
140307	1	0.979055
140311	1	0.979061
140316	1	0.979067
140318	1	0.979073
140321	1	0.979079
140322	1	0.979084
140328	1	0.97909
140352	1	0.979096
140362	1	0.979102
140378	1	0.979108
140385	1	0.979113
140391	1	0.979119
140398	1	0.979125
140405	1	0.979131
140413	1	0.979137
140418	1	0.979142
140424	1	0.979148
140457	1	0.979154
140465	1	0.97916
140470	1	0.979166
140503	1	0.979171
140508	1	0.979177
140547	2	0.979189
140563	1	0.979195
140573	1	0.9792
140577	1	0.979206
140589	1	0.979212
140594	1	0.979218
140603	1	0.979224
140607	1	0.979229
140614	1	0.979235
140618	1	0.979241
140626	1	0.979247
140647	1	0.979253
140651	1	0.979258
140657	1	0.979264
140665	1	0.97927
140672	1	0.979276
140676	1	0.979282
140680	1	0.979287
140693	1	0.979293
140695	1	0.979299
140698	2	0.979311
140702	1	0.979316
140708	1	0.979322
140710	1	0.979328
140715	1	0.979334
140718	2	0.979345
140722	1	0.979351
140724	1	0.979357
140736	2	0.979369
140737	4	0.979392
140747	2	0.979403
140749	1	0.979409
140753	1	0.979415
140762	1	0.979421
140766	1	0.979427
140770	1	0.979432
140774	2	0.979444
140778	1	0.97945
140782	1	0.979456
140792	1	0.979461
140796	1	0.979467
140813	1	0.979473
140833	1	0.979479
140839	1	0.979485
140847	1	0.97949
140852	1	0.979496
140858	1	0.979502
140863	1	0.979508
140867	1	0.979514
140880	1	0.979519
140886	1	0.979525
140900	1	0.979531
140960	1	0.979537
140963	1	0.979543
140967	1	0.979549
140970	1	0.979554
140977	1	0.97956
140994	1	0.979566
141017	1	0.979572
141030	1	0.979578
141034	1	0.979583
141037	1	0.979589
141046	1	0.979595
141052	1	0.979601
141064	1	0.979607
141071	1	0.979612
141078	1	0.979618
141095	2	0.97963
141112	1	0.979636
141121	1	0.979641
141145	1	0.979647
141148	1	0.979653
141158	1	0.979659
141166	1	0.979665
141205	1	0.97967
141231	1	0.979676
141237	1	0.979682
141243	1	0.979688
141250	1	0.979694
141262	1	0.979699
141265	1	0.979705
141268	1	0.979711
141283	1	0.979717
141287	1	0.979723
141289	1	0.979728
141297	1	0.979734
141312	1	0.97974
141331	1	0.979746
141336	1	0.979752
141340	1	0.979757
141345	1	0.979763
141351	1	0.979769
141361	1	0.979775
141374	1	0.979781
141399	1	0.979786
141407	1	0.979792
141413	1	0.979798
141421	1	0.979804
141429	1	0.97981
141442	1	0.979815
141449	1	0.979821
141453	1	0.979827
141462	1	0.979833
141468	1	0.979839
141475	1	0.979844
141486	1	0.97985
141507	1	0.979856
141531	1	0.979862
141545	1	0.979868
141566	1	0.979873
141571	1	0.979879
141582	1	0.979885
141585	1	0.979891
141590	1	0.979897
141614	1	0.979902
141618	1	0.979908
141624	1	0.979914
141632	1	0.97992
141639	1	0.979926
141652	1	0.979931
141715	1	0.979937
141728	1	0.979943
141778	1	0.979949
141781	1	0.979955
141785	1	0.97996
141794	1	0.979966
141857	1	0.979972
141883	1	0.979978
141892	1	0.979984
141905	1	0.979989
141908	1	0.979995
141917	1	0.980001
141925	1	0.980007
141934	1	0.980013
141935	1	0.980018
141938	1	0.980024
141944	1	0.98003
141954	1	0.980036
141965	1	0.980042
141972	1	0.980047
141983	1	0.980053
141993	1	0.980059
142011	1	0.980065
142023	1	0.980071
142036	1	0.980076
142040	1	0.980082
142050	1	0.980088
142055	1	0.980094
142060	1	0.9801
142071	1	0.980105
142128	1	0.980111
142131	1	0.980117
142133	1	0.980123
142138	1	0.980129
142145	1	0.980134
142180	1	0.98014
142192	1	0.980146
142204	1	0.980152
142212	1	0.980158
142213	1	0.980163
142214	1	0.980169
142218	2	0.980181
142224	1	0.980187
142235	1	0.980193
142254	1	0.980198
142263	1	0.980204
142270	1	0.98021
142295	1	0.980216
142301	1	0.980222
142316	1	0.980227
142330	1	0.980233
142336	1	0.980239
142342	1	0.980245
142350	1	0.980251
142359	1	0.980256
142376	1	0.980262
142382	1	0.980268
142390	1	0.980274
142394	1	0.98028
142401	1	0.980285
142411	1	0.980291
142414	1	0.980297
142425	1	0.980303
142468	1	0.980309
142472	1	0.980314
142512	1	0.98032
142538	1	0.980326
142547	1	0.980332
142571	1	0.980338
142582	1	0.980343
142587	1	0.980349
142596	1	0.980355
142616	1	0.980361
142618	1	0.980367
142629	1	0.980372
142632	1	0.980378
142635	1	0.980384
142641	1	0.98039
142654	1	0.980396
142657	1	0.980401
142667	1	0.980407
142696	1	0.980413
142704	1	0.980419
142708	1	0.980425
142731	1	0.98043
142736	1	0.980436
142753	1	0.980442
142783	1	0.980448
142791	1	0.980454
142798	1	0.980459
142806	1	0.980465
142811	1	0.980471
142814	1	0.980477
142839	1	0.980483
142864	1	0.980488
142883	1	0.980494
142906	1	0.9805
142912	1	0.980506
142915	1	0.980512
142937	2	0.980523
142951	1	0.980529
142961	1	0.980535
142962	1	0.980541
142964	1	0.980546
142971	1	0.980552
142974	1	0.980558
142988	1	0.980564
142996	1	0.98057
143007	1	0.980575
143015	1	0.980581
143016	1	0.980587
143019	1	0.980593
143024	1	0.980599
143029	1	0.980604
143033	1	0.98061
143042	1	0.980616
143043	1	0.980622
143053	1	0.980628
143069	1	0.980633
143081	1	0.980639
143088	1	0.980645
143100	1	0.980651
143130	1	0.980657
143136	1	0.980662
143149	1	0.980668
143154	1	0.980674
143161	1	0.98068
143177	1	0.980686
143191	1	0.980691
143205	1	0.980697
143209	1	0.980703
143228	1	0.980709
143238	1	0.980715
143244	1	0.98072
143261	1	0.980726
143268	1	0.980732
143280	1	0.980738
143291	1	0.980744
143293	1	0.980749
143314	1	0.980755
143321	1	0.980761
143326	1	0.980767
143333	1	0.980773
143338	1	0.980778
143343	1	0.980784
143373	1	0.98079
143382	1	0.980796
143395	1	0.980802
143397	1	0.980808
143401	1	0.980813
143403	1	0.980819
143417	1	0.980825
143418	2	0.980837
143424	1	0.980842
143434	1	0.980848
143491	1	0.980854
143515	1	0.98086
143521	1	0.980866
143527	1	0.980871
143535	1	0.980877
143543	1	0.980883
143558	1	0.980889
143567	1	0.980895
143582	1	0.9809
143588	1	0.980906
143611	1	0.980912
143616	1	0.980918
143622	1	0.980924
143631	1	0.980929
143632	1	0.980935
143633	2	0.980947
143637	1	0.980953
143639	1	0.980958
143646	1	0.980964
143654	1	0.98097
143661	1	0.980976
143669	1	0.980982
143675	1	0.980987
143687	2	0.980999
143691	1	0.981005
143694	1	0.981011
143708	1	0.981016
143721	1	0.981022
143724	1	0.981028
143731	2	0.98104
143738	1	0.981045
143752	1	0.981051
143773	1	0.981057
143779	1	0.981063
143787	1	0.981069
143792	1	0.981074
143794	1	0.98108
143797	1	0.981086
143803	1	0.981092
143810	1	0.981098
143817	1	0.981103
143823	2	0.981115
143834	1	0.981121
143842	1	0.981127
143848	1	0.981132
143865	1	0.981138
143891	1	0.981144
143894	1	0.98115
143898	1	0.981156
143910	1	0.981161
143923	1	0.981167
143948	1	0.981173
143953	1	0.981179
143959	1	0.981185
143965	1	0.98119
143971	1	0.981196
143981	1	0.981202
143995	1	0.981208
144001	1	0.981214
144008	1	0.981219
144015	1	0.981225
144024	1	0.981231
144028	1	0.981237
144046	1	0.981243
144064	1	0.981248
144088	1	0.981254
144107	1	0.98126
144112	1	0.981266
144119	1	0.981272
144130	1	0.981277
144155	1	0.981283
144157	1	0.981289
144164	1	0.981295
144170	1	0.981301
144175	1	0.981306
144181	1	0.981312
144203	1	0.981318
144211	1	0.981324
144251	1	0.98133
144258	1	0.981335
144265	1	0.981341
144283	1	0.981347
144314	1	0.981353
144320	1	0.981359
144338	1	0.981364
144347	1	0.98137
144355	1	0.981376
144360	1	0.981382
144379	1	0.981388
144386	1	0.981393
144392	1	0.981399
144400	1	0.981405
144401	1	0.981411
144404	1	0.981417
144406	1	0.981422
144408	1	0.981428
144414	1	0.981434
144417	1	0.98144
144421	1	0.981446
144425	1	0.981452
144428	1	0.981457
144429	1	0.981463
144437	1	0.981469
144439	1	0.981475
144511	1	0.981481
144519	1	0.981486
144522	1	0.981492
144530	1	0.981498
144542	1	0.981504
144574	1	0.98151
144575	2	0.981521
144578	1	0.981527
144586	1	0.981533
144596	1	0.981539
144601	1	0.981544
144602	1	0.98155
144610	1	0.981556
144617	1	0.981562
144623	1	0.981568
144635	1	0.981573
144636	1	0.981579
144638	1	0.981585
144648	1	0.981591
144659	1	0.981597
144665	2	0.981608
144667	1	0.981614
144669	1	0.98162
144672	1	0.981626
144679	1	0.981631
144680	1	0.981637
144687	1	0.981643
144689	1	0.981649
144690	1	0.981655
144691	2	0.981666
144700	1	0.981672
144704	1	0.981678
144705	1	0.981684
144716	1	0.981689
144734	1	0.981695
144740	1	0.981701
144743	1	0.981707
144756	2	0.981718
144757	1	0.981724
144764	2	0.981736
144789	1	0.981742
144801	1	0.981747
144806	1	0.981753
144810	1	0.981759
144817	1	0.981765
144834	1	0.981771
144856	1	0.981776
144865	2	0.981788
144869	1	0.981794
144872	1	0.9818
144876	1	0.981805
144889	1	0.981811
144956	1	0.981817
144958	1	0.981823
144965	1	0.981829
144969	1	0.981834
144976	1	0.98184
144983	1	0.981846
144988	1	0.981852
144995	1	0.981858
145001	1	0.981863
145011	1	0.981869
145021	1	0.981875
145035	1	0.981881
145037	1	0.981887
145049	1	0.981892
145053	1	0.981898
145068	1	0.981904
145072	1	0.98191
145081	1	0.981916
145091	1	0.981921
145112	1	0.981927
145139	1	0.981933
145158	1	0.981939
145193	1	0.981945
145226	1	0.98195
145241	1	0.981956
145254	1	0.981962
145267	1	0.981968
145273	1	0.981974
145279	1	0.981979
145286	1	0.981985
145291	1	0.981991
145307	1	0.981997
145319	1	0.982003
145326	1	0.982008
145331	1	0.982014
145338	1	0.98202
145348	1	0.982026
145356	1	0.982032
145377	1	0.982037
145421	1	0.982043
145427	1	0.982049
145437	1	0.982055
145444	1	0.982061
145462	1	0.982067
145471	1	0.982072
145474	1	0.982078
145493	1	0.982084
145500	1	0.98209
145503	1	0.982096
145508	1	0.982101
145516	1	0.982107
145521	1	0.982113
145524	1	0.982119
145525	1	0.982125
145526	1	0.98213
145530	2	0.982142
145536	1	0.982148
145539	1	0.982154
145542	1	0.982159
145563	1	0.982165
145593	1	0.982171
145600	1	0.982177
145619	1	0.982183
145643	1	0.982188
145662	1	0.982194
145669	1	0.9822
145676	1	0.982206
145684	1	0.982212
145685	1	0.982217
145700	1	0.982223
145711	1	0.982229
145717	1	0.982235
145724	1	0.982241
145730	1	0.982246
145750	1	0.982252
145758	1	0.982258
145765	1	0.982264
145771	1	0.98227
145780	1	0.982275
145790	1	0.982281
145799	1	0.982287
145807	1	0.982293
145811	1	0.982299
145820	2	0.98231
145829	1	0.982316
145837	1	0.982322
145840	1	0.982328
145845	1	0.982333
145854	1	0.982339
145858	1	0.982345
145860	2	0.982357
145871	1	0.982362
145881	1	0.982368
145904	1	0.982374
145907	1	0.98238
145924	1	0.982386
145939	1	0.982391
145972	1	0.982397
145996	2	0.982409
146003	1	0.982415
146010	1	0.98242
146018	1	0.982426
146025	2	0.982438
146037	1	0.982444
146046	1	0.982449
146064	1	0.982455
146072	1	0.982461
146077	1	0.982467
146085	2	0.982478
146086	1	0.982484
146092	1	0.98249
146116	1	0.982496
146122	1	0.982502
146127	1	0.982507
146134	1	0.982513
146137	1	0.982519
146149	1	0.982525
146155	2	0.982536
146169	2	0.982548
146175	1	0.982554
146180	1	0.98256
146186	1	0.982565
146187	1	0.982571
146203	1	0.982577
146215	1	0.982583
146217	1	0.982589
146221	1	0.982594
146231	1	0.9826
146255	1	0.982606
146262	1	0.982612
146286	1	0.982618
146292	1	0.982623
146311	1	0.982629
146317	1	0.982635
146321	1	0.982641
146326	1	0.982647
146331	1	0.982652
146332	1	0.982658
146336	1	0.982664
146348	1	0.98267
146350	1	0.982676
146360	1	0.982681
146363	1	0.982687
146374	2	0.982699
146376	1	0.982705
146379	1	0.982711
146383	1	0.982716
146393	1	0.982722
146406	1	0.982728
146430	1	0.982734
146437	2	0.982745
146442	1	0.982751
146446	1	0.982757
146484	1	0.982763
146500	1	0.982769
146521	1	0.982774
146532	1	0.98278
146541	1	0.982786
146549	1	0.982792
146561	1	0.982798
146589	1	0.982803
146599	1	0.982809
146605	1	0.982815
146628	1	0.982821
146630	1	0.982827
146631	1	0.982832
146635	1	0.982838
146640	1	0.982844
146650	1	0.98285
146670	1	0.982856
146676	1	0.982861
146679	1	0.982867
146755	1	0.982873
146769	1	0.982879
146781	1	0.982885
146846	1	0.98289
146853	1	0.982896
146877	1	0.982902
146886	1	0.982908
146888	1	0.982914
146894	1	0.982919
146907	1	0.982925
146912	1	0.982931
146924	1	0.982937
146932	1	0.982943
146937	1	0.982948
146953	1	0.982954
146967	1	0.98296
146973	1	0.982966
146978	1	0.982972
146986	1	0.982977
146991	1	0.982983
146996	1	0.982989
146999	1	0.982995
147006	1	0.983001
147011	1	0.983006
147012	1	0.983012
147017	1	0.983018
147023	1	0.983024
147028	1	0.98303
147049	1	0.983035
147057	1	0.983041
147062	1	0.983047
147069	1	0.983053
147071	1	0.983059
147073	1	0.983064
147081	1	0.98307
147082	1	0.983076
147088	1	0.983082
147089	1	0.983088
147093	1	0.983093
147095	2	0.983105
147100	1	0.983111
147103	2	0.983122
147109	1	0.983128
147110	1	0.983134
147112	1	0.98314
147115	1	0.983146
147128	1	0.983151
147136	1	0.983157
147139	1	0.983163
147142	2	0.983175
147145	1	0.98318
147148	1	0.983186
147185	1	0.983192
147196	1	0.983198
147197	1	0.983204
147205	1	0.983209
147210	1	0.983215
147218	1	0.983221
147225	1	0.983227
147228	1	0.983233
147233	1	0.983238
147236	1	0.983244
147238	1	0.98325
147246	1	0.983256
147252	1	0.983262
147282	1	0.983267
147285	1	0.983273
147294	1	0.983279
147300	1	0.983285
147301	1	0.983291
147303	1	0.983296
147307	1	0.983302
147368	1	0.983308
147377	1	0.983314
147385	1	0.98332
147388	1	0.983326
147390	1	0.983331
147408	1	0.983337
147417	1	0.983343
147431	1	0.983349
147437	1	0.983355
147452	2	0.983366
147455	2	0.983378
147490	1	0.983384
147511	1	0.983389
147527	1	0.983395
147535	1	0.983401
147542	1	0.983407
147544	1	0.983413
147551	1	0.983418
147557	1	0.983424
147564	2	0.983436
147570	1	0.983442
147571	1	0.983447
147576	1	0.983453
147579	1	0.983459
147580	1	0.983465
147583	1	0.983471
147586	1	0.983476
147591	1	0.983482
147596	1	0.983488
147599	1	0.983494
147602	1	0.9835
147607	1	0.983505
147613	1	0.983511
147626	1	0.983517
147630	1	0.983523
147636	1	0.983529
147650	1	0.983534
147659	1	0.98354
147668	1	0.983546
147675	1	0.983552
147677	1	0.983558
147681	1	0.983563
147694	1	0.983569
147700	1	0.983575
147725	1	0.983581
147731	1	0.983587
147736	1	0.983592
147737	1	0.983598
147752	1	0.983604
147765	1	0.98361
147770	1	0.983616
147773	1	0.983621
147782	1	0.983627
147801	1	0.983633
147807	1	0.983639
147810	1	0.983645
147817	1	0.98365
147840	1	0.983656
147843	1	0.983662
147850	1	0.983668
147874	1	0.983674
147908	1	0.983679
147913	1	0.983685
147928	1	0.983691
147934	1	0.983697
147942	1	0.983703
147943	1	0.983708
147953	1	0.983714
147962	1	0.98372
147965	1	0.983726
147975	1	0.983732
148012	1	0.983737
148016	1	0.983743
148070	1	0.983749
148083	1	0.983755
148089	1	0.983761
148103	1	0.983766
148110	1	0.983772
148116	1	0.983778
148120	1	0.983784
148130	1	0.98379
148141	1	0.983795
148145	1	0.983801
148151	1	0.983807
148157	1	0.983813
148169	1	0.983819
148170	1	0.983824
148175	1	0.98383
148202	1	0.983836
148228	1	0.983842
148235	1	0.983848
148246	1	0.983853
148249	1	0.983859
148250	1	0.983865
148254	2	0.983877
148272	1	0.983882
148275	1	0.983888
148292	1	0.983894
148306	1	0.9839
148313	1	0.983906
148318	1	0.983911
148322	1	0.983917
148346	1	0.983923
148368	1	0.983929
148381	1	0.983935
148389	1	0.98394
148393	1	0.983946
148400	2	0.983958
148407	1	0.983964
148435	1	0.98397
148447	1	0.983975
148452	1	0.983981
148465	1	0.983987
148479	1	0.983993
148482	1	0.983999
148512	1	0.984004
148517	1	0.98401
148531	1	0.984016
148558	1	0.984022
148583	1	0.984028
148590	1	0.984033
148596	1	0.984039
148608	1	0.984045
148614	1	0.984051
148639	1	0.984057
148645	1	0.984062
148657	1	0.984068
148684	1	0.984074
148691	1	0.98408
148698	1	0.984086
148704	1	0.984091
148712	1	0.984097
148719	1	0.984103
148731	1	0.984109
148740	1	0.984115
148746	1	0.98412
148753	2	0.984132
148754	1	0.984138
148794	1	0.984144
148806	1	0.984149
148833	1	0.984155
148838	1	0.984161
148843	2	0.984173
148860	1	0.984178
148877	1	0.984184
148880	1	0.98419
148896	1	0.984196
148909	1	0.984202
148998	1	0.984207
149004	1	0.984213
149009	1	0.984219
149027	1	0.984225
149063	1	0.984231
149068	1	0.984236
149071	1	0.984242
149074	2	0.984254
149104	1	0.98426
149109	1	0.984265
149120	1	0.984271
149139	1	0.984277
149186	1	0.984283
149193	1	0.984289
149212	1	0.984294
149217	1	0.9843
149224	1	0.984306
149229	1	0.984312
149236	1	0.984318
149243	1	0.984323
149250	1	0.984329
149259	1	0.984335
149271	2	0.984347
149283	1	0.984352
149290	1	0.984358
149298	1	0.984364
149307	1	0.98437
149312	1	0.984376
149320	1	0.984381
149329	1	0.984387
149336	1	0.984393
149338	1	0.984399
149351	1	0.984405
149357	1	0.98441
149370	1	0.984416
149389	1	0.984422
149406	1	0.984428
149409	1	0.984434
149426	1	0.984439
149433	1	0.984445
149440	1	0.984451
149450	1	0.984457
149461	1	0.984463
149475	1	0.984468
149482	3	0.984486
149490	1	0.984492
149497	2	0.984503
149513	1	0.984509
149517	1	0.984515
149518	1	0.984521
149524	1	0.984526
149531	1	0.984532
149542	1	0.984538
149546	1	0.984544
149548	1	0.98455
149556	1	0.984555
149580	1	0.984561
149581	1	0.984567
149582	1	0.984573
149604	1	0.984579
149606	1	0.984585
149624	1	0.98459
149633	1	0.984596
149637	1	0.984602
149650	1	0.984608
149659	1	0.984614
149665	1	0.984619
149682	1	0.984625
149694	1	0.984631
149695	1	0.984637
149702	1	0.984643
149704	1	0.984648
149729	1	0.984654
149736	1	0.98466
149749	1	0.984666
149757	1	0.984672
149761	1	0.984677
149764	1	0.984683
149781	1	0.984689
149790	1	0.984695
149797	1	0.984701
149808	1	0.984706
149834	1	0.984712
149841	1	0.984718
149845	1	0.984724
149856	1	0.98473
149882	1	0.984735
149889	1	0.984741
149892	1	0.984747
149913	1	0.984753
149919	1	0.984759
149925	1	0.984764
149931	1	0.98477
149936	1	0.984776
149948	1	0.984782
149981	1	0.984788
149985	1	0.984793
149986	1	0.984799
149988	1	0.984805
150002	1	0.984811
150010	1	0.984817
150018	1	0.984822
150029	1	0.984828
150030	1	0.984834
150039	1	0.98484
150052	1	0.984846
150063	1	0.984851
150069	1	0.984857
150075	1	0.984863
150082	1	0.984869
150086	1	0.984875
150092	1	0.98488
150099	1	0.984886
150103	1	0.984892
150139	1	0.984898
150149	1	0.984904
150151	1	0.984909
150153	1	0.984915
150156	1	0.984921
150163	1	0.984927
150164	1	0.984933
150167	1	0.984938
150172	1	0.984944
150176	2	0.984956
150178	1	0.984962
150179	1	0.984967
150185	2	0.984979
150187	1	0.984985
150190	1	0.984991
150191	1	0.984996
150226	1	0.985002
150237	1	0.985008
150270	1	0.985014
150278	1	0.98502
150280	1	0.985025
150284	1	0.985031
150293	1	0.985037
150302	1	0.985043
150327	1	0.985049
150347	1	0.985054
150350	1	0.98506
150353	1	0.985066
150361	1	0.985072
150369	1	0.985078
150378	1	0.985083
150380	1	0.985089
150383	1	0.985095
150403	1	0.985101
150415	1	0.985107
150426	1	0.985112
150438	1	0.985118
150447	1	0.985124
150450	1	0.98513
150455	1	0.985136
150464	1	0.985141
150488	1	0.985147
150509	1	0.985153
150533	1	0.985159
150544	1	0.985165
150564	1	0.98517
150570	1	0.985176
150576	1	0.985182
150581	1	0.985188
150607	1	0.985194
150629	1	0.985199
150634	1	0.985205
150647	1	0.985211
150653	1	0.985217
150669	1	0.985223
150672	1	0.985229
150676	1	0.985234
150696	1	0.98524
150711	1	0.985246
150718	1	0.985252
150722	1	0.985258
150729	1	0.985263
150757	2	0.985275
150768	1	0.985281
150775	1	0.985287
150776	1	0.985292
150813	1	0.985298
150815	1	0.985304
150853	1	0.98531
150862	1	0.985316
150867	1	0.985321
150885	1	0.985327
150887	1	0.985333
150895	1	0.985339
150912	1	0.985345
150914	1	0.98535
150923	1	0.985356
150948	1	0.985362
150950	1	0.985368
150954	1	0.985374
150985	1	0.985379
150993	1	0.985385
150999	1	0.985391
151032	1	0.985397
151043	1	0.985403
151045	1	0.985408
151064	1	0.985414
151072	1	0.98542
151078	1	0.985426
151101	1	0.985432
151108	1	0.985437
151114	1	0.985443
151128	1	0.985449
151136	1	0.985455
151172	1	0.985461
151189	1	0.985466
151195	1	0.985472
151201	1	0.985478
151238	1	0.985484
151255	1	0.98549
151266	1	0.985495
151336	1	0.985501
151339	1	0.985507
151342	1	0.985513
151376	1	0.985519
151425	1	0.985524
151456	1	0.98553
151466	1	0.985536
151483	1	0.985542
151489	1	0.985548
151521	1	0.985553
151534	1	0.985559
151546	1	0.985565
151551	1	0.985571
151562	1	0.985577
151595	1	0.985582
151601	1	0.985588
151613	1	0.985594
151632	1	0.9856
151662	1	0.985606
151680	1	0.985611
151691	1	0.985617
151696	1	0.985623
151701	1	0.985629
151711	1	0.985635
151712	1	0.98564
151716	1	0.985646
151726	1	0.985652
151802	1	0.985658
151816	1	0.985664
151825	1	0.985669
151831	1	0.985675
151836	1	0.985681
151854	1	0.985687
151860	1	0.985693
151866	1	0.985698
151872	1	0.985704
151876	1	0.98571
151896	1	0.985716
151904	1	0.985722
151920	1	0.985727
151928	1	0.985733
151958	1	0.985739
151965	1	0.985745
151971	1	0.985751
151983	1	0.985756
151986	1	0.985762
151990	1	0.985768
152016	1	0.985774
152031	1	0.98578
152035	1	0.985785
152074	1	0.985791
152115	1	0.985797
152122	1	0.985803
152138	1	0.985809
152155	1	0.985814
152163	1	0.98582
152172	1	0.985826
152179	1	0.985832
152196	1	0.985838
152228	1	0.985844
152230	1	0.985849
152231	1	0.985855
152234	1	0.985861
152239	1	0.985867
152278	1	0.985873
152281	1	0.985878
152282	1	0.985884
152319	1	0.98589
152328	1	0.985896
152334	1	0.985902
152342	1	0.985907
152347	1	0.985913
152360	1	0.985919
152365	1	0.985925
152372	1	0.985931
152384	1	0.985936
152397	1	0.985942
152406	1	0.985948
152483	1	0.985954
152494	1	0.98596
152525	1	0.985965
152532	1	0.985971
152557	1	0.985977
152561	1	0.985983
152575	1	0.985989
152596	1	0.985994
152607	1	0.986
152612	1	0.986006
152619	1	0.986012
152621	1	0.986018
152637	1	0.986023
152644	1	0.986029
152668	1	0.986035
152674	1	0.986041
152687	1	0.986047
152692	1	0.986052
152714	1	0.986058
152727	1	0.986064
152734	1	0.98607
152736	1	0.986076
152747	1	0.986081
152752	1	0.986087
152770	1	0.986093
152796	1	0.986099
152816	1	0.986105
152819	1	0.98611
152852	1	0.986116
152857	1	0.986122
152878	1	0.986128
152891	1	0.986134
152918	1	0.986139
152925	1	0.986145
152934	1	0.986151
152940	1	0.986157
152947	1	0.986163
152953	1	0.986168
152958	1	0.986174
152966	1	0.98618
152970	1	0.986186
152985	1	0.986192
152995	1	0.986197
153006	1	0.986203
153029	1	0.986209
153052	1	0.986215
153060	1	0.986221
153086	1	0.986226
153093	1	0.986232
153116	1	0.986238
153125	1	0.986244
153140	1	0.98625
153145	1	0.986255
153149	1	0.986261
153165	1	0.986267
153185	2	0.986279
153194	1	0.986284
153201	1	0.98629
153209	1	0.986296
153210	1	0.986302
153220	1	0.986308
153227	1	0.986313
153234	1	0.986319
153257	1	0.986325
153264	1	0.986331
153291	1	0.986337
153326	1	0.986342
153337	1	0.986348
153345	1	0.986354
153351	1	0.98636
153356	2	0.986371
153365	1	0.986377
153376	1	0.986383
153383	1	0.986389
153390	1	0.986395
153410	1	0.9864
153413	1	0.986406
153461	1	0.986412
153474	1	0.986418
153477	1	0.986424
153487	1	0.986429
153493	1	0.986435
153497	1	0.986441
153500	1	0.986447
153519	1	0.986453
153527	4	0.986476
153534	1	0.986482
153536	1	0.986488
153551	1	0.986493
153575	1	0.986499
153618	1	0.986505
153634	1	0.986511
153646	1	0.986517
153653	1	0.986522
153657	1	0.986528
153664	1	0.986534
153671	1	0.98654
153677	1	0.986546
153678	1	0.986551
153709	1	0.986557
153719	1	0.986563
153724	1	0.986569
153731	2	0.98658
153733	1	0.986586
153737	1	0.986592
153739	2	0.986604
153740	1	0.986609
153757	1	0.986615
153779	1	0.986621
153784	1	0.986627
153791	1	0.986633
153796	1	0.986638
153808	1	0.986644
153815	1	0.98665
153820	1	0.986656
153827	1	0.986662
153837	1	0.986667
153845	1	0.986673
153856	1	0.986679
153867	1	0.986685
153872	1	0.986691
153882	1	0.986696
153888	1	0.986702
153892	1	0.986708
153907	1	0.986714
153915	1	0.98672
153919	1	0.986725
153924	1	0.986731
153966	1	0.986737
153973	1	0.986743
153988	1	0.986749
154033	1	0.986754
154037	1	0.98676
154067	1	0.986766
154097	1	0.986772
154133	1	0.986778
154136	1	0.986783
154146	1	0.986789
154164	1	0.986795
154182	1	0.986801
154187	1	0.986807
154191	1	0.986812
154195	1	0.986818
154199	1	0.986824
154204	1	0.98683
154225	1	0.986836
154238	1	0.986841
154249	1	0.986847
154256	1	0.986853
154262	1	0.986859
154278	1	0.986865
154280	1	0.98687
154283	1	0.986876
154302	1	0.986882
154329	1	0.986888
154338	1	0.986894
154344	1	0.986899
154359	1	0.986905
154378	2	0.986917
154405	1	0.986923
154446	1	0.986928
154452	1	0.986934
154459	1	0.98694
154465	1	0.986946
154471	1	0.986952
154479	1	0.986957
154485	1	0.986963
154508	1	0.986969
154542	1	0.986975
154550	1	0.986981
154590	1	0.986986
154608	1	0.986992
154614	1	0.986998
154636	1	0.987004
154650	1	0.98701
154675	1	0.987015
154681	1	0.987021
154689	1	0.987027
154697	1	0.987033
154699	1	0.987039
154709	1	0.987044
154712	1	0.98705
154720	1	0.987056
154727	1	0.987062
154740	1	0.987068
154747	1	0.987073
154764	1	0.987079
154774	1	0.987085
154794	1	0.987091
154815	1	0.987097
154843	1	0.987103
154851	1	0.987108
154869	1	0.987114
154886	1	0.98712
154894	1	0.987126
154902	1	0.987132
154906	1	0.987137
154922	1	0.987143
154927	1	0.987149
154933	1	0.987155
154969	1	0.987161
154977	1	0.987166
154984	1	0.987172
154993	1	0.987178
155000	1	0.987184
155022	1	0.98719
155023	1	0.987195
155043	1	0.987201
155051	1	0.987207
155092	1	0.987213
155104	1	0.987219
155116	1	0.987224
155123	1	0.98723
155134	1	0.987236
155146	1	0.987242
155154	1	0.987248
155162	1	0.987253
155165	1	0.987259
155189	1	0.987265
155198	1	0.987271
155207	1	0.987277
155216	1	0.987282
155219	2	0.987294
155222	1	0.9873
155235	1	0.987306
155243	1	0.987311
155249	1	0.987317
155266	1	0.987323
155276	1	0.987329
155282	1	0.987335
155297	1	0.98734
155307	1	0.987346
155314	1	0.987352
155332	1	0.987358
155340	1	0.987364
155347	1	0.987369
155353	1	0.987375
155363	1	0.987381
155389	1	0.987387
155445	1	0.987393
155498	1	0.987398
155502	1	0.987404
155555	1	0.98741
155574	1	0.987416
155587	1	0.987422
155603	1	0.987427
155622	1	0.987433
155633	1	0.987439
155639	1	0.987445
155649	1	0.987451
155668	1	0.987456
155707	1	0.987462
155713	1	0.987468
155747	1	0.987474
155753	1	0.98748
155769	1	0.987485
155770	1	0.987491
155776	1	0.987497
155783	1	0.987503
155789	1	0.987509
155792	1	0.987514
155802	1	0.98752
155827	1	0.987526
155852	1	0.987532
155861	1	0.987538
155866	1	0.987543
155872	1	0.987549
155878	1	0.987555
155884	1	0.987561
155894	1	0.987567
155902	1	0.987572
155923	1	0.987578
155932	1	0.987584
155945	1	0.98759
155953	1	0.987596
155961	1	0.987601
155985	1	0.987607
155989	1	0.987613
155992	2	0.987625
155999	1	0.98763
156029	1	0.987636
156036	1	0.987642
156042	1	0.987648
156056	1	0.987654
156062	1	0.987659
156066	1	0.987665
156082	1	0.987671
156087	1	0.987677
156101	1	0.987683
156112	1	0.987688
156117	1	0.987694
156149	1	0.9877
156227	1	0.987706
156249	1	0.987712
156291	1	0.987717
156303	1	0.987723
156320	1	0.987729
156353	1	0.987735
156358	1	0.987741
156363	1	0.987747
156366	1	0.987752
156368	1	0.987758
156372	1	0.987764
156376	1	0.98777
156378	1	0.987776
156380	1	0.987781
156386	2	0.987793
156391	1	0.987799
156401	1	0.987805
156406	1	0.98781
156411	1	0.987816
156416	1	0.987822
156420	1	0.987828
156427	1	0.987834
156440	1	0.987839
156447	1	0.987845
156454	1	0.987851
156460	1	0.987857
156467	1	0.987863
156492	1	0.987868
156497	1	0.987874
156515	1	0.98788
156518	1	0.987886
156528	1	0.987892
156549	1	0.987897
156566	1	0.987903
156583	1	0.987909
156592	2	0.987921
156602	1	0.987926
156608	1	0.987932
156612	2	0.987944
156621	1	0.98795
156634	1	0.987955
156638	1	0.987961
156649	1	0.987967
156661	1	0.987973
156675	1	0.987979
156684	1	0.987984
156714	1	0.98799
156737	1	0.987996
156796	1	0.988002
156799	1	0.988008
156801	1	0.988013
156806	1	0.988019
156807	1	0.988025
156808	1	0.988031
156811	1	0.988037
156814	1	0.988042
156826	1	0.988048
156833	1	0.988054
156837	1	0.98806
156872	1	0.988066
156881	1	0.988071
156893	1	0.988077
156902	1	0.988083
156914	1	0.988089
156915	1	0.988095
156943	1	0.9881
156957	1	0.988106
156994	2	0.988118
156997	1	0.988124
156998	1	0.988129
156999	3	0.988147
157046	1	0.988153
157048	1	0.988158
157059	1	0.988164
157070	1	0.98817
157074	1	0.988176
157101	1	0.988182
157118	1	0.988187
157121	2	0.988199
157128	1	0.988205
157132	1	0.988211
157141	1	0.988216
157144	1	0.988222
157145	1	0.988228
157150	1	0.988234
157162	1	0.98824
157168	1	0.988245
157169	1	0.988251
157188	1	0.988257
157198	1	0.988263
157205	1	0.988269
157210	1	0.988274
157215	1	0.98828
157217	1	0.988286
157220	1	0.988292
157231	1	0.988298
157237	1	0.988303
157243	1	0.988309
157255	1	0.988315
157262	1	0.988321
157268	1	0.988327
157275	1	0.988332
157276	1	0.988338
157284	1	0.988344
157323	1	0.98835
157347	1	0.988356
157357	1	0.988362
157362	1	0.988367
157374	1	0.988373
157388	1	0.988379
157389	1	0.988385
157421	1	0.988391
157427	1	0.988396
157430	1	0.988402
157450	1	0.988408
157456	1	0.988414
157477	1	0.98842
157478	1	0.988425
157498	1	0.988431
157527	1	0.988437
157532	1	0.988443
157538	1	0.988449
157569	1	0.988454
157574	1	0.98846
157581	1	0.988466
157592	1	0.988472
157595	1	0.988478
157601	1	0.988483
157609	1	0.988489
157647	1	0.988495
157652	1	0.988501
157654	1	0.988507
157671	1	0.988512
157678	1	0.988518
157684	1	0.988524
157696	1	0.98853
157700	1	0.988536
157702	1	0.988541
157708	1	0.988547
157729	1	0.988553
157742	1	0.988559
157771	1	0.988565
157775	1	0.98857
157778	1	0.988576
157785	1	0.988582
157806	1	0.988588
157822	1	0.988594
157851	1	0.988599
157872	1	0.988605
157884	1	0.988611
157887	1	0.988617
157919	1	0.988623
157923	1	0.988628
157929	1	0.988634
157938	1	0.98864
157943	1	0.988646
157947	1	0.988652
157953	1	0.988657
157958	1	0.988663
157962	1	0.988669
157971	1	0.988675
157976	1	0.988681
157985	1	0.988686
157992	1	0.988692
158005	1	0.988698
158026	1	0.988704
158037	1	0.98871
158042	1	0.988715
158048	1	0.988721
158055	1	0.988727
158062	1	0.988733
158076	1	0.988739
158082	1	0.988744
158083	1	0.98875
158084	1	0.988756
158102	3	0.988773
158103	1	0.988779
158104	1	0.988785
158108	3	0.988802
158115	1	0.988808
158125	1	0.988814
158142	1	0.98882
158153	1	0.988826
158174	1	0.988831
158175	1	0.988837
158236	1	0.988843
158262	2	0.988855
158264	1	0.98886
158269	1	0.988866
158273	1	0.988872
158276	2	0.988884
158277	1	0.988889
158278	1	0.988895
158279	1	0.988901
158281	1	0.988907
158284	1	0.988913
158289	1	0.988918
158301	1	0.988924
158333	1	0.98893
158344	1	0.988936
158374	1	0.988942
158388	1	0.988947
158391	1	0.988953
158407	1	0.988959
158417	1	0.988965
158418	1	0.988971
158423	1	0.988976
158438	1	0.988982
158439	1	0.988988
158441	1	0.988994
158444	1	0.989
158497	1	0.989006
158502	1	0.989011
158508	1	0.989017
158553	1	0.989023
158564	1	0.989029
158591	1	0.989035
158623	1	0.98904
158631	1	0.989046
158649	2	0.989058
158660	1	0.989064
158687	1	0.989069
158696	1	0.989075
158703	1	0.989081
158710	1	0.989087
158715	1	0.989093
158735	1	0.989098
158737	1	0.989104
158815	1	0.98911
158842	1	0.989116
158863	1	0.989122
158912	1	0.989127
158927	1	0.989133
158992	1	0.989139
159019	1	0.989145
159029	1	0.989151
159035	1	0.989156
159071	1	0.989162
159076	1	0.989168
159084	1	0.989174
159099	1	0.98918
159122	1	0.989185
159166	1	0.989191
159180	1	0.989197
159187	1	0.989203
159189	1	0.989209
159218	1	0.989214
159223	1	0.98922
159228	1	0.989226
159245	1	0.989232
159297	1	0.989238
159303	1	0.989243
159335	1	0.989249
159368	1	0.989255
159375	1	0.989261
159387	1	0.989267
159427	1	0.989272
159433	1	0.989278
159440	1	0.989284
159449	1	0.98929
159455	1	0.989296
159475	1	0.989301
159519	1	0.989307
159550	1	0.989313
159564	1	0.989319
159577	1	0.989325
159583	1	0.98933
159592	1	0.989336
159604	1	0.989342
159608	1	0.989348
159621	1	0.989354
159636	1	0.989359
159646	2	0.989371
159658	1	0.989377
159662	1	0.989383
159673	1	0.989388
159680	1	0.989394
159686	1	0.9894
159698	1	0.989406
159699	1	0.989412
159715	1	0.989417
159726	1	0.989423
159731	1	0.989429
159759	1	0.989435
159790	1	0.989441
159804	1	0.989446
159826	1	0.989452
159832	1	0.989458
159839	2	0.98947
159860	1	0.989475
159866	1	0.989481
159884	1	0.989487
159897	1	0.989493
159916	1	0.989499
159954	1	0.989504
159959	1	0.98951
159965	1	0.989516
159971	1	0.989522
159994	1	0.989528
160005	1	0.989533
160045	1	0.989539
160058	1	0.989545
160066	1	0.989551
160073	1	0.989557
160076	1	0.989562
160085	1	0.989568
160104	1	0.989574
160105	1	0.98958
160134	1	0.989586
160136	1	0.989591
160141	1	0.989597
160156	1	0.989603
160183	1	0.989609
160222	1	0.989615
160227	1	0.989621
160235	1	0.989626
160241	1	0.989632
160259	1	0.989638
160277	1	0.989644
160305	1	0.98965
160344	1	0.989655
160355	1	0.989661
160362	1	0.989667
160389	1	0.989673
160397	1	0.989679
160401	1	0.989684
160418	1	0.98969
160428	1	0.989696
160446	1	0.989702
160451	1	0.989708
160457	1	0.989713
160467	1	0.989719
160469	1	0.989725
160472	1	0.989731
160480	1	0.989737
160486	1	0.989742
160498	1	0.989748
160516	1	0.989754
160521	1	0.98976
160522	1	0.989766
160523	1	0.989771
160524	1	0.989777
160532	1	0.989783
160538	1	0.989789
160541	1	0.989795
160553	2	0.989806
160556	1	0.989812
160557	1	0.989818
160562	1	0.989824
160564	2	0.989835
160585	1	0.989841
160588	1	0.989847
160604	1	0.989853
160613	1	0.989858
160631	1	0.989864
160646	1	0.98987
160652	1	0.989876
160659	1	0.989882
160665	1	0.989887
160674	1	0.989893
160680	1	0.989899
160685	1	0.989905
160686	1	0.989911
160703	1	0.989916
160708	1	0.989922
160712	1	0.989928
160714	1	0.989934
160719	1	0.98994
160724	1	0.989945
160731	1	0.989951
160732	1	0.989957
160741	2	0.989969
160757	1	0.989974
160774	1	0.98998
160781	1	0.989986
160786	2	0.989998
160801	1	0.990003
160802	1	0.990009
160803	2	0.990021
160804	1	0.990027
160806	1	0.990032
160809	1	0.990038
160815	1	0.990044
160835	1	0.99005
160840	1	0.990056
160859	1	0.990061
160879	1	0.990067
160881	1	0.990073
160883	1	0.990079
160927	1	0.990085
160928	2	0.990096
160931	1	0.990102
160935	1	0.990108
160939	1	0.990114
160941	1	0.990119
160963	1	0.990125
160968	1	0.990131
160978	1	0.990137
160980	1	0.990143
161000	1	0.990148
161015	1	0.990154
161016	1	0.99016
161021	1	0.990166
161027	1	0.990172
161037	1	0.990177
161051	1	0.990183
161055	1	0.990189
161056	1	0.990195
161072	1	0.990201
161092	1	0.990206
161095	1	0.990212
161102	1	0.990218
161106	1	0.990224
161128	1	0.99023
161137	1	0.990235
161149	1	0.990241
161155	1	0.990247
161166	1	0.990253
161188	1	0.990259
161198	1	0.990265
161211	1	0.99027
161218	1	0.990276
161226	1	0.990282
161232	1	0.990288
161253	1	0.990294
161285	1	0.990299
161297	1	0.990305
161302	1	0.990311
161308	1	0.990317
161314	1	0.990323
161332	1	0.990328
161361	1	0.990334
161366	1	0.99034
161374	1	0.990346
161377	1	0.990352
161382	1	0.990357
161394	1	0.990363
161406	1	0.990369
161426	1	0.990375
161428	1	0.990381
161434	1	0.990386
161439	1	0.990392
161447	1	0.990398
161454	1	0.990404
161460	1	0.99041
161465	1	0.990415
161476	1	0.990421
161482	1	0.990427
161490	1	0.990433
161496	1	0.990439
161505	1	0.990444
161521	1	0.99045
161533	1	0.990456
161546	1	0.990462
161553	1	0.990468
161558	1	0.990473
161564	1	0.990479
161578	1	0.990485
161584	1	0.990491
161598	1	0.990497
161600	1	0.990502
161617	1	0.990508
161713	2	0.99052
161717	1	0.990526
161724	1	0.990531
161730	1	0.990537
161744	1	0.990543
161768	1	0.990549
161804	1	0.990555
161805	1	0.99056
161812	1	0.990566
161826	1	0.990572
161842	1	0.990578
161846	1	0.990584
161856	1	0.990589
161863	1	0.990595
161872	1	0.990601
161884	1	0.990607
161891	1	0.990613
161898	1	0.990618
161906	1	0.990624
161915	2	0.990636
161934	1	0.990642
161941	1	0.990647
161962	1	0.990653
161963	1	0.990659
161985	1	0.990665
161991	1	0.990671
162002	1	0.990676
162007	1	0.990682
162014	1	0.990688
162016	1	0.990694
162039	1	0.9907
162049	1	0.990705
162055	1	0.990711
162081	1	0.990717
162099	1	0.990723
162165	1	0.990729
162173	1	0.990734
162178	1	0.99074
162185	1	0.990746
162240	1	0.990752
162242	1	0.990758
162253	1	0.990763
162258	2	0.990775
162261	1	0.990781
162286	1	0.990787
162292	1	0.990792
162294	1	0.990798
162296	1	0.990804
162301	1	0.99081
162304	1	0.990816
162322	1	0.990821
162327	1	0.990827
162331	1	0.990833
162336	1	0.990839
162346	1	0.990845
162349	1	0.99085
162353	1	0.990856
162375	1	0.990862
162402	1	0.990868
162421	1	0.990874
162430	1	0.99088
162450	1	0.990885
162472	1	0.990891
162551	1	0.990897
162557	1	0.990903
162562	1	0.990909
162574	1	0.990914
162575	1	0.99092
162586	1	0.990926
162588	1	0.990932
162644	1	0.990938
162659	1	0.990943
162665	1	0.990949
162687	1	0.990955
162700	1	0.990961
162746	1	0.990967
162760	1	0.990972
162810	1	0.990978
162846	1	0.990984
162857	1	0.99099
162863	1	0.990996
162869	1	0.991001
162892	1	0.991007
162913	1	0.991013
162919	1	0.991019
162938	1	0.991025
162953	1	0.99103
162993	1	0.991036
162997	1	0.991042
163004	1	0.991048
163018	1	0.991054
163059	1	0.991059
163075	1	0.991065
163080	1	0.991071
163085	1	0.991077
163093	1	0.991083
163098	1	0.991088
163114	1	0.991094
163122	1	0.9911
163129	1	0.991106
163132	1	0.991112
163134	1	0.991117
163141	2	0.991129
163146	1	0.991135
163162	1	0.991141
163169	1	0.991146
163177	1	0.991152
163198	1	0.991158
163204	1	0.991164
163228	1	0.99117
163247	1	0.991175
163266	1	0.991181
163268	1	0.991187
163291	1	0.991193
163306	1	0.991199
163320	1	0.991204
163368	1	0.99121
163375	1	0.991216
163381	1	0.991222
163385	2	0.991233
163389	1	0.991239
163396	1	0.991245
163426	1	0.991251
163441	1	0.991257
163463	1	0.991262
163471	1	0.991268
163485	1	0.991274
163489	1	0.99128
163496	1	0.991286
163517	1	0.991291
163526	1	0.991297
163539	1	0.991303
163574	1	0.991309
163606	1	0.991315
163626	1	0.99132
163633	1	0.991326
163649	1	0.991332
163663	1	0.991338
163667	1	0.991344
163673	1	0.991349
163687	1	0.991355
163699	1	0.991361
163701	1	0.991367
163729	1	0.991373
163775	1	0.991378
163792	1	0.991384
163801	1	0.99139
163833	1	0.991396
163862	1	0.991402
163871	1	0.991407
163893	1	0.991413
163901	1	0.991419
163913	1	0.991425
163935	1	0.991431
163952	1	0.991436
163954	1	0.991442
163977	1	0.991448
163980	1	0.991454
163983	1	0.99146
163997	1	0.991465
164019	1	0.991471
164028	1	0.991477
164037	1	0.991483
164051	1	0.991489
164056	1	0.991494
164061	1	0.9915
164080	1	0.991506
164093	1	0.991512
164104	1	0.991518
164115	1	0.991524
164142	1	0.991529
164148	1	0.991535
164165	1	0.991541
164193	1	0.991547
164208	1	0.991553
164237	1	0.991558
164251	1	0.991564
164255	1	0.99157
164274	1	0.991576
164279	1	0.991582
164297	1	0.991587
164316	1	0.991593
164319	1	0.991599
164340	2	0.991611
164348	1	0.991616
164356	1	0.991622
164362	1	0.991628
164369	1	0.991634
164375	1	0.99164
164382	1	0.991645
164385	1	0.991651
164401	1	0.991657
164423	1	0.991663
164442	1	0.991669
164448	1	0.991674
164486	1	0.99168
164512	1	0.991686
164517	1	0.991692
164544	1	0.991698
164547	1	0.991703
164583	1	0.991709
164587	1	0.991715
164599	1	0.991721
164607	1	0.991727
164624	1	0.991732
164630	1	0.991738
164652	1	0.991744
164672	1	0.99175
164678	1	0.991756
164695	1	0.991761
164732	1	0.991767
164749	1	0.991773
164755	1	0.991779
164762	1	0.991785
164767	1	0.99179
164777	1	0.991796
164786	1	0.991802
164807	1	0.991808
164809	1	0.991814
164818	1	0.991819
164856	1	0.991825
164866	1	0.991831
164877	2	0.991843
164884	1	0.991848
164906	1	0.991854
164910	1	0.99186
164920	1	0.991866
164926	1	0.991872
164933	1	0.991877
164995	1	0.991883
164999	1	0.991889
165005	1	0.991895
165012	1	0.991901
165023	1	0.991906
165036	1	0.991912
165095	1	0.991918
165109	1	0.991924
165118	1	0.99193
165122	1	0.991935
165126	1	0.991941
165159	1	0.991947
165165	1	0.991953
165194	1	0.991959
165200	1	0.991964
165206	1	0.99197
165227	1	0.991976
165236	1	0.991982
165247	1	0.991988
165303	1	0.991993
165312	1	0.991999
165318	1	0.992005
165330	1	0.992011
165342	1	0.992017
165355	1	0.992022
165372	1	0.992028
165378	1	0.992034
165395	1	0.99204
165396	1	0.992046
165400	1	0.992051
165424	1	0.992057
165437	1	0.992063
165443	1	0.992069
165462	1	0.992075
165511	1	0.99208
165521	1	0.992086
165526	1	0.992092
165546	1	0.992098
165571	1	0.992104
165577	1	0.992109
165597	1	0.992115
165615	1	0.992121
165623	1	0.992127
165631	1	0.992133
165652	1	0.992139
165663	1	0.992144
165673	1	0.99215
165676	1	0.992156
165708	1	0.992162
165715	1	0.992168
165722	1	0.992173
165728	1	0.992179
165738	1	0.992185
165742	1	0.992191
165749	1	0.992197
165765	1	0.992202
165771	1	0.992208
165777	1	0.992214
165786	1	0.99222
165792	1	0.992226
165868	1	0.992231
165874	1	0.992237
165881	1	0.992243
165891	1	0.992249
165909	1	0.992255
165932	1	0.99226
165936	1	0.992266
166028	1	0.992272
166041	1	0.992278
166048	1	0.992284
166084	1	0.992289
166109	1	0.992295
166121	1	0.992301
166133	1	0.992307
166144	1	0.992313
166147	1	0.992318
166151	1	0.992324
166165	1	0.99233
166183	1	0.992336
166216	1	0.992342
166218	1	0.992347
166239	1	0.992353
166279	1	0.992359
166313	1	0.992365
166319	1	0.992371
166325	1	0.992376
166338	1	0.992382
166345	1	0.992388
166351	1	0.992394
166358	1	0.9924
166364	1	0.992405
166371	1	0.992411
166377	1	0.992417
166384	1	0.992423
166393	1	0.992429
166399	1	0.992434
166406	1	0.99244
166414	1	0.992446
166422	1	0.992452
166445	1	0.992458
166451	1	0.992463
166464	1	0.992469
166517	1	0.992475
166535	1	0.992481
166548	1	0.992487
166551	1	0.992492
166576	1	0.992498
166579	1	0.992504
166589	1	0.99251
166602	1	0.992516
166612	1	0.992521
166627	1	0.992527
166668	1	0.992533
166681	1	0.992539
166688	1	0.992545
166704	1	0.99255
166713	1	0.992556
166735	1	0.992562
166741	1	0.992568
166773	1	0.992574
166804	1	0.992579
166823	1	0.992585
166835	1	0.992591
166865	1	0.992597
166885	1	0.992603
166904	1	0.992608
166927	1	0.992614
166956	1	0.99262
166968	1	0.992626
166987	1	0.992632
166994	1	0.992637
167003	1	0.992643
167029	1	0.992649
167035	1	0.992655
167062	1	0.992661
167072	1	0.992666
167078	1	0.992672
167085	1	0.992678
167101	1	0.992684
167104	1	0.99269
167156	1	0.992695
167174	1	0.992701
167185	1	0.992707
167190	1	0.992713
167191	1	0.992719
167206	1	0.992724
167209	1	0.99273
167237	1	0.992736
167271	1	0.992742
167343	1	0.992748
167394	1	0.992753
167452	1	0.992759
167462	1	0.992765
167477	1	0.992771
167503	1	0.992777
167545	1	0.992783
167583	1	0.992788
167611	1	0.992794
167615	1	0.9928
167618	1	0.992806
167621	1	0.992812
167631	1	0.992817
167632	1	0.992823
167633	1	0.992829
167644	1	0.992835
167652	1	0.992841
167667	1	0.992846
167711	1	0.992852
167712	1	0.992858
167723	1	0.992864
167799	1	0.99287
167811	1	0.992875
167816	1	0.992881
167905	1	0.992887
167908	1	0.992893
167912	1	0.992899
167919	1	0.992904
167925	1	0.99291
167930	1	0.992916
167974	1	0.992922
167979	1	0.992928
167986	1	0.992933
168010	1	0.992939
168017	1	0.992945
168024	1	0.992951
168035	1	0.992957
168042	1	0.992962
168043	1	0.992968
168094	1	0.992974
168123	1	0.99298
168144	1	0.992986
168150	1	0.992991
168170	1	0.992997
168173	1	0.993003
168227	1	0.993009
168250	1	0.993015
168255	1	0.99302
168267	1	0.993026
168271	1	0.993032
168278	1	0.993038
168286	1	0.993044
168297	1	0.993049
168302	1	0.993055
168306	1	0.993061
168314	1	0.993067
168325	1	0.993073
168337	1	0.993078
168344	1	0.993084
168374	1	0.99309
168409	1	0.993096
168417	1	0.993102
168435	1	0.993107
168441	1	0.993113
168446	1	0.993119
168453	1	0.993125
168473	1	0.993131
168484	1	0.993136
168507	1	0.993142
168515	1	0.993148
168522	1	0.993154
168531	1	0.99316
168537	1	0.993165
168544	1	0.993171
168548	1	0.993177
168610	1	0.993183
168615	2	0.993194
168621	1	0.9932
168623	1	0.993206
168638	1	0.993212
168645	1	0.993218
168659	1	0.993223
168681	1	0.993229
168694	1	0.993235
168697	1	0.993241
168700	1	0.993247
168707	1	0.993252
168721	1	0.993258
168745	1	0.993264
168762	1	0.99327
168766	1	0.993276
168784	1	0.993281
168804	1	0.993287
168813	1	0.993293
168821	1	0.993299
168853	1	0.993305
168859	1	0.99331
168860	1	0.993316
168867	1	0.993322
168882	1	0.993328
168894	1	0.993334
168900	1	0.993339
168906	1	0.993345
168914	1	0.993351
168931	1	0.993357
168952	1	0.993363
168960	1	0.993368
168972	1	0.993374
168982	1	0.99338
168991	1	0.993386
169000	1	0.993392
169026	1	0.993398
169045	1	0.993403
169074	1	0.993409
169084	1	0.993415
169086	1	0.993421
169088	1	0.993427
169117	1	0.993432
169123	1	0.993438
169155	1	0.993444
169179	1	0.99345
169188	1	0.993456
169195	1	0.993461
169217	1	0.993467
169224	1	0.993473
169238	1	0.993479
169267	1	0.993485
169288	1	0.99349
169307	1	0.993496
169322	1	0.993502
169334	1	0.993508
169349	1	0.993514
169357	1	0.993519
169360	1	0.993525
169404	1	0.993531
169441	1	0.993537
169444	1	0.993543
169453	1	0.993548
169466	1	0.993554
169538	1	0.99356
169568	1	0.993566
169602	1	0.993572
169620	1	0.993577
169676	1	0.993583
169683	1	0.993589
169686	1	0.993595
169696	1	0.993601
169705	1	0.993606
169707	1	0.993612
169714	1	0.993618
169728	1	0.993624
169730	1	0.99363
169744	1	0.993635
169765	1	0.993641
169767	1	0.993647
169783	1	0.993653
169840	1	0.993659
169847	1	0.993664
169870	1	0.99367
169876	1	0.993676
169883	1	0.993682
169888	1	0.993688
169892	1	0.993693
169896	1	0.993699
169908	1	0.993705
169921	1	0.993711
169965	1	0.993717
169974	1	0.993722
169983	1	0.993728
169996	1	0.993734
170002	1	0.99374
170039	1	0.993746
170061	1	0.993751
170079	1	0.993757
170083	1	0.993763
170092	1	0.993769
170096	1	0.993775
170104	1	0.99378
170112	1	0.993786
170116	1	0.993792
170126	1	0.993798
170134	1	0.993804
170139	1	0.993809
170183	1	0.993815
170214	1	0.993821
170226	1	0.993827
170234	1	0.993833
170254	1	0.993838
170268	1	0.993844
170270	3	0.993862
170279	1	0.993867
170295	1	0.993873
170300	1	0.993879
170305	1	0.993885
170315	1	0.993891
170330	1	0.993896
170337	1	0.993902
170354	1	0.993908
170385	1	0.993914
170391	1	0.99392
170422	1	0.993925
170447	1	0.993931
170450	1	0.993937
170454	1	0.993943
170480	1	0.993949
170503	1	0.993954
170507	1	0.99396
170542	1	0.993966
170554	1	0.993972
170559	1	0.993978
170563	1	0.993983
170567	1	0.993989
170573	1	0.993995
170577	1	0.994001
170582	1	0.994007
170586	1	0.994012
170596	1	0.994018
170684	1	0.994024
170712	1	0.99403
170722	1	0.994036
170725	1	0.994042
170782	1	0.994047
170788	1	0.994053
170794	1	0.994059
170805	1	0.994065
170816	1	0.994071
170829	1	0.994076
170840	1	0.994082
170848	1	0.994088
170867	1	0.994094
170897	1	0.9941
170908	1	0.994105
170916	1	0.994111
170927	1	0.994117
170931	1	0.994123
170935	1	0.994129
170947	1	0.994134
170954	1	0.99414
170982	1	0.994146
170990	1	0.994152
170997	1	0.994158
171003	1	0.994163
171008	1	0.994169
171014	1	0.994175
171023	1	0.994181
171029	1	0.994187
171037	1	0.994192
171047	1	0.994198
171071	1	0.994204
171093	1	0.99421
171108	1	0.994216
171114	1	0.994221
171117	1	0.994227
171119	1	0.994233
171122	1	0.994239
171124	1	0.994245
171130	2	0.994256
171132	1	0.994262
171135	2	0.994274
171147	2	0.994285
171151	3	0.994303
171153	1	0.994308
171160	1	0.994314
171171	1	0.99432
171189	1	0.994326
171211	1	0.994332
171216	1	0.994337
171224	1	0.994343
171229	1	0.994349
171235	1	0.994355
171241	1	0.994361
171259	1	0.994366
171306	1	0.994372
171314	1	0.994378
171326	1	0.994384
171335	1	0.99439
171337	1	0.994395
171361	1	0.994401
171364	1	0.994407
171368	1	0.994413
171370	1	0.994419
171371	1	0.994424
171390	2	0.994436
171412	1	0.994442
171424	1	0.994448
171440	1	0.994453
171447	1	0.994459
171452	1	0.994465
171469	1	0.994471
171480	1	0.994477
171493	1	0.994482
171500	1	0.994488
171525	1	0.994494
171531	1	0.9945
171545	1	0.994506
171555	1	0.994511
171562	1	0.994517
171603	1	0.994523
171611	1	0.994529
171618	1	0.994535
171627	1	0.99454
171631	1	0.994546
171636	1	0.994552
171642	1	0.994558
171649	1	0.994564
171658	1	0.994569
171664	1	0.994575
171692	1	0.994581
171700	1	0.994587
171705	1	0.994593
171712	1	0.994598
171719	1	0.994604
171725	1	0.99461
171731	1	0.994616
171739	1	0.994622
171761	1	0.994627
171773	1	0.994633
171781	1	0.994639
171841	1	0.994645
171867	1	0.994651
171872	1	0.994657
171880	1	0.994662
171895	1	0.994668
171907	1	0.994674
171917	1	0.99468
171923	1	0.994686
171944	1	0.994691
171968	1	0.994697
171984	1	0.994703
172021	1	0.994709
172089	1	0.994715
172125	1	0.99472
172135	1	0.994726
172143	1	0.994732
172151	1	0.994738
172161	1	0.994744
172171	1	0.994749
172180	1	0.994755
172186	1	0.994761
172198	1	0.994767
172209	1	0.994773
172233	1	0.994778
172263	1	0.994784
172268	1	0.99479
172269	1	0.994796
172281	1	0.994802
172288	1	0.994807
172295	1	0.994813
172308	1	0.994819
172444	1	0.994825
172475	1	0.994831
172480	1	0.994836
172501	1	0.994842
172585	1	0.994848
172592	1	0.994854
172599	1	0.99486
172602	1	0.994865
172607	1	0.994871
172620	1	0.994877
172635	1	0.994883
172662	1	0.994889
172679	1	0.994894
172708	1	0.9949
172717	1	0.994906
172721	1	0.994912
172752	1	0.994918
172789	1	0.994923
172821	1	0.994929
172834	1	0.994935
172847	1	0.994941
172876	1	0.994947
172882	1	0.994952
172891	1	0.994958
172941	1	0.994964
172962	1	0.99497
172971	1	0.994976
173011	1	0.994981
173022	1	0.994987
173024	1	0.994993
173028	1	0.994999
173033	1	0.995005
173038	1	0.99501
173043	1	0.995016
173048	1	0.995022
173054	1	0.995028
173060	1	0.995034
173066	1	0.995039
173074	1	0.995045
173083	1	0.995051
173090	1	0.995057
173123	1	0.995063
173134	1	0.995068
173149	1	0.995074
173155	1	0.99508
173179	1	0.995086
173215	1	0.995092
173219	1	0.995097
173233	1	0.995103
173248	1	0.995109
173267	1	0.995115
173268	1	0.995121
173278	1	0.995126
173307	1	0.995132
173333	1	0.995138
173343	1	0.995144
173357	1	0.99515
173368	1	0.995155
173370	1	0.995161
173372	1	0.995167
173374	1	0.995173
173386	1	0.995179
173402	1	0.995184
173412	1	0.99519
173452	1	0.995196
173455	1	0.995202
173501	1	0.995208
173546	1	0.995213
173551	2	0.995225
173560	1	0.995231
173604	1	0.995237
173607	1	0.995242
173610	1	0.995248
173616	1	0.995254
173618	1	0.99526
173661	1	0.995266
173667	1	0.995271
173671	1	0.995277
173675	1	0.995283
173680	1	0.995289
173684	1	0.995295
173688	1	0.995301
173697	1	0.995306
173702	1	0.995312
173712	1	0.995318
173719	1	0.995324
173723	1	0.99533
173730	1	0.995335
173737	1	0.995341
173751	1	0.995347
173765	1	0.995353
173781	1	0.995359
173814	1	0.995364
173824	1	0.99537
173832	1	0.995376
173845	1	0.995382
173854	1	0.995388
173855	1	0.995393
173878	1	0.995399
173917	1	0.995405
173944	1	0.995411
173967	1	0.995417
174002	1	0.995422
174022	1	0.995428
174031	1	0.995434
174035	1	0.99544
174043	1	0.995446
174064	1	0.995451
174079	1	0.995457
174094	1	0.995463
174106	1	0.995469
174152	1	0.995475
174163	1	0.99548
174169	1	0.995486
174177	1	0.995492
174184	1	0.995498
174203	1	0.995504
174208	1	0.995509
174232	1	0.995515
174246	1	0.995521
174257	1	0.995527
174289	1	0.995533
174315	1	0.995538
174342	1	0.995544
174345	1	0.99555
174352	1	0.995556
174449	1	0.995562
174492	2	0.995573
174493	3	0.995591
174503	1	0.995596
174512	1	0.995602
174518	1	0.995608
174549	1	0.995614
174555	1	0.99562
174626	1	0.995625
174634	1	0.995631
174651	1	0.995637
174667	1	0.995643
174728	1	0.995649
174733	1	0.995654
174742	1	0.99566
174750	1	0.995666
174753	1	0.995672
174770	1	0.995678
174784	1	0.995683
174804	1	0.995689
174810	1	0.995695
174823	1	0.995701
174847	1	0.995707
174851	1	0.995712
174865	1	0.995718
174873	1	0.995724
174884	1	0.99573
174888	1	0.995736
174899	1	0.995741
174902	1	0.995747
174956	1	0.995753
175002	1	0.995759
175014	1	0.995765
175058	1	0.99577
175069	1	0.995776
175092	1	0.995782
175289	1	0.995788
175306	1	0.995794
175314	1	0.995799
175342	1	0.995805
175376	1	0.995811
175402	1	0.995817
175409	1	0.995823
175424	1	0.995828
175432	1	0.995834
175481	1	0.99584
175556	1	0.995846
175575	1	0.995852
175597	1	0.995857
175652	1	0.995863
175667	1	0.995869
175675	1	0.995875
175683	1	0.995881
175734	1	0.995886
175770	1	0.995892
175775	1	0.995898
175779	1	0.995904
175793	1	0.99591
175849	1	0.995916
175855	1	0.995921
175866	1	0.995927
175876	1	0.995933
175890	1	0.995939
175897	1	0.995945
175916	1	0.99595
175921	1	0.995956
175922	1	0.995962
175938	1	0.995968
175953	1	0.995974
175975	1	0.995979
175982	1	0.995985
175989	1	0.995991
175998	1	0.995997
176013	1	0.996003
176028	1	0.996008
176034	1	0.996014
176073	1	0.99602
176080	1	0.996026
176089	1	0.996032
176105	1	0.996037
176113	1	0.996043
176130	1	0.996049
176156	1	0.996055
176164	1	0.996061
176171	1	0.996066
176178	1	0.996072
176185	1	0.996078
176190	1	0.996084
176201	1	0.99609
176206	1	0.996095
176216	1	0.996101
176246	1	0.996107
176253	1	0.996113
176260	1	0.996119
176277	1	0.996124
176303	1	0.99613
176311	1	0.996136
176316	1	0.996142
176318	1	0.996148
176330	1	0.996153
176337	1	0.996159
176345	1	0.996165
176353	1	0.996171
176363	1	0.996177
176371	1	0.996182
176385	1	0.996188
176390	1	0.996194
176405	1	0.9962
176412	1	0.996206
176420	1	0.996211
176428	1	0.996217
176436	1	0.996223
176443	1	0.996229
176466	1	0.996235
176474	1	0.99624
176479	1	0.996246
176483	1	0.996252
176485	1	0.996258
176492	1	0.996264
176512	1	0.996269
176536	1	0.996275
176541	1	0.996281
176547	1	0.996287
176555	1	0.996293
176563	1	0.996298
176570	1	0.996304
176579	1	0.99631
176587	1	0.996316
176617	1	0.996322
176621	1	0.996327
176640	1	0.996333
176659	1	0.996339
176673	1	0.996345
176679	1	0.996351
176685	1	0.996356
176697	1	0.996362
176704	1	0.996368
176710	1	0.996374
176715	1	0.99638
176719	1	0.996385
176720	1	0.996391
176733	1	0.996397
176739	1	0.996403
176745	1	0.996409
176754	1	0.996414
176765	1	0.99642
176773	1	0.996426
176780	1	0.996432
176788	1	0.996438
176805	1	0.996443
176819	1	0.996449
176834	1	0.996455
176837	1	0.996461
176888	1	0.996467
176924	1	0.996472
176928	1	0.996478
176980	1	0.996484
176991	1	0.99649
177020	1	0.996496
177055	1	0.996501
177076	1	0.996507
177088	1	0.996513
177094	1	0.996519
177105	1	0.996525
177114	1	0.99653
177125	1	0.996536
177129	1	0.996542
177133	1	0.996548
177140	1	0.996554
177144	1	0.99656
177173	1	0.996565
177194	1	0.996571
177209	2	0.996583
177210	1	0.996589
177219	1	0.996594
177223	1	0.9966
177249	1	0.996606
177264	1	0.996612
177306	1	0.996618
177311	1	0.996623
177321	1	0.996629
177340	1	0.996635
177345	1	0.996641
177349	1	0.996647
177354	1	0.996652
177359	1	0.996658
177370	1	0.996664
177378	1	0.99667
177384	1	0.996676
177392	1	0.996681
177399	1	0.996687
177423	1	0.996693
177427	1	0.996699
177428	1	0.996705
177429	1	0.99671
177436	1	0.996716
177458	1	0.996722
177466	1	0.996728
177498	1	0.996734
177503	1	0.996739
177517	1	0.996745
177524	1	0.996751
177575	1	0.996757
177578	1	0.996763
177638	1	0.996768
177644	1	0.996774
177650	1	0.99678
177718	1	0.996786
177727	1	0.996792
177733	1	0.996797
177744	1	0.996803
177752	1	0.996809
177764	1	0.996815
177797	1	0.996821
177808	1	0.996826
177819	1	0.996832
177831	1	0.996838
177848	1	0.996844
177856	1	0.99685
177871	1	0.996855
177883	1	0.996861
177912	1	0.996867
177931	1	0.996873
177949	1	0.996879
177961	1	0.996884
177969	1	0.99689
177981	1	0.996896
177983	1	0.996902
177986	1	0.996908
177996	1	0.996913
177999	1	0.996919
178001	1	0.996925
178038	1	0.996931
178046	1	0.996937
178060	2	0.996948
178064	1	0.996954
178090	1	0.99696
178103	1	0.996966
178123	1	0.996971
178130	1	0.996977
178138	1	0.996983
178192	1	0.996989
178201	1	0.996995
178213	1	0.997
178221	1	0.997006
178233	1	0.997012
178255	1	0.997018
178261	1	0.997024
178270	1	0.997029
178324	1	0.997035
178333	1	0.997041
178346	1	0.997047
178354	1	0.997053
178360	1	0.997058
178386	1	0.997064
178403	1	0.99707
178434	1	0.997076
178447	1	0.997082
178467	1	0.997087
178479	1	0.997093
178486	1	0.997099
178515	1	0.997105
178521	1	0.997111
178524	1	0.997116
178532	1	0.997122
178534	1	0.997128
178575	1	0.997134
178592	1	0.99714
178604	1	0.997145
178625	1	0.997151
178634	1	0.997157
178676	1	0.997163
178699	1	0.997169
178707	1	0.997175
178711	1	0.99718
178725	1	0.997186
178743	1	0.997192
178753	2	0.997204
178769	1	0.997209
178775	1	0.997215
178814	1	0.997221
178834	1	0.997227
178859	1	0.997233
178875	1	0.997238
178890	1	0.997244
178897	1	0.99725
178923	1	0.997256
178927	1	0.997262
178936	1	0.997267
178937	1	0.997273
178952	1	0.997279
178979	1	0.997285
178981	1	0.997291
178992	1	0.997296
179006	1	0.997302
179012	1	0.997308
179016	1	0.997314
179017	1	0.99732
179022	1	0.997325
179023	2	0.997337
179024	1	0.997343
179026	2	0.997354
179036	1	0.99736
179038	1	0.997366
179042	1	0.997372
179044	1	0.997378
179047	1	0.997383
179049	1	0.997389
179051	1	0.997395
179053	1	0.997401
179055	2	0.997412
179065	1	0.997418
179067	2	0.99743
179070	1	0.997436
179076	2	0.997447
179079	1	0.997453
179082	1	0.997459
179086	1	0.997465
179097	1	0.99747
179101	1	0.997476
179115	1	0.997482
179122	1	0.997488
179133	1	0.997494
179165	1	0.997499
179178	1	0.997505
179195	1	0.997511
179201	1	0.997517
179206	1	0.997523
179257	1	0.997528
179273	1	0.997534
179282	1	0.99754
179315	1	0.997546
179320	1	0.997552
179376	1	0.997557
179387	1	0.997563
179397	1	0.997569
179400	1	0.997575
179406	1	0.997581
179415	1	0.997586
179416	1	0.997592
179432	1	0.997598
179450	1	0.997604
179466	1	0.99761
179472	1	0.997615
179478	1	0.997621
179483	1	0.997627
179490	1	0.997633
179506	1	0.997639
179522	1	0.997644
179543	1	0.99765
179555	1	0.997656
179561	1	0.997662
179563	1	0.997668
179569	1	0.997673
179570	1	0.997679
179577	1	0.997685
179580	1	0.997691
179583	1	0.997697
179584	1	0.997702
179586	1	0.997708
179587	1	0.997714
179589	1	0.99772
179613	1	0.997726
179647	1	0.997731
179656	1	0.997737
179668	1	0.997743
179675	1	0.997749
179691	1	0.997755
179731	1	0.99776
179760	1	0.997766
179771	1	0.997772
179799	1	0.997778
179841	1	0.997784
179845	1	0.997789
179851	1	0.997795
179875	1	0.997801
179912	1	0.997807
179927	1	0.997813
179942	1	0.997819
179950	1	0.997824
179980	1	0.99783
180004	1	0.997836
180008	1	0.997842
180015	1	0.997848
180016	1	0.997853
180061	1	0.997859
180063	1	0.997865
180085	1	0.997871
180091	2	0.997882
180099	1	0.997888
180103	1	0.997894
180108	2	0.997906
180119	1	0.997911
180122	1	0.997917
180129	1	0.997923
180135	1	0.997929
180140	1	0.997935
180151	1	0.99794
180158	1	0.997946
180176	1	0.997952
180196	1	0.997958
180204	1	0.997964
180211	1	0.997969
180217	1	0.997975
180222	1	0.997981
180223	1	0.997987
180226	1	0.997993
180231	1	0.997998
180242	1	0.998004
180248	1	0.99801
180253	1	0.998016
180259	1	0.998022
180271	1	0.998027
180297	1	0.998033
180303	1	0.998039
180320	1	0.998045
180341	1	0.998051
180348	1	0.998056
180380	1	0.998062
180387	1	0.998068
180401	1	0.998074
180424	1	0.99808
180425	1	0.998085
180426	1	0.998091
180431	1	0.998097
180451	1	0.998103
180458	1	0.998109
180473	1	0.998114
180484	1	0.99812
180501	1	0.998126
180514	1	0.998132
180523	1	0.998138
180529	2	0.998149
180561	1	0.998155
180584	1	0.998161
180593	1	0.998167
180599	1	0.998172
180602	1	0.998178
180607	4	0.998201
180608	2	0.998213
180610	2	0.998225
180611	2	0.998236
180614	15	0.998323
180616	3	0.998341
180617	1	0.998346
180618	4	0.99837
180619	1	0.998375
180624	4	0.998399
180625	1	0.998404
180626	1	0.99841
180627	1	0.998416
180628	2	0.998428
180629	1	0.998434
180633	1	0.998439
180636	1	0.998445
180637	1	0.998451
180638	5	0.99848
180639	2	0.998492
180640	2	0.998503
180643	1	0.998509
180645	2	0.998521
180646	1	0.998526
180649	3	0.998544
180650	7	0.998584
180651	6	0.998619
180652	3	0.998637
180653	2	0.998648
180655	3	0.998666
180656	4	0.998689
180657	2	0.9987
180658	2	0.998712
180659	2	0.998724
180661	2	0.998735
180663	1	0.998741
180664	2	0.998753
180665	2	0.998764
180670	1	0.99877
180672	2	0.998782
180678	1	0.998787
180680	2	0.998799
180683	1	0.998805
180687	1	0.998811
180688	1	0.998816
180692	1	0.998822
180694	1	0.998828
180695	1	0.998834
180697	1	0.99884
180698	1	0.998845
180699	9	0.998898
180700	1	0.998903
180704	2	0.998915
180709	8	0.998961
180710	1	0.998967
180711	1	0.998973
180713	1	0.998979
180715	7	0.999019
180717	2	0.999031
180718	2	0.999043
180719	3	0.99906
180720	3	0.999078
180721	17	0.999176
180722	10	0.999234
180723	14	0.999315
180724	9	0.999368
180725	5	0.999397
180726	2	0.999408
180727	4	0.999431
180730	1	0.999437
180731	2	0.999449
180744	2	0.99946
180747	1	0.999466
180752	2	0.999478
180753	2	0.999489
180758	3	0.999507
180763	1	0.999513
180769	1	0.999518
180771	1	0.999524
180772	1	0.99953
180789	1	0.999536
180794	1	0.999542
180807	1	0.999547
180819	1	0.999553
180824	1	0.999559
180843	1	0.999565
180849	1	0.999571
180875	1	0.999576
180882	1	0.999582
180889	1	0.999588
180895	1	0.999594
180900	1	0.9996
180938	1	0.999605
180941	1	0.999611
180965	1	0.999617
180987	1	0.999623
180998	1	0.999629
181000	1	0.999634
181006	1	0.99964
181015	1	0.999646
181025	1	0.999652
181033	1	0.999658
181043	1	0.999663
181051	1	0.999669
181056	1	0.999675
181081	1	0.999681
181086	1	0.999687
181089	1	0.999693
181102	1	0.999698
181105	1	0.999704
181115	1	0.99971
181125	1	0.999716
181153	1	0.999722
181157	1	0.999727
181215	1	0.999733
181216	1	0.999739
181218	1	0.999745
181221	1	0.999751
181240	1	0.999756
181248	1	0.999762
181255	4	0.999785
181256	4	0.999809
181268	1	0.999814
181289	1	0.99982
181296	1	0.999826
181298	2	0.999838
181304	1	0.999843
181313	1	0.999849
181325	1	0.999855
181332	1	0.999861
181392	1	0.999867
181393	1	0.999872
181406	1	0.999878
181411	1	0.999884
181423	1	0.99989
181443	1	0.999896
181445	2	0.999907
181457	1	0.999913
181463	1	0.999919
181466	1	0.999925
181500	1	0.99993
181502	1	0.999936
181516	1	0.999942
181557	1	0.999948
181661	1	0.999954
181749	1	0.999959
184400	1	0.999965
192918	1	0.999971
196452	1	0.999977
197536	1	0.999983
197978	1	0.999988
202572	1	0.999994
203768	1	1
